isin,Andorra,Angola,Argentina,Armenia,Australia,Austria,Azerbaijan,Bahamas,Bahrain,Barbados,Belgium,Benin,Bermuda,Bolivia,Brazil,British Virgin Islands,Bulgaria,Burkina Faso,Cameroon,Canada,Cayman Islands,Chile,China,Colombia,Costa Rica,Croatia,Cyprus,Czech Republic,Democratic Republic of the Congo,Denmark,Dominican Republic,Ecuador,Egypt,El Salvador,Estonia,Ethiopia,Faroe Islands,Finland,France,Gabon,Georgia,Germany,Ghana,Greece,Guam,Guatemala,Guernsey,Honduras,Hong Kong,Hungary,Iceland,India,Indonesia,Iraq,Ireland,Isle of Man,Israel,Italy,Ivory Coast,Jamaica,Japan,Jersey,Jordan,Kazakhstan,Kenya,Kuwait,Kyrgyzstan,Latvia,Lebanon,Liberia,Liechtenstein,Lithuania,Luxembourg,Macau,Madagascar,Malaysia,Malta,Mauritius,Mexico,Monaco,Mongolia,Montenegro,Morocco,Netherlands,New Zealand,Nigeria,Norway,Oman,Pakistan,Panama,Papua New Guinea,Paraguay,Peru,Philippines,Poland,Portugal,Puerto Rico,Qatar,Republic of the Congo,Romania,Russia,Rwanda,Saudi Arabia,Senegal,Serbia,Sierra Leone,Singapore,Slovakia,Slovenia,South Africa,South Korea,Spain,Sri Lanka,Suriname,Sweden,Switzerland,Taiwan,Tanzania,Thailand,Togo,Trinidad and Tobago,Turkey,Turks and Caicos Islands,U.S. Virgin Islands,Ukraine,United Arab Emirates,United Kingdom,United States,Uruguay,Uzbekistan,Venezuela,Vietnam,Zambia,Liquidity,Supranational,Other
BG9000011163,,,,,,,,,,,,,,,,,,,,,,,,,,,,,,,,,,,,,,,,,,,,,,,,,,,,,,,,,,,,,,,,,,,,,,,,,,,,,,,,,,,,,,,,,,,,,,,,,,,,,,,,,,,,,,,,,,,,,,,,,,,,,,,,,,,,,,,,
BGCROEX03189,,,,,,,,,,,,,,,,,,,,,,,,,,,,,,,,,,,,,,,,,,,,,,,,,,,,,,,,,,,,,,,,,,,,,,,,,,,,,,,,,,,,,,,,,,,,,,,,,,,,,,,,,,,,,,,,,,,,,,,,,,,,,,,,,,,,,,,,
BGCZPX003174,,,,,,,,,,,,,,,,,,,,,,,,,,,,,,,,,,,,,,,,,,,,,,,,,,,,,,,,,,,,,,,,,,,,,,,,,,,,,,,,,,,,,,,,,,,,,,,,,,,,,,,,,,,,,,,,,,,,,,,,,,,,,,,,,,,,,,,,
BGGRASE06174,,,,,,,,,,,,,,,,,,,,,,,,,,,,,,,,,,,,,,,,,,,,,,,,,,,,,,,,,,,,,,,,,,,,,,,,,,,,,,,,,,,,,,,,,,,,,,,,,,,,,,,,,,,,,,,,,,,,,,,,,,,,,,,,,,,,,,,,
BGHUBUX01189,,,,,,,,,,,,,,,,,,,,,,,,,,,,,,,,,,,,,,,,,,,,,,,,,,,,,,,,,,,,,,,,,,,,,,,,,,,,,,,,,,,,,,,,,,,,,,,,,,,,,,,,,,,,,,,,,,,,,,,,,,,,,,,,,,,,,,,,
BGMACMB06181,,,,,,,,,,,,,,,,,,,,,,,,,,,,,,,,,,,,,,,,,,,,,,,,,,,,,,,,,,,,,,,,,,,,,,,,,,,,,,,,,,,,,,,,,,,,,,,,,,,,,,,,,,,,,,,,,,,,,,,,,,,,,,,,,,,,,,,,
BGPLWIG04173,,,,,,,,,,,,,,,,,,,,,,,,,,,,,,,,,,,,,,,,,,,,,,,,,,,,,,,,,,,,,,,,,,,,,,,,,,,,,,,,,,,,,,,,,,,,,,,,,,,,,,,,,,,,,,,,,,,,,,,,,,,,,,,,,,,,,,,,
BGROBET05176,,,,,,,,,,,,,,,,,,,,,,,,,,,,,,,,,,,,,,,,,,,,,,,,,,,,,,,,,,,,,,,,,,,,,,,,,,,,,,,,,,,,,,,,,,,,,,,,,,,,,,,,,,,,,,,,,,,,,,,,,,,,,,,,,,,,,,,,
BGSKSAX04187,,,,,,,,,,,,,,,,,,,,,,,,,,,,,,,,,,,,,,,,,,,,,,,,,,,,,,,,,,,,,,,,,,,,,,,,,,,,,,,,,,,,,,,,,,,,,,,,,,,,,,,,,,,,,,,,,,,,,,,,,,,,,,,,,,,,,,,,
BGSLOBI02187,,,,,,,,,,,,,,,,,,,,,,,,,,,,,,,,,,,,,,,,,,,,,,,,,,,,,,,,,,,,,,,,,,,,,,,,,,,,,,,,,,,,,,,,,,,,,,,,,,,,,,,,,,,,,,,,,,,,,,,,,,,,,,,,,,,,,,,,
BGSRBBE05183,,,,,,,,,,,,,,,,,,,,,,,,,,,,,,,,,,,,,,,,,,,,,,,,,,,,,,,,,,,,,,,,,,,,,,,,,,,,,,,,,,,,,,,,,,,,,,,,,,,,,,,,,,,,,,,,,,,,,,,,,,,,,,,,,,,,,,,,
CH0445689208,,,,,,,,,,,,,,,,,,,,,,,,,,,,,,,,,,,,,,,,,,,,,,,,,,,,,,,,,,,,,,,,,,,,,,,,,,,,,,,,,,,,,,,,,,,,,,,,,,,,,,,,,,,,,,,,,,,,,,,,,,,,,,,,,,,,,,,,
CH0454664001,,,,,,,,,,,,,,,,,,,,,,,,,,,,,,,,,,,,,,,,,,,,,,,,,,,,,,,,,,,,,,,,,,,,,,,,,,,,,,,,,,,,,,,,,,,,,,,,,,,,,,,,,,,,,,,,,,,,,,,,,,,,,,,,,,,,,,,,
CH0454664027,,,,,,,,,,,,,,,,,,,,,,,,,,,,,,,,,,,,,,,,,,,,,,,,,,,,,,,,,,,,,,,,,,,,,,,,,,,,,,,,,,,,,,,,,,,,,,,,,,,,,,,,,,,,,,,,,,,,,,,,,,,,,,,,,,,,,,,,
CH0454664043,,,,,,,,,,,,,,,,,,,,,,,,,,,,,,,,,,,,,,,,,,,,,,,,,,,,,,,,,,,,,,,,,,,,,,,,,,,,,,,,,,,,,,,,,,,,,,,,,,,,,,,,,,,,,,,,,,,,,,,,,,,,,,,,,,,,,,,,
CH0475552201,,,,,,,,,,,,,,,,,,,,,,,,,,,,,,,,,,,,,,,,,,,,,,,,,,,,,,,,,,,,,,,,,,,,,,,,,,,,,,,,,,,,,,,,,,,,,,,,,,,,,,,,,,,,,,,,,,,,,,,,,,,,,,,,,,,,,,,,
CH0475986318,,,,,,,,,,,,,,,,,,,,,,,,,,,,,,,,,,,,,,,,,,,,,,,,,,,,,,,,,,,,,,,,,,,,,,,,,,,,,,,,,,,,,,,,,,,,,,,,,,,,,,,,,,,,,,,,,,,,,,,,,,,,,,,,,,,,,,,,
CH0491507486,,,,,,,,,,,,,,,,,,,,,,,,,,,,,,,,,,,,,,,,,,,,,,,,,,,,,,,,,,,,,,,,,,,,,,,,,,,,,,,,,,,,,,,,,,,,,,,,,,,,,,,,,,,,,,,,,,,,,,,,,,,,,,,,,,,,,,,,
CH0496454155,,,,,,,,,,,,,,,,,,,,,,,,,,,,,,,,,,,,,,,,,,,,,,,,,,,,,,,,,,,,,,,,,,,,,,,,,,,,,,,,,,,,,,,,,,,,,,,,,,,,,,,,,,,,,,,,,,,,,,,,,,,,,,,,,,,,,,,,
CH0496484640,,,,,,,,,,,,,,,,,,,,,,,,,,,,,,,,,,,,,,,,,,,,,,,,,,,,,,,,,,,,,,,,,,,,,,,,,,,,,,,,,,,,,,,,,,,,,,,,,,,,,,,,,,,,,,,,,,,,,,,,,,,,,,,,,,,,,,,,
CH0558875933,,,,,,,,,,,,,,,,,,,,,,,,,,,,,,,,,,,,,,,,,,,,,,,,,,,,,,,,,,,,,,,,,,,,,,,,,,,,,,,,,,,,,,,,,,,,,,,,,,,,,,,,,,,,,,,,,,,,,,,,,,,,,,,,,,,,,,,,
CH0568452707,,,,,,,,,,,,,,,,,,,,,,,,,,,,,,,,,,,,,,,,,,,,,,,,,,,,,,,,,,,,,,,,,,,,,,,,,,,,,,,,,,,,,,,,,,,,,,,,,,,,,,,,,,,,,,,,,,,,,,,,,,,,,,,,,,,,,,,,
CH0587418630,,,,,,,,,,,,,,,,,,,,,,,,,,,,,,,,,,,,,,,,,,,,,,,,,,,,,,,,,,,,,,,,,,,,,,,,,,,,,,,,,,,,,,,,,,,,,,,,,,,,,,,,,,,,,,,,,,,,,,,,,,,,,,,,,,,,,,,,
CH0593331561,,,,,,,,,,,,,,,,,,,,,,,,,,,,,,,,,,,,,,,,,,,,,,,,,,,,,,,,,,,,,,,,,,,,,,,,,,,,,,,,,,,,,,,,,,,,,,,,,,,,,,,,,,,,,,,,,,,,,,,,,,,,,,,,,,,,,,,,
CH1100083471,,,,,,,,,,,,,,,,,,,,,,,,,,,,,,,,,,,,,,,,,,,,,,,,,,,,,,,,,,,,,,,,,,,,,,,,,,,,,,,,,,,,,,,,,,,,,,,,,,,,,,,,,,,,,,,,,,,,,,,,,,,,,,,,,,,,,,,,
CH1102728750,,,,,,,,,,,,,,,,,,,,,,,,,,,,,,,,,,,,,,,,,,,,,,,,,,,,,,,,,,,,,,,,,,,,,,,,,,,,,,,,,,,,,,,,,,,,,,,,,,,,,,,,,,,,,,,,,,,,,,,,,,,,,,,,,,,,,,,,
CH1109575535,,,,,,,,,,,,,,,,,,,,,,,,,,,,,,,,,,,,,,,,,,,,,,,,,,,,,,,,,,,,,,,,,,,,,,,,,,,,,,,,,,,,,,,,,,,,,,,,,,,,,,,,,,,,,,,,,,,,,,,,,,,,,,,,,,,,,,,,
CH1113516871,,,,,,,,,,,,,,,,,,,,,,,,,,,,,,,,,,,,,,,,,,,,,,,,,,,,,,,,,,,,,,,,,,,,,,,,,,,,,,,,,,,,,,,,,,,,,,,,,,,,,,,,,,,,,,,,,,,,,,,,,,,,,,,,,,,,,,,,
CH1114873776,,,,,,,,,,,,,,,,,,,,,,,,,,,,,,,,,,,,,,,,,,,,,,,,,,,,,,,,,,,,,,,,,,,,,,,,,,,,,,,,,,,,,,,,,,,,,,,,,,,,,,,,,,,,,,,,,,,,,,,,,,,,,,,,,,,,,,,,
CH1129538448,,,,,,,,,,,,,,,,,,,,,,,,,,,,,,,,,,,,,,,,,,,,,,,,,,,,,,,,,,,,,,,,,,,,,,,,,,,,,,,,,,,,,,,,,,,,,,,,,,,,,,,,,,,,,,,,,,,,,,,,,,,,,,,,,,,,,,,,
CH1130675676,,,,,,,,,,,,,,,,,,,,,,,,,,,,,,,,,,,,,,,,,,,,,,,,,,,,,,,,,,,,,,,,,,,,,,,,,,,,,,,,,,,,,,,,,,,,,,,,,,,,,,,,,,,,,,,,,,,,,,,,,,,,,,,,,,,,,,,,
CH1135202088,,,,,,,,,,,,,,,,,,,,,,,,,,,,,,,,,,,,,,,,,,,,,,,,,,,,,,,,,,,,,,,,,,,,,,,,,,,,,,,,,,,,,,,,,,,,,,,,,,,,,,,,,,,,,,,,,,,,,,,,,,,,,,,,,,,,,,,,
CH1135202096,,,,,,,,,,,,,,,,,,,,,,,,,,,,,,,,,,,,,,,,,,,,,,,,,,,,,,,,,,,,,,,,,,,,,,,,,,,,,,,,,,,,,,,,,,,,,,,,,,,,,,,,,,,,,,,,,,,,,,,,,,,,,,,,,,,,,,,,
CH1135202120,,,,,,,,,,,,,,,,,,,,,,,,,,,,,,,,,,,,,,,,,,,,,,,,,,,,,,,,,,,,,,,,,,,,,,,,,,,,,,,,,,,,,,,,,,,,,,,,,,,,,,,,,,,,,,,,,,,,,,,,,,,,,,,,,,,,,,,,
CH1135202161,,,,,,,,,,,,,,,,,,,,,,,,,,,,,,,,,,,,,,,,,,,,,,,,,,,,,,,,,,,,,,,,,,,,,,,,,,,,,,,,,,,,,,,,,,,,,,,,,,,,,,,,,,,,,,,,,,,,,,,,,,,,,,,,,,,,,,,,
CH1135202179,,,,,,,,,,,,,,,,,,,,,,,,,,,,,,,,,,,,,,,,,,,,,,,,,,,,,,,,,,,,,,,,,,,,,,,,,,,,,,,,,,,,,,,,,,,,,,,,,,,,,,,,,,,,,,,,,,,,,,,,,,,,,,,,,,,,,,,,
CH1146882308,,,,,,,,,,,,,,,,,,,,,,,,,,,,,,,,,,,,,,,,,,,,,,,,,,,,,,,,,,,,,,,,,,,,,,,,,,,,,,,,,,,,,,,,,,,,,,,,,,,,,,,,,,,,,,,,,,,,,,,,,,,,,,,,,,,,,,,,
CH1146882316,,,,,,,,,,,,,,,,,,,,,,,,,,,,,,,,,,,,,,,,,,,,,,,,,,,,,,,,,,,,,,,,,,,,,,,,,,,,,,,,,,,,,,,,,,,,,,,,,,,,,,,,,,,,,,,,,,,,,,,,,,,,,,,,,,,,,,,,
CH1162108893,,,,,,,,,,,,,,,,,,,,,,,,,,,,,,,,,,,,,,,,,,,,,,,,,,,,,,,,,,,,,,,,,,,,,,,,,,,,,,,,,,,,,,,,,,,,,,,,,,,,,,,,,,,,,,,,,,,,,,,,,,,,,,,,,,,,,,,,
CH1184151731,,,,,,,,,,,,,,,,,,,,,,,,,,,,,,,,,,,,,,,,,,,,,,,,,,,,,,,,,,,,,,,,,,,,,,,,,,,,,,,,,,,,,,,,,,,,,,,,,,,,,,,,,,,,,,,,,,,,,,,,,,,,,,,,,,,,,,,,
CH1199067674,,,,,,,,,,,,,,,,,,,,,,,,,,,,,,,,,,,,,,,,,,,,,,,,,,,,,,,,,,,,,,,,,,,,,,,,,,,,,,,,,,,,,,,,,,,,,,,,,,,,,,,,,,,,,,,,,,,,,,,,,,,,,,,,,,,,,,,,
CH1209763130,,,,,,,,,,,,,,,,,,,,,,,,,,,,,,,,,,,,,,,,,,,,,,,,,,,,,,,,,,,,,,,,,,,,,,,,,,,,,,,,,,,,,,,,,,,,,,,,,,,,,,,,,,,,,,,,,,,,,,,,,,,,,,,,,,,,,,,,
CH1210548892,,,,,,,,,,,,,,,,,,,,,,,,,,,,,,,,,,,,,,,,,,,,,,,,,,,,,,,,,,,,,,,,,,,,,,,,,,,,,,,,,,,,,,,,,,,,,,,,,,,,,,,,,,,,,,,,,,,,,,,,,,,,,,,,,,,,,,,,
CH1218734544,,,,,,,,,,,,,,,,,,,,,,,,,,,,,,,,,,,,,,,,,,,,,,,,,,,,,,,,,,,,,,,,,,,,,,,,,,,,,,,,,,,,,,,,,,,,,,,,,,,,,,,,,,,,,,,,,,,,,,,,,,,,,,,,,,,,,,,,
CH1263519394,,,,,,,,,,,,,,,,,,,,,,,,,,,,,,,,,,,,,,,,,,,,,,,,,,,,,,,,,,,,,,,,,,,,,,,,,,,,,,,,,,,,,,,,,,,,,,,,,,,,,,,,,,,,,,,,,,,,,,,,,,,,,,,,,,,,,,,,
CH1297762812,,,,,,,,,,,,,,,,,,,,,,,,,,,,,,,,,,,,,,,,,,,,,,,,,,,,,,,,,,,,,,,,,,,,,,,,,,,,,,,,,,,,,,,,,,,,,,,,,,,,,,,,,,,,,,,,,,,,,,,,,,,,,,,,,,,,,,,,
CH1315732250,,,,,,,,,,,,,,,,,,,,,,,,,,,,,,,,,,,,,,,,,,,,,,,,,,,,,,,,,,,,,,,,,,,,,,,,,,,,,,,,,,,,,,,,,,,,,,,,,,,,,,,,,,,,,,,,,,,,,,,,,,,,,,,,,,,,,,,,
CH1315732268,,,,,,,,,,,,,,,,,,,,,,,,,,,,,,,,,,,,,,,,,,,,,,,,,,,,,,,,,,,,,,,,,,,,,,,,,,,,,,,,,,,,,,,,,,,,,,,,,,,,,,,,,,,,,,,,,,,,,,,,,,,,,,,,,,,,,,,,
CH1327686056,,,,,,,,,,,,,,,,,,,,,,,,,,,,,,,,,,,,,,,,,,,,,,,,,,,,,,,,,,,,,,,,,,,,,,,,,,,,,,,,,,,,,,,,,,,,,,,,,,,,,,,,,,,,,,,,,,,,,,,,,,,,,,,,,,,,,,,,
CH1381833420,,,,,,,,,,,,,,,,,,,,,,,,,,,,,,,,,,,,,,,,,,,,,,,,,,,,,,,,,,,,,,,,,,,,,,,,,,,,,,,,,,,,,,,,,,,,,,,,,,,,,,,,,,,,,,,,,,,,,,,,,,,,,,,,,,,,,,,,
CH1385084384,,,,,,,,,,,,,,,,,,,,,,,,,,,,,,,,,,,,,,,,,,,,,,,,,,,,,,,,,,,,,,,,,,,,,,,,,,,,,,,,,,,,,,,,,,,,,,,,,,,,,,,,,,,,,,,,,,,,,,,,,,,,,,,,,,,,,,,,
CH1390861214,,,,,,,,,,,,,,,,,,,,,,,,,,,,,,,,,,,,,,,,,,,,,,,,,,,,,,,,,,,,,,,,,,,,,,,,,,,,,,,,,,,,,,,,,,,,,,,,,,,,,,,,,,,,,,,,,,,,,,,,,,,,,,,,,,,,,,,,
CH1390861222,,,,,,,,,,,,,,,,,,,,,,,,,,,,,,,,,,,,,,,,,,,,,,,,,,,,,,,,,,,,,,,,,,,,,,,,,,,,,,,,,,,,,,,,,,,,,,,,,,,,,,,,,,,,,,,,,,,,,,,,,,,,,,,,,,,,,,,,
CH1390861297,,,,,,,,,,,,,,,,,,,,,,,,,,,,,,,,,,,,,,,,,,,,,,,,,,,,,,,,,,,,,,,,,,,,,,,,,,,,,,,,,,,,,,,,,,,,,,,,,,,,,,,,,,,,,,,,,,,,,,,,,,,,,,,,,,,,,,,,
CH1390861305,,,,,,,,,,,,,,,,,,,,,,,,,,,,,,,,,,,,,,,,,,,,,,,,,,,,,,,,,,,,,,,,,,,,,,,,,,,,,,,,,,,,,,,,,,,,,,,,,,,,,,,,,,,,,,,,,,,,,,,,,,,,,,,,,,,,,,,,
CH1390861313,,,,,,,,,,,,,,,,,,,,,,,,,,,,,,,,,,,,,,,,,,,,,,,,,,,,,,,,,,,,,,,,,,,,,,,,,,,,,,,,,,,,,,,,,,,,,,,,,,,,,,,,,,,,,,,,,,,,,,,,,,,,,,,,,,,,,,,,
CH1396343266,,,,,,,,,,,,,,,,,,,,,,,,,,,,,,,,,,,,,,,,,,,,,,,,,,,,,,,,,,,,,,,,,,,,,,,,,,,,,,,,,,,,,,,,,,,,,,,,,,,,,,,,,,,,,,,,,,,,,,,,,,,,,,,,,,,,,,,,
CH1396389921,,,,,,,,,,,,,,,,,,,,,,,,,,,,,,,,,,,,,,,,,,,,,,,,,,,,,,,,,,,,,,,,,,,,,,,,,,,,,,,,,,,,,,,,,,,,,,,,,,,,,,,,,,,,,,,,,,,,,,,,,,,,,,,,,,,,,,,,
CH1396389939,,,,,,,,,,,,,,,,,,,,,,,,,,,,,,,,,,,,,,,,,,,,,,,,,,,,,,,,,,,,,,,,,,,,,,,,,,,,,,,,,,,,,,,,,,,,,,,,,,,,,,,,,,,,,,,,,,,,,,,,,,,,,,,,,,,,,,,,
CH1431521033,,,,,,,,,,,,,,,,,,,,,,,,,,,,,,,,,,,,,,,,,,,,,,,,,,,,,,,,,,,,,,,,,,,,,,,,,,,,,,,,,,,,,,,,,,,,,,,,,,,,,,,,,,,,,,,,,,,,,,,,,,,,,,,,,,,,,,,,
CH1453356367,,,,,,,,,,,,,,,,,,,,,,,,,,,,,,,,,,,,,,,,,,,,,,,,,,,,,,,,,,,,,,,,,,,,,,,,,,,,,,,,,,,,,,,,,,,,,,,,,,,,,,,,,,,,,,,,,,,,,,,,,,,,,,,,,,,,,,,,
CH1464217285,,,,,,,,,,,,,,,,,,,,,,,,,,,,,,,,,,,,,,,,,,,,,,,,,,,,,,,,,,,,,,,,,,,,,,,,,,,,,,,,,,,,,,,,,,,,,,,,,,,,,,,,,,,,,,,,,,,,,,,,,,,,,,,,,,,,,,,,
CH1468906669,,,,,,,,,,,,,,,,,,,,,,,,,,,,,,,,,,,,,,,,,,,,,,,,,,,,,,,,,,,,,,,,,,,,,,,,,,,,,,,,,,,,,,,,,,,,,,,,,,,,,,,,,,,,,,,,,,,,,,,,,,,,,,,,,,,,,,,,
CH1471826029,,,,,,,,,,,,,,,,,,,,,,,,,,,,,,,,,,,,,,,,,,,,,,,,,,,,,,,,,,,,,,,,,,,,,,,,,,,,,,,,,,,,,,,,,,,,,,,,,,,,,,,,,,,,,,,,,,,,,,,,,,,,,,,,,,,,,,,,
CH1505560610,,,,,,,,,,,,,,,,,,,,,,,,,,,,,,,,,,,,,,,,,,,,,,,,,,,,,,,,,,,,,,,,,,,,,,,,,,,,,,,,,,,,,,,,,,,,,,,,,,,,,,,,,,,,,,,,,,,,,,,,,,,,,,,,,,,,,,,,
CH1506167035,,,,,,,,,,,,,,,,,,,,,,,,,,,,,,,,,,,,,,,,,,,,,,,,,,,,,,,,,,,,,,,,,,,,,,,,,,,,,,,,,,,,,,,,,,,,,,,,,,,,,,,,,,,,,,,,,,,,,,,,,,,,,,,,,,,,,,,,
CH1521714696,,,,,,,,,,,,,,,,,,,,,,,,,,,,,,,,,,,,,,,,,,,,,,,,,,,,,,,,,,,,,,,,,,,,,,,,,,,,,,,,,,,,,,,,,,,,,,,,,,,,,,,,,,,,,,,,,,,,,,,,,,,,,,,,,,,,,,,,
CH1528107811,,,,,,,,,,,,,,,,,,,,,,,,,,,,,,,,,,,,,,,,,,,,,,,,,,,,,,,,,,,,,,,,,,,,,,,,,,,,,,,,,,,,,,,,,,,,,,,,,,,,,,,,,,,,,,,,,,,,,,,,,,,,,,,,,,,,,,,,
DE0002635273,,,,,,,,,,,,,,,,,,,,,,,,,,,,,,,,,,,,,,,,,,99.9058,,,,,,,,,,,,,,,,,,,,,,,,,,,,,,,,,,,,,,,,,,,,,,,,,,,,,,,,,,,,,,,,,,,,,,,,,,,,,,,,,,,,,,,,,,,,0.0942,,
DE0002635281,,,,,,5.2814,,,,,6.4708,,,,,,,,,,,,,,,,,,,,,,,,,,,4.338,20.5128,,,15.5655,,,,,,,,,,,,,,,,9.0718,,,,,,,,,,,,,,,,,,,,,,,,,,28.925,,,,,,,,,,,,2.6578,,,,,,,,,,,,,,,,6.1193,,,,,,,,,,,,,,,,,,,,,,1.0576,,
DE0002635299,,,,,,,,,,,2.8425,,,,,,,,,,,,,,,,,,,2.3847,,,,,,,,,24.7026,,,6.8681,,,,,,,,,,,,,,,,3.093,,,,,,,,,,,,,,,,,,,,,,,,,,21.2811,,,4.3582,,,,,,,,2.9987,,,,,,,,,,,,,,,,,,,,0.0013,2.1458,,,,,,,,,,,28.8097,0.0148,,,,,,0.4995,,
DE0002635307,,,,,0.0002,0.6422,,,,,1.8317,,,,,,,,,,,,,,,,,,,2.6811,,,,,,,,1.8906,15.4729,,0.0002,13.1292,,,,,,,,,,,,,0.6621,,,5.4889,,,,,,,,,,,,,,,,,,,,,,,,,,7.9666,,,1.314,,,,,,,,0.9859,0.3009,,,,,,,,,,,,,,,,6.0169,,,4.7989,13.8093,,,,,,,,,,,22.6085,0.0389,,,,,,0.361,,
DE0005933923,,,,,,,,,,,,,,,,,,,,,,,,,,,,,,,,,,,,,,,,,,97.6473,,,,,,,,,,,,,,,,,,,,,,,,,,,,,,,,,,,,,,,,,,,,,,,,,,,,,,,,,,,,,,,,,,,,,,,,,,,,,,,,,,,,,2.0125,0.0018,,,,,,0.3384,,
DE0005933931,,,,,,,,,,,,,,,,,,,,,,,,,,,,,,,,,,,,,,,6.871,,,93.0729,,,,,,,,,,,,,,,,,,,,,,,,,,,,,,,,,,,,,,,,,,,,,,,,,,,,,,,,,,,,,,,,,,,,,,,,,,,,,,,,,,,,,,0.0029,,,,,,0.0532,,
DE0005933949,,,,,,,,,,,,,,,,,,,,,,,,,,,,,,3.1651,,,,,,,,,11.1898,,,16.653,,,,,,,,,,,,,,,,,,,,,,,,,,,,,,,,,,,,,,,,,,14.2629,,,,,,,,,,,,,,,,,,,,,,,,,,,,7.4716,,,0.0004,25.064,,,,,,,,,,,21.7426,0.0843,,,,,,0.3665,,
DE0005933956,,,,,,,,,,,2.7387,,,,,,,,,,,,,,,,,,,,,,,,,,,1.2979,32.1809,,,29.6913,,,,,,,,,,,,,,,,8.7762,,,,,,,,,,,,,,,,,,,,,,,,,,13.7097,,,,,,,,,,,,,,,,,,,,,,,,,,,,11.3655,,,,,,,,,,,,,,,,0.0,,,,,,0.2398,,
DE0005933964,,,,,,,,,,,,,,,,,,,,,,,,,,,,,,,,,,,,,,,,,,,,,,,,,,,,,,,,,,,,,,,,,,,,,,,,,,,,,,,,,,,,,,,,,,,,,,,,,,,,,,,,,,,,,,,,,,,,98.0396,,,,,,,,,,,,1.9596,,,,,,0.0008,,
DE0005933972,,,,,,,,,,,,,,,,,,,,,,,,,,,,,,,,,,,,,,,,,,99.7577,,,,,,,,,,,,,,,,,,,,,,,,,,,,,,,,,,,,,,,,,,,,,,,,,,,,,,,,,,,,,,,,,,,,,,,,,,,,,,,,,,,,,,0.0028,,,,,,0.2395,,
DE0005933980,,,,,,0.3184,,,,,1.585,,,,,,,,,,,,,,,,,,,2.3408,,,,,,,,1.5784,16.5113,,,13.9462,,,,,,,,,,,,,0.6119,,,5.0485,,,,,,,,,,,,,,,,,,,,,,,,,,8.6179,,,0.4891,,,,,,,,0.4019,,,,,,,,,,,,,,,,,6.411,,,3.9847,15.0404,,,,,,,,,,,22.7693,0.0492,,,,,,0.2962,,
DE0005933998,,,,,,2.2349,,,,,2.706,,,,,,,,,,,,,,,,,,,4.0138,,,,,,,,4.0042,11.1413,,,9.7303,,,,,,,,,,,,,1.0983,,,7.8346,,,,,,,,,,,,,,,,,,,,,,,,,,4.5501,,,4.897,,,,,,,,3.3702,2.2614,,,,,,,,,,,,,,,,4.1893,,,8.7615,6.7958,,,,,,,,,,,21.9556,0.0001,,,,,,0.4556,,
DE0006289309,,,,,,4.4072,,,,,2.4692,,,,,,,,,,,,,,,,,,,,,,,,,,,4.5019,14.6354,,,6.1499,,,,,,,,,,,,,3.0928,,,24.1585,,,,,,,,,,,,,,,,,,,,,,,,,,8.712,,,,,,,,,,,,0.7371,,,,,,,,,,,,,,,,30.6483,,,,,,,,,,,,,,,,,,,,,,0.4875,,
DE0006289382,,,,,0.003,,,,,,,,,,,,,,,0.8427,,,,,,,,,,0.4351,,,,,,,,,0.3891,,,0.6373,,,,,,,,,,,,,,,,,,,0.6358,,,,,,,,,,,,,,,,,,,,,,,1.967,,,,,,,,,,,,,,,,,,,,,,,,,,,2.81,,,,,2.5348,5.1336,,,,,,,,,,2.8947,81.6539,,,,,,0.063,,
DE0006289390,,,,,,,,,,,,,,,,,,,,,,,,,,,,,,,,,,,,,,,,,,,,,,,,,,,,,,,,,,,,,,,,,,,,,,,,,,,,,,,,,,,,,,,,,,,,,,,,,,,,,,,,,,,,,,,,,,,,,,,,,,,,,,,,99.9969,,,,,,0.0031,,
DE0006289465,,,,,,,,,,,,,,,,,,,,,,,,,,,,,,,,,,,,,,,,,,99.5518,,,,,,,,,,,,,,,,,,,,,,,,,,,,,,,,,,,,,,,,,,,,,,,,,,,,,,,,,,,,,,,,,,,,,,,,,,,,,,,,,,,,,,,,,,,,0.4482,,
DE0006289473,,,,,,,,,,,,,,,,,,,,,,,,,,,,,,,,,,,,,,,,,,99.914,,,,,,,,,,,,,,,,,,,,,,,,,,,,,,,,,,,,,,,,,,,,,,,,,,,,,,,,,,,,,,,,,,,,,,,,,,,,,,,,,,,,,,,,,,,,0.086,,
DE0006289481,,,,,,,,,,,,,,,,,,,,,,,,,,,,,,,,,,,,,,,,,,99.9671,,,,,,,,,,,,,,,,,,,,,,,,,,,,,,,,,,,,,,,,,,,,,,,,,,,,,,,,,,,,,,,,,,,,,,,,,,,,,,,,,,,,,,,,,,,,0.033,,
DE0006289499,,,,,,,,,,,,,,,,,,,,,,,,,,,,,,,,,,,,,,,,,,99.2596,,,,,,,,,,,,,,,,,,,,,,,,,,,,,,,,,,,,,,,,,,,,,,,,,,,,,,,,,,,,,,,,,,,,,,,,,,,,,,,,,,,,,,,,,,,,0.7404,,
DE000A0D8Q07,,,,,,1.1995,,,,,3.4155,,,,,,,,,,,,,,,,,,,,,,,,,,,3.5226,28.9125,,,24.5041,,,,,,,,,,,,,1.2846,,,10.2707,,,,,,,,,,,,,,,,,,,,,,,,,,14.8796,,,,,,,,,,,,0.5657,,,,,,,,,,,,,,,,11.0797,,,,,,,,,,,,,,,0.044,0.0029,,,,,,0.3188,,
DE000A0D8Q23,,,,,,97.399,,,,,,,,,,,,,,,,,,,,,,,,,,,,,,,,,,,,,,,,,,,,,,,,,,,,,,,,,,,,,,,,,,,,,,,,,,,,,,,,,,,,,,,,,,,,,,,,,,,,,,,,,,,,,,,,,,,,,,,,,,,,,,,,2.601,,
DE000A0D8Q31,,,,,,,,,,,,,,,,,,,,,,,,,,,,,,,,,,,,,,,,,,98.6712,,,,,,,,,,,,,,,,,,,,,,,,,,,,,,,,,,,,,,,,,,,,,,,,,,,,,,,,,,,,,,,,,,,,,,,,,,,,,,,,,,,,,,,,,,,,1.3288,,
DE000A0D8Q49,,,,,,,,,,,,,,,,,,,,,,,,,,,,,,,,,,,,,,,,,,,,,,,,,,,,,,,1.29,,,,,,,,,,,,,,,,,,,,,,,,,,,,,,,,,,,,,,,,,,,,,,,,,,,,,,,,,,,,,,,,,,,,,,,,1.07,97.17,,,,,,,,0.47
DE000A0D8QZ7,,,,,,2.1633,,,,,3.8047,,,,,,,,,,,,,,,,,,,5.1209,,,,,,,,2.128,8.7999,,0.004,7.5628,,,,,,,,,,,,,0.6433,,,7.4903,,,,,,,,,,,,,,,,,,,,,,,,,,5.2746,,,6.4793,,,,,,,,4.9836,0.5927,,,,,,,,,,,,,,,,3.6808,,,9.3503,9.7812,,,,,,,,,,,21.4275,0.0156,,,,,,0.6972,,
DE000A0F5UE8,,,,,,,,,,,,,,,,,,,,,,,87.32,,,,,,,,,,,,,,,,,,,,,,,,,,3.93,,,,,,4.64,,,,,,,,,,,,,,,,,,,,,,,,,,,,,,,,,,,,,,,,,,,,,,,,,,,,1.88,,,,,,,,,1.59,,,,,,,,,,,,,,,,,,,,0.64
DE000A0F5UF5,,,,,,,,,,,,,,,,,,,,0.9638,,,0.2647,,,,,,,,,,,,,,,,,,,,,,,,,,,,,,,,,,,,,,,,,,,,,,,,,,,,,,,,,,,,,1.1346,,,,,,,,,,,,,,,,,,,,,,,,,,,,0.2066,,,,,,,,,,,,,,,0.4647,96.9647,,,,,,0.0009,,
DE000A0F5UG3,,,,,,0.5719,,,,,1.4273,,,,,,,,,,,,,,,,,,,,,,,,,,,4.1137,31.7698,,,22.831,,,,,,,,,,,,,2.0157,,,11.4409,,,,,,,,,,,,,,,,,,,,,,,,,,2.9201,,,,,,,,,,,,0.8937,,,,,,,,,,,,,,,,21.6288,,,0.0077,,,,,,,,,,,,,0.0046,,,,,,0.3749,,
DE000A0F5UH1,,,,,8.8688,,,,,,1.1334,,,,,,,,,7.6678,,,,,,,,,,0.9474,,,,,,,,,9.7891,,,2.7345,,,,,,,10.031,,,,,,,,,1.2302,,,6.9793,,,,,,,,,,,,,,,,,,,,,,,8.4696,0.8751,,1.7364,,,,,,,,1.1951,,,,,,,,,,,,4.3073,,,,,,,,0.0019,0.8542,,,,,,,,,,,11.4516,21.4223,,,,,,0.3051,,
DE000A0F5UJ7,,,,,,2.7032,,,,,1.5158,,,,,,,,,,,,,,,,,,,2.3014,,,,,,,,2.7657,8.9935,,0.0013,3.778,,,,,,,,,,,,,1.8911,,,14.8424,,,,,,,,,,,,,,,,,,,,,,,,,,5.355,,,1.4859,,,,,,,,2.4318,0.454,,,,,,,,,,,,,,,,18.8336,,,4.0932,0.4284,,,,,,,,,,,27.4451,0.0843,,,,,,0.5965,,
DE000A0F5UK5,,,,,0.0026,1.4452,,,,,1.6553,,,,,,,,,,,,,,,,,,,,,,,,,,,3.5451,7.8783,,,1.245,,,,,,,,,,,,,,,,,,,,,,,,,,,,,,,,,,,,,,,,,,,,,3.1339,,,,,,,,4.0309,,,,,,,,,,,,,,,,,0.9522,,,10.0699,,,,,,,,,,,,65.035,0.0033,,,,,,1.0033,,
DE000A0H0728,,,,,,,,,,,,,,,,,,,,,,,,,,,,,,,,,,,,,,,,,,,,,,,,,,,,,,,,,,,,,,,,,,,,,,,,,,,,,,,,,,,,,,,,,,,,,,,,,,,,,,,,,,,,,,,,,,,,,,,,,,,,,,,,,,,,,,,,
DE000A0H0744,,,,,42.6359,,,,,,,,,,,,,,,,,,0.9217,,,,,,,,,,,,,,,,,,,,,,,,,,24.4257,,,,,,,,,,,,8.8589,,,,,,,,,,,,,,,,,,,,,,,,3.8019,,,,,,,,,,,,,,,,,,,,,,19.3104,,,,,,,,,,,,,,,,,,,,,0.0274,,,,,,0.0181,,
DE000A0H0785,,,,,,7.434,,,,,9.1404,,,,,,,,,,,,,,,,,,,,,,,,,,,,20.095,,,19.8672,,,,,,,,,,,,,,,,19.8416,,,,,,,,,,,,,,,,,,,,,,,,,,3.3377,,,,,,,,,,,,,,,,,,,,,,,,,,,,20.0756,,,,,,,,,,,,,,,,,,,,,,0.2086,,
DE000A0H08D2,,,,,,,,,,,,,,,,,,,,,,,,,,,,,,,,,,,,,,,,,,,,,,,,,,,,,,,,,,,,,99.9984,,,,,,,,,,,,,,,,,,,,,,,,,,,,,,,,,,,,,,,,,,,,,,,,,,,,,,,,,,,,,,,,,,,,,,,,,0.0016,,
DE000A0H08E0,,,,,,,,,,,2.4304,,,,,,,,,,,,,,,,,,,,,,,,,,,0.97,30.9042,,,34.5819,,,,,,,,,,,,,,,,,,,,,,,,,,,,,,,,,,,,,,,,,,7.6454,,,3.1753,,,,,,,,,,,,,,,,,,,,,,,,,,,,0.0012,15.478,,,,,,,,,,,4.5754,0.0001,,,,,,0.238,,
DE000A0H08F7,,,,,,0.4875,,,,,1.3004,,,,,,,,,,,,,,,,,,,1.146,,,,,,,,,33.1007,,,6.8867,,,,,,,,,,,,,3.67,,,0.6934,,,,,,,,,,,,,,,,,,,,,,,,,,1.8244,,,,,,,,,,,,,,,,,,,,,,,,,,,,13.1006,,,10.7328,21.7671,,,,,,,,,,,1.0566,0.0,,,,,,4.2339,,
DE000A0H08G5,,,,,,,,,,,1.696,,,,,,,,,,,,,,,,,,,,,,,,,,,0.554,3.4064,,,9.8707,,,,,,,,,,,,,,,,4.0065,,,,,,,,,,,,,,,,,,,,,,,,,,2.2839,,,0.5646,,,,,,,,,,,,,,,,,,,,,,,,,,,,19.9722,32.9006,,,,,,,,,,,24.2882,0.0131,,,,,,0.4439,,
DE000A0H08H3,,,,,,,,,,,14.9007,,,,,,,,,,,,,,,,,,,3.0402,,,,,,,,,12.5063,,,,,,,,,,,,,,,,3.9446,,,0.7971,,,,,,,,,,,,,,,,,,,,,,,,,,11.5021,,,4.7413,,,,,,,,,,,,,,,,,,,,,,,,,0.4743,,,0.7197,32.1244,,,,,,,,,,,14.6818,0.0004,,,,,,0.5673,,
DE000A0H08J9,,,,,,0.251,,,,,,,,,,,,,,,,,,,,,,,,2.7771,,,,,,,,3.1422,25.7448,,,18.7105,,,,,,,,,,,,,,,,3.2909,,,,,,,,,,,,,,,,,,,,,,,,,,3.0901,,,1.1107,,,,,,,,0.1933,,,,,,,,,,,,,,,,,0.9324,,,10.6364,10.7969,,,,,,,,,,,19.1417,0.0,,,,,,0.1819,,
DE000A0H08K7,,,,,,,,,,,1.3802,,,,,,,,,,,,,,,,,,,0.8016,,,,,,,,2.9678,10.3414,,,31.6643,,,,,,,,,,,,,,,,7.1887,,,,,,,,,,,,,,,,,,,,,,,,,,5.0226,,,1.6045,,,,,,,,1.1856,,,,,,,,,,,,,,,,,0.5115,,,,23.2365,,,,,,,,,,,13.7324,0.0001,,,,,,0.3628,,
DE000A0H08L5,,,,,,,,,,,,,,,,,,,,,,,,,,,,,,,,,,,,,,,36.916,,,5.9336,,,,,,,,,,,,,,,,,,,,,,,,,,,,,,,,,,,,,,,,,,11.8083,,,0.0008,,,,,,,,,,,,,,,,,,,,,,,,,,,,,0.0009,,,,,,,,,,,47.1118,0.0007,,,,,,-1.772,,
DE000A0H08M3,,,,,,1.147,,,,,,,,,,,,,,,,,,,,,,,,3.2783,,,,,,,,1.6163,16.0084,,,15.291,,,,,,,,,,,,,,,,8.6272,,,,,,,,,,,,,,,,,,,,,,,,,,0.8491,,,6.4246,,,,,,,,2.4627,1.0028,,,,,,,,,,,,,,,,4.0088,,,,,,,,,,,,,,,38.3692,0.3996,,,,,,0.5148,,
DE000A0H08N1,,,,,,,,,,,,,,,,,,,,,,,,,,,,,,1.0065,,,,,,,,,34.7676,,,5.0958,,,,,,,,,,,,,,,,2.0561,,,,,,,,,,,,,,,,,,,,,,,,,,,,,,,,,,,,,1.3179,,,,,,,,,,,,,,,,,0.2822,,,2.021,14.0245,,,,,,,,,,,39.3117,0.0031,,,,,,0.1135,,
DE000A0H08P6,,,,,,,,,,,,,,,,,,,,,,,,,,,,,,,,,,,,,,,3.7393,,,10.9524,,,,,,,,,,,,,,,,,,,,,,,,,,,,,,,,,,,,,,,,,,,,,,,,,,,,,,,,,,,,,,,,,,,,,,30.3589,,,9.9201,6.0779,,,,,,,,,,,38.7579,0.0016,,,,,,0.1918,,
DE000A0H08Q4,,,,,,0.4317,,,,,,,,,,,,,,,,,,,,,,,,0.002,,,,,,,,,8.0943,,,30.345,,,,,,,,,,,,,,,,0.8587,,,,,,,,,,,,,,,,,,,,,,,,,,40.9987,,,0.7757,,,,,,,,0.3306,,,,,,,,,,,,,,,,,3.4951,,,3.5483,2.2304,,,,,,,,,,,8.7206,0.0068,,,,,,0.162,,
DE000A0H08R2,,,,,,,,,,,,,,,,,,,,,,,,,,,,,,,,,,,,,,13.6151,9.2901,,,28.5004,,,,,,,,,,,,,,,,3.6144,,,,,,,,,,,,,,,,,,,,,,,,,,4.2706,,,1.072,,,,,,,,,,,,,,,,,,,,,,,,,7.3327,,,5.8568,3.1878,,,,,,,,,,,6.5496,0.0014,,,,,,16.709,,
DE000A0H08S0,,,,,,,,,,,,,,,,,,,,,,,,,,,,,,,,,,,,,,,17.7433,,,5.0623,,,,,,,,,,,,,14.1251,,,6.0054,,,,,,,,,,,,,,,,,,,,,,,,,,,,,,,,,,,,,,,,,,,,,,,,,,,,,,12.3384,,,9.7211,,,,,,,,,,,,34.7659,0.003,,,,,,0.2354,,
DE000A0Q4R02,,,,,,0.6373,,,,,1.0438,,,,,,,,,,,,,,,,,,,1.3916,,,,,,,,1.4602,12.1829,,,12.6678,,,,,,,,,,,,,,,,16.7002,,,,,,,,,,,,,,,,,,,,,,,,,,,,,,,,,,,,,0.359,2.9718,,,,,,,,,,,,,,,,26.1037,,,,0.4608,,,,,,,,,,,23.7811,0.0001,,,,,,0.2399,,
DE000A0Q4R28,,,,,,,,,,,2.3066,,,,,,,,,,,,,,,,,,,,,,,,,,,,19.6366,,,44.3754,,,,,,,,,,,,,,,,33.4571,,,,,,,,,,,,,,,,,,,,,,,,,,,,,,,,,,,,,,,,,,,,,,,,,,,,,,,,,0.0059,,,,,,,,,,,,0.0003,0.0,,,,,,0.2183,,
DE000A0Q4R36,,,,,,,,,,,5.0433,,,,,,,,,,,,,,,,,,,11.0036,,,,,,,,0.5137,9.9771,,,7.1798,,,,,,,,,,,,,,,,0.3474,,,,,,,,,,,,,,,,,,,,,,,,,,1.0866,,,,,,,,,,,,,,,,,,,,,,,,,,,,0.1758,,,1.1008,41.4668,,,,,,,,,,,21.6455,0.0059,,,,,,0.4535,,
DE000A0Q4R44,,,,,,,,,,,6.889,,,,,,,,,,,,,,,,,,,,,,,,,,,,17.1219,,,13.9736,,,,,,,,,,,,,,,,,,,,,,,,,,,,,,,,,,,,,,,,,,,,,,,,,,,,,,,,,,,,,,,,,,,,,,3.8554,,,8.7308,15.867,,,,,,,,,,,32.8416,0.0005,,,,,,0.7202,,
DE000A0Q4R69,,,,,,,,,,,,,,,,,,,,,,,,,,,,,,,,,,,,,,,,,,99.8405,,,,,,,,,,,,,,,,,,,,,,,,,,,,,,,,,,,,,,,,,,,,,,,,,,,,,,,,,,,,,,,,,,,,,,,,,,,,,,,,,,,,,,0.0031,,,,,,0.1564,,
DE000A0Q4R85,,,,,,,,,,,,,,,99.9144,,,,,,,,,,,,,,,,,,,,,,,,,,,,,,,,,,,,,,,,,,,,,,,,,,,,,,,,,,,,,,,,,,,,,,,,,,,,,,,,,,,,,,,,,,,,,,,,,,,,,,,,,,,,,,,,,0.0824,,,,,,0.0032,,
DE000A0Q4RZ9,,,,,,,,,,,,,,,,,,,,,,,,,,,,,,,,,,,,,,,,,,99.9254,,,,,,,,,,,,,,,,,,,,,,,,,,,,,,,,,,,,,0.0,,,,,,,,,,,,,,,,,,,,,,,,,,,,,,,,,,,,,,,,,,,,,,,,,,,,,,,0.0746,,
DE000A0S9GB0,,,,,,,,,,,,,,,,,,,,,,,,,,,,,,,,,,,,,,,,,,,,,,,,,,,,,,,,,,,,,,,,,,,,,,,,,,,,,,,,,,,,,,,,,,,,,,,,,,,,,,,,,,,,,,,,,,,,,,,,,,,,,,,,,,,,,,,,
DE000A1E0HR8,,,,,,,,,,,,,,,,,,,,,,,,,,,,,,,,,,,,,,,,,,,,,,,,,,,,,,,,,,,,,,,,,,,,,,,,,,,,,,,,,,,,,,,,,,,,,,,,,,,,,,,,,,,,,,,,,,,,,,,,,,,,,,,,,,,,,,,,
DE000A1E0HS6,,,,,,,,,,,,,,,,,,,,,,,,,,,,,,,,,,,,,,,,,,,,,,,,,,,,,,,,,,,,,,,,,,,,,,,,,,,,,,,,,,,,,,,,,,,,,,,,,,,,,,,,,,,,,,,,,,,,,,,,,,,,,,,,,,,,,,,,
DE000A1EK0G3,,,,,,,,,,,,,,,,,,,,,,,,,,,,,,,,,,,,,,,,,,,,,,,,,,,,,,,,,,,,,,,,,,,,,,,,,,,,,,,,,,,,,,,,,,,,,,,,,,,,,,,,,,,,,,,,,,,,,,,,,,,,,,,,,,,,,,,,
DE000A1EK0H1,,,,,,,,,,,,,,,,,,,,,,,,,,,,,,,,,,,,,,,,,,,,,,,,,,,,,,,,,,,,,,,,,,,,,,,,,,,,,,,,,,,,,,,,,,,,,,,,,,,,,,,,,,,,,,,,,,,,,,,,,,,,,,,,,,,,,,,,
DE000A1EK0J7,,,,,,,,,,,,,,,,,,,,,,,,,,,,,,,,,,,,,,,,,,,,,,,,,,,,,,,,,,,,,,,,,,,,,,,,,,,,,,,,,,,,,,,,,,,,,,,,,,,,,,,,,,,,,,,,,,,,,,,,,,,,,,,,,,,,,,,,
DE000A27Z304,,,,,,,,,,,,,,,,,,,,,,,,,,,,,,,,,,,,,,,,,,,,,,,,,,,,,,,,,,,,,,,,,,,,,,,,,,,,,,,,,,,,,,,,,,,,,,,,,,,,,,,,,,,,,,,,,,,,,,,,,,,,,,,,,,,,,,,,
DE000A28M8D0,,,,,,,,,,,,,,,,,,,,,,,,,,,,,,,,,,,,,,,,,,,,,,,,,,,,,,,,,,,,,,,,,,,,,,,,,,,,,,,,,,,,,,,,,,,,,,,,,,,,,,,,,,,,,,,,,,,,,,,,,,,,,,,,,,,,,,,,
DE000A2QP323,,,,,,,,,,,,,,,,,,,,,,,,,,,,,,,,,,,,,,,,,,99.7577,,,,,,,,,,,,,,,,,,,,,,,,,,,,,,,,,,,,,,,,,,,,,,,,,,,,,,,,,,,,,,,,,,,,,,,,,,,,,,,,,,,,,,0.0028,,,,,,0.2395,,
DE000A2QP331,,,,,,,,,,,,,,,,,,,,,,,,,,,,,,,,,,,,,,,6.871,,,93.0729,,,,,,,,,,,,,,,,,,,,,,,,,,,,,,,,,,,,,,,,,,,,,,,,,,,,,,,,,,,,,,,,,,,,,,,,,,,,,,,,,,,,,,0.0029,,,,,,0.0532,,
DE000A2QP349,,,,,,,,,,,,,,,,,,,,,,,,,,,,,,,,,,,,,,,,,,97.6473,,,,,,,,,,,,,,,,,,,,,,,,,,,,,,,,,,,,,,,,,,,,,,,,,,,,,,,,,,,,,,,,,,,,,,,,,,,,,,,,,,,,,2.0125,0.0018,,,,,,0.3384,,
DE000A2QP372,,,,,,4.4072,,,,,2.4692,,,,,,,,,,,,,,,,,,,,,,,,,,,4.5019,14.6354,,,6.1499,,,,,,,,,,,,,3.0928,,,24.1585,,,,,,,,,,,,,,,,,,,,,,,,,,8.712,,,,,,,,,,,,0.7371,,,,,,,,,,,,,,,,30.6483,,,,,,,,,,,,,,,,,,,,,,0.4875,,
DE000A2QP380,,,,,,5.2814,,,,,6.4708,,,,,,,,,,,,,,,,,,,,,,,,,,,4.338,20.5128,,,15.5655,,,,,,,,,,,,,,,,9.0718,,,,,,,,,,,,,,,,,,,,,,,,,,28.925,,,,,,,,,,,,2.6578,,,,,,,,,,,,,,,,6.1193,,,,,,,,,,,,,,,,,,,,,,1.0576,,
DE000A2QP398,,,,,,0.4317,,,,,,,,,,,,,,,,,,,,,,,,0.002,,,,,,,,,8.0943,,,30.345,,,,,,,,,,,,,,,,0.8587,,,,,,,,,,,,,,,,,,,,,,,,,,40.9987,,,0.7757,,,,,,,,0.3306,,,,,,,,,,,,,,,,,3.4951,,,3.5483,2.2304,,,,,,,,,,,8.7206,0.0068,,,,,,0.162,,
DE000A2QP4A8,,,,,,,,,,,2.3066,,,,,,,,,,,,,,,,,,,,,,,,,,,,19.6366,,,44.3754,,,,,,,,,,,,,,,,33.4571,,,,,,,,,,,,,,,,,,,,,,,,,,,,,,,,,,,,,,,,,,,,,,,,,,,,,,,,,0.0059,,,,,,,,,,,,0.0003,0.0,,,,,,0.2183,,
DE000A2QP4B6,,,,,0.0002,0.6422,,,,,1.8317,,,,,,,,,,,,,,,,,,,2.6811,,,,,,,,1.8906,15.4729,,0.0002,13.1292,,,,,,,,,,,,,0.6621,,,5.4889,,,,,,,,,,,,,,,,,,,,,,,,,,7.9666,,,1.314,,,,,,,,0.9859,0.3009,,,,,,,,,,,,,,,,6.0169,,,4.7989,13.8093,,,,,,,,,,,22.6085,0.0389,,,,,,0.361,,
DE000A2QP4C4,,,,,0.003,,,,,,,,,,,,,,,0.8427,,,,,,,,,,0.4351,,,,,,,,,0.3891,,,0.6373,,,,,,,,,,,,,,,,,,,0.6358,,,,,,,,,,,,,,,,,,,,,,,1.967,,,,,,,,,,,,,,,,,,,,,,,,,,,2.81,,,,,2.5348,5.1336,,,,,,,,,,2.8947,81.6539,,,,,,0.063,,
DE000A2QP4D2,,,,,,,,,,,,,,,99.9939,,,,,,,,,,,,,,,,,,,,,,,,,,,,,,,,,,,,,,,,,,,,,,,,,,,,,,,,,,,,,,,,,,,,,,,,,,,,,,,,,,,,,,,,,,,,,,,,,,,,,,,,,,,,,,,,,0.0036,,,,,,0.0026,,
DE000A2QP4F7,,,,,8.8688,,,,,,1.1334,,,,,,,,,7.6678,,,,,,,,,,0.9474,,,,,,,,,9.7891,,,2.7345,,,,,,,10.031,,,,,,,,,1.2302,,,6.9793,,,,,,,,,,,,,,,,,,,,,,,8.4696,0.8751,,1.7364,,,,,,,,1.1951,,,,,,,,,,,,4.3073,,,,,,,,0.0019,0.8542,,,,,,,,,,,11.4516,21.4223,,,,,,0.3051,,
DE000A2T0VS9,,,,,,,,,,,,,,,,,,,,,,,,,,,,,,,,,,,,,,,,,,,,,,,,,,,,,,,,,,,,,,,,,,,,,,,,,,,,,,,,,,,,,,,,,,,,,,,,,,,,,,,,,,,,,,,,,,,,,,,,,,,,,,,,,,,,,,,,
DE000A2T0VT7,,,,,,,,,,,,,,,,,,,,,,,,,,,,,,,,,,,,,,,,,,,,,,,,,,,,,,,,,,,,,,,,,,,,,,,,,,,,,,,,,,,,,,,,,,,,,,,,,,,,,,,,,,,,,,,,,,,,,,,,,,,,,,,,,,,,,,,,
DE000A2T0VU5,,,,,,,,,,,,,,,,,,,,,,,,,,,,,,,,,,,,,,,,,,,,,,,,,,,,,,,,,,,,,,,,,,,,,,,,,,,,,,,,,,,,,,,,,,,,,,,,,,,,,,,,,,,,,,,,,,,,,,,,,,,,,,,,,,,,,,,,
DE000A2T5DZ1,,,,,,,,,,,,,,,,,,,,,,,,,,,,,,,,,,,,,,,,,,,,,,,,,,,,,,,,,,,,,,,,,,,,,,,,,,,,,,,,,,,,,,,,,,,,,,,,,,,,,,,,,,,,,,,,,,,,,,,,,,,,,,,,,,,,,,,,
DE000A2UDH48,,,,,,,,,,,,,,,,,,,,,,,,,,,,,,,,,,,,,,,,,,,,,,,,,,,,,,,,,,,,,,,,,,,,,,,,,,,,,,,,,,,,,,,,,,,,,,,,,,,,,,,,,,,,,,,,,,,,,,,,,,,,,,,,,,,,,,,,
DE000A2UDH55,,,,,,,,,,,,,,,,,,,,,,,,,,,,,,,,,,,,,,,,,,,,,,,,,,,,,,,,,,,,,,,,,,,,,,,,,,,,,,,,,,,,,,,,,,,,,,,,,,,,,,,,,,,,,,,,,,,,,,,,,,,,,,,,,,,,,,,,
DE000A2UDH63,,,,,,,,,,,,,,,,,,,,,,,,,,,,,,,,,,,,,,,,,,,,,,,,,,,,,,,,,,,,,,,,,,,,,,,,,,,,,,,,,,,,,,,,,,,,,,,,,,,,,,,,,,,,,,,,,,,,,,,,,,,,,,,,,,,,,,,,
DE000A3G3ZD0,,,,,,,,,,,,,,,,,,,,,,,,,,,,,,,,,,,,,,,,,,,,,,,,,,,,,,,,,,,,,,,,,,,,,,,,,,,,,,,,,,,,,,,,,,,,,,,,,,,,,,,,,,,,,,,,,,,,,,,,,,,,,,,,,,,,,,,,
DE000A3G3ZL3,,,,,,,,,,,,,,,,,,,,,,,,,,,,,,,,,,,,,,,,,,,,,,,,,,,,,,,,,,,,,,,,,,,,,,,,,,,,,,,,,,,,,,,,,,,,,,,,,,,,,,,,,,,,,,,,,,,,,,,,,,,,,,,,,,,,,,,,
DE000A3G90G9,,,,,,,,,,,,,,,,,,,,,,,,,,,,,,,,,,,,,,,,,,,,,,,,,,,,,,,,,,,,,,,,,,,,,,,,,,,,,,,,,,,,,,,,,,,,,,,,,,,,,,,,,,,,,,,,,,,,,,,,,,,,,,,,,,,,,,,,
DE000A3G9SE0,,,,,,,,,,,,,,,,,,,,,,,,,,,,,,,,,,,,,,,,,,,,,,,,,,,,,,,,,,,,,,,,,,,,,,,,,,,,,,,,,,,,,,,,,,,,,,,,,,,,,,,,,,,,,,,,,,,,,,,,,,,,,,,,,,,,,,,,
DE000A3GK2N1,,,,,,,,,,,,,,,,,,,,,,,,,,,,,,,,,,,,,,,,,,,,,,,,,,,,,,,,,,,,,,,,,,,,,,,,,,,,,,,,,,,,,,,,,,,,,,,,,,,,,,,,,,,,,,,,,,,,,,,,,,,,,,,,,,,,,,,,
DE000A3GMKD7,,,,,,,,,,,,,,,,,,,,,,,,,,,,,,,,,,,,,,,,,,,,,,,,,,,,,,,,,,,,,,,,,,,,,,,,,,,,,,,,,,,,,,,,,,,,,,,,,,,,,,,,,,,,,,,,,,,,,,,,,,,,,,,,,,,,,,,,
DE000A3GN5J9,,,,,,,,,,,,,,,,,,,,,,,,,,,,,,,,,,,,,,,,,,,,,,,,,,,,,,,,,,,,,,,,,,,,,,,,,,,,,,,,,,,,,,,,,,,,,,,,,,,,,,,,,,,,,,,,,,,,,,,,,,,,,,,,,,,,,,,,
DE000A3GPSP7,,,,,,,,,,,,,,,,,,,,,,,,,,,,,,,,,,,,,,,,,,,,,,,,,,,,,,,,,,,,,,,,,,,,,,,,,,,,,,,,,,,,,,,,,,,,,,,,,,,,,,,,,,,,,,,,,,,,,,,,,,,,,,,,,,,,,,,,
DE000A3GSUC5,,,,,,,,,,,,,,,,,,,,,,,,,,,,,,,,,,,,,,,,,,,,,,,,,,,,,,,,,,,,,,,,,,,,,,,,,,,,,,,,,,,,,,,,,,,,,,,,,,,,,,,,,,,,,,,,,,,,,,,,,,,,,,,,,,,,,,,,
DE000A3GSUD3,,,,,,,,,,,,,,,,,,,,,,,,,,,,,,,,,,,,,,,,,,,,,,,,,,,,,,,,,,,,,,,,,,,,,,,,,,,,,,,,,,,,,,,,,,,,,,,,,,,,,,,,,,,,,,,,,,,,,,,,,,,,,,,,,,,,,,,,
DE000A3GSUE1,,,,,,,,,,,,,,,,,,,,,,,,,,,,,,,,,,,,,,,,,,,,,,,,,,,,,,,,,,,,,,,,,,,,,,,,,,,,,,,,,,,,,,,,,,,,,,,,,,,,,,,,,,,,,,,,,,,,,,,,,,,,,,,,,,,,,,,,
DE000A3GTML1,,,,,,,,,,,,,,,,,,,,,,,,,,,,,,,,,,,,,,,,,,,,,,,,,,,,,,,,,,,,,,,,,,,,,,,,,,,,,,,,,,,,,,,,,,,,,,,,,,,,,,,,,,,,,,,,,,,,,,,,,,,,,,,,,,,,,,,,
DE000A3GV1T7,,,,,,,,,,,,,,,,,,,,,,,,,,,,,,,,,,,,,,,,,,,,,,,,,,,,,,,,,,,,,,,,,,,,,,,,,,,,,,,,,,,,,,,,,,,,,,,,,,,,,,,,,,,,,,,,,,,,,,,,,,,,,,,,,,,,,,,,
DE000A3GV1U5,,,,,,,,,,,,,,,,,,,,,,,,,,,,,,,,,,,,,,,,,,,,,,,,,,,,,,,,,,,,,,,,,,,,,,,,,,,,,,,,,,,,,,,,,,,,,,,,,,,,,,,,,,,,,,,,,,,,,,,,,,,,,,,,,,,,,,,,
DE000A3GVKY4,,,,,,,,,,,,,,,,,,,,,,,,,,,,,,,,,,,,,,,,,,,,,,,,,,,,,,,,,,,,,,,,,,,,,,,,,,,,,,,,,,,,,,,,,,,,,,,,,,,,,,,,,,,,,,,,,,,,,,,,,,,,,,,,,,,,,,,,
DE000A3GVKZ1,,,,,,,,,,,,,,,,,,,,,,,,,,,,,,,,,,,,,,,,,,,,,,,,,,,,,,,,,,,,,,,,,,,,,,,,,,,,,,,,,,,,,,,,,,,,,,,,,,,,,,,,,,,,,,,,,,,,,,,,,,,,,,,,,,,,,,,,
DE000A3GWEU3,,,,,,,,,,,,,,,,,,,,,,,,,,,,,,,,,,,,,,,,,,,,,,,,,,,,,,,,,,,,,,,,,,,,,,,,,,,,,,,,,,,,,,,,,,,,,,,,,,,,,,,,,,,,,,,,,,,,,,,,,,,,,,,,,,,,,,,,
DE000A3GWNE8,,,,,,,,,,,,,,,,,,,,,,,,,,,,,,,,,,,,,,,,,,,,,,,,,,,,,,,,,,,,,,,,,,,,,,,,,,,,,,,,,,,,,,,,,,,,,,,,,,,,,,,,,,,,,,,,,,,,,,,,,,,,,,,,,,,,,,,,
DE000A3GXNT4,,,,,,,,,,,,,,,,,,,,,,,,,,,,,,,,,,,,,,,,,,,,,,,,,,,,,,,,,,,,,,,,,,,,,,,,,,,,,,,,,,,,,,,,,,,,,,,,,,,,,,,,,,,,,,,,,,,,,,,,,,,,,,,,,,,,,,,,
DE000A3GXNV0,,,,,,,,,,,,,,,,,,,,,,,,,,,,,,,,,,,,,,,,,,,,,,,,,,,,,,,,,,,,,,,,,,,,,,,,,,,,,,,,,,,,,,,,,,,,,,,,,,,,,,,,,,,,,,,,,,,,,,,,,,,,,,,,,,,,,,,,
DE000A3GYNB0,,,,,,,,,,,,,,,,,,,,,,,,,,,,,,,,,,,,,,,,,,,,,,,,,,,,,,,,,,,,,,,,,,,,,,,,,,,,,,,,,,,,,,,,,,,,,,,,,,,,,,,,,,,,,,,,,,,,,,,,,,,,,,,,,,,,,,,,
DE000A41ZZJ4,,,,,,,,,,,,,,,,,,,,,,,,,,,,,,,,,,,,,,,,,,,,,,,,,,,,,,,,,,,,,,,,,,,,,,,,,,,,,,,,,,,,,,,,,,,,,,,,,,,,,,,,,,,,,,,,,,,,,,,,,,,,,,,,,,,,,,,,
DE000A4231H9,,,,,,,,,,,,,,,,,,,,,,,,,,,,,,,,,,,,,,,,,,,,,,,,,,,,,,,,,,,,,,,,,,,,,,,,,,,,,,,,,,,,,,,,,,,,,,,,,,,,,,,,,,,,,,,,,,,,,,,,,,,,,,,,,,,,,,,,
DE000A428XC1,,,,,,,,,,,,,,,,,,,,,,,,,,,,,,,,,,,,,,,,,,,,,,,,,,,,,,,,,,,,,,,,,,,,,,,,,,,,,,,,,,,,,,,,,,,,,,,,,,,,,,,,,,,,,,,,,,,,,,,,,,,,,,,,,,,,,,,,
DE000A4A59D2,,,,,,,,,,,,,,,,,,,,,,,,,,,,,,,,,,,,,,,,,,,,,,,,,,,,,,,,,,,,,,,,,,,,,,,,,,,,,,,,,,,,,,,,,,,,,,,,,,,,,,,,,,,,,,,,,,,,,,,,,,,,,,,,,,,,,,,,
DE000A4A5GV2,,,,,,,,,,,,,,,,,,,,,,,,,,,,,,,,,,,,,,,,,,,,,,,,,,,,,,,,,,,,,,,,,,,,,,,,,,,,,,,,,,,,,,,,,,,,,,,,,,,,,,,,,,,,,,,,,,,,,,,,,,,,,,,,,,,,,,,,
DE000A4A5Z72,,,,,,,,,,,,,,,,,,,,,,,,,,,,,,,,,,,,,,,,,,,,,,,,,,,,,,,,,,,,,,,,,,,,,,,,,,,,,,,,,,,,,,,,,,,,,,,,,,,,,,,,,,,,,,,,,,,,,,,,,,,,,,,,,,,,,,,,
DE000A4AER62,,,,,,,,,,,,,,,,,,,,,,,,,,,,,,,,,,,,,,,,,,,,,,,,,,,,,,,,,,,,,,,,,,,,,,,,,,,,,,,,,,,,,,,,,,,,,,,,,,,,,,,,,,,,,,,,,,,,,,,,,,,,,,,,,,,,,,,,
DE000A4AJWU3,,,,,,,,,,,,,,,,,,,,,,,,,,,,,,,,,,,,,,,,,,,,,,,,,,,,,,,,,,,,,,,,,,,,,,,,,,,,,,,,,,,,,,,,,,,,,,,,,,,,,,,,,,,,,,,,,,,,,,,,,,,,,,,,,,,,,,,,
DE000A4AKW34,,,,,,,,,,,,,,,,,,,,,,,,,,,,,,,,,,,,,,,,,,,,,,,,,,,,,,,,,,,,,,,,,,,,,,,,,,,,,,,,,,,,,,,,,,,,,,,,,,,,,,,,,,,,,,,,,,,,,,,,,,,,,,,,,,,,,,,,
DE000A4AKZB4,,,,,,,,,,,,,,,,,,,,,,,,,,,,,,,,,,,,,,,,,,,,,,,,,,,,,,,,,,,,,,,,,,,,,,,,,,,,,,,,,,,,,,,,,,,,,,,,,,,,,,,,,,,,,,,,,,,,,,,,,,,,,,,,,,,,,,,,
DE000A4APQX6,,,,,,,,,,,,,,,,,,,,,,,,,,,,,,,,,,,,,,,,,,,,,,,,,,,,,,,,,,,,,,,,,,,,,,,,,,,,,,,,,,,,,,,,,,,,,,,,,,,,,,,,,,,,,,,,,,,,,,,,,,,,,,,,,,,,,,,,
DE000A4APRP0,,,,,,,,,,,,,,,,,,,,,,,,,,,,,,,,,,,,,,,,,,,,,,,,,,,,,,,,,,,,,,,,,,,,,,,,,,,,,,,,,,,,,,,,,,,,,,,,,,,,,,,,,,,,,,,,,,,,,,,,,,,,,,,,,,,,,,,,
DE000A4ARTJ5,,,,,,,,,,,,,,,,,,,,,,,,,,,,,,,,,,,,,,,,,,,,,,,,,,,,,,,,,,,,,,,,,,,,,,,,,,,,,,,,,,,,,,,,,,,,,,,,,,,,,,,,,,,,,,,,,,,,,,,,,,,,,,,,,,,,,,,,
DE000A4AT2X6,,,,,,,,,,,,,,,,,,,,,,,,,,,,,,,,,,,,,,,,,,,,,,,,,,,,,,,,,,,,,,,,,,,,,,,,,,,,,,,,,,,,,,,,,,,,,,,,,,,,,,,,,,,,,,,,,,,,,,,,,,,,,,,,,,,,,,,,
DE000ETC0001,,,,,,,,,,,,,,,,,,,,,,,,,,,,,,,,,,,,,,,,,,,,,,,,,,,,,,,,,,,,,,,,,,,,,,,,,,,,,,,,,,,,,,,,,,,,,,,,,,,,,,,,,,,,,,,,,,,,,,,,,,,,,,,,,,,,,,,,
DE000ETC0696,,,,,,,,,,,,,,,,,,,,,,,,,,,,,,,,,,,,,,,,,,,,,,,,,,,,,,,,,,,,,,,,,,,,,,,,,,,,,,,,,,,,,,,,,,,,,,,,,,,,,,,,,,,,,,,,,,,,,,,,,,,,,,,,,,,,,,,,
DE000ETC0704,,,,,,,,,,,,,,,,,,,,,,,,,,,,,,,,,,,,,,,,,,,,,,,,,,,,,,,,,,,,,,,,,,,,,,,,,,,,,,,,,,,,,,,,,,,,,,,,,,,,,,,,,,,,,,,,,,,,,,,,,,,,,,,,,,,,,,,,
DE000ETC0738,,,,,,,,,,,,,,,,,,,,,,,,,,,,,,,,,,,,,,,,,,,,,,,,,,,,,,,,,,,,,,,,,,,,,,,,,,,,,,,,,,,,,,,,,,,,,,,,,,,,,,,,,,,,,,,,,,,,,,,,,,,,,,,,,,,,,,,,
DE000ETC0746,,,,,,,,,,,,,,,,,,,,,,,,,,,,,,,,,,,,,,,,,,,,,,,,,,,,,,,,,,,,,,,,,,,,,,,,,,,,,,,,,,,,,,,,,,,,,,,,,,,,,,,,,,,,,,,,,,,,,,,,,,,,,,,,,,,,,,,,
DE000ETC0779,,,,,,,,,,,,,,,,,,,,,,,,,,,,,,,,,,,,,,,,,,,,,,,,,,,,,,,,,,,,,,,,,,,,,,,,,,,,,,,,,,,,,,,,,,,,,,,,,,,,,,,,,,,,,,,,,,,,,,,,,,,,,,,,,,,,,,,,
DE000ETC0787,,,,,,,,,,,,,,,,,,,,,,,,,,,,,,,,,,,,,,,,,,,,,,,,,,,,,,,,,,,,,,,,,,,,,,,,,,,,,,,,,,,,,,,,,,,,,,,,,,,,,,,,,,,,,,,,,,,,,,,,,,,,,,,,,,,,,,,,
DE000ETF7011,,,,,,,,,,,,,,,,,,,,,,,,,,,,,,,,,,,,,,,,,,9.2289,,,,,,,,,,,,,,,,,,,,,,,,,,,,,,,90.7711,,,,,,,,,,,,,,,,,,,,,,,,,,,,,,,,,,,,,,,,,,,,,,,,,,,,,,,,,,,,,,,
DE000ETF7029,,,,,,,,,,,,,,,,,,,,,,,,,,,,,,,,,,,,,,,,,,24.2711,,,,,,,,,,,,,6.6814,,,,,,,,,,,,,,,,,,69.0475,,,,,,,,,,,,,,,,,,,,,,,,,,,,,,,,,,,,,,,,,,,,,,,,,,,,,,,,,,,,,,,
DE000ETF7037,,,,,,,,,,,,,,,,,,,,,,,,,,,,,,,,,,,,,,,,,,9.6695,,,,,,,,,,,,,,,,,,,,,,,,,,,,,,,90.3305,,,,,,,,,,,,,,,,,,,,,,,,,,,,,,,,,,,,,,,,,,,,,,,,,,,,,,,,,,,,,,,
DE000ETF9033,,,,,,,,,,,,,,,,,,,,,,,,,,,,,,,,,,,,,,,,,,100.0,,,,,,,,,,,,,,,,,,,,,,,,,,,,,,,,,,,,,,,,,,,,,,,,,,,,,,,,,,,,,,,,,,,,,,,,,,,,,,,,,,,,,,,,,,,,,,
DE000ETF9074,,,,,,,,,,,,,,,,,,,,,,,,,,,,,,,,,,,,,,,,,,97.51,,,,,,,,,,,,,,,,,,,,,,,,,,,,,,,2.32,,,,,,,,,,,,,,,,,,,,,,,,,,,,,,,,,,,,,,,,,,,,,,,,,,,,,,,,,,,,,,,0.17
DE000ETF9082,,,,,,,,,,,,,,,,,,,,,,,,,,,,,,,,,,,,,,,,,,93.59,,,,,,,,,,,,,,,,,,,,,,,,,,,,,,,,,,,,,,,,,,5.57,,,,,,,,,,,,,,,,,,,,,,,,,,,,,,,,,,,,,,,,,,,,,,,,,,,,0.84
DE000ETF9090,,,,,,,,,,,,,,,,,,,,,,,,,,,,,,,,,,,,,,,,,,100.0,,,,,,,,,,,,,,,,,,,,,,,,,,,,,,,,,,,,,,,,,,,,,,,,,,,,,,,,,,,,,,,,,,,,,,,,,,,,,,,,,,,,,,,,,,,,,,
DE000ETF9603,,,,,,0.6853,,,,,0.9295,,,,,,,,,,,,,,,,,,,3.1294,,,,,,,,2.0302,13.9971,,,14.2829,,,,,,,,,,,,,0.6144,,,6.0151,,,,,,,,,,,,,,,,,,,,,,,,,,9.3867,,,1.0238,,,,,,,,0.4989,0.2843,,,,,,,,,,,,,,,,6.6422,,,5.3096,15.7427,,,,,,,,,,,19.4281,,,,,,,,,
DE000ETFL011,,,,,,,,,,,,,,,,,,,,,,,,,,,,,,,,,,,,,,,,,,92.77,,,,,,,,,,,,,,,,,,,,,,,,,,,,,,,,,,,,,,,,,,7.14,,,,,,,,,,,,,,,,,,,,,,,,,,,,,,,,,,,,,,,,,,,,,,,,,,,,0.09
DE000ETFL029,,,,,,,,,,,1.69,,,,,,,,,,,,,,,,,,,,,,,,,,,1.28,29.54,,,28.7,,,,,,,,,,,,,,,,8.35,,,,,,,,,,,,,,,,,,,,,,,,,,18.66,,,,,,,,,,,,,,,,,,,,,,,,,,,,11.31,,,,,,,,,,,,,,,,,,,,,,,,0.47
DE000ETFL037,,,,,,,,,,,,,,,,,,,,,,,,,,,,,,,,,,,,,,,3.33,,,18.43,,,,,,,,,,,,,,,,7.05,,,,,,,,,,,,,,,,,,,,,,,,,,24.86,,,4.7,,,,,,,,4.0,,,,,,,,,,,,,,,,,,,,12.11,18.61,,,,,,,,,,,6.82,,,,,,,,,0.09
DE000ETFL045,,,,,,,,,,,,,,,,,,,,,,,,,,,,,,12.72,,,,,,,,,10.1,,,30.38,,,,,,,,,,,,,,,,,,,,,,,,,,,,,,,,,,,,,,,,,,8.88,,,,,,,,,,,,,,,,,,,,,,,,,,,,,,,12.31,,,,,,,,,,,,23.47,,,,,,,,,2.14
DE000ETFL052,,,,,,,,,,,,,,,,,,,,,,,,,,,,,,6.27,,,,,,,,,6.65,,,24.25,,,,,,,,,,,,,,,,3.55,,,,,,,,,,,,,,,,,,,,,,,,,,16.89,,,2.37,,,,,,,,2.01,,,,,,,,,,,,,,,,,,,,12.16,9.37,,,,,,,,,,,15.0,,,,,,,,,1.48
DE000ETFL060,,,,,,,,,,,,,,,,,,,,,,,,,,,,,,,,,,,,,,,,,,92.77,,,,,,,,,,,,,,,,,,,,,,,,,,,,,,,,,,,,,,,,,,7.14,,,,,,,,,,,,,,,,,,,,,,,,,,,,,,,,,,,,,,,,,,,,,,,,,,,,0.09
DE000ETFL078,,,,,,4.55,,,,,6.58,,,,,,,,,,,,,,,,,,,,,,,,,,,4.3,20.74,,,15.94,,,,,,,,,,,,,,,,10.17,,,,,,,,,,,,,,,,,,,,,,,,,,28.43,,,,,,,,,,,,2.84,,,,,,,,,,,,,,,,6.06,,,,,,,,,,,,,,,,,,,,,,,,0.39
DE000ETFL094,,,,,,,,,,,,,,,,,,,,,,,,,,,,,,,,,,,,,,,,,,,,,,,,,,,,,,,1.18,,,,,,,,,,,,,,,,,,,,,,,,,,,,,,,,,,,,,,,,,,,,,,,,,,,,,,,,,,,,,,,,,,,,,,,,,97.55,,,,,,,,1.27
DE000ETFL110,,,,,,8.63,,,,,10.15,,,,,,,,,,,,,,,,,,,,,,,,,,,,18.96,,,19.04,,,,,,,,,,,,,,,,16.42,,,,,,,,,,,,,,,,,,,,,,,,,,7.55,,,,,,,,,,,,,,,,,,,,,,,,,,,,14.05,,,,,,,,,,,,,,,,,,,,,,,,5.2
DE000ETFL128,,,,,,3.78,,,,,15.11,,,,,,,,,,,,,,,,,,,,,,,,,,,1.75,17.36,,,19.02,,,,,,,,,,,,,,,,17.21,,,,,,,,,,,,,,,,,,,,,,,,,,4.18,,,,,,,,,,,,,,,,,,,,,,,,,,,,16.71,,,,,,,,,,,,,,,,,,,,,,,,4.88
DE000ETFL136,,,,,,6.31,,,,,6.69,,,,,,,,,,,,,,,,,,,,,,,,,,,1.21,14.54,,,9.69,,,,,,,,,,,,,,,,9.49,,,,,,,,,,,,,,,,,,,,,,,,,,6.58,,,,,,,,,,,,,,,,,,,,,,,,,,,,17.18,,,,,,,,,,,,,,,,,,,,,,,,28.31
DE000ETFL144,,,,,,4.82,,,,,5.62,,,,,,,,,,,,,,,,,,,,,,,,,,,3.88,18.69,,,15.78,,1.32,,,,,,,,,,,,,,14.38,,,,,,,,,,,,,,,,,,,,,,,,,,3.08,,,,,,,,,,,,,,,,,,,,,,,,2.69,,,,13.43,,,,,,,,,,,,,,,,,,,,,,,,16.31
DE000ETFL151,,,,,,6.08,,,,,7.2,,,,,,,,,,,,,,,,,,,,,,,,,,,1.92,14.13,,,14.27,,,,,,,,,,,,,,,,9.19,,,,,,,,,,,,,,,,,,,,,,,,,,5.63,,,,,,,,,,,,,,,,,,,,,,,,,,,,13.98,,,,,,,,,,,,,,,,,,,,,,,,27.6
DE000ETFL169,,,,,,6.78,,,,,7.5,,,,,,,,,,,,,,,,,,,,,,,,,,,,18.26,,,18.99,,,,,,,,,,,,,,,,14.31,,,,,,,,,,,,,,,,,,,,,,,,,,7.64,,,,,,,,,,,,,,,,,,,,,,,,,,,,19.13,,,,,,,,,,,,,,,,,,,,,,,,7.39
DE000ETFL177,,,,,,,,,,,,,,,,,,,,,,,,,,,,,,,,,,,,,,,,,,86.13,,,,,,,,,,,,,,,,,,,,,,,,,,,,,,,,,,,,,,,,,,,,,,,,,,,,,,,,,,,,,,,,,,,,,,,,,,,,,,,,,,,,,,,,,,,,,,13.87
DE000ETFL185,,,,,,,,,,,,,,,,,,,,,,,,,,,,,,,,,,,,,,,,,,78.03,,,,,,,,,,,,,,,,,,,,,,,,,,,,,,,,,,,,,,,,,,,,,,,,,,,,,,,,,,,,,,,,,,,,,,,,,,,,,,,,,,,,,,,,,,,,,,21.97
DE000ETFL193,,,,,,,,,,,,,,,,,,,,,,,,,,,,,,,,,,,,,,,,,,81.98,,,,,,,,,,,,,,,,,,,,,,,,,,,,,,,,,,,,,,,,,,,,,,,,,,,,,,,,,,,,,,,,,,,,,,,,,,,,,,,,,,,,,,,,,,,,,,18.02
DE000ETFL201,,,,,,,,,,,,,,,,,,,,,,,,,,,,,,,,,,,,,,,,,,79.96,,,,,,,,,,,,,,,,,,,,,,,,,,,,,,,,,,,,,,,,,,,,,,,,,,,,,,,,,,,,,,,,,,,,,,,,,,,,,,,,,,,,,,,,,,,,,,20.04
DE000ETFL219,,,,,,,,,,,,,,,,,,,,,,,,,,,,,,,,,,,,,,,,,,99.96,,,,,,,,,,,,,,,,,,,,,,,,,,,,,,,,,,,,,,,,,,,,,,,,,,,,,,,,,,,,,,,,,,,,,,,,,,,,,,,,,,,,,,,,,,,,,,0.04
DE000ETFL227,,,,,,,,,,,,,,,,,,,,,,,,,,,,,,,,,,,,,,,,,,82.93,,,,,,,,,,,,,,,,,,,,,,,,,,,,,,,,,,,,,,,,,,,,,,,,,,,,,,,,,,,,,,,,,,,,,,,,,,,,,,,,,,,,,,,,,,,,,,17.07
DE000ETFL235,,,,,,,,,,,,,,,,,,,,,,,,,,,,,,,,,,,,,,,,,,96.83,,,,,,,,,,,,,,,,,,,,,,,,,,,,,,,2.58,,,,,,,,,,,,,,,,,,,,,,,,,,,,,,,,,,,,,,,,,,,,,,,,,,,,,,,,,,,,,,,0.59
DE000ETFL250,,,,,,,,,,,1.12,,,,,,,,,,,,,,,,,,,2.02,,,,,,,,,18.22,,,12.33,,,,,,,,,,,,,,,,4.31,,,,,,,,,,,,,,,,,,,,,,,,,,13.63,,,,,,,,,,,,,,,,,,,,,,,,,,,,6.55,,,,18.49,,,,,,,,,,,23.1,,,,,,,,,0.23
DE000ETFL268,,,,,,,,,,,,,,,,,,,,,,,,,,,,,,,,,,,,,,,,,,,,,,,,,,,,,,,1.12,,,,,,,,,,,,,,,,,,,,,,,,,,,,,,,,,,,,,,,,,,,,,,,,,,,,,,,,,,,,,,,,,,,,,,,,,97.09,,,,,,,,1.79
DE000ETFL276,,,,,,,,,,,,,,,,,,,,,,,,,,,,,,,,,,,,,,,,,,,,,,,,,,,,,,,,,,,,,,,,,,,,,,,,,,,,,,,,,,,,,,,,,,,,,,,,,,,,,,,,,,,,,,,,,,,,,,,,,,,,,,,,94.65,,,,,,,,5.35
DE000ETFL284,,,,,,,,,,,1.36,,,,,,,,,,,,,,,,,,,2.59,,,,,,,,1.87,13.57,,,13.32,,,,,,,,,,,,,,,,4.81,,,,,,,,,,,,,,,,,,,,,,,,,,11.1,,,,,,,,,,,,,,,,,,,,,,,,,,,,5.84,,,5.13,15.61,,,,,,,,,,,20.69,,,,,,,,,4.11
DE000ETFL292,,,,,,1.38,,,,,2.12,,,,,,,,,,,,,,,,,,,4.09,,,,,,,,4.06,8.12,,,7.28,,,,,,,,,,,,,4.1,,,9.53,,,,,,,,,,,,,,,1.31,,,,,,,,,,,7.85,,,3.33,,,,,,,,,1.67,,,,,,,,,,,,,,,,5.32,,,8.8,12.63,,,,,,,,,,,16.31,,,,,,,,,2.1
DE000ETFL300,,,,,,,,,,,,,,,,,,,,,,,,,,,,,,,,,,,,,,,,,,,,,,,,,,,,,,,,,,,,,99.34,,,,,,,,,,,,,,,,,,,,,,,,,,,,,,,,,,,,,,,,,,,,,,,,,,,,,,,,,,,,,,,,,,,,,,,,,,,0.66
DE000ETFL318,,,,,,,,,,,,,,,,,,,,,,,,,,,,,,,,,,,,,,,,,,,,,,,,,,,,,,,,,,,,,99.5,,,,,,,,,,,,,,,,,,,,,,,,,,,,,,,,,,,,,,,,,,,,,,,,,,,,,,,,,,,,,,,,,,,,,,,,,,,0.5
DE000ETFL326,,,,,,,,,,,,,,,,,,,,,,,87.46,,,,,,,,,,,,,,,,,,,,,,,,,,6.74,,,,,,2.29,,,,,,,,,,,,,,,,,,,,,,,,,,,,,,,,,,,,,,,,,,,,,,,,,,,,1.34,,,,,,,,,,,,,,,,,,,,,,,,,,,,,2.17
DE000ETFL342,,,,,,,,,,,,,,,3.4,,,,,,,,17.35,,,,,,,,,,,,,,,,,,,,,,,,,,1.48,,,10.23,,,,,,,,,,,,,,,,,,,,,,,,1.58,,,1.49,,,,,,,,,,,,,,,,,,,,,,,,2.41,,,,,,,2.38,24.06,,,,,,28.1,,,,,,,,,,,,,,,,,,,7.52
DE000ETFL359,,,,,,,,,,,,,,,,,,,,,,,,,,,,,,,,,,,,,,,,,,53.5,,,,,,,,,,,,,,,,,,,,,,,,,,,,,,,,,,,,,,,,,,,,,,,,,,,,,,,,,,,,,,,,,,,,,,,,,,,,,,,,,,,,,,,,,,,,,,46.5
DE000ETFL375,,,,,,,,,,,,,,,,,,,,,,,,,,,,,,3.86,,,,,,,,,15.86,,,13.18,,,,,,,,,,,,,,,,5.37,,,,,,,,,,,,,,,,,,,,,,,,,,5.57,,,,,,,,,,,,,,,,,,,,,,,,,,,,5.26,,,,1.04,,,,,,,,,,,7.75,1.03,,,,,,,,41.08
DE000ETFL383,,,,,,,,,,,2.64,,,,,,,,,,,,,,,,,,,1.86,,,,,,,,,15.52,,,18.26,,,,,,,,,,,,,1.3,,,5.16,,,,,,,,,,,,,,,,,,,,,,,,,,6.42,,,,,,,,,,,,,,,,,,,,,,,,,,,,3.06,,,,2.09,,,,,,,,,,,7.59,1.38,,,,,,,,34.72
DE000ETFL433,,,,,,,,,,,,,,,,,,,,,,,,,,,,,,,,,,,,,,,,,,99.81,,,,,,,,,,,,,,,,,,,,,,,,,,,,,,,,,,,,,,,,,,,,,,,,,,,,,,,,,,,,,,,,,,,,,,,,,,,,,,,,,,,,,,,,,,,,,,0.19
DE000ETFL441,,,,,,,,,,,,,,,,,,,,,,,,,,,,,,,,,,,,,,,,,,97.68,,,,,,,,,,,,,,,,,,,,,,,,,,,,,,,1.86,,,,,,,,,,,,,,,,,,,,,,,,,,,,,,,,,,,,,,,,,,,,,,,,,,,,,,,,,,,,,,,0.46
DE000ETFL466,,,,,,,,,,,3.39,,,,,,,,,,,,,,,,,,,,,,,,,,,2.72,30.82,,,25.15,,,,,,,,,,,,,,,,8.41,,,,,,,,,,,,,,,,,,,,,,,,,,17.32,,,,,,,,,,,,,,,,,,,,,,,,,,,,11.63,,,,,,,,,,,,,,,,,,,,,,,,0.56
DE000ETFL474,,,,,,1.5,,,,,1.27,,,,,,,,,,,,,,,,,,,,,,,,,,,2.17,23.95,,,24.98,,,,,,,,,,,,,,,,9.16,,,,,,,,,,,,,,,,,,,,,,,,,,20.54,,,,,,,,,,,,,,,,,,,,,,,,,,,,16.26,,,,,,,,,,,,,,,,,,,,,,,,0.17
DE000ETFL482,,,,,,3.08,,,,,,,,,,,,,,,,,,,,,,,,,,,,,,,,5.47,34.73,,,23.27,,,,,,,,,,,,,,,,11.05,,,,,,,,,,,,,,,,,,,,,,,,,,5.01,,,,,,,,,,,,3.49,,,,,,,,,,,,,,,,13.05,,,,,,,,,,,,,,,,,,,,,,,,0.85
DE000ETFL490,,,,,,,,,,,18.85,,,,,,,,,,,,,,,,,,,,,,,,,,,,18.66,,,,,18.79,,,,,,,,,,,,,,18.63,,,,,,,,,,,,,,,,,,,,,,,,,,,,,,,,,,,,,,,,,,,,,,,,,,18.85,,,,,,,,,,,,,,,,,,,,,,,,,,,,6.22
DE000ETFL508,,,,,1.58,,,,,,,,,,,,,,,3.31,,,,,,,,,,,,,,,,,,,2.15,,,2.11,,,,,,,,,,,,,,,,,,,5.69,,,,,,,,,,,,,,,,,,,,,,,1.84,,,,,,,,,,,,,,,,,,,,,,,,,,,,,,,,2.69,,,,,,,,,,,3.61,70.43,,,,,,,,6.59
DE000ETFL524,,,,,,,,,,,,,,,,,,,,,,,,,,,,,,,,,,,,,,,,,,,,,,,,,,,,,,,,,,,,,,,,,,,,,,,,,,,,,,,,,,,,,,,,,,,,,,,,,,,,,,,,,,,,,,,,,,,,,,,,,,,,,,,,65.29,,,,,,,,34.71
DE000ETFL532,,,,,,,,,,,3.19,,,,,,,,,,,,,,,,,,,1.76,,,,,,,,1.11,30.68,,,20.15,,,,,,,,,,,,,,,,10.34,,,,,,,,,,,,,,,1.48,,,,,,,,,,,6.36,,,2.41,,,,,,,,,,,,,,,,,,,,,,,,,8.2,,,,1.72,,,,,,,,,,,8.36,,,,,,,,,4.24
DE000ETFL540,,,,,,,,,,,,,,,,,,,,,,,,,,,,,,,,,,,,,,,,,,98.35,,,,,,,,,,,,,,,,,,,,,,,,,,,,,,,,,,,,,,,,,,1.43,,,,,,,,,,,,,,,,,,,,,,,,,,,,,,,,,,,,,,,,,,,,,,,,,,,,0.22
DE000ETFL557,,,,,,1.03,,,,,3.43,,,,,,,,,,,,,,,,,,,,,,,,,,,3.31,27.71,,,21.71,,,,,,,,,,,,,1.97,,,9.08,,,,,,,,,,,,,,,,,,,,,,,,,,13.28,,,,,,,,,,,,1.06,,,,,,,,,,,,,,,,15.01,,,,1.13,,,,,,,,,,,,,,,,,,,,1.28
DE000ETFL565,,,,,,,,,,,1.91,,,,,,,,,,,,,,,,,,,4.51,,,,,,,,1.88,16.41,,,12.14,,,,,,,,,,,,,1.31,,,5.05,,,,,,,,,,,,,,,,,,,,,,,,,,7.32,,,,,,,,,,,,,,,,,,,,,,,,,,,,8.44,,,4.78,17.95,,,,,,,,,,,15.27,,,,,,,,,3.03
DE000ETFL573,,,,,,,,,,,,,,,,,,,,,,,,,,,,,,,,,,,,,,,,,,,,,,,,,,,,,,,,,,,,,,,,,,,,,,,,,,,,,,,,,,,,,,,,,,,,,,,,,,,,,,,,,,,,,,,,,,,,,,,,,,,,,,,,98.64,,,,,,,,1.36
DE000ETFL581,,,,,1.24,,,,,,,,,,,,,,,2.37,,,,,,,,,,,,,,,,,,,2.18,,,1.94,,,,,,,,,,,,,,,,,,,4.21,,,,,,,,,,,,,,,,,,,,,,,1.17,,,,,,,,,,,,,,,,,,,,,,,,,,,,1.32,,,,2.79,,,,,,,,,,,2.54,75.01,,,,,,,,5.23
DE000ETFL599,,,,,,,,,,,2.31,,,,,,,,,,,,,,,,,,,4.94,,,,,,,,,15.88,,,4.61,,,,,,,,,,,,,2.3,,,3.99,,,,,,,,,,,,,,,,,,,,,,,,,,9.86,,,,,,,,,,,,,,,,,,,,,,,,,,,,9.08,,,4.45,1.39,,,,,,,,,,,11.17,3.22,,,,,,,,26.8
DE000ETFL607,,,,,,,,,,,,,,,,,,,,4.45,,,,,,,,,,6.69,,,,,,,,,,,,2.61,,,,,,,,,,,,,,,7.38,,,,17.47,,,,,,,,,,,,,,,,,,,,,,,2.77,,,2.36,,,,,,,,,,,,,,,,,,,,,,,,,3.12,,,,,,,,,,,,,,,1.4,49.8,,,,,,,,1.95
DE000ETFL615,,,,,,,,,,,5.08,,,,,,,,,,,,,,,,,,,2.36,,,,,,,,2.43,10.85,,,4.44,,2.07,,,,,,,,,,,2.19,,,8.05,,,,,,,,,,,,,,,,,,,,,,,,,,1.37,,,1.32,,,,,,,,,,,,,,,,,,,,,,,,,5.91,,,3.3,,,,,,,,,,,,3.43,,,,,,,,,47.2
DE000ETFL623,,,,,,,,,,,,,,,,,,,,,,,,,,,,,,,,,,,,,,,,,,,,,,,,,,,,,,,,,,,,,,,,,,,,,,,,,,,,,,,,,,,,1.58,,,,,,,,,,,,,,,,,,,,,,,,,,,,,,,,,,,,,,,,,,,1.89,94.63,,,,,,,,1.9
DE000ETFL631,,,,,,,,,,,,,,,,,,,,,,,,,,,,,,,,,,,,,,,,,,,,,,,,,,,,,,,1.13,,,,,,,,,,,,,,,,,,,,,,,,,,,,,,,,,,,,,,,,,,,,,,,,,,,,,,,,,,,,,,,,,,,,,,,,,97.7,,,,,,,,1.17
DE000ETFL649,,,,,,,,,,,,,,,,,,,,,,,,,,,,4.06,,,,,,,,,,,9.64,,,10.16,,,,,,,,,,,,,,,,,,,4.78,,,,,,,,,,,,2.88,,,,,,,,,,,6.51,,,,,,,,,,,2.66,2.95,,,,6.05,,,,,,,,,2.12,,,2.21,,,1.47,,,,,,,,,,,,11.33,4.51,,,,,,,,28.67
DE000ETFL656,,,,,,,,,,,,,,,,,,,,,,,,,,,,,,,,,,,,,,,,,,,,,,,,,,,,,,,,,,,,,10.93,,,,,,,,,,,,,,,,,,,,,,,,,,,,,,,,,,,,,,,,,,,,,,,,,,,,,,,4.41,,,,,,,,,,,9.68,72.07,,,,,,,,2.91
DE000ETFL664,,,,,,,,,,,,,,,,,,,,,,,,,,,,,,,,,,,,,,,22.41,,,17.51,,,,,,,,,,,,,,,,8.05,,,,,,,,,,,,,,,,,,,,,,,,,,12.31,,,1.75,,,,,,,,,,,,,,,,,,,,,,,,,1.21,,,4.71,,,,,,,,,,,,30.66,,,,,,,,,1.39
DE000EWG0LD1,,,,,,,,,,,,,,,,,,,,,,,,,,,,,,,,,,,,,,,,,,,,,,,,,,,,,,,,,,,,,,,,,,,,,,,,,,,,,,,,,,,,,,,,,,,,,,,,,,,,,,,,,,,,,,,,,,,,,,,,,,,,,,,,,,,,,,,,
DE000EWG2LD7,,,,,,,,,,,,,,,,,,,,,,,,,,,,,,,,,,,,,,,,,,,,,,,,,,,,,,,,,,,,,,,,,,,,,,,,,,,,,,,,,,,,,,,,,,,,,,,,,,,,,,,,,,,,,,,,,,,,,,,,,,,,,,,,,,,,,,,,
DE000EWG4CR2,,,,,,,,,,,,,,,,,,,,,,,,,,,,,,,,,,,,,,,,,,,,,,,,,,,,,,,,,,,,,,,,,,,,,,,,,,,,,,,,,,,,,,,,,,,,,,,,,,,,,,,,,,,,,,,,,,,,,,,,,,,,,,,,,,,,,,,,
DE000EWG4TR6,,,,,,,,,,,,,,,,,,,,,,,,,,,,,,,,,,,,,,,,,,,,,,,,,,,,,,,,,,,,,,,,,,,,,,,,,,,,,,,,,,,,,,,,,,,,,,,,,,,,,,,,,,,,,,,,,,,,,,,,,,,,,,,,,,,,,,,,
DE000NXTA018,,,,,,,,,,,,,,,,,,,,,,,,,,,,,,,,,,,,,,,,,,,,,,,,,,,,,,,,,,,,,,,,,,,,,,,,,,,,,,,,,,,,,,,,,,,,,,,,,,,,,,,,,,,,,,,,,,,,,,,,,,,,,,,,,,,,,,,,
DE000NXTA026,,,,,,,,,,,,,,,,,,,,,,,,,,,,,,,,,,,,,,,,,,,,,,,,,,,,,,,,,,,,,,,,,,,,,,,,,,,,,,,,,,,,,,,,,,,,,,,,,,,,,,,,,,,,,,,,,,,,,,,,,,,,,,,,,,,,,,,,
DE000NXTA034,,,,,,,,,,,,,,,,,,,,,,,,,,,,,,,,,,,,,,,,,,,,,,,,,,,,,,,,,,,,,,,,,,,,,,,,,,,,,,,,,,,,,,,,,,,,,,,,,,,,,,,,,,,,,,,,,,,,,,,,,,,,,,,,,,,,,,,,
DE000PB6GAS5,,,,,,,,,,,,,,,,,,,,,,,,,,,,,,,,,,,,,,,,,,,,,,,,,,,,,,,,,,,,,,,,,,,,,,,,,,,,,,,,,,,,,,,,,,,,,,,,,,,,,,,,,,,,,,,,,,,,,,,,,,,,,,,,,,,,,,,,
DE000PB6R1B1,,,,,,,,,,,,,,,,,,,,,,,,,,,,,,,,,,,,,,,,,,,,,,,,,,,,,,,,,,,,,,,,,,,,,,,,,,,,,,,,,,,,,,,,,,,,,,,,,,,,,,,,,,,,,,,,,,,,,,,,,,,,,,,,,,,,,,,,
DE000PB6R1G0,,,,,,,,,,,,,,,,,,,,,,,,,,,,,,,,,,,,,,,,,,,,,,,,,,,,,,,,,,,,,,,,,,,,,,,,,,,,,,,,,,,,,,,,,,,,,,,,,,,,,,,,,,,,,,,,,,,,,,,,,,,,,,,,,,,,,,,,
DE000PB6R1W7,,,,,,,,,,,,,,,,,,,,,,,,,,,,,,,,,,,,,,,,,,,,,,,,,,,,,,,,,,,,,,,,,,,,,,,,,,,,,,,,,,,,,,,,,,,,,,,,,,,,,,,,,,,,,,,,,,,,,,,,,,,,,,,,,,,,,,,,
DE000PB8C0P8,,,,,,,,,,,,,,,,,,,,,,,,,,,,,,,,,,,,,,,,,,,,,,,,,,,,,,,,,,,,,,,,,,,,,,,,,,,,,,,,,,,,,,,,,,,,,,,,,,,,,,,,,,,,,,,,,,,,,,,,,,,,,,,,,,,,,,,,
DE000PB8R1C7,,,,,,,,,,,,,,,,,,,,,,,,,,,,,,,,,,,,,,,,,,,,,,,,,,,,,,,,,,,,,,,,,,,,,,,,,,,,,,,,,,,,,,,,,,,,,,,,,,,,,,,,,,,,,,,,,,,,,,,,,,,,,,,,,,,,,,,,
DE000PB8R1M6,,,,,,,,,,,,,,,,,,,,,,,,,,,,,,,,,,,,,,,,,,,,,,,,,,,,,,,,,,,,,,,,,,,,,,,,,,,,,,,,,,,,,,,,,,,,,,,,,,,,,,,,,,,,,,,,,,,,,,,,,,,,,,,,,,,,,,,,
DE000PR5RBU0,,,,,,,,,,,,,,,,,,,,,,,,,,,,,,,,,,,,,,,,,,,,,,,,,,,,,,,,,,,,,,,,,,,,,,,,,,,,,,,,,,,,,,,,,,,,,,,,,,,,,,,,,,,,,,,,,,,,,,,,,,,,,,,,,,,,,,,,
DE000PR5RCU8,,,,,,,,,,,,,,,,,,,,,,,,,,,,,,,,,,,,,,,,,,,,,,,,,,,,,,,,,,,,,,,,,,,,,,,,,,,,,,,,,,,,,,,,,,,,,,,,,,,,,,,,,,,,,,,,,,,,,,,,,,,,,,,,,,,,,,,,
DE000PR5RGU9,,,,,,,,,,,,,,,,,,,,,,,,,,,,,,,,,,,,,,,,,,,,,,,,,,,,,,,,,,,,,,,,,,,,,,,,,,,,,,,,,,,,,,,,,,,,,,,,,,,,,,,,,,,,,,,,,,,,,,,,,,,,,,,,,,,,,,,,
DE000PR5RMU7,,,,,,,,,,,,,,,,,,,,,,,,,,,,,,,,,,,,,,,,,,,,,,,,,,,,,,,,,,,,,,,,,,,,,,,,,,,,,,,,,,,,,,,,,,,,,,,,,,,,,,,,,,,,,,,,,,,,,,,,,,,,,,,,,,,,,,,,
DE000PR5RWU6,,,,,,,,,,,,,,,,,,,,,,,,,,,,,,,,,,,,,,,,,,,,,,,,,,,,,,,,,,,,,,,,,,,,,,,,,,,,,,,,,,,,,,,,,,,,,,,,,,,,,,,,,,,,,,,,,,,,,,,,,,,,,,,,,,,,,,,,
DE000PS701L2,,,,,,,,,,,,,,,,,,,,,,,,,,,,,,,,,,,,,,,,,,,,,,,,,,,,,,,,,,,,,,,,,,,,,,,,,,,,,,,,,,,,,,,,,,,,,,,,,,,,,,,,,,,,,,,,,,,,,,,,,,,,,,,,,,,,,,,,
DE000PS7G0L8,,,,,,,,,,,,,,,,,,,,,,,,,,,,,,,,,,,,,,,,,,,,,,,,,,,,,,,,,,,,,,,,,,,,,,,,,,,,,,,,,,,,,,,,,,,,,,,,,,,,,,,,,,,,,,,,,,,,,,,,,,,,,,,,,,,,,,,,
DE000PS7WT17,,,,,,,,,,,,,,,,,,,,,,,,,,,,,,,,,,,,,,,,,,,,,,,,,,,,,,,,,,,,,,,,,,,,,,,,,,,,,,,,,,,,,,,,,,,,,,,,,,,,,,,,,,,,,,,,,,,,,,,,,,,,,,,,,,,,,,,,
DE000PZ9REB6,,,,,,,,,,,,,,,,,,,,,,,,,,,,,,,,,,,,,,,,,,,,,,,,,,,,,,,,,,,,,,,,,,,,,,,,,,,,,,,,,,,,,,,,,,,,,,,,,,,,,,,,,,,,,,,,,,,,,,,,,,,,,,,,,,,,,,,,
DE000PZ9REC4,,,,,,,,,,,,,,,,,,,,,,,,,,,,,,,,,,,,,,,,,,,,,,,,,,,,,,,,,,,,,,,,,,,,,,,,,,,,,,,,,,,,,,,,,,,,,,,,,,,,,,,,,,,,,,,,,,,,,,,,,,,,,,,,,,,,,,,,
DE000PZ9REG5,,,,,,,,,,,,,,,,,,,,,,,,,,,,,,,,,,,,,,,,,,,,,,,,,,,,,,,,,,,,,,,,,,,,,,,,,,,,,,,,,,,,,,,,,,,,,,,,,,,,,,,,,,,,,,,,,,,,,,,,,,,,,,,,,,,,,,,,
DE000PZ9REM3,,,,,,,,,,,,,,,,,,,,,,,,,,,,,,,,,,,,,,,,,,,,,,,,,,,,,,,,,,,,,,,,,,,,,,,,,,,,,,,,,,,,,,,,,,,,,,,,,,,,,,,,,,,,,,,,,,,,,,,,,,,,,,,,,,,,,,,,
DE000PZ9REW2,,,,,,,,,,,,,,,,,,,,,,,,,,,,,,,,,,,,,,,,,,,,,,,,,,,,,,,,,,,,,,,,,,,,,,,,,,,,,,,,,,,,,,,,,,,,,,,,,,,,,,,,,,,,,,,,,,,,,,,,,,,,,,,,,,,,,,,,
DE000TMG0LD6,,,,,,,,,,,,,,,,,,,,,,,,,,,,,,,,,,,,,,,,,,,,,,,,,,,,,,,,,,,,,,,,,,,,,,,,,,,,,,,,,,,,,,,,,,,,,,,,,,,,,,,,,,,,,,,,,,,,,,,,,,,,,,,,,,,,,,,,
FR0007052782,,,,,,,,,,,,,,,,,,,,,,,,,,,,,,,,,,,,,,,88.83,,,,,,,,,,,,,,,,,,,,,,,,,,,,,,,,,,1.66,,,,,,,,,,,7.35,,,,,,,,,,,,,,,,,,,,,,,,,,,,,,,,2.16,,,,,,,,,,,,,,,,,,,,
FR0007054358,,,,,,,,,,,2.7452,,,,,,,,,,,,,,,,,,,,,,,,,,,1.301,32.2582,,,29.7623,,,,,,,,,,,,,,,,8.7973,,,,,,,,,,,,,,,,,,,,,,,,,,13.7433,,,,,,,,,,,,,,,,,,,,,,,,,,,,11.3928,,,,,,,,,,,,,,,,,,,,,,,,
FR0007056841,,,,,,,,,,,,,,,,,,,,,,,,,,,,,,,,,,,,,,,,,,,,,,,,,,,,,,,,,,,,,,,,,,,,,,,,,,,,,,,,,,,,,,,,,,,,,,,,,,,,,,,,,,,,,,,,,,,,,,,,,,,,,,,,100.0,,,,,,,,
FR0007075494,,,,,,,,,,,,,,,,,,,,0.839,,,,,,,,,,0.4307,,,,,,,,,0.3901,,,0.6389,,,,,,,,,,,,,,,,,,,0.6358,,,,,,,,,,,,,,,,,,,,,,,1.9724,,,,,,,,,,,,,,,,,,,,,,,,,,,2.8009,,,,,2.5458,5.1188,,,,,,,,,,2.8977,81.73,,,,,,,,
FR0010010827,,,,,,,,,,,,,,,,,,,,,,,,,,,,,,,,,,,,,,,,,,,,,,,,,,,,,,,,,,90.01,,,,,,,,,,,,,,,1.07,,,,,,,,,,,1.55,,,,,,,,,,,,,,,,,,,,,,,,,,,,,,,,5.51,,,,,,,,,,,,,,,,,,,,
FR0010150458,,,,,,,,,,,,,,,,,,,,,,,,,,,,,,,,,,,,,,,89.5276,,,,,,,,,,,,,,,,,,,,,,,,,,,,,,,,,,1.1464,,,,,,,,,,,9.3193,,,,,,,,,,,,,,,,,,,,,,,,,,,,,,,,,,,,,,,,,,,,,,,,,,0.0067,,
FR0010245514,,,,,,,,,,,,,,,,,,,,,,,,,,,,,,,,,,,,,,,,,,,,,,,,,,,,,,,,,,,,,100.0,,,,,,,,,,,,,,,,,,,,,,,,,,,,,,,,,,,,,,,,,,,,,,,,,,,,,,,,,,,,,,,,,,,,,,,,,,,
FR0010251744,,,,,,,,,,,,,,,,,,,,,,,,,,,,,,,,,,,,,,,,,,,,,,,,,,,,,,,,,,,,,,,,,,,,,,,,,,,,,,,,,,,,4.54,,,,,,,,,,,,,,,,,,,,,,,,,,,,91.94,,,,,,,,,,,,,,,2.58,,,,,,,,,0.94
FR0010261198,,,,,,0.5538,,,,,1.6847,,,,,,,,,,,,,,,,,,,2.6016,,,,,,,,1.7625,15.2876,,,13.7952,,,,,,,,,,,,,0.63,,,5.2013,,,,,,,,,,,,,,,,,,,,,,,,,,8.9436,,,0.9713,,,,,,,,,0.3151,,,,,,,,,,,,,,,,6.2185,,,5.36,14.4235,,,,,,,,,,,22.2514,,,,,,,,,
FR0010315770,,,,,1.6181,0.0907,,,,,0.2714,,,,,,,,,3.474,,,,,,,,,,0.4086,,,,,,,,0.2803,2.4081,,,2.1869,,,,,,,0.4397,,,,,,0.0996,,0.2803,0.8221,,,5.6188,,,,,,,,,,,,,,,,,,,,,,,1.4185,0.0448,,0.1567,,,,,,,,,0.0509,,,,,,,,,,,0.4496,,,,,0.9808,,,0.8503,2.2875,,,,,,,,,,,3.5186,72.244,,,,,,,,
FR0010342592,,,,,,,,,,,,,,,,,,,,0.9647,0.4592,,,,,,,,,,,,,,,,,,,,,,,,,,,,,,,,,,1.8042,,,,,,,,,,,,,,,,,,,,,,,,,,,,,1.3822,,,,,,,,,,,,,,,,,,,,,,,,,,,,,,,,,,,,,,,,,,,0.676,94.7136,,,,,,,,
FR0010361683,,,,,,,,,,,,,,,,,,,,,,,,,,,,,,,,,,,,,,,,,,,,,,,,,,,,100.0,,,,,,,,,,,,,,,,,,,,,,,,,,,,,,,,,,,,,,,,,,,,,,,,,,,,,,,,,,,,,,,,,,,,,,,,,,,,,,,,,,,,
FR0010375766,,,,,,,,,,,,,,,,,,,,,,,,,,,,,,,,,,,,,,,,,,,,,,,,,,,,100.0,,,,,,,,,,,,,,,,,,,,,,,,,,,,,,,,,,,,,,,,,,,,,,,,,,,,,,,,,,,,,,,,,,,,,,,,,,,,,,,,,,,,
FR0010377028,,,,,,,,,,,,,,,,,,,,,,,,,,,,,,,,,,,,,,,,,,,,,,,,,,,,,,,,,,,,,100.0,,,,,,,,,,,,,,,,,,,,,,,,,,,,,,,,,,,,,,,,,,,,,,,,,,,,,,,,,,,,,,,,,,,,,,,,,,,
FR0010405431,,,,,,,,,,,3.43,,,,,,,,,,,,,,,,,,,,,,,,,,,,,,,,,79.78,,,,,,,,,,,,,,,,,,,,,,,,,,,,,2.83,,,,,,,,,,,,,,,,,,,,,,,,,,,,,,,,,,,,,,,,,,,13.96,,,,,,,,,,,,,,,,,,,,
FR0010424135,,,,,,,,,,,2.7452,,,,,,,,,,,,,,,,,,,,,,,,,,,1.301,32.2582,,,29.7622,,,,,,,,,,,,,,,,8.7973,,,,,,,,,,,,,,,,,,,,,,,,,,13.7433,,,,,,,,,,,,,,,,,,,,,,,,,,,,11.3928,,,,,,,,,,,,,,,,,,,,,,,,
FR0010424143,,,,,,,,,,,2.7452,,,,,,,,,,,,,,,,,,,,,,,,,,,1.301,32.2582,,,29.7622,,,,,,,,,,,,,,,,8.7973,,,,,,,,,,,,,,,,,,,,,,,,,,13.7433,,,,,,,,,,,,,,,,,,,,,,,,,,,,11.3928,,,,,,,,,,,,,,,,,,,,,,,,
FR0010429068,,,,,,,,,,,,,,,3.8947,,,,,,,0.4699,21.132,0.182,,,,0.1192,,,,,0.0735,,,,,,,,,,,0.5779,,,,,,0.3596,,11.5109,0.4935,,,,,,,,,,,,,0.5571,,,,,,,,,,0.9772,,,1.7005,,,,,,,,,,,,,,0.4068,0.2909,1.1936,,,0.4728,,,,,2.5302,,,,,,,3.3362,19.8551,,,,,,27.2654,,0.9874,,,0.4051,,,,1.2085,,,,,,,,,,
FR0010435297,,,,,,,,,,,,,,,3.8947,,,,,,,0.4699,21.132,0.182,,,,0.1192,,,,,0.0735,,,,,,,,,,,0.5779,,,,,,0.3596,,11.5109,0.4935,,,,,,,,,,,,,0.5571,,,,,,,,,,0.9772,,,1.7005,,,,,,,,,,,,,,0.4068,0.2909,1.1936,,,0.4728,,,,,2.5302,,,,,,,3.3362,19.8551,,,,,,27.2654,,0.9874,,,0.4051,,,,1.2085,,,,,,,,,,
FR0010446146,,,,,,,,,,,,,,,,,,,,,,,,,,,,,,,,,,,,,,,,,,,,,,,,,,,,,,,,,,100.0,,,,,,,,,,,,,,,,,,,,,,,,,,,,,,,,,,,,,,,,,,,,,,,,,,,,,,,,,,,,,,,,,,,,,,,,,,,,,,
FR0010446658,,,,,,,,,,,,,,,,,,,,,,,,,,,,,,,,,,,,,,,,,,,,,,,,,,,,,,,,,,100.0,,,,,,,,,,,,,,,,,,,,,,,,,,,,,,,,,,,,,,,,,,,,,,,,,,,,,,,,,,,,,,,,,,,,,,,,,,,,,,
FR0010446666,,,,,,,,,,,,,,,,,,,,,,,,,,,,,,,,,,,,,,,,,,,,,,,,,,,,,,,,,,100.0,,,,,,,,,,,,,,,,,,,,,,,,,,,,,,,,,,,,,,,,,,,,,,,,,,,,,,,,,,,,,,,,,,,,,,,,,,,,,,
FR0010468983,,,,,,,,,,,2.7452,,,,,,,,,,,,,,,,,,,,,,,,,,,1.301,32.2582,,,29.7622,,,,,,,,,,,,,,,,8.7973,,,,,,,,,,,,,,,,,,,,,,,,,,13.7433,,,,,,,,,,,,,,,,,,,,,,,,,,,,11.3928,,,,,,,,,,,,,,,,,,,,,,,,
FR0010510800,,,,,,,,,,,,,,,,,,,,,,,,,,,,,,,,,,,,,,,,,,,,,,,,,,,,,,,,,,,,,,,,,,,,,,,,,,,,,,,,,,,,,,,,,,,,,,,,,,,,,,,,,,,,,,,,,,,,,,,,,,,,,,,,,,,,,,,,
FR0010524777,,,,,1.8413,0.4657,,,,,1.3312,,,,,,,,,0.4078,,,5.9446,,,,,,,4.2188,,,,,,,,,9.757,,,7.9193,,,,,,,,,,,,,,,1.3611,0.1353,,,13.266,,,,,,,,,,,,,,,,,,,,,,,0.1382,0.4957,,,,,,,,,,,2.1209,,,,,,,,,,,,,,,4.3914,10.4902,,,,,0.3796,,,,,,,,,,0.8687,34.4671,,,,,,,,
FR0010527275,,,,,2.2359,,,,,,,,,,3.1959,,,,,,,,0.4069,,,,,,,,,,,,,,,,3.9121,,,3.9483,,,,,,,,,,,,,,,,0.4421,,,3.3422,,,,,,,,,,,,,,,,,,,,,,,,,,,,,,,,,,,,,,,,,,,,,,,,,,,,,,3.9317,1.6674,,,,,,,,,,,11.5381,65.3794,,,,,,,,
FR0010591362,,,,,,,,,,,,,,,,,,,,,,,,,,,,,,,,,,,,,,,98.5999,,,,,,,,,,,,,,,,,,,,,,,,,,,,,,,,,,,,,,,,,,,,,1.4001,,,,,,,,,,,,,,,,,,,,,,,,,,,,,,,,,,,,,,,,,,,,,,,,,,,,
FR0010655704,,,,,,,,,,,,,,,,,,,,,,,,,,,,,,,,,,,,,,,86.68,,,,,,,,,,,,,,,,,,,,,,,,,,,,,,,,,,,,,,,,,,,,,9.92,,,,,,,,,,,,,,,,,,,,,,,,,,,,,,,,3.17,,,,,,,,,,,,,,,,,,,,0.23
FR0010655712,,,,,,,,,,,,,,,,,,,,,,,,,,,,,,,,,,,,,,,,,,100.0,,,,,,,,,,,,,,,,,,,,,,,,,,,,,,,,,,,,,,,,,,,,,,,,,,,,,,,,,,,,,,,,,,,,,,,,,,,,,,,,,,,,,,,,,,,,,,
FR0010655746,,,,,,,,,,,,,,,,,,,,,,,,,,,,,,,,,,,,,,,,,,,,,,,,,,,,,,,,,,,,,,,,,,,,,,,,,,,,,,,,,,,,4.54,,,,,,,,,,,,,,,,,,,,,,,,,,,,91.94,,,,,,,,,,,,,,,2.58,,,,,,,,,0.94
FR0010717090,,,,,,1.28,,,,,1.23,,,,,,,,,,,,,,,,,,,,,,,,,,,2.92,25.37,,,23.14,,,,,,,,,,,,,2.49,,,13.87,,,,,,,,,,,,,,,,,,,,,,,,,,11.28,,,,,,,,,,,,,,,,,,,,,,,,,,,,10.84,,,,,,,,,,,,,,,3.52,,,,,,,,,4.06
FR0010754200,,,,,,,,,,,8.7124,,,,,,,,,,,,,,,,,,,,,,,,,,,,34.4979,,,15.9476,,,,,,,,,,,,,,,,20.9682,,,,,,,,,,,,,,,,,,,,,,,,,,5.8445,,,,,,,,,,,,1.57,,,,,,,,,,,,,,,,12.4594,,,,,,,,,,,,,,,,,,,,,,,,
FR0010755611,,,,,,,,,,,,,,,,,,,,,,,,,,,,,,,,,,,,,,,,,,,,,,,,,,,,,,,,,,,,,,,,,,,,,,,,,,,,,,,,,,,,,,,,,,,,,,,,,,,,,,,,,,,,,,,,,,,,,,,,,,,,,,,,100.0,,,,,,,,
FR0010756114,,,,,1.7705,,,,,,,,,,,,,,,3.8012,,,,,,,,,,0.4471,,,,,,,,,,,,,,,,,,,0.4811,,,,,,,,0.3067,,,,6.1481,,,,,,,,,,,,,,,,,,,,,,,,0.049,,0.1714,,,,,,,,,,,,,,,,,,,,0.4919,,,,,,,,0.9304,2.503,,,,,,,,,,,3.8501,79.0495,,,,,,,,
FR0010790980,,,,,,,,,,,1.12,,,,,,,,,,,,,,,,,,,2.02,,,,,,,,,18.18,,,12.31,,,,,,,,,,,,,,,,4.3,,,,,,,,,,,,,,,,,,,,,,,,,,13.6,,,,,,,,,,,,,,,,,,,,,,,,,,,,6.54,,,,18.46,,,,,,,,,,,23.06,,,,,,,,,0.41
FR0010821819,,,,,,,,,,,,,,,,,,,,,,,,,,,,,,10.8816,,,,,,,,,,,,,,,,,,,,,,,,,,,,,,,,,,,,,,,,,,,,,,,,,,,,,,,,,2.6247,,,,,,,,,,,,,,,,,,,,,,,,,,,,13.7937,33.5871,,,,,,,,,,,39.1128,,,,,,,,,
FR0010869495,,,,,,,,,,,,,,,,,,,,,,,,,,,,,,,,,,,,,,,,,,100.0,,,,,,,,,,,,,,,,,,,,,,,,,,,,,,,,,,,,,,,,,,,,,,,,,,,,,,,,,,,,,,,,,,,,,,,,,,,,,,,,,,,,,,,,,,,,,,
FR0010869578,,,,,,,,,,,,,,,,,,,,,,,,,,,,,,,,,,,,,,,,,,100.0,,,,,,,,,,,,,,,,,,,,,,,,,,,,,,,,,,,,,,,,,,,,,,,,,,,,,,,,,,,,,,,,,,,,,,,,,,,,,,,,,,,,,,,,,,,,,,
FR0010930644,,,,,2.64,,,,,,,,,,,,,,,1.34,,,11.32,,,,,,,2.73,,,,,,,,,14.35,,,3.17,,,,,,,,,,,,,,,,3.12,,,7.91,,,,,,,,,,,,,,,,,,,,,,,,,,2.58,,,,,,,,,2.97,,,,,,,,,,,,,,,2.92,10.28,,,5.32,,,,,,,,,,,,11.23,18.13,,,,,,,,
FR0011023621,,,,,,,,,,,,,,,,,,,,,,,,,,,,,,,,,,,,,,,,,,,,,,,,,,,,,,,,,,100.0,,,,,,,,,,,,,,,,,,,,,,,,,,,,,,,,,,,,,,,,,,,,,,,,,,,,,,,,,,,,,,,,,,,,,,,,,,,,,,
FR0011036268,,,,,,,,,,,,,,,,,,,,,,,,,,,,,,,,,,,,,,,,,,,,,,,,,,,,,,,,,,,,,,,,,,,,,,,,,,,,,,,,,,,,,,,,,,,,,,,,,,,,,,,,,,,,,,,,,,,,,,,,,,,,,,,,,,,,,,,,
FR0011042753,,,,,,,,,,,,,,,,,,,,,,,,,,,,,,,,,,,,,,,,,,,,,,,,,,,,,,,,,,,,,,,,,,,,,,,,,,,,,,,,,,,,,,,,,,,,,,,,,,,,,,,,,,,,,,,,,,,,,,,,,,,,,,,,,,,,,,,,
FR0011475078,,,,,,,,,,,,,,,,,,,,,,,,,,,,,,,,,,,,,,,,,,,,,,,,,,,,,,,,,,,,,100.0,,,,,,,,,,,,,,,,,,,,,,,,,,,,,,,,,,,,,,,,,,,,,,,,,,,,,,,,,,,,,,,,,,,,,,,,,,,
FR0011550177,,,,,,,,,,,,,,,,,,,,,,,,,,,,,,,,,,,,,,,,,,,,,,,,,,,,,,,1.13,,,,,,,,,,,,,,,,,,,,,,,,,,,,,,,,,,,,,,,,,,,,,,,,,,,,,,,,,,,,,,,,,,,,,,,,,97.7,,,,,,,,1.17
FR0011550185,,,,,,,,,,,,,,,,,,,,,,,,,,,,,,,,,,,,,,,,,,,,,,,,,,,,,,,1.13,,,,,,,,,,,,,,,,,,,,,,,,,,,,,,,,,,,,,,,,,,,,,,,,,,,,,,,,,,,,,,,,,,,,,,,,,97.7,,,,,,,,1.17
FR0011550193,,,,,,,,,,,1.56,,,,,,,,,,,,,,,,,,,2.7,,,,,,,,2.02,14.13,,,12.85,,,,,,,,,,,,,,,,5.19,,,,,,,,,,,,,,,,,,,,,,,,,,9.81,,,1.11,,,,,,,,,,,,,,,,,,,,,,,,,5.7,,,4.67,15.11,,,,,,,,,,,21.37,,,,,,,,,3.78
FR0011550672,,,,,,,,,,,1.56,,,,,,,,,,,,,,,,,,,2.7,,,,,,,,2.02,14.13,,,12.85,,,,,,,,,,,,,,,,5.19,,,,,,,,,,,,,,,,,,,,,,,,,,9.81,,,1.11,,,,,,,,,,,,,,,,,,,,,,,,,5.7,,,4.67,15.11,,,,,,,,,,,21.37,,,,,,,,,3.78
FR0011550680,,,,,,,,,,,,,,,,,,,,,,,,,,,,,,,,,,,,,,,,,,,,,,,,,,,,,,,1.13,,,,,,,,,,,,,,,,,,,,,,,,,,,,,,,,,,,,,,,,,,,,,,,,,,,,,,,,,,,,,,,,,,,,,,,,,97.7,,,,,,,,1.17
FR0011660927,,,,,1.6181,0.0907,,,,,0.2714,,,,,,,,,3.474,,,,,,,,,,0.4086,,,,,,,,0.2803,2.4081,,,2.1869,,,,,,,0.4397,,,,,,0.0996,,0.2803,0.8221,,,5.6188,,,,,,,,,,,,,,,,,,,,,,,1.4185,0.0448,,0.1567,,,,,,,,,0.0509,,,,,,,,,,,0.4496,,,,,0.9808,,,0.8503,2.2875,,,,,,,,,,,3.5186,72.244,,,,,,,,
FR0011669845,,,,,1.6181,0.0907,,,,,0.2714,,,,,,,,,3.474,,,,,,,,,,0.4086,,,,,,,,0.2803,2.4081,,,2.1869,,,,,,,0.4397,,,,,,0.0996,,0.2803,0.8221,,,5.6188,,,,,,,,,,,,,,,,,,,,,,,1.4185,0.0448,,0.1567,,,,,,,,,0.0509,,,,,,,,,,,0.4496,,,,,0.9808,,,0.8503,2.2875,,,,,,,,,,,3.5186,72.244,,,,,,,,
FR0011720911,,,,,,,,,,,,,,,,,,,,,,,100.0,,,,,,,,,,,,,,,,,,,,,,,,,,,,,,,,,,,,,,,,,,,,,,,,,,,,,,,,,,,,,,,,,,,,,,,,,,,,,,,,,,,,,,,,,,,,,,,,,,,,,,,,,,,,,,,,,
FR0011758085,,,,,,,,,,,,,,,,,,,,,,,,,,,,,,,,,,,,,,,,,,,,,,,,,,,,,,,,,,100.0,,,,,,,,,,,,,,,,,,,,,,,,,,,,,,,,,,,,,,,,,,,,,,,,,,,,,,,,,,,,,,,,,,,,,,,,,,,,,,
FR0011857234,,,,,,,,,,,,,,,,,,,,,,,,,,,,,,,,,,,,,,,,,,98.11,,,,,,,,,,,,,,,,,,,,,,,,,,,,,,,1.89,,,,,,,,,,,,,,,,,,,,,,,,,,,,,,,,,,,,,,,,,,,,,,,,,,,,,,,,,,,,,,,
FR0012399731,,,,,,,,,,,2.7452,,,,,,,,,,,,,,,,,,,,,,,,,,,1.301,32.2582,,,29.7623,,,,,,,,,,,,,,,,8.7973,,,,,,,,,,,,,,,,,,,,,,,,,,13.7433,,,,,,,,,,,,,,,,,,,,,,,,,,,,11.3928,,,,,,,,,,,,,,,,,,,,,,,,
FR0012399772,,,,,,,,,,,2.7452,,,,,,,,,,,,,,,,,,,,,,,,,,,1.301,32.2582,,,29.7623,,,,,,,,,,,,,,,,8.7973,,,,,,,,,,,,,,,,,,,,,,,,,,13.7433,,,,,,,,,,,,,,,,,,,,,,,,,,,,11.3928,,,,,,,,,,,,,,,,,,,,,,,,
FR0012399806,,,,,,,,,,,2.7452,,,,,,,,,,,,,,,,,,,,,,,,,,,1.301,32.2582,,,29.7623,,,,,,,,,,,,,,,,8.7973,,,,,,,,,,,,,,,,,,,,,,,,,,13.7433,,,,,,,,,,,,,,,,,,,,,,,,,,,,11.3928,,,,,,,,,,,,,,,,,,,,,,,,
FR0012739431,,,,,,,,,,,1.7447,,,,,,,,,,,,,,,,,,,,,,,,,,,1.3444,29.8497,,,29.3114,,,,,,,,,,,,,,,,8.7799,,,,,,,,,,,,,,,,,,,,,,,,,,17.1949,,,,,,,,,,,,,,,,,,,,,,,,,,,,11.5099,,,,,,,,,,,,,,,,,,,,,,0.265,,
FR0012740983,,,,,,,,,,,1.7447,,,,,,,,,,,,,,,,,,,,,,,,,,,1.3444,29.8497,,,29.3114,,,,,,,,,,,,,,,,8.7799,,,,,,,,,,,,,,,,,,,,,,,,,,17.1949,,,,,,,,,,,,,,,,,,,,,,,,,,,,11.5099,,,,,,,,,,,,,,,,,,,,,,0.265,,
FR0013041530,,,,,,,,,,,,,,,,,,,,,,,,,,,,,,,,,,,,,,,,,,,,,,,,,,,,,,,1.13,,,,,,,,,,,,,,,,,,,,,,,,,,,,,,,,,,,,,,,,,,,,,,,,,,,,,,,,,,,,,,,,,,,,,,,,,97.7,,,,,,,,1.17
FR0013209921,,,,,5.2353,0.3779,,,,,1.0567,,,,,,,,,11.9843,,,,,,,,,,1.7053,,,,,,,,1.1415,9.426,,,7.0791,,,,,,,1.4999,,,,,,0.4043,,1.0725,3.3545,,,20.6565,,,,,,,,,,,,,,,,,,,,,,,5.7482,0.1821,,0.6078,,,,,,,,,0.161,,,,,,,,,,,1.8717,,,,,3.4879,,,3.4273,7.5108,,,,,,,,,,,11.9861,0.0236,,,,,,,,
FR0013380607,,,,,,,,,,,,,,,,,,,,,,,,,,,,,,,,,,,,,,,88.83,,,,,,,,,,,,,,,,,,,,,,,,,,,,,,,,,,1.66,,,,,,,,,,,7.35,,,,,,,,,,,,,,,,,,,,,,,,,,,,,,,,2.16,,,,,,,,,,,,,,,,,,,,
FR0013416716,,,,,,,,,,,,,,,,,,,,,,,,,,,,,,,,,,,,,,,,,,,,,,,,,,,,,,,,,,,,,,,,,,,,,,,,,,,,,,,,,,,,,,,,,,,,,,,,,,,,,,,,,,,,,,,,,,,,,,,,,,,,,,,,,,,,,,,,
FR0014002CH1,,,,,2.2359,,,,,,,,,,3.1959,,,,,,,,0.4069,,,,,,,,,,,,,,,,3.9121,,,3.9483,,,,,,,,,,,,,,,,0.4421,,,3.3422,,,,,,,,,,,,,,,,,,,,,,,,,,,,,,,,,,,,,,,,,,,,,,,,,,,,,,3.9317,1.6674,,,,,,,,,,,11.5381,65.3794,,,,,,,,
FR0014002IH8,,,,,,,,,,,,,,,,,,,,,,,,,,,,,,,,,,,,,,,,,,,,,,,,,,,,,,,,,,,,,,,,,,,,,,,,,,,,,,,,,,,,,,,,,,,,,,,,,,,,,,,,,,,,,,,,,,,,,,,,,,,,,,,,,,,,,,,,
FR0014003FW1,,,,,1.2,,,,,,,,,,,,,,,2.98,,,,,,,,,,,,,,,,,,,3.59,,,1.12,,,,,,,,,,,,,1.02,,,,,,4.38,,,,,,,,,,,,,,,,,,,,,,,,,,,,,,,,,,,,,,,,,,,,,,,,,,,,,,,1.46,,,,,,,,,,,1.68,76.5,,,,,,,,6.07
FR0014003IY1,,,,,1.6181,0.0907,,,,,0.2714,,,,,,,,,3.474,,,,,,,,,,0.4086,,,,,,,,0.2803,2.4081,,,2.1869,,,,,,,0.4397,,,,,,0.0996,,0.2803,0.8221,,,5.6188,,,,,,,,,,,,,,,,,,,,,,,1.4185,0.0448,,0.1567,,,,,,,,,0.0509,,,,,,,,,,,0.4496,,,,,0.9808,,,0.8503,2.2875,,,,,,,,,,,3.5186,72.244,,,,,,,,
FR0014003N93,,,,,1.57,,,,,,,,,,,,,,,3.28,,,,,,,,,,,,,,,,,,,2.12,,,2.08,,,,,,,,,,,,,1.56,,,,,,5.62,,,,,,,,,,,,,,,,,,,,,,,1.82,,,,,,,,,,,,,,,,,,,,,,,,,,,,,,,,2.67,,,,,,,,,,,3.56,69.7,,,,,,,,6.02
FR001400U5Q4,,,,,1.57,,,,,,,,,,,,,,,3.28,,,,,,,,,,,,,,,,,,,2.12,,,2.08,,,,,,,,,,,,,1.56,,,,,,5.62,,,,,,,,,,,,,,,,,,,,,,,1.82,,,,,,,,,,,,,,,,,,,,,,,,,,,,,,,,2.67,,,,,,,,,,,3.56,69.7,,,,,,,,6.02
FR001400YYJ0,,,,,1.61,,,,,,,,,,,,,,,3.38,,,,,,,,,,,,,,,,,,,2.15,,,2.13,,,,,,,,,,,,,,,,,,,5.84,,,,,,,,,,,,,,,,,,,,,,,1.78,,,,,,,,,,,,,,,,,,,,,,,,,,,,,,,,2.68,,,,,,,,,,,3.62,70.55,,,,,,,,6.26
FR0014010HV4,,,,,1.6181,0.0907,,,,,0.2714,,,,,,,,,3.474,,,,,,,,,,0.4086,,,,,,,,0.2803,2.4081,,,2.1869,,,,,,,0.4397,,,,,,0.0996,,0.2803,0.8221,,,5.6188,,,,,,,,,,,,,,,,,,,,,,,1.4185,0.0448,,0.1567,,,,,,,,,0.0509,,,,,,,,,,,0.4496,,,,,0.9808,,,0.8503,2.2875,,,,,,,,,,,3.5186,72.244,,,,,,,,
FR0014015ZN2,,,,,,,,,,,,,,,,,,,,,,,,,,,,,,,,,,,,,,,,,,100.0,,,,,,,,,,,,,,,,,,,,,,,,,,,,,,,,,,,,,,,,,,,,,,,,,,,,,,,,,,,,,,,,,,,,,,,,,,,,,,,,,,,,,,,,,,,,,,
FR0014017NX3,,,,,1.37,,,,,,,,,,,,,,,2.9,,,2.09,,,,,,,,,,,,,,,,1.89,,,1.85,,,,,,,,,,1.33,,,,,,,,,4.99,,,,,,,,,,,,,,,,,,,,,,,1.61,,,,,,,,,,,,,,,,,,,,,,,,,,,2.89,,,,,2.38,3.31,,,,,,,,,,3.13,61.83,,,,,,,,8.43
FR0014018VJ3,,,,,0.0498,1.5056,,,,,2.134,,,,,,,,,0.0617,,0.3668,,,,,,,,0.0396,,,,,,,,3.7566,29.2556,,,21.8736,,,,,,,,,,,,,2.2765,,,12.839,,,,,,,,,,,,,,,0.0,,,,,,,,,,,9.1845,,,,,,,,,,,,0.8891,,,,,,,,,,,,,,,,9.5052,,,0.2732,0.0711,,,,,,,,,,,0.1904,5.7279,,,,,,,,
GB00B00FHZ82,,,,,,,,,,,,,,,,,,,,,,,,,,,,,,,,,,,,,,,,,,,,,,,,,,,,,,,,,,,,,,,,,,,,,,,,,,,,,,,,,,,,,,,,,,,,,,,,,,,,,,,,,,,,,,,,,,,,,,,,,,,,,,,,,,,,,,,,
GB00B15KXN58,,,,,,,,,,,,,,,,,,,,,,,,,,,,,,,,,,,,,,,,,,,,,,,,,,,,,,,,,,,,,,,,,,,,,,,,,,,,,,,,,,,,,,,,,,,,,,,,,,,,,,,,,,,,,,,,,,,,,,,,,,,,,,,,,,,,,,,,
GB00B15KXQ89,,,,,,,,,,,,,,,,,,,,,,,,,,,,,,,,,,,,,,,,,,,,,,,,,,,,,,,,,,,,,,,,,,,,,,,,,,,,,,,,,,,,,,,,,,,,,,,,,,,,,,,,,,,,,,,,,,,,,,,,,,,,,,,,,,,,,,,,
GB00B15KXT11,,,,,,,,,,,,,,,,,,,,,,,,,,,,,,,,,,,,,,,,,,,,,,,,,,,,,,,,,,,,,,,,,,,,,,,,,,,,,,,,,,,,,,,,,,,,,,,,,,,,,,,,,,,,,,,,,,,,,,,,,,,,,,,,,,,,,,,,
GB00B15KXV33,,,,,,,,,,,,,,,,,,,,,,,,,,,,,,,,,,,,,,,,,,,,,,,,,,,,,,,,,,,,,,,,,,,,,,,,,,,,,,,,,,,,,,,,,,,,,,,,,,,,,,,,,,,,,,,,,,,,,,,,,,,,,,,,,,,,,,,,
GB00B15KXW40,,,,,,,,,,,,,,,,,,,,,,,,,,,,,,,,,,,,,,,,,,,,,,,,,,,,,,,,,,,,,,,,,,,,,,,,,,,,,,,,,,,,,,,,,,,,,,,,,,,,,,,,,,,,,,,,,,,,,,,,,,,,,,,,,,,,,,,,
GB00B15KXX56,,,,,,,,,,,,,,,,,,,,,,,,,,,,,,,,,,,,,,,,,,,,,,,,,,,,,,,,,,,,,,,,,,,,,,,,,,,,,,,,,,,,,,,,,,,,,,,,,,,,,,,,,,,,,,,,,,,,,,,,,,,,,,,,,,,,,,,,
GB00B15KXY63,,,,,,,,,,,,,,,,,,,,,,,,,,,,,,,,,,,,,,,,,,,,,,,,,,,,,,,,,,,,,,,,,,,,,,,,,,,,,,,,,,,,,,,,,,,,,,,,,,,,,,,,,,,,,,,,,,,,,,,,,,,,,,,,,,,,,,,,
GB00B15KY096,,,,,,,,,,,,,,,,,,,,,,,,,,,,,,,,,,,,,,,,,,,,,,,,,,,,,,,,,,,,,,,,,,,,,,,,,,,,,,,,,,,,,,,,,,,,,,,,,,,,,,,,,,,,,,,,,,,,,,,,,,,,,,,,,,,,,,,,
GB00B15KY211,,,,,,,,,,,,,,,,,,,,,,,,,,,,,,,,,,,,,,,,,,,,,,,,,,,,,,,,,,,,,,,,,,,,,,,,,,,,,,,,,,,,,,,,,,,,,,,,,,,,,,,,,,,,,,,,,,,,,,,,,,,,,,,,,,,,,,,,
GB00B15KY328,,,,,,,,,,,,,,,,,,,,,,,,,,,,,,,,,,,,,,,,,,,,,,,,,,,,,,,,,,,,,,,,,,,,,,,,,,,,,,,,,,,,,,,,,,,,,,,,,,,,,,,,,,,,,,,,,,,,,,,,,,,,,,,,,,,,,,,,
GB00B15KY435,,,,,,,,,,,,,,,,,,,,,,,,,,,,,,,,,,,,,,,,,,,,,,,,,,,,,,,,,,,,,,,,,,,,,,,,,,,,,,,,,,,,,,,,,,,,,,,,,,,,,,,,,,,,,,,,,,,,,,,,,,,,,,,,,,,,,,,,
GB00B15KY542,,,,,,,,,,,,,,,,,,,,,,,,,,,,,,,,,,,,,,,,,,,,,,,,,,,,,,,,,,,,,,,,,,,,,,,,,,,,,,,,,,,,,,,,,,,,,,,,,,,,,,,,,,,,,,,,,,,,,,,,,,,,,,,,,,,,,,,,
GB00B15KY658,,,,,,,,,,,,,,,,,,,,,,,,,,,,,,,,,,,,,,,,,,,,,,,,,,,,,,,,,,,,,,,,,,,,,,,,,,,,,,,,,,,,,,,,,,,,,,,,,,,,,,,,,,,,,,,,,,,,,,,,,,,,,,,,,,,,,,,,
GB00B15KY872,,,,,,,,,,,,,,,,,,,,,,,,,,,,,,,,,,,,,,,,,,,,,,,,,,,,,,,,,,,,,,,,,,,,,,,,,,,,,,,,,,,,,,,,,,,,,,,,,,,,,,,,,,,,,,,,,,,,,,,,,,,,,,,,,,,,,,,,
GB00B15KY989,,,,,,,,,,,,,,,,,,,,,,,,,,,,,,,,,,,,,,,,,,,,,,,,,,,,,,,,,,,,,,,,,,,,,,,,,,,,,,,,,,,,,,,,,,,,,,,,,,,,,,,,,,,,,,,,,,,,,,,,,,,,,,,,,,,,,,,,
GB00B15KYB02,,,,,,,,,,,,,,,,,,,,,,,,,,,,,,,,,,,,,,,,,,,,,,,,,,,,,,,,,,,,,,,,,,,,,,,,,,,,,,,,,,,,,,,,,,,,,,,,,,,,,,,,,,,,,,,,,,,,,,,,,,,,,,,,,,,,,,,,
GB00B15KYC19,,,,,,,,,,,,,,,,,,,,,,,,,,,,,,,,,,,,,,,,,,,,,,,,,,,,,,,,,,,,,,,,,,,,,,,,,,,,,,,,,,,,,,,,,,,,,,,,,,,,,,,,,,,,,,,,,,,,,,,,,,,,,,,,,,,,,,,,
GB00B15KYF40,,,,,,,,,,,,,,,,,,,,,,,,,,,,,,,,,,,,,,,,,,,,,,,,,,,,,,,,,,,,,,,,,,,,,,,,,,,,,,,,,,,,,,,,,,,,,,,,,,,,,,,,,,,,,,,,,,,,,,,,,,,,,,,,,,,,,,,,
GB00B15KYG56,,,,,,,,,,,,,,,,,,,,,,,,,,,,,,,,,,,,,,,,,,,,,,,,,,,,,,,,,,,,,,,,,,,,,,,,,,,,,,,,,,,,,,,,,,,,,,,,,,,,,,,,,,,,,,,,,,,,,,,,,,,,,,,,,,,,,,,,
GB00B15KYH63,,,,,,,,,,,,,,,,,,,,,,,,,,,,,,,,,,,,,,,,,,,,,,,,,,,,,,,,,,,,,,,,,,,,,,,,,,,,,,,,,,,,,,,,,,,,,,,,,,,,,,,,,,,,,,,,,,,,,,,,,,,,,,,,,,,,,,,,
GB00B15KYJ87,,,,,,,,,,,,,,,,,,,,,,,,,,,,,,,,,,,,,,,,,,,,,,,,,,,,,,,,,,,,,,,,,,,,,,,,,,,,,,,,,,,,,,,,,,,,,,,,,,,,,,,,,,,,,,,,,,,,,,,,,,,,,,,,,,,,,,,,
GB00B15KYL00,,,,,,,,,,,,,,,,,,,,,,,,,,,,,,,,,,,,,,,,,,,,,,,,,,,,,,,,,,,,,,,,,,,,,,,,,,,,,,,,,,,,,,,,,,,,,,,,,,,,,,,,,,,,,,,,,,,,,,,,,,,,,,,,,,,,,,,,
GB00B5840F36,,,,,,,,,,,,,,,,,,,,,,,,,,,,,,,,,,,,,,,,,,,,,,,,,,,,,,,,,,,,,,,,,,,,,,,,,,,,,,,,,,,,,,,,,,,,,,,,,,,,,,,,,,,,,,,,,,,,,,,,,,,,,,,,,,,,,,,,
GB00B684MW17,,,,,,,,,,,,,,,,,,,,,,,,,,,,,,,,,,,,,,,,,,,,,,,,,,,,,,,,,,,,,,,,,,,,,,,,,,,,,,,,,,,,,,,,,,,,,,,,,,,,,,,,,,,,,,,,,,,,,,,,,,,,,,,,,,,,,,,,
GB00B68FL050,,,,,,,,,,,,,,,,,,,,,,,,,,,,,,,,,,,,,,,,,,,,,,,,,,,,,,,,,,,,,,,,,,,,,,,,,,,,,,,,,,,,,,,,,,,,,,,,,,,,,,,,,,,,,,,,,,,,,,,,,,,,,,,,,,,,,,,,
GB00BJYDH287,,,,,,,,,,,,,,,,,,,,,,,,,,,,,,,,,,,,,,,,,,,,,,,,,,,,,,,,,,,,,,,,,,,,,,,,,,,,,,,,,,,,,,,,,,,,,,,,,,,,,,,,,,,,,,,,,,,,,,,,,,,,,,,,,,,,,,,,
GB00BJYDH394,,,,,,,,,,,,,,,,,,,,,,,,,,,,,,,,,,,,,,,,,,,,,,,,,,,,,,,,,,,,,,,,,,,,,,,,,,,,,,,,,,,,,,,,,,,,,,,,,,,,,,,,,,,,,,,,,,,,,,,,,,,,,,,,,,,,,,,,
GB00BLBDZV05,,,,,,,,,,,,,,,,,,,,,,,,,,,,,,,,,,,,,,,,,,,,,,,,,,,,,,,,,,,,,,,,,,,,,,,,,,,,,,,,,,,,,,,,,,,,,,,,,,,,,,,,,,,,,,,,,,,,,,,,,,,,,,,,,,,,,,,,
GB00BLBDZW12,,,,,,,,,,,,,,,,,,,,,,,,,,,,,,,,,,,,,,,,,,,,,,,,,,,,,,,,,,,,,,,,,,,,,,,,,,,,,,,,,,,,,,,,,,,,,,,,,,,,,,,,,,,,,,,,,,,,,,,,,,,,,,,,,,,,,,,,
GB00BLD4ZL17,,,,,,,,,,,,,,,,,,,,,,,,,,,,,,,,,,,,,,,,,,,,,,,,,,,,,,,,,,,,,,,,,,,,,,,,,,,,,,,,,,,,,,,,,,,,,,,,,,,,,,,,,,,,,,,,,,,,,,,,,,,,,,,,,,,,,,,,
GB00BLD4ZM24,,,,,,,,,,,,,,,,,,,,,,,,,,,,,,,,,,,,,,,,,,,,,,,,,,,,,,,,,,,,,,,,,,,,,,,,,,,,,,,,,,,,,,,,,,,,,,,,,,,,,,,,,,,,,,,,,,,,,,,,,,,,,,,,,,,,,,,,
GB00BLD4ZN31,,,,,,,,,,,,,,,,,,,,,,,,,,,,,,,,,,,,,,,,,,,,,,,,,,,,,,,,,,,,,,,,,,,,,,,,,,,,,,,,,,,,,,,,,,,,,,,,,,,,,,,,,,,,,,,,,,,,,,,,,,,,,,,,,,,,,,,,
GB00BLD4ZP54,,,,,,,,,,,,,,,,,,,,,,,,,,,,,,,,,,,,,,,,,,,,,,,,,,,,,,,,,,,,,,,,,,,,,,,,,,,,,,,,,,,,,,,,,,,,,,,,,,,,,,,,,,,,,,,,,,,,,,,,,,,,,,,,,,,,,,,,
GB00BM9JYH62,,,,,,,,,,,,,,,,,,,,,,,,,,,,,,,,,,,,,,,,,,,,,,,,,,,,,,,,,,,,,,,,,,,,,,,,,,,,,,,,,,,,,,,,,,,,,,,,,,,,,,,,,,,,,,,,,,,,,,,,,,,,,,,,,,,,,,,,
GB00BM9JYJ86,,,,,,,,,,,,,,,,,,,,,,,,,,,,,,,,,,,,,,,,,,,,,,,,,,,,,,,,,,,,,,,,,,,,,,,,,,,,,,,,,,,,,,,,,,,,,,,,,,,,,,,,,,,,,,,,,,,,,,,,,,,,,,,,,,,,,,,,
GB00BM9JYK91,,,,,,,,,,,,,,,,,,,,,,,,,,,,,,,,,,,,,,,,,,,,,,,,,,,,,,,,,,,,,,,,,,,,,,,,,,,,,,,,,,,,,,,,,,,,,,,,,,,,,,,,,,,,,,,,,,,,,,,,,,,,,,,,,,,,,,,,
GB00BMTP1519,,,,,,,,,,,,,,,,,,,,,,,,,,,,,,,,,,,,,,,,,,,,,,,,,,,,,,,,,,,,,,,,,,,,,,,,,,,,,,,,,,,,,,,,,,,,,,,,,,,,,,,,,,,,,,,,,,,,,,,,,,,,,,,,,,,,,,,,
GB00BMTP1626,,,,,,,,,,,,,,,,,,,,,,,,,,,,,,,,,,,,,,,,,,,,,,,,,,,,,,,,,,,,,,,,,,,,,,,,,,,,,,,,,,,,,,,,,,,,,,,,,,,,,,,,,,,,,,,,,,,,,,,,,,,,,,,,,,,,,,,,
GB00BMTP1733,,,,,,,,,,,,,,,,,,,,,,,,,,,,,,,,,,,,,,,,,,,,,,,,,,,,,,,,,,,,,,,,,,,,,,,,,,,,,,,,,,,,,,,,,,,,,,,,,,,,,,,,,,,,,,,,,,,,,,,,,,,,,,,,,,,,,,,,
GB00BMWB4803,,,,,,,,,,,,,,,,,,,,,,,,,,,,,,,,,,,,,,,,,,,,,,,,,,,,,,,,,,,,,,,,,,,,,,,,,,,,,,,,,,,,,,,,,,,,,,,,,,,,,,,,,,,,,,,,,,,,,,,,,,,,,,,,,,,,,,,,
GB00BMWB4910,,,,,,,,,,,,,,,,,,,,,,,,,,,,,,,,,,,,,,,,,,,,,,,,,,,,,,,,,,,,,,,,,,,,,,,,,,,,,,,,,,,,,,,,,,,,,,,,,,,,,,,,,,,,,,,,,,,,,,,,,,,,,,,,,,,,,,,,
GB00BMY36D37,,,,,,,,,,,,,,,,,,,,,,,,,,,,,,,,,,,,,,,,,,,,,,,,,,,,,,,,,,,,,,,,,,,,,,,,,,,,,,,,,,,,,,,,,,,,,,,,,,,,,,,,,,,,,,,,,,,,,,,,,,,,,,,,,,,,,,,,
GB00BN474G19,,,,,,,,,,,,,,,,,,,,,,,,,,,,,,,,,,,,,,,,,,,,,,,,,,,,,,,,,,,,,,,,,,,,,,,,,,,,,,,,,,,,,,,,,,,,,,,,,,,,,,,,,,,,,,,,,,,,,,,,,,,,,,,,,,,,,,,,
GB00BN6NHH92,,,,,,,,,,,,,,,,,,,,,,,,,,,,,,,,,,,,,,,,,,,,,,,,,,,,,,,,,,,,,,,,,,,,,,,,,,,,,,,,,,,,,,,,,,,,,,,,,,,,,,,,,,,,,,,,,,,,,,,,,,,,,,,,,,,,,,,,
GB00BN7K9C82,,,,,,,,,,,,,,,,,,,,,,,,,,,,,,,,,,,,,,,,,,,,,,,,,,,,,,,,,,,,,,,,,,,,,,,,,,,,,,,,,,,,,,,,,,,,,,,,,,,,,,,,,,,,,,,,,,,,,,,,,,,,,,,,,,,,,,,,
GB00BNGJ9G01,,,,,,,,,,,,,,,,,,,,,,,,,,,,,,,,,,,,,,,,,,,,,,,,,,,,,,,,,,,,,,,,,,,,,,,,,,,,,,,,,,,,,,,,,,,,,,,,,,,,,,,,,,,,,,,,,,,,,,,,,,,,,,,,,,,,,,,,
GB00BNGJ9H18,,,,,,,,,,,,,,,,,,,,,,,,,,,,,,,,,,,,,,,,,,,,,,,,,,,,,,,,,,,,,,,,,,,,,,,,,,,,,,,,,,,,,,,,,,,,,,,,,,,,,,,,,,,,,,,,,,,,,,,,,,,,,,,,,,,,,,,,
GB00BNGJ9J32,,,,,,,,,,,,,,,,,,,,,,,,,,,,,,,,,,,,,,,,,,,,,,,,,,,,,,,,,,,,,,,,,,,,,,,,,,,,,,,,,,,,,,,,,,,,,,,,,,,,,,,,,,,,,,,,,,,,,,,,,,,,,,,,,,,,,,,,
GB00BNRRB013,,,,,,,,,,,,,,,,,,,,,,,,,,,,,,,,,,,,,,,,,,,,,,,,,,,,,,,,,,,,,,,,,,,,,,,,,,,,,,,,,,,,,,,,,,,,,,,,,,,,,,,,,,,,,,,,,,,,,,,,,,,,,,,,,,,,,,,,
GB00BNRRF105,,,,,,,,,,,,,,,,,,,,,,,,,,,,,,,,,,,,,,,,,,,,,,,,,,,,,,,,,,,,,,,,,,,,,,,,,,,,,,,,,,,,,,,,,,,,,,,,,,,,,,,,,,,,,,,,,,,,,,,,,,,,,,,,,,,,,,,,
GB00BNRRF659,,,,,,,,,,,,,,,,,,,,,,,,,,,,,,,,,,,,,,,,,,,,,,,,,,,,,,,,,,,,,,,,,,,,,,,,,,,,,,,,,,,,,,,,,,,,,,,,,,,,,,,,,,,,,,,,,,,,,,,,,,,,,,,,,,,,,,,,
GB00BNRRF980,,,,,,,,,,,,,,,,,,,,,,,,,,,,,,,,,,,,,,,,,,,,,,,,,,,,,,,,,,,,,,,,,,,,,,,,,,,,,,,,,,,,,,,,,,,,,,,,,,,,,,,,,,,,,,,,,,,,,,,,,,,,,,,,,,,,,,,,
GB00BNRRFW10,,,,,,,,,,,,,,,,,,,,,,,,,,,,,,,,,,,,,,,,,,,,,,,,,,,,,,,,,,,,,,,,,,,,,,,,,,,,,,,,,,,,,,,,,,,,,,,,,,,,,,,,,,,,,,,,,,,,,,,,,,,,,,,,,,,,,,,,
GB00BNRRFY34,,,,,,,,,,,,,,,,,,,,,,,,,,,,,,,,,,,,,,,,,,,,,,,,,,,,,,,,,,,,,,,,,,,,,,,,,,,,,,,,,,,,,,,,,,,,,,,,,,,,,,,,,,,,,,,,,,,,,,,,,,,,,,,,,,,,,,,,
GB00BNRRG624,,,,,,,,,,,,,,,,,,,,,,,,,,,,,,,,,,,,,,,,,,,,,,,,,,,,,,,,,,,,,,,,,,,,,,,,,,,,,,,,,,,,,,,,,,,,,,,,,,,,,,,,,,,,,,,,,,,,,,,,,,,,,,,,,,,,,,,,
GB00BPDX1969,,,,,,,,,,,,,,,,,,,,,,,,,,,,,,,,,,,,,,,,,,,,,,,,,,,,,,,,,,,,,,,,,,,,,,,,,,,,,,,,,,,,,,,,,,,,,,,,,,,,,,,,,,,,,,,,,,,,,,,,,,,,,,,,,,,,,,,,
GB00BQ991Q22,,,,,,,,,,,,,,,,,,,,,,,,,,,,,,,,,,,,,,,,,,,,,,,,,,,,,,,,,,,,,,,,,,,,,,,,,,,,,,,,,,,,,,,,,,,,,,,,,,,,,,,,,,,,,,,,,,,,,,,,,,,,,,,,,,,,,,,,
GB00BRBMZ190,,,,,,,,,,,,,,,,,,,,,,,,,,,,,,,,,,,,,,,,,,,,,,,,,,,,,,,,,,,,,,,,,,,,,,,,,,,,,,,,,,,,,,,,,,,,,,,,,,,,,,,,,,,,,,,,,,,,,,,,,,,,,,,,,,,,,,,,
GB00BRBV3124,,,,,,,,,,,,,,,,,,,,,,,,,,,,,,,,,,,,,,,,,,,,,,,,,,,,,,,,,,,,,,,,,,,,,,,,,,,,,,,,,,,,,,,,,,,,,,,,,,,,,,,,,,,,,,,,,,,,,,,,,,,,,,,,,,,,,,,,
GB00BRXHQ425,,,,,,,,,,,,,,,,,,,,,,,,,,,,,,,,,,,,,,,,,,,,,,,,,,,,,,,,,,,,,,,,,,,,,,,,,,,,,,,,,,,,,,,,,,,,,,,,,,,,,,,,,,,,,,,,,,,,,,,,,,,,,,,,,,,,,,,,
GB00BS2BDN04,,,,,,,,,,,,,,,,,,,,,,,,,,,,,,,,,,,,,,,,,,,,,,,,,,,,,,,,,,,,,,,,,,,,,,,,,,,,,,,,,,,,,,,,,,,,,,,,,,,,,,,,,,,,,,,,,,,,,,,,,,,,,,,,,,,,,,,,
GB00BVBJQ593,,,,,,,,,,,,,,,,,,,,,,,,,,,,,,,,,,,,,,,,,,,,,,,,,,,,,,,,,,,,,,,,,,,,,,,,,,,,,,,,,,,,,,,,,,,,,,,,,,,,,,,,,,,,,,,,,,,,,,,,,,,,,,,,,,,,,,,,
GB00BVBM1L91,,,,,,,,,,,,,,,,,,,,,,,,,,,,,,,,,,,,,,,,,,,,,,,,,,,,,,,,,,,,,,,,,,,,,,,,,,,,,,,,,,,,,,,,,,,,,,,,,,,,,,,,,,,,,,,,,,,,,,,,,,,,,,,,,,,,,,,,
GB00BVLNRK36,,,,,,,,,,,,,,,,,,,,,,,,,,,,,,,,,,,,,,,,,,,,,,,,,,,,,,,,,,,,,,,,,,,,,,,,,,,,,,,,,,,,,,,,,,,,,,,,,,,,,,,,,,,,,,,,,,,,,,,,,,,,,,,,,,,,,,,,
IE000004V778,,,,,1.8198,0.0641,,,,,0.354,,,,,,,,,4.0635,,,,,,,,,,0.3774,,,,,,,,0.117,3.6713,,,0.6274,,,,,,,1.106,,,,,,,,0.1474,0.5596,,,6.9873,,,,,,,,,,,,,,,,,,,,,,,6.7073,0.1792,,0.2675,,,,,,,,,0.046,,,,,,,,,,,0.4522,,,,,0.4473,,,0.2183,5.2937,,,,,,,,,,0.0,2.4369,64.0567,,,,,,,,
IE00000EF730,,,,,,0.1691,,,,,1.4313,,,,,,,,,,,,,,,,,,,2.8965,,,,,,,,1.3572,15.648,,,14.6105,,,,,,,,,,,,,0.2319,,,5.0782,,,,,,,,,,,,,,,,,,,,,,,,,,9.2173,,,0.6305,,,,,,,,,0.4605,,,,,,,,,,,,,,,,6.0244,,,5.2176,14.1666,,,,,,,,,,,21.9847,0.0547,,,,,,0.8209,,
IE000017NMH7,,,,,,,,,,,,,,,,,,,,,,,,,,,,,,,,,,,,,,,,,,,,,,,,,,,,,,,,,,,,,,,,,,,,,,,,,,,,,,,,,,,,,,,,,,,,,,,,,,,,,,,,,,,,,,,,,,,,,,,,,,,,,,,,,,,,,,,,
IE00002QW7P5,,,,,,,,,,,,,,,,,,,,3.7141,,,,,,,,,,,,,,,,,,,,,,,,,,,,,,,,,,,0.821,,,,,,,,,,,,,,,,,,,,,,,,0.6858,,,,,,,,,,,,,,,,,,,,,,,,,,,,,,,,,,,,,1.0431,,,,,,,,,,,8.7746,84.9615,,,,,,,,
IE0000378O66,,,,,,,,,,,,,,,,,,,,,,,,,,,,,,,,,,,,,,,,,,,,,,,,,,,,,,,,,,,,,,,,,,,,,,,,,,,,,,,,,,,,,,,,,,,,,,,,,,,,,,,,,,,,,,,,,,,,,,,,,,,,,,,,,,,,,,,,
IE00004OA765,,,,,,,,,,,,,,,,,,,,3.7141,,,,,,,,,,,,,,,,,,,,,,,,,,,,,,,,,,,0.821,,,,,,,,,,,,,,,,,,,,,,,,0.6858,,,,,,,,,,,,,,,,,,,,,,,,,,,,,,,,,,,,,1.0431,,,,,,,,,,,8.7746,84.9615,,,,,,,,
IE00004PGEY9,,,,,,,,,,,2.1,,,,,,,,,,,,,,,,,,,,,,,,,,,1.68,27.38,,,27.31,,,,,,,,,,,,,1.88,,,8.05,,,,,,,,,,,,,,,,,,,,,,,,,,20.63,,,,,,,,,,,,,,,,,,,,,,,,,,,,9.38,,,,,,,,,,,,,,,,,,,,,,,,1.59
IE00004S2680,,,,,,3.01,,,,,3.6,,,,,,,,,,,,,,,,,,,,,,,,,,,1.49,25.89,,,16.31,,,,,,,,,,,,,1.04,,,17.61,,,,,,,,,,,,,,,,,,,,,,,,,,3.38,,,,,,,,,,,,1.98,,,,,,,,,,,,,,,,13.59,,,,,,,,,,,,,,,,,,,,,,,,12.1
IE00005YSIA4,,,,,,,,,,,,,,,,,,,,,,,,,,,,,,,,,,,,,,,,,,,,,,,,,,,,,,,,,,,,,99.57,,,,,,,,,,,,,,,,,,,,,,,,,,,,,,,,,,,,,,,,,,,,,,,,,,,,,,,,,,,,,,,,,,,,,,,,,,,0.43
IE0000902GT6,,,,,1.14,,,,,,,,,,1.16,,,,,2.04,,,9.16,,,,,,,,,,,,,,,,2.15,,,1.85,,,,,,,,,,,,,,,,2.45,,,4.88,,,,,,,,,,,,,,,,,,,,,,,1.74,,,,,,,,,,,,,,,,,,,,,,,,,,,4.47,,,,,1.49,2.81,,,,,,,,,,3.33,41.56,,,,,,,,19.77
IE0000BH4WF5,,,,,1.582,0.5124,,,,,1.861,,,,0.0535,,,,,0.2015,,,0.2664,,,,,0.2737,,2.5285,,,,,,,,0.7125,16.1507,,,16.4492,,,,,,,0.1286,0.0516,,,,,0.7843,,,5.2144,,,2.0932,,,,,,,,,,,,0.5893,,,,,,0.0753,,,,,2.9699,0.0738,,0.2506,,,,,,,,0.1215,0.5409,,,,0.0315,,,,,,,,0.0368,,0.1927,0.0416,4.4596,,,1.5957,3.6229,0.0333,,,,,,,,,,10.2572,26.307,,,,,,-0.0631,,
IE0000BNORX6,,,,,,,,,,,1.1,,,,,,,,,,,,,,,,,,,3.23,,,,,,,,1.03,15.04,,,14.39,,,,,,,,,,,,,1.08,,,3.48,,,,,,,,,,,,,,,,,,,,,,,,,,10.82,,,,,,,,,,,,,,,,,,,,,,,,,,,,4.81,,,3.67,11.9,,,,,,,,,,,21.95,,,,,,,,,7.5
IE0000CRTTJ9,,,,,1.4498,0.0744,,,,,0.4592,,,,,,,,,4.0363,,,,,,,,,,0.3496,,,,,,,,0.373,2.2482,,,1.7081,,,,,,,0.6934,,,,,,0.1402,,0.342,0.7973,,,5.9557,,,,,,,,,,,,,,,,,,,,,,,1.7045,0.095,,0.4963,,,,,,,,,0.1162,,,,,,,,,,,0.5348,,,,,1.1019,,,0.614,2.4166,,,,,,,,,,,2.8634,71.4303,,,,,,,,
IE0000DO92H7,,,,,,,,,,,,,,,,,,,,,,,,,,,,,,,,,,,,,,,,,,,,,,,,,,,,,,,,,,,,,,,,,,,,,,,,,,,,,,,,,,,,,,,,,,,,,,,,,,,,,,,,,,,,,,,,,,,,,,,,,,,,,,,,,,,,,,,,
IE0000EAPBT6,,,,,,,,,,,,,,,,,,,,,,,,,,,,,,,,,,,,,,,,,,,,,,,,,,,,,,,5.19,,,,,,,,,,,,,,,,,,,,,,,,,,,,,,,,,,,,,,,,,,,,,,,,,,,,,,,,,,,,,,,,,,,,,,,,,90.17,,,,,,,,4.64
IE0000FA5GB7,,,,,,,,,,,,,,,,,,,,,,,,,,,,,,,,,,,,,,,,,,,,,,,,,,,,,,,,,,,,,,,,,,,,,,,,,,,,,,,,,,,,,,,,,,,,,,,,,,,,,,,,,,,,,,,,,,,,,,,,,,,,,,,,,,,,,,,,
IE0000FCGYF9,,,,,,,,,,,,,,,,,,,,,,,100,,,,,,,,,,,,,,,,,,,,,,,,,,,,,,,,,,,,,,,,,,,,,,,,,,,,,,,,,,,,,,,,,,,,,,,,,,,,,,,,,,,,,,,,,,,,,,,,,,,,,,,,,,,,,,,,,
IE0000GXRR13,,,,,,,,,,,,,,,,,,,,,,,,,,,,,,,,,,,,,,,,,,,,,,,,,,,,,,,1.58,,,,,,,,,,,,,,,,,,,,,,,,,,,,,,,,,,,,,,,,,,,,,,,,,,,,,,,,,,,,,,,,,,,,,,,,4.08,93.11,,,,,,,,1.23
IE0000H445G8,,,,,,,,,,,,,,,,,,,,,,,100.0,,,,,,,,,,,,,,,,,,,,,,,,,,,,,,,,,,,,,,,,,,,,,,,,,,,,,,,,,,,,,,,,,,,,,,,,,,,,,,,,,,,,,,,,,,,,,,,,,,,,,,,,,,,,,,,,,
IE0000J0F3C5,,,,,,,,,,,,,,,,,,,,,,,,,,,,,,,,,,,,,,,1.25,,,,,,,,,,,,,,,,,,,,,,,,,,,,,,,,,,,,,,,,,,,,,,,,,,,,,,,,,,,,,,,,,,,,,,,,,,,,,,,,,,,,,,,,2.37,41.19,,,,,,,,55.19
IE0000KA1ZX3,,,,,,,,,,,1.64,,,,,,,,,,,,,,,,,,,1.57,,,,,,,,,13.91,,,7.41,,,,,,,,,,,,,1.04,,,3.92,,,1.02,,,,,,,,,,,,,,,,,,,,,,,4.45,,,,,,,,,,,,,,,,,,,,,,,,,,,,3.98,,,2.18,1.94,,,,,,,,,,,6.68,13.1,,,,,,,,37.16
IE0000LTAD82,,,,,,,,,,,,,,,,,,,,,,,,,,,,,,,,,,,,,,,,,,,,,,,,,,,,,,,,,,,,,,,,,,,,,,,,,,,,,,,,,,,,,,,,,,,,,,,,,,,,,,,,,,,,,,,,,,,,,,,,,,,,,,,,,,,,,,,,
IE0000LVTJ08,,,,,,,,,,,,,0.0231,,,,,,,,,,,,,,,,,,,,,,,,,,,,,,,,,,,,,,,,,,1.7306,,,,,,,,,,,,,,,,,,,,,,,,,,,,,0.211,,,,,,,,,,,,,,,,,,,,,,,0.4623,,,,,,,,,,,,,,,,,,,,0.6052,96.9629,,,,,,0.0049,,
IE0000MK7GG1,,,,,,2.97,,,,,7.58,,,,,,,,,,,,,,,,,,,,,,,,,,,1.63,22.5,,,12.21,,,,,,,,,,,,,1.22,,,14.72,,,,,,,,,,,,,,,1.43,,,,,,,,,,,7.29,,,,,,,,,,,,1.94,,,,,,,,,,,,,,,,9.0,,,,,,,,,,,,,,,,,,,,,,,,17.51
IE0000MR4GH9,,,,,0.9896,0.4335,,,,,1.4701,,,,0.3113,,,,,1.3105,,,0.3913,,,,,,,1.2191,,,,,,,,1.1195,20.1106,,,13.9464,,,,,,,,0.201,,,,,0.6054,,,3.2791,,,3.893,,,,,,,,,,,,0.581,,,,,,,,,,,4.0548,0.5618,,0.4163,,,,,,,,0.3486,0.478,,,,,,,,,,,,,,0.4681,,3.4968,,,3.0717,1.8274,,,,,,,,,,,9.8216,25.5896,,,,,,0.0038,,
IE0000N55FP4,,,,,,1.9768,,,,,3.3887,,,,,,,,,,,,,,,,,,,4.3465,,,,,,,,2.3934,8.6278,,0.0017,8.4954,,0.348,,,,,,,,,,,0.6065,,,5.8645,,,,,,,,,,,,,,,,,,,,,,,,,,3.4486,,,5.6822,,,,,,,,,0.4283,,,,,,,,,,,,,,,,3.3259,,,10.9213,9.5075,,,,,,,,,,,30.4423,0.0404,,,,,,0.1542,,
IE0000P0RPE6,,,,,1.8739,0.2002,,,,,,,,,,,,,,1.9396,,,,,,,,,,0.2603,,,,,,,,1.1813,2.3094,,,0.6148,,,,,,,1.8951,,,,,,3.2929,,0.6081,1.4064,,,6.9636,,,,,,,,,,,,,,,,,,,,,,,1.5438,0.2698,,0.2679,,,,,,,,,0.0159,,,,,,,,,,,1.9114,,,,,1.6503,,,0.4313,1.5714,,,,,,,,,,,2.1283,68.2627,,,,,,-0.5984,,
IE0000PJLVN3,,,,,,,,,,,,,,,,,,,,,,,,,,,,,,,,,,,,,,,,,,,,,,,,,,,,,,,,,,,,,100.0348,,,,,,,,,,,,,,,,,,,,,,,,,,,,,,,,,,,,,,,,,,,,,,,,,,,,,,,,,,,,,,,,,,0.1575,0.0004,,,,,,-0.1926,,
IE0000QLH0G6,,,,,1.85,0.01,,,,,0.2,,,,0.62,,,0.01,,2.89,,0.07,2.62,,,,0.01,0.01,,0.35,,,,,,,,0.24,1.8,,,1.94,,0.07,,,,,0.47,0.06,0.03,1.36,0.09,,0.02,,0.32,0.65,0.01,,5.92,,,,,0.03,,,,,,,0.01,0.01,,0.2,,,0.27,,,,,1.19,0.02,,0.12,,,,,,0.05,0.02,0.08,0.03,,0.11,,0.01,,,0.28,,,,0.48,,,0.42,2.52,0.82,,,0.78,1.32,3.11,,0.13,,,0.04,,,,0.24,2.54,63.24,,,,,0.01,0.29,,
IE0000T4S954,,,,,,,,,,,,,,,,,,,,,,,,,,,,,,,,,,,,,,,,,,,,,,,,,,,,,,,,,,,,,,,,,,,,,,,,,,,,,,,,,,,,,,,,,,,,,,,,,,,,,,,,,,,,,,,,,,,,,,,,,,,,,,,,,,,,,,,,
IE0000TZZ2B2,,,,,,,,,,,,,,,,,,,,,,,,,,,,,,,,,,,,,,,,,,,,,,,,,,,,,,,,,,,,,,,,,,,,,,,,,,,,,,,,,,,,0.2,,,,,,,,,,,,,,,,,,,,,,,,,,,,,,,,0.2,,,,,,,,,,,,99.6,,,,,,,,
IE0000U24AJ9,,,,,,,,,,,,,,,,,,,,,,,,,,,,,,,,,,,,,,,,,,,,,,,,,,,,,,,,,,,,,,,,,,,,,,,,,,,,,,,,,,,,1.16,,,,,,,,,,,,,,,,,,,,,,,,,,,,,,,,,,,,,,,,,,,,98.28,,,,,,,,0.56
IE0000UJ3480,,,,,2.9455,,,,,,,,0.0858,,0.0986,,,,,4.4165,,0.2153,0.0524,,,,,,,,,,,,,,,,0.4673,,,,,,,,,,,,,,,,1.473,,,,,,3.9562,,,,,,,,,,,,,0.4373,,,,,,,,,,0.9288,,,,,,,,,,,,,,,,,,,,,,,,,,,,1.1579,,,,0.8195,,,,,,,,,,,2.5739,80.3712,,,,,,0.0005,,
IE0000UW95D6,,,,,1.31,,,,,,,,,,,,,,,3.2,,,,,,,,,,,,,,,,,,,2.67,,,2.52,,,,,,,,,,,,,1.73,,,,,,5.59,,,,,,,,,,,,,,,,,,,,,,,2.24,,,,,,,,,,,,,,,,,,,,,,,,,,,,,,,,2.25,,,,,,,,,,,3.93,69.34,,,,,,,,5.22
IE0000VITHT2,,,,,2.9455,,,,,,,,0.0858,,0.0986,,,,,4.4165,,0.2153,0.0524,,,,,,,,,,,,,,,,0.4673,,,,,,,,,,,,,,,,1.473,,,,,,3.9562,,,,,,,,,,,,,0.4373,,,,,,,,,,0.9288,,,,,,,,,,,,,,,,,,,,,,,,,,,,1.1579,,,,0.8195,,,,,,,,,,,2.5739,80.3712,,,,,,0.0005,,
IE0000VKUF67,,,,,2.17,2.81,,,,,,,,,,,,,,1.53,,,,,,,,,,3.29,,,,,,,,2.13,14.73,,,7.99,,,,,,,,,,,,,2.99,,,2.43,,,,,,,,,,,,,,,,,,,,,,,,,,6.18,,,1.01,,,,,,,,,,,,,,,,,,,,,,,,,2.9,,,6.84,1.04,,,,,,,,,,,7.4,11.87,,,,,,,,22.69
IE0000VX9GN7,,,,,,,,,,,,,0.125,,,,,,,,,,,,,,,,,,,,,,,,,,,,,,,,,,,,,,,,,,2.0409,,,,,,,,,,,,,,,,,,,,,,,,,,,,,0.1453,,,,,,,,,,,,,,,,,,,,,,,0.482,,,,,,,,,0.3697,,,,,,,,,,,0.7018,96.0996,,,,,,0.0359,,
IE0000XTDDA8,,,,,,,,,,,,,,,,,,,,1.07,,,3.77,,,,,,,,,,,,,,,,,,,4.13,,,,,,,,,,,,,,,,,,,1.59,,,,,,,,,,,,,,,,,,,,,,,,,,,,,,,,,,,,,,,,,,,,,,,,,,13.19,,,,,,5.08,,,,,,,,,,,66.59,,,,,,,,4.58
IE0000ZL1RD2,,,,,,,,,,,,,,,,,,,,,,,,,,,,,,,,,,,,,,,,,,,,,,,,,,,,,,,,,,,,,,,,,,,,,,,,,,,,,,,,,,,,8.47,,,,,,,,,,,,,,,,,,,,,,,,,,,9.75,,,,,,13.31,,,,,,,,,,3.95,64.0,,,,,,,,0.52
IE0000ZVYDH0,,,,,1.8948,0.0463,,,,,0.3344,,,,0.2161,,,,,3.7837,,0.0505,2.1854,0.1186,,,,,,0.2485,,,,,,,,0.1161,3.4047,,,0.4733,,,,,,,1.2784,,,1.0627,,,,,0.1186,0.4719,,,5.8728,,,,,,,,,,,,,,,0.0831,,,0.8088,,,,,5.8384,0.1559,,0.2679,,,,,,0.0654,,0.16,0.0524,,,,,,,0.0125,,,,0.3819,,,0.9629,1.1582,0.3763,,,0.1647,4.9142,5.786,,0.1812,,,,,,,0.24,2.3368,54.3767,,,,,,,,
IE000128BSS1,,,,,,,,,,,,,,,,,,,,,,,,,,,,,,,,,,,,,,,,,,,,,,,,,,,,,,,,,,,,,,,,,,,,,,,,,,,,,,,,,,,,,,,,,,,,,,,,,,,,,,,,,,,,,,,,,,,,,,,,,,,,,,,,63.46,,,,,,,,36.54
IE000130VPV5,,,,,,,,,,,,,0.0231,,,,,,,,,,,,,,,,,,,,,,,,,,,,,,,,,,,,,,,,,,1.7306,,,,,,,,,,,,,,,,,,,,,,,,,,,,,0.211,,,,,,,,,,,,,,,,,,,,,,,0.4623,,,,,,,,,,,,,,,,,,,,0.6052,96.9629,,,,,,0.0049,,
IE00013A2XD6,,,,,0.9326,0.0285,,,,,0.1773,,,,0.2226,,,,,3.3395,,0.0783,2.6033,0.1082,,,,0.029,,0.4923,,,,,,,,0.557,2.6557,,,2.131,,0.0882,,,,,0.6275,0.0012,,1.0551,0.0001,,0.1295,,0.0692,0.3113,,,6.271,,,,,,,,,,,,,,,0.2511,,,0.2732,,,,,4.5521,0.0689,,0.2747,,,,,,0.0998,0.0009,0.1234,0.131,,0.0008,,,,,0.0639,,,,0.166,,,0.9599,1.6387,0.4636,,,0.7126,3.5406,6.3059,,0.1494,,,0.0101,,,,0.1932,1.9245,56.152,,,,,,0.0355,,
IE00016PSX47,,,,,1.4617,0.0415,,,,,0.2217,,,,,,,,,3.5734,,,,,,,,,,0.6809,,,,,,,,0.4295,2.7996,,,1.0269,,,,,,,0.4718,,,,,,0.1714,,0.095,0.4757,,,7.2708,,,,,,,,,,,,,,,,,,,,,,,3.3677,0.0351,,0.205,,,,,,,,,0.0423,,,,,,,,,,,0.3754,,,,,0.811,,,1.3194,2.3001,,,,,,,,,,,3.541,69.283,,,,,,,,
IE0001858L90,,,,,,,,,,,,,,,,,,,,,,,,,,,,,,,,,,,,,,,,,,,,,,,,,,,,,,,,,,,,,,,,,,,,,,,,,,,,,,,,,,,,,,,,,,,,,,,,,,,,,,,,,,,,,,,,,,,,,,,,,,,,,,,,,,,,,,,,
IE00018LB0D8,,,,,4.18,0.45,,,,,0.39,,,,,,,,,8.33,,,0.1,,,,,,,0.33,,,,,,,,0.73,2.0,,,3.33,,,,,,,1.62,,,,,,0.32,,0.87,3.01,,,7.14,,,,,,,,,,,,,,,,,,,,,,,1.19,0.06,,0.37,,,,,,,,,0.07,,,,,,,,,,,1.97,,,,,3.04,,,1.42,2.58,,,,,,,,,,,5.77,50.69,,,,,,0.01,,
IE00018U4PN8,,,,,,,,,,,,,,,,,,,,,,,,,,,,,,,,,,,,,,,,,,,,,,,,,,,,,,,,,,,,,,,,,,,,,,,,,,,,,,,,,,,,,,,,,,,,,,,,,,,,,,,,,,,,,,,,,,,,,,,,,,,,,,,,,,,,,,,,
IE000191HKF0,,,,,,,,,,,,,,,,,,,,,,,,,,,,,,,,,,,,,,,,,,,,,,,,,,,,,,,,,,,,,,,,,,,,,,,,,,,,,,,,,,,,,,,,,,,,,,,,,,,,,,,,,,,,,,,,,,,,,,,,,,,,,,,,99.9951,,,,,,,,
IE00019EG7X4,,,,,0.8096,,,,,,,,,,,,,,,3.5693,,,0.1964,,,,,,,,,,,,,,,,0.8924,,,0.5083,,,,,,,,,,,,,0.8915,,,,,,1.9727,,,,,,,,,,,,,0.1584,,,,,,,,,,0.1909,,,,,,,,,,,,,,,,,,,,,,,,,,,,1.3492,,,,0.9999,0.413,,,,,,,,,,1.234,86.8141,,,,,,0.0001,,
IE0001A541Y3,,,,,,,,,,,,,,,,,,,,,,,,,,,,,,,,,,,,,,,,,,,,,,,,,,,,,,,,,,,,,99.57,,,,,,,,,,,,,,,,,,,,,,,,,,,,,,,,,,,,,,,,,,,,,,,,,,,,,,,,,,,,,,,,,,,,,,,,,,,0.43
IE0001ARVVZ9,,,,,,,,,,,,,,,,,,,,,,,,,,,,,,,,,,,,,,,,,,,,,,,,,,,,,,,,,,,,,,,,,,,,,,,,,,,,,,,,,,,,,,,,,,,,,,,,,,,,,,,,,,,,,,,,,,,,,,,,,,,,,,,0.0003,99.9917,,,,,,0.0081,,
IE0001AXQAS6,,,,,0.62,,,,,,,,,,,,,,,5.58,,,,,,,,,,,,,,,,,,,0.53,,,,,,,,,,,,,,,,,,,,,,2.39,,,,,,,,,,,,,,,,,,,,,,,0.32,,,,,,,,,,,,,,,,,,,,,,,,,,,,,,,,,,,,,,,,,,,1.58,71.96,,,,,,17.03,,
IE0001DKJVC2,,,,,0.5021,0.1056,,,,,0.8499,,,,,,,,,2.5802,,,,,,,,,,0.2228,,,,,,,,0.8169,2.2672,,,1.7643,,,,,,,1.3909,,,,,,0.06,,0.8538,0.4236,,,10.8105,,,,,,,,,,,,,,,,,,,,,,,1.3957,0.12,,0.1759,,,,,,,,,0.1069,,,,,,,,,,,1.2594,,,,,1.7903,,,0.3225,3.1587,,,,,,,,,,,0.943,68.0797,,,,,,,,
IE0001DM7O60,,,,,,,,,,,,,,,,,,,,,,1.54,,,,,,,,,,,,,,,,,,,,1.7,,,,,,,,,,,,,,,,,,,,,,,,,,,,,,,,,,,,,,,,,,,,,,,,,,,,,,,,,,,,,,,,,,,,,1.02,,,,,2.62,1.08,,,,,,,,,,4.44,62.27,,,,,,,,25.33
IE0001FQFU60,,,,,0.3325,0.2469,,,,,0.225,,,,,,,,,9.3716,,,,,,,,,,0.0586,,,,,,,,0.9574,1.6562,,,0.2659,,,,,,,1.3597,,,,,,0.293,,1.5688,1.9151,,,7.8462,,,,,,,,,,,,,,,,,,,,,,,1.1725,,,,,,,,,,,,0.179,,,,,,,,,,,1.5076,,,,,3.3796,,,0.8887,3.158,,,,,,,,,,,2.3509,61.2667,,,,,,,,
IE0001GSQ2O9,,,,,1.4498,0.0744,,,,,0.4592,,,,,,,,,4.0363,,,,,,,,,,0.3496,,,,,,,,0.373,2.2482,,,1.7081,,,,,,,0.6934,,,,,,0.1402,,0.342,0.7973,,,5.9557,,,,,,,,,,,,,,,,,,,,,,,1.7045,0.095,,0.4963,,,,,,,,,0.1162,,,,,,,,,,,0.5348,,,,,1.1019,,,0.614,2.4166,,,,,,,,,,,2.8634,71.4303,,,,,,,,
IE0001J5A2T9,,,,,10.66,,,,,,4.03,,,,,,,,,,,,2.13,,,,,,,,,,,,,,,5.91,,,,,,,,,,,3.43,,,,,,6.42,,,,,,12.15,,,,,,,,,,,,1.21,,,,,,,,,,,,,,1.87,,,,,,,,,,,,,,,,,,,,,,,,,,,,,,,,,,,,,,,,4.92,47.27,,,,,,,,
IE0001JABD69,,,,,1.22,,,,,,,,,,,,,,,2.79,,,2.38,,,,,,,,,,,,,,,,2.41,,,2.27,,,,,,,,,,1.31,,,1.57,,,,,,4.64,,,,,,,,,,,,,,,,,,,,,,,2.02,,,,,,,,,,,,,,,,,,,,,,,,,,,2.93,,,,,2.03,3.33,,,,,,,,,,3.54,61.14,,,,,,,,6.42
IE0001JH5CB4,,,,,0.005,1.0476,,,,,2.6123,,,,0.0519,,,,,,,0.3069,0.3983,,,,,,,4.165,,,,,,,0.2113,2.4114,11.4426,,,12.9965,,,,,,,0.453,,,,,,1.2787,,,4.5371,,,,0.1831,,,,,,,,,,,0.8089,,,,,,,,,,,9.9719,,,1.7078,,,,,,,,1.2001,0.0653,,,,,,,,,,,0.346,,,,,4.1593,,,8.3068,14.8207,,,,,,,,,,,16.4762,0.005,,,,,,,,0.0311
IE0001KK9B39,,,,,2.0772,,,,,,,,,,,,,,,3.0372,,,,,,,,,,1.0684,,,,,,,,0.4401,4.5617,,,6.5867,,,,,,,0.8325,,,,,,0.194,,,0.419,,,13.847,,,,,,,,,,,,,,,,,,,,,,,0.7802,0.2584,,,,,,,,,,,,,,,,,,,,,,0.6684,,,,,1.011,,,3.3422,3.8143,,,,,,,,,,,3.3167,53.5398,,,,,,0.2049,,
IE0001KPAXU3,,,,,2.04,1.64,,,,,1.21,,,,,,,,,0.42,,,0.37,,,,,1.67,,2.91,,,,,,,,0.82,18.49,,,14.68,,,,,,,,0.4,,,,,0.85,,,6.88,,,2.4,,,,,,,,,,,,1.64,,,,,,0.4,,,,,4.48,,,,,,,,,,,0.39,0.82,,0.4,,,,,,,,,,,,0.42,,6.21,,,2.02,1.93,,,,,,,,,,,9.43,16.87,,,,,,0.21,,
IE0001O84583,,,,,,,,,,,,,,,,,,,,,,,,,,,,,,,,,,,,,,,,,,,,,,,,,,,,,,,,,,,,,,,,,,,,,,,,,,,,,,,,,,,,,,,,,,,,,,,,,,,,,,,,,,,,,,,,,,,,,,,,,,,,,,,1.15,95.06,,,,,,,,3.79
IE0001O9L5K4,,,,,,,,,,,,,,,,,,,,1.65,,,5.11,,,,,,,,,,,,,,,,2.07,,,3.37,,,,,,,,,,2.33,,,,,,,,,4.81,,,,,,,,,,,,,,,,,,,,,,,1.39,,,,,,,,,,,,,,,,,,,,,,,,,,,3.02,1.05,,,,,1.87,,,,,,,,,,3.31,51.3,,,,,,,,18.72
IE0001PY6688,,,,,,,,,,,,,,,,,,,,,,,,,,,,1.08,,3.17,,,,,,,,,11.15,,,9.04,,,,,,,,1.13,,,,,2.13,,,4.21,,,1.14,,,,,,,,,,,,1.04,,,,,,,,,,,4.19,,,,,,,,,,,,,,,,,,,,,,,,,,,,2.88,,,3.18,2.26,,,,,,,,,,,4.04,10.46,,,,,,,,38.9
IE0001QF56M0,,,,,,,,,,,,,,,,,,,,,,,95.84,,,,,,,,,,,,,,,,,,,,,,,,,,1.67,,,,,,,,,,,,,,,,,,,,,,,,,,,,,,,,,,,,,,,,,,,,,,,,,,,,,,,,,,,,,,,,,,,,,,,,,,,,,,,,,,,,,,,2.49
IE0001R850E1,,,,,,,,,,,,,1.81,,,,,,,,,,,,,,,,,,,,,,,,,,,,,,,,,,,,,,,,,,,,,,,,,,,,,,,,,,,,,,,,,,,,,,,,,,,,,,,,,,,,1.92,,,,,,,,,,,,,,,,,,,,,,,,,,,,,,,95.45,,,,,,,,0.82
IE0001T0BHM5,,,,,,,,,,,,,,,,,,,,,,,,,,,,,,,,,,,,,,,1.35,,,,,,,,,,,,,,,,3.14,,,,,,,,,,,,,,,,,,,,,,,,,,,,,,,,,,,,,,,,,,,,,,,,,,,,,,,,,,,,,1.04,,,,,,,,,,,2.82,75.7,,,,,,,,15.95
IE0001UQQ933,,,,,1.92,,,,,,,,,,,,,,,2.81,,,3.86,,,,,,,,,,,,,,,,2.66,,,3.4,,,,,,,1.16,,,2.83,,,,,,1.2,,,5.53,,,,,,,,,,,,,,,,,,,,,,,1.76,,,,,,,,,,,,,,,,,,,,,,,,,,,3.34,1.53,,,1.08,2.3,2.72,,,,,,,,,,3.82,46.88,,,,,,,,11.2
IE0001VDDL68,,,0.24,,0.55,0.17,,,0.13,,0.66,,,,1.9,,,,,3.73,0.08,0.19,0.41,0.42,,,,0.37,0.18,0.13,,,,,,,,0.12,4.28,,,1.22,,0.49,,0.1,,,0.07,0.15,,0.2,0.05,,0.14,,0.72,2.33,0.07,,2.3,0.35,,,,,,,,,,,0.53,,,,,,0.39,,,,,2.07,,,0.14,,,0.15,,,0.15,0.2,0.04,0.43,,,,,,,,,,,,,,,,1.34,,,0.58,0.04,,0.03,0.18,,,2.14,,,,0.13,5.11,62.82,,,,,0.25,1.53,,
IE0001VXZTV7,,,,,,,,,,,,,,,2.64,,,,,,,,20.91,,,,,,,,,,,,,,,,,,,,,,,,,,1.09,,,13.35,,,,,,,,,,,,,,,,,,,,,,,,1.57,,,2.06,,,,,,,,,,,,,,,,,,,,,,,,2.82,,,,,,,3.17,,,,,,,39.0,,1.5,,,,,,,1.5,,,,,,,,,,10.39
IE0001W4ZVM2,,,,,,,,,,,,,,,,,,,,,,,,,,,,,,,,,,,,,,,,,,,,,,,,,,,,,,,,,,,,,,,,,,,,,,,,,,,,,,,,,,,,,,,,,,,,,,,,,,,,,,,,,,,,,,,,,,,,,,,,,,,,,,,,97.52,,,,,,,,2.48
IE0001XIQ4D9,,,,,1.81,,,,,,,,0.06,,,,,,,4.87,,,,,,,,,,,,,,,,,,0.09,,,,0.13,,,,,,,,,,,,,0.96,,,0.06,,,2.46,,,,,,,,,,,,0.32,0.12,,,,,,,,,,0.81,,,,,,,,,,,,,,,,,,,,,,,,,,,,0.93,,,,0.2,,,,,,,,,,,1.74,84.33,,,,,,1.11,,
IE0001YGXFO5,,,,,1.7233,0.13,,,,,0.1597,,,,,,,,,3.4327,,,,,,,,,,0.4842,,,,,,,,0.4009,2.8673,,,2.1103,,,,,,,0.4268,,,,,,0.1242,,0.0621,1.0297,,,4.7606,,,,,,,,,,,,,,,,,,,,,,,1.573,0.0425,,0.218,,,,,,,,,0.0457,,,,,,,,,,,0.3201,,,,,1.1002,,,0.9368,2.705,,,,,,,,,,,4.2471,71.0812,,,,,,0.0184,,
IE0001ZFMLN7,,,,,,,,,,,,,,,,,,,,,,,,,,,,,,,,,,,,,,,,,,,,,,,,,,,,,,,,,,,,,,,,,,,,,,,,,,,,,,,,,,,,1.58,,,,,,,,,,,,,,,,,,,,,,,,,,,,,,,,,,,,,,,,,,,1.89,94.63,,,,,,,,1.9
IE00020C1NS6,,,0.24,,0.55,0.17,,,0.13,,0.66,,,,1.9,,,,,3.73,0.08,0.19,0.41,0.42,,,,0.37,0.18,0.13,,,,,,,,0.12,4.28,,,1.22,,0.49,,0.1,,,0.07,0.15,,0.2,0.05,,0.14,,0.72,2.33,0.07,,2.3,0.35,,,,,,,,,,,0.53,,,,,,0.39,,,,,2.07,,,0.14,,,0.15,,,0.15,0.2,0.04,0.43,,,,,,,,,,,,,,,,1.34,,,0.58,0.04,,0.03,0.18,,,2.14,,,,0.13,5.11,62.82,,,,,0.25,1.53,,
IE00020O1MD6,,,,,1.4723,0.1076,,,,,0.2332,,,,0.3849,,,,,3.1359,,0.0204,2.4321,,,,,,,0.3872,,,,,,,,0.2555,1.9141,,,1.6932,,0.0538,,,,,0.5069,0.0523,,0.6654,0.092,,0.0072,,0.2381,0.8163,,,5.3848,,,,,0.0215,,,,,,,,,,0.0964,,,0.1148,,,,,1.0465,,,0.0763,,,,,,0.0451,,0.138,0.0818,,0.0413,,,,,0.2193,,,,0.4106,,,0.3311,3.1728,0.7994,,,0.6533,1.8994,3.4849,,0.1046,,,0.0656,,,,0.1249,3.1618,64.0573,,,,,,,,
IE00021E4FE3,,,,,1.99,2.56,,,,,1.06,,,,,,,,,1.7,,,0.94,,,0.55,,,,0.86,,,,,,,,2.71,22.27,,,11.28,,0.42,,,,,0.27,,0.59,,,,2.07,,,1.08,,,3.43,,,,,,,,,,,,1.64,,,,,,0.28,,,,,7.43,,,0.84,,,,,,,,,,,,,,,,,,,,,,,,,5.3,,,3.93,2.12,,,,,,,,,,,8.81,15.89,,,,,,-0.04,,
IE00022GJEG1,,,,,,,,,,,,,,,,,,,,,,,,,,,,,,,,,,,,,,,,,,,,,,,,,,,,,,,,,,,,,,,,,,,,,,,,,,,,,,,,,,,,,,,,,,,,,,,,,,,,,,,,,,,,,,,,,,,,,,,,,,,,,,,,,,,,,,,,
IE00022VXYM7,,,,,,,,,,,,,,,,,,,,,,,21.99,,,,,,,,,,,,,,,,,,,,,,,,,,4.96,,,,,,,,,,,,,,,,,,,,,,,,,,,1.15,,,,,,,,,,,,,,,,,,,,,,,,,,,,,,,3.92,,,,30.17,,,,,,34.8,,1.22,,,,,,,,,,,,,,,,,1.79
IE00023EZQ82,,,,,3.1757,,,,,,,,,,,,,,,,,,4.0347,,,,,,,,,,,,,,,,0.0778,,,,,0.1167,,,,,0.1205,,,,0.003,,,,,,,,10.0534,,,,,,,,,,,,,,,0.0053,,,,,,,,,,,0.0974,,,,,,,,0.5659,,,,,,,,,,,,,,,,8.006,,,,6.833,1.6739,4.4931,,,,,,,,,,1.2951,59.4436,,,,,,0.005,,
IE000245C884,,,,,,1.3,,,,,,,,,1.28,,,,,1.99,,,2.83,,,,,,,,,,,,,,,,1.06,,,1.71,,,,,,,2.17,,,1.06,,,1.41,,,,,,4.66,,,,,,,,,,,,,,,,,,,,,,,1.98,,,1.28,,,,,,,,,,,,,,,,,,,,,,,,2.76,,,,,,2.27,,,,,,,,,,3.72,58.72,,,,,,,,9.8
IE00025DKLQ3,,,,,1.81,,,,,,,,0.06,,,,,,,4.87,,,,,,,,,,,,,,,,,,0.09,,,,0.13,,,,,,,,,,,,,0.96,,,0.06,,,2.46,,,,,,,,,,,,0.32,0.12,,,,,,,,,,0.81,,,,,,,,,,,,,,,,,,,,,,,,,,,,0.93,,,,0.2,,,,,,,,,,,1.74,84.33,,,,,,1.11,,
IE000264WWY0,,,,,2.2657,1.0212,,,,,2.0283,,0.2019,,0.1996,,,,,0.7145,,,0.2846,,,,,0.1693,,2.5049,,,,,,,,1.9591,18.6225,,,15.5255,,,,,,,0.2211,0.2266,,,,,0.8451,,,4.246,,,2.0458,,,,,,,,,,,,1.1401,,,,,,0.2168,,,,,4.408,0.6221,,0.5376,,,,,,,,0.1683,0.423,,,,,,,,,,,0.1008,,,0.1438,,4.4989,,,4.658,3.3322,,,,,,,,,,,7.578,19.09,,,,,,0.0005,,
IE00026BEVM6,,,,,1.3415,0.1055,,,,,0.0854,,,,,,,,,3.9973,,,,,,,,,,1.0917,,,,,,,,0.7584,4.5213,,,6.3646,,,,,,,0.9318,,,,,,0.2419,,,0.5344,,,17.4769,,,,,,,,,,,,,,,,,,,,,,,0.6505,0.1343,,0.1102,,,,,,,,,,,,,,,,,,,,0.4377,,,,,1.142,,,4.7535,3.1565,,,,,,,,,,,2.1669,49.9978,,,,,,,,
IE00028H9QJ8,,,,,,,,,,,,,,,,,,,,1.0816,,2.2094,4.2287,,,,,,,0.4724,,,,,,,,,,,,1.3334,,,,,,,3.6815,,,1.673,0.5762,,0.7469,,,,,,6.2306,,,,,0.4065,,,,,,,,,,,,,0.4258,,,,,0.5753,,,,,,,,,,,,0.517,,,,,,,7.708,,,,,,,,8.2216,,,,0.6421,,,,,,,,,,,9.1685,0.0018,50.0971,,,,,,,,0.0026
IE0002A3VE77,,,,,,,,,,,,,,,,,,,,,,,,,,,,,,,,,,,,,,,,,,,,,,,,,,,,,,,,,,,,,,,,,,,,,,,,,,,,,,,,,,,,,,,,,,,,,,,,,,,,,,,,,,,,,,,,,,,,,,,,,,,,,,,,,,,,,,,,
IE0002DDYPW4,,,,,1.4252,0.107,,,,,0.5278,,0.2524,,,,,,,4.2032,,,0.1927,,,,,,,0.3433,,,,,,,,0.225,1.026,,,2.0205,,,,,,,0.6098,,,,,,2.122,,,0.2159,,,5.739,,,,,,,,,,,,0.1699,,,,,,,,,,,1.4121,0.0339,,0.5489,,,,,,,,,,,,,,,,,,,,0.8862,,,,,1.6277,,,0.5639,2.5185,,,,,,,,,,,3.8379,68.8223,,,,,,0.5691,,
IE0002EKOXU6,,,,,0.0125,,,,,,,,,,0.0321,,,,,0.116,,,,,,,,,,,,,,,,,,,,,,0.0254,,,,,,,,,,,,,0.0825,,,,,,,,,,,,,,,,,,,,,,,,,,,,,,,,,,,,,,0.0367,,,,,,,,,,,,,,,,,0.0143,,,,,0.0222,,,,,,,,,,,,0.0887,99.5695,,,,,,0.0,,
IE0002FCUS29,,,,,1.414,0.0795,,,,,0.2536,,,,0.0006,,,,,3.0594,,0.0432,2.0196,0.0282,,,,0.0102,,0.3745,,,0.0036,,,,,0.2562,2.1268,,,2.3891,,0.0593,,,,,0.3694,0.0436,,0.0001,0.0708,,2.269,,0.2393,0.7006,,,4.9773,,,,,0.054,,,,,,,,,,0.1235,,,0.1907,,,,,1.2421,0.0407,,0.1492,,,,,,0.0513,0.042,0.1224,0.0452,,0.048,,,,,,,,,0.3973,,,0.3807,2.2836,0.8694,,,0.7598,1.9977,3.1043,,0.1159,,,0.0634,,,,0.1294,3.0863,63.935,,,,,,-0.0196,,
IE0002FPYN09,,,,,,,,,,,,,,,,,,,,,,,,,,,,,,,,,,,,,,,,,,,,,,,,,,,,,,,,,,,,,,,,,,,,,,,,,,,,,,,,,,,,,,,,,,,,,,,,,,,,,,,,,,,,,,,,,,,,,,,,,,,,,,,,,,,,,,,,
IE0002G3KSC2,,,,,,,,,,,,,,,,,,,,,,,,,,,,,,,,,,,,,,,1.53,,,,,,,,,,,,,,,,1.74,,,1.63,,,,,,,,,,,,,,,,,,,,,,,,,,1.78,,,,,,,,,,,,,,,,,,,,,,,,,,,,,,,,1.04,,,,,,,,,,,4.47,33.05,,,,,,,,54.76
IE0002H3JQ66,,,,,1.2893,,,,,,0.1527,,0.0065,,0.238,,,,,3.4783,,0.1169,0.3635,,,,,,,,,,,,,,,,0.1765,,,0.7929,,,,,,,0.0502,,,,,,0.4911,,,0.0111,,,2.8135,,,,,,,,,,,,0.0508,0.0664,,,,,0.1176,,,,,0.6005,,,,,,,,,,,,,,,,,,,,,,,,,,,,0.7893,,,,0.3325,0.022,,,,,,,,,,4.7014,83.339,,,,,,,,
IE0002HWPU75,,,,,3.8,,,,,,,,,,,,,,,9.97,,,,,,,,,,,,,,,,,,2.22,5.0,,,5.69,,,,,,,2.81,,,,,,,,,4.75,,,8.97,,,,,,,,,,,,,,,,,,,,,,,,,,1.91,,,,,,,,1.2,,,,,,,,,,,,2.87,,,,,,,,,6.7,,,,,,,,,,,12.11,28.6,,,,,,,,3.4
IE0002L5QB31,,,,,,,,,,,,,,,,,,,,,,,,,,,,,,,,,,,,,,,,,,,,,,,,,,,,,,,,,,,,,,,,,,,,,,,,,,,,,,,,,,,,,,,,,,,,,,,,,,,,,,,,,,,,,,,,,,,,,,,,,,,,,,,,,,,,,,,,
IE0002LI4M98,,,,,,,,,,,,,,,,,,,,,,,,,,,,,,,,,,,,,,,,,,,,,,,,,,,,,,,,,,,,,,,,,,,,,,,,,,,,,,,,,,,,,,,,,,,,,,,,,,,,,,,100.0,,,,,,,,,,,,,,,,,,,,,,,,,,,,,,,,,
IE0002LUYGW0,,,,,0.02,,,,,,,,,,0.2,,,,,4.4,,0.03,,,,,,,0.01,,,,,,,,,,,,,,,,,,,,,,,,,,,,,,,,,,,,,,,,,,,,,,,,,,,,,,,0.1,,,,,,,,,,,,,,,,,,,,,,,,,,,,,,,,0.1,,,0.02,,,,,,,,0.05,95.0,,,,,0.03,,,
IE0002OP0LA0,,,,,,1.1847,,,,,0.6495,,,,,,,,,0.0987,,,,,,,,,,0.1543,,,,,,,,0.7827,22.7524,,,11.5339,,1.2461,,,,,,,,,,,0.851,,,13.0413,,,3.1195,0.2526,,,,,,,,,,0.1365,7.0155,,,,,,,,,,,4.7695,,,0.0379,,,,,,,,,,,,,,,,,,,,,,0.9046,,,2.4763,,,3.5851,0.7922,,,,,,,,,,,9.2519,14.945,,,,,,,0.4188,
IE0002PG6CA6,,,,,23.75,,,,,,,,,,1.31,,,,,3.21,,4.8,34.92,,,,,,,,,,,,,,,,,,,,,,,,,,,,,,,,,,,,,,,,,,,,,,,,,,,,,,,,,,,,,2.21,,,,,,,,,,,,,,,,,,,,,,,,,,,,,,,,1.85,,,,,,,,,,,,21.71,,,,,,,,6.24
IE0002PPCMH6,,,,,,,,,,,,,,,,,,,,,,,,,,,,,,,,,,,,,,,,,,,,,,,,,,,,,,,,,,,,,,,,,,,,,,,,,,,,,,,,,,,,,,,,,,,,,,,,,,,,,,,,,,,,,,,,,,,,,,,,,,,,,,,,,,,,,,,,
IE0002RPS3K2,,,,,,,,,,,,,,,,,,,,10.01,,,2.86,,,,,,,,,,,,,,,,,,,4.02,,,,,,,,,,,,,,,,,,,,,,,,,,,,,,,,,,,,,,,,,,,,,4.24,,,,,,,,,,,,,,,,,,,,,,,,18.47,,,,1.36,,,,,,,,,,,,19.84,38.97,,,,,,,,0.23
IE0002SCQ8X0,,,,,,,,,,,,,,,,,,,,,,,,,,,,,,,,,,,,,,,,,,,,,,,,,,,,,,,,,,,,,99.9907,,,,,,,,,,,,,,,,,,,,,,,,,,,,,,,,,,,,,,,,,,,,,,,,,,,,,,,,,,,,,,,,,,0.0046,0.0036,,,,,,0.0011,,
IE0002THYAT9,,,,,2.58,,,,,,,,,,,,,,,5.46,,,,,,,,,,,,,,,,,,,3.5,,,3.44,,,,,,,,,,,,,1.58,,,1.24,,,9.08,,,,,,,,,,,,,,,,,,,,,,,1.56,,,,,,,,,,,,,,,,,,,,,,,,,,,,1.51,,,1.32,4.32,,,,,,,,,,,5.81,52.85,,,,,,,,5.75
IE0002U1PIC8,,,,,,,,,,,,,,,,,,,,,,,,,,,,,,,,,,,,,,,,,,,,,,,,,,,,,,,,,,,,,,,,,,,,,,,,,,,,,,,,,,,,,,,,,,,,,,,,,,,,,,,,,,,,,,,,,,,,,,,,,,,,,,,,,,,,,,,,
IE0002UMVXQ1,,,,,,,,,,,,,,,,,,,,,,,,,,,,,,,,,,,,,,,,,,,,,,,,,,,,,,,1.24,,,,,,,,,,,,,,,,,,,,,,,,,,,,,,,,,,,,,,,,,,,,,,,,,,,,,,,,,,,,,,,,,,,,,,,,,97.01,,,,,,,,1.75
IE0002VEN3U3,,,,,1.57,,,,,,,,,,,,,,,3.28,,,,,,,,,,,,,,,,,,,2.12,,,2.08,,,,,,,,,,,,,1.56,,,,,,5.62,,,,,,,,,,,,,,,,,,,,,,,1.82,,,,,,,,,,,,,,,,,,,,,,,,,,,,,,,,2.67,,,,,,,,,,,3.56,69.7,,,,,,,,6.02
IE0002VU15G5,,,,,1.26,,,,,,,,,,,,,,,2.39,,,4.75,,,,,,,,,,,,,,,,2.48,,,1.68,,,,,,,,,,,,,,,,,,,4.98,,,,,,,,,,,,,,,,,,,,,,,2.41,,,,,,,,,,,,,,,,,,,,,,,,,,,3.37,,,,,1.84,4.27,,,,,,,,,,2.58,59.83,,,,,,,,8.16
IE0002VV7CV3,,,,,1.25,,,,,,,,,,,,,,,,,,,,,,,,,,,,,,,,,,6.37,,,8.36,,1.02,,,,,,,,,,,1.72,,,5.24,,,,,,,,,,,,,,,1.28,,,,,,,,,,,1.11,,,,,,,,,,,,,,,,,,,,,,,,,,,,6.98,,,,3.88,,,,,,,,,,,12.65,9.29,,,,,,,,40.85
IE0002W8NB38,,,,,,,,,,,,,,,,,,,,,,,,,,,,,,,,,,,,,,,,,,,,,,,,,,,,,,,1.13,,,,,,,,,,,,,,,,,,,,,,,,,,,,,,,,,,,,,,,,,,,,,,,,,,,,,,,,,,,,,,,,,,,,,,,,,97.47,,,,,,,,1.4
IE0002XFS025,,,,,1.96,,,,,,,,,,,,,,,3.08,,,,,,,,,,,,,,,,,,,3.13,,,1.41,,,,,,,,,,,,,,,,1.16,,,6.14,,,,,,,,,,,,,,,,,,,,,,,2.26,,,,,,,,,,,,,,,,,,,,,,,,,,,,1.26,,,,1.6,,,,,,,,,,,6.07,68.24,,,,,,,,3.69
IE0002Y8CX98,,,,,,,,,,,,,,,,,,,,,,,,,,,,,,,,,,,,,,,27.94,,,15.17,,,,,,,,,,,,,,,,7.15,,,,,,,,,,,,,,,,,,,,,,,,,,8.65,,,,,,,,,,,,,,,,,,,,,,,,,,,,1.37,,,6.8,,,,,,,,,,,,25.63,,,,,,,,,7.29
IE0002YHUWS3,,,,,,,,,,,,,,,,,,,,,,,,,,,,,,,,,,,,,,,,,,,,,,,,,,,,,,,,,,,,,,,,,,,,,,,,,,,,,,,,,,,,,,,,,,,,,,,,,,,,,,,,,,,,,,,,,,,,,,,,,,,,,,,,,,,,,,,,
IE0002Z12PN9,,,,,,,,,,,,,,,,,,,,,,,,,,,,,,,,,,,,,,,,,,,,,,,,,,,,,,,,,,,,,,,,,,,,,,,,,,,,,,,,,,,,,,,,,,,,,,,,,,,,,,,,,,,,,,,,,,,,,,,,,,,,,,,,,,,,,,,,
IE00032L0R44,,,,,0.6645,,,,,,0.1672,,0.2545,,0.3488,,,,,2.9986,,,0.5962,,,,,,,,,,,,,,,,,,,,,,,,,,,,,,,,0.7198,,,,,,2.6164,,,,,,,,,,,,,,,,,,1.3335,,,,,0.3297,,,,,,,,,,,,,,,,,,,,,,,,,,,,1.1585,,,,0.673,,,,,,,,,,,1.0965,87.0426,,,,,,0.0003,,
IE00032YLFR3,,,,,,,,,,,,,0.4204,,,,,,,0.1227,,,,,,,,,,,,,,,,,,,,,,,,,,,,,,,,,,,1.3298,,,,,,,,,,,,,,,,,,,,,,,,,,,,,,,,,,,,,,,,,,,,,,,,,,,,0.3622,,,,,,,,,0.1196,,,,,,,,,,,,97.614,,,,,,0.0313,,
IE00034XRBU1,,,,,1.38,,,,,,0.31,,0.09,,,,,,,2.09,,,,,,,,,,,,,,,,,,,0.21,,,0.79,,,,,,,0.22,,,,,,0.38,,,,,,3.09,,,,,,,,,,,,,0.13,,,,,,,,,,0.31,,,,,,,,,,,,,,,,,,,,,,,,,,,,1.14,,,,,,,,,,,,,,,2.51,86.91,,,,,,0.44,,
IE00035F1RO6,,,,,,,,,,,,,,,,,,,,,,,,,,,,,,,,,,,,,,,,,,,,,,,,,,,,,,,,,,,,,,,,,,,,,,,,,,,,,,,,,,,,,,,,,,,,,,,,,,,,,,,,,,,,,,,,,,,,,,,,,,,,,,,,,,,,,,,,
IE00036F4K40,,,,,1.243,,,,,,,,,,,,,,,0.001,,,0.8255,,,,,,,3.9201,,,,,,,,,2.3454,,,0.0393,,,,,,,0.0017,,,,,,2.2269,,,0.2147,,,2.29,,,,,,,,,,,,,,,,,,0.0796,,,,,2.3574,,,,,,,,,,,,,,,,,,,,,,,,,,,0.0163,0.0285,,,0.6603,1.0234,0.4262,,,,,,,,,,5.4176,76.8828,,,,,,,,0.0003
IE000389GTC0,,,,,2.07,1.46,,,,,1.23,,,,,,,,,2.35,,,,,,,,,,1.03,,,,,,,,1.46,4.03,,,16.24,,,,,,,,,,,,,,,,1.91,,,11.65,,,,,,,,,,,,,,,,,,,,,,,3.8,,,,,,,,,,,,,,,,,,,,,,,,,,,1.39,1.59,,,,1.55,,,,,,,,,,,5.37,14.98,,,,,,,,27.89
IE0003A512E4,,,,,,,,,,,,,,,,,,,,3.64,,,2.02,,,,,,,,,,,,,,,,,,,,,,,,,,,,,,,,,,,,,,,,,,,,,,,,,,,,,,,,,,,,,,,,,,,,,,,,,,,,,,,,,,,,,,,,,,,,1.47,,4.59,,,,,,,,,,,83.24,,,,,,,,5.04
IE0003B4BV34,,,,,,,,,,,,,,,,,,,,,,,,,,,,,,,,,,,,,,,,,,,,,,,,,,,,,,,,,,,,,,,,,,,,,,,,,,,,,,,,,,,,,,,,,,,,,,,,,,,,,,,,,,,,,,,,,,,,,,,,,,,,,,,,98.17,,,,,,,,1.83
IE0003B6RHN4,,,,,,,,,,,,,,,,,,,,,,,,,,,,,,,,,,,,,,,,,,,,,,,,,,,,,,,,,,,,,99.57,,,,,,,,,,,,,,,,,,,,,,,,,,,,,,,,,,,,,,,,,,,,,,,,,,,,,,,,,,,,,,,,,,,,,,,,,,,0.43
IE0003B9KF87,,,,,2.88,,,,,,2.49,,,,,,,,,0.34,,,1.56,,,,0.34,,,4.04,,,,,,,,,14.37,,,9.64,,,,,,,,,,,,,1.17,,,5.76,,,1.43,,,,,,,0.16,,,,,1.58,,,,,,,,,,,4.94,,,1.39,,,,,,,,0.16,0.65,,0.49,,0.31,,,0.66,,,,0.48,0.17,,,,6.39,,,2.22,3.51,,,,,,,,,,0.65,11.44,20.03,,,,,,0.74,,
IE0003BJ2JS4,,,,,8.69,,,,,,,,,,,,,,,16.57,,,3.67,,,,,,,,,,,,,,,,3.27,,,,,,,,,,4.09,,,,,,,,,,,,,,,2.3,,,,,,,,,,,,,,,,,,,,,,,,,,,,,,,,,,,,,,,,,,,,,,,4.9,,,,,,,,,,,,,,,,5.83,38.89,,,,,,,,11.79
IE0003CEOZG5,,,,,,,,,,,,,,,,,,,,2.09,,,,,,,,,,,,,,,,,,,1.68,,,,,,,,,,,,,,,,,,,5.42,,,1.09,,,,,,,,,,,,,,,,,,3.3,,,,,,,,,,,,,,,,,,,,,,,,,,,,,,,,,1.36,,,,,,,,,,,,,,,2.28,12.48,,,,,,,,70.3
IE0003HUCA83,,,,,1.56,,,,,,1.16,,,,,,,,,1.46,,,,,,,,,,,,,,,,,,,6.16,,,4.5,,,,,,,,,,,,,,,,5.14,,,5.99,,,,,,,,,,,,,,,,,,,,,,,1.1,,,,,,,,,,,,,,,,,,,,,,,,,,,,3.58,,,,,,,,,,,,,,,5.0,32.11,,,,,,,,32.24
IE0003HV7CS6,,,,,0.2765,0.3027,,,,,1.5846,,,,0.1486,,,,,,,,0.2769,,,,,0.1415,,1.4376,,,,,,,,1.3845,22.5964,,,13.5184,,0.7456,,,,,,,,,,,1.7417,,,14.0627,,,3.1747,,,,,,,,,,,,1.2942,,,,,,,,,,,1.9155,,,,,,,,,,,0.1382,1.2296,,,,,,,,,,,,,,0.1529,,3.4066,,,3.1442,1.141,,,,,,,,,,,5.4638,20.7071,,,,,,0.0144,,
IE0003JSNHV9,,,,,1.41,,,,,,,,,,,,,,,4.21,,,,,,,,,,,,,,,,,,,2.44,,,1.76,,,,,,,1.01,,,,,,1.42,,,1.11,,,5.01,,,,,,,,,,,,,,,,,,,,,,,2.44,,,,,,,,,,,,,,,,,,,,,,,,,,,,,,,,2.95,,,,,,,,,,,3.11,67.78,,,,,,,,5.35
IE0003KQ8JX1,,,,,,,,,,,,,,,,,,,,,,,,,,,,,,,,,,,,,,,,,,,,,,,,,,,,,,,,,,,,,,,,,,,,,,,,,,,,,,,,,,,,,,,,,,,,,,,,,,,,,,,,,,,,,,,,,,,,,1.65,,,,,,,,,,,93.57,,,,,,,,4.78
IE0003L6OAY1,,,,,,,,,,,,,,,,,,,,,,,,,,,,,,,,,,,,,,,,,,,,,,,,,,,,,,,,,,,,,,,,,,,,,,,,,,,,,,,,,,,,,,,,,,,,,,,,,,,,,,,,,,,,,,,,,,,,,,,,,,,,,,,,,,,,,,,,
IE0003LGI4Z6,,,,,1.485,,,,,,0.407,,0.1431,,0.3039,,,,,3.7408,,0.0298,0.053,,,,,,,,,,,,,,,,0.7768,,,0.5903,,,,,,,0.1037,,,,,,1.8263,,,0.0855,,,1.5704,,,,,,,,,,,,0.0959,0.0298,,,,,0.2261,,,,,0.3,,,,,,,,,,,,,,,,,,,,,,,,,,0.0766,0.0442,0.2734,,,,0.6727,,,,,,,,,,,3.0509,84.1153,,,,,,,,
IE0003MKK4H3,,,,,,,,,,,,,,,,,,,,,,,,,,,,,,,,,,,,,,,,,,,,,,,,,,,,,,,,,,,,,,,,,,,,,,,,,,,,,,,,,,,,,,,,,,,,,,,,,,,,,,,,,,,,,,,,,,,,,,,,,,,,,,,84.93,,,,,,,,,15.07
IE0003OZJ573,,,,,,,,,,,,,,,,,,,,,,,,,,,,,,,,,,,,,,,,,,,,,,,,,,,,,,,,,,,,,,,,,,,,,,,,,,,,,,,,,,,,,,,,,,,,,,,,,,,,,,,,,,,,,,,,,,,,,,,,,,,,,,,,,,,,,,,,
IE0003R87OG3,,,,,,,,,,,,,,,,,,,,,,,,,,,,,,,,,,,,,,,,,,,,,,,,,,,,,,,,,,,,,,,,,,,,,,,,,,,,,,,,,,,,,,,,,,,,,,,,,,,,,,,,,,,,,,,,,,,,,,,,,,,,,,,,,,,,,,,,
IE0003RA2ZR3,,,,,3.72,,,,,,,,,,,,,,,,,0.2,,,,,,,,,,,,,,,,,,,,,,0.07,,,,,0.36,,,,,,,,,1.52,,,,,,,,,,,,,,,,,,,,,,,,,,,,,,,,,,,0.24,,,,,,,,,,,,,,,,,0.59,,,,,,,,,,,,,,,,,79.92,12.89,,,,,,0.49,,
IE0003RQ9F90,,,,,,,,,,,,,,,,,,,,,,,,,,,,,,,,,,,,,,,,,,,,,,,,,,,,,,,,,,,,,,,,,,,,,,,,,,,,,,,,,,,,1.58,,,,,,,,,,,,,,,,,,,,,,,,,,,,,,,,,,,,,,,,,,,1.88,92.9,,,,,,,,3.64
IE0003UH9270,,,,,,,,,,,,,,,,,,,,,,,,,,,,,,,,,,,,,,,,,,,,,,,,,,,,,,,1.7,,1.16,,,,,,,,,,,,,,,,,,,,,,,,,,,,,,,,,,,,,,,,,,,,,,,,,,,,,,,,,,,2.89,,,,,,,,,,,78.49,,,,,,,,,15.76
IE0003UN5CT1,,,,,,,,,,,1.3,,,,,,,,,,,,,,,,,,,3.62,,,,,,,,1.33,14.8,,,13.23,,,,,,,,,,,,,1.34,,,4.85,,,,,,,,,,,,,,,,,,,,,,,,,,11.65,,,,,,,,,,,,,,,,,,,,,,,,,,,,4.76,,,4.66,15.17,,,,,,,,,,,20.84,,,,,,,,,2.45
IE0003UVYC20,,,,,,,,,,,,,,,,,,,,1.57,,,,,,,,,,,,,,,,,,,4.72,,,3.58,,,,,,,,,,,,,2.28,,,,,,10.04,,,,,,,,,,,,,,,,,,,,,,,3.21,,,,,,,,,,,,,,,,,,,,,,,1.23,,,,,1.63,,,,2.39,,,,,,,,,,,1.49,62.33,,,,,,,,5.53
IE0003VC1PW8,,,,,,,,,,,,,,,,,,,,,,,28.2,,,,,,,,,,,,,,,,,,,,,,,,,,6.8,,,11.54,,,,,,,,,,,,,,,,,,,,,,,,1.72,,,,,,,,,,,,,,,,,,,,,,,,,,,,,,,2.48,,,,17.4,,,,,,29.12,,1.69,,,,,,,,,,,,,,,,,1.05
IE0003WEWAX4,,,,,2.67,,,,,,,,,,,,,,,1.12,,,,,,,,,,3.82,,,,,,,,,2.83,,,3.69,,,,,,,,,,,,,2.76,,,,,,2.06,,,,,,,,,,,,,,,,,,,,,,,,,,,,,,,,,,,,,,,,,,,,,,,,,,,,,,,3.53,,,,,,,,,,,4.05,71.59,,,,,,,,1.88
IE0003XI1PW0,,,,,,,,,,,,,,,,,,,,,,,,,,,,,,,,,,,,,,,,,,,,,,,,,,,,,,,,,,,,,,,,,,,,,,,,,,,,,,,,,,,,,,,,,,,,,,,,,,,,,,,,,,,,,,,,,,,,,,,,,,,,,,,,,,,,,,,,
IE0003XJA0J9,,,,,1.5772,0.1024,,,,,0.2149,,,,0.4619,,,,,3.1219,,0.0623,2.6773,0.0324,,,,0.0193,,0.3647,,,0.0106,,,,,0.2534,1.932,,,1.855,,0.0786,,,,,0.4559,0.0432,,1.4782,0.0892,,0.1136,,0.3499,0.7285,,,5.6963,,,,,0.072,,,,,,,,,,0.1683,,,0.2265,,,,,1.1826,0.0697,,0.1918,,,,,,,0.0359,0.1507,0.0439,,0.0566,,,,,0.2995,,,,0.4116,,,0.3262,2.3116,0.8086,,,0.8362,1.8645,3.2612,,0.2026,,,0.1171,,,,0.225,3.1002,62.3189,,,,,,,,
IE0003XW12I8,,,,,,,,,,,,,,,,,,,,,,,,,,,,,,,,,,,,,,,,,,,,,,,,,,,,,,,,,,,,,,,,,,,,,,,,,,,,,,,,,,,,,,,,,,,,,,,,,,,,,,,,,,,,,,,,,,,,,,,,,,,,,,,,,,,,,,,,
IE0003Z9E2Y3,,,,,12.44,,,,,,,,,,,,,,,36.22,,,8.22,,,,,,,,,,,,,,,,,,,3.1,,,,,,,,,,,,,,,,,,,5.94,,,,,,,,,,,,,,,,,,,,,,,,,,,,,,,,,,5.17,,,,,,,,,,,,,,,,,,,,4.97,5.3,,,,,,,,,,,5.26,10.41,,,,,,,,2.97
IE0003ZXNJY5,,,,,,,,,,,,,,,12.9328,,,,,4.3574,,1.9145,7.0615,,,,,,,,,,,,,,,9.6548,,,,,,,,,,,0.0029,,,,2.2588,,,,,,,,11.7696,,,,,,,,,,,,,,,,,,,,,,,,,,,,,,,,,,,1.4634,,,,,,,,,,,,,,1.7738,,,,,10.4661,,0.0034,,2.7701,,,,,,,,6.9406,26.7671,,,,,,-0.1368,,
IE00041H4WT9,,,,,,,,,,,,,,,,,,,,,,,,,,,,,,,,,,,,,,,,,,,,,,,,,,,,,,,,,,,,,,,,,,,,,,,,,,,,,,,,,,,,,,,,,,,,,,,,,,,,,,,,,,,,,,,,,,,,,,,,,,,,,,,,,,,,,,,,
IE00042EX8S2,,,,,,,,,,,,,,,,,,,,,,,,,,,,,,,,,,,,,,,,,,,,,,,,,,,,,,,,,,,,,,,,,,,,,,,,,,,,,,,,,,,,,,,,,,,,,,,,,,,,,,,,,,,,,,,,,,,,,,,,,,,,,,,,,,,,,,,,
IE00043CMIN7,,,,,,,,,,,,,,,,,,,,,,,,,,,,,,,,,,,,,,,,,,,,,,,,,,,,,,,0.027,,,,,,,,,,,,,,,,,,,,,,,,,,,,,,,,,,,,,,,,,,,,,,,,,,,,,,,,,,,,,,,,,,,,,,,,0.0079,99.948,,,,,,0.0171,,
IE00043L4HU0,,,,,,,,,,,,,,,,,,,,,,,,,,,,,,,,,,,,,,,,,,,,,,,,,,,,,,,,,,,,,,,,,,,,,,,,,,,,,,,,,,,,,,,,,,,,,,,,,,,,,,,,,,,,,,,,,,,,,,,,,,,,,,,,99.9994,,,,,,0.0005,,
IE00043ZI3D8,,,,,,,,,,,,,,,,,,,,,,,,,,,,,,,,,,,,,,,,,,,,,,,,,,,,,,,,,,,,,,,,,,,,,,,,,,,,,,,,,,,,,,,,,,,,,,,,,,,,,,,,,,,,,,,,,,,,,,,,,,,,,,,,,,,,,,,,
IE000472H9T4,,,,,,,,,,,,,,,,,,,,,,,,,,,,,,,,,,,,,,,,,,,,,,,,,,,,,,,,,,,,,,,,,,,,,,,,,,,,,,,,,,,,1.58,,,,,,,,,,,,,,,,,,,,,,,,,,,,,,,,,,,,,,,,,,,1.89,94.63,,,,,,,,1.9
IE00048C5NZ0,,,,,,,,,,,,,,,,,,,,,,,,,,,,,,,,,,,,,,,3.13,,,2.14,,,,,,,,,,,,,2.3,,,2.33,,,,,,,,,,,,,,,,,,,,,,,,,,,,,,,,,,,,,,,,,,,,,,,,,,,,,,1.65,,,,1.64,,,,,,,,,,,4.51,31.15,,,,,,,,51.15
IE00048UULY2,,,,,2.17,2.81,,,,,,,,,,,,,,1.53,,,,,,,,,,3.29,,,,,,,,2.13,14.73,,,7.99,,,,,,,,,,,,,2.99,,,2.43,,,,,,,,,,,,,,,,,,,,,,,,,,6.18,,,1.01,,,,,,,,,,,,,,,,,,,,,,,,,2.9,,,6.84,1.04,,,,,,,,,,,7.4,11.87,,,,,,,,22.69
IE0004993469,,,,,,,,,,,,,,,,,,,,,,,,,,,,,,,,,,,,,,,,,,,,,,,,,,,,,,,1.93,,,,,,,,,,,,,,,,,,,,,,,,,,,,,,,,,,,,,,,,,,,,,,,,,,,,,,,,,,,,,,,,,,,,,,,,,95.22,,,,,,,,2.85
IE00049BN7O1,,,,,,,,,,,,,,,,,,,,,,,,,,,,,,,,,,,,,,,,,,,,,,,,,,,,,,,1.81,,,,,,,,,,,,,,,,,,,,,,,,,,,,,,,,,,,,,,,,,,,,,,,,,,,,,,,,,,,,,,,,,,,,,,,,,96.78,,,,,,,,1.41
IE00049LEBV0,,,,,0.9605,,,,,,,,,,0.449,,,,,5.3239,,,,,,,,,,,,,,,,,,,,,,0.2925,,,,,,,,,,,,,0.7944,,,,,,1.0233,,,,,,,,,,,,0.6146,,,,,,0.542,,,,,0.7277,,,,,,,,,,,,,,,,,,,,,,,,,,,,,,,,0.8422,0.3699,,,,,,,,,,0.9111,87.1476,,,,,,0.0012,,
IE00049TNTV6,,,,,,,,,,,2.25,,,,,,,,,,,,,,,,,,,,,,,,,,,,1.73,,,3.27,,,,,,,,,,,,,,,,11.56,,,,,,,,,,,,,,,,,,,,,,,,,,4.24,,,,,,,,,,,,,,,,,,,,,,,,,,,,2.7,,,,,,,,,,,,,,,4.04,4.01,,,,,,,,66.2
IE0004CIQ1O4,,,,,1.4617,0.0415,,,,,0.2217,,,,,,,,,3.5734,,,,,,,,,,0.6809,,,,,,,,0.4295,2.7996,,,1.0269,,,,,,,0.4718,,,,,,0.1714,,0.095,0.4757,,,7.2708,,,,,,,,,,,,,,,,,,,,,,,3.3677,0.0351,,0.205,,,,,,,,,0.0423,,,,,,,,,,,0.3754,,,,,0.811,,,1.3194,2.3001,,,,,,,,,,,3.541,69.283,,,,,,,,
IE0004D7VJE6,,,,,,,,,,,,,,,,,,,,,,,,,,,,,,,,,,,,,,,,,,,,,,,,,,,,,,,,,,,,,,,,,,,,,,,,,,,,,,,,,,,,,,,,,,,,,,,,,,,,,,,,,,,,,,,,,,,,,,,,,,,,,,,,,,,,,,,,
IE0004GONJX4,,,,,,,,,,,,,,,,,,,,,,,,,,,,,,,,,,,,,,,,,,,,,,,,,,,,,,,,,,,,,,,,,,,,,,,,,,,,,,,,,,,,,,,,,,,,,,,,,,,,,,,,,,,,,,,,,,,,,,,,,,,,,,,,,,,,,,,,
IE0004HBJKG0,,,,,1.4913,0.0868,,,,,0.2073,,0.0655,,0.4694,,,,,3.0326,0.0718,0.0566,2.1339,0.041,,,,0.0192,,0.3641,,,0.0092,,,,,0.2836,1.906,,,1.7571,,0.0501,,,,,0.8366,0.0181,,1.2294,0.0445,,1.0306,,0.2634,0.7576,,,5.1081,,,,,0.0595,,,,,,,0.1591,0.0093,,0.1372,,,0.212,,,,,1.5366,0.0685,,0.2643,,,,,,0.047,0.0129,0.1028,0.0552,,0.0505,,,,,0.3399,,,,0.658,,,0.2992,2.3671,0.8755,,,0.5996,2.3937,2.9383,,0.103,,,0.0325,,,,0.1391,3.3581,61.6293,0.0845,,,,,0.1335,,
IE0004HE5624,,,,,,,,,,,,,,,,,,,,,,,,,,,,,,,,,,,,,,,,,,,,,,,,,,,,,,,,,,,,,,,,,,,,,,,,,,,,,,,,,,,,,,,,,,,,,,,,,,,,,,,,,,,,,,,,,,,,,,,,,,,,,,,,,,,,,,,,
IE0004HMINW0,,,,,,,,,,,,,,,,,,,,,,,,,,,,,,,,,,,,,,,,,,,,,,,,,,,,,,,,,,,,,,,,,,,,,,,,,,,,,,,,,,,,,,,,,,,,,,,,,,,,,,,,,,,,,,,,,,,,,,,,,,,,,,,,,,,,,,,,
IE0004I037N4,,,,,,,,,,,,,,,4.39,,,,,,,,22.91,,,,,,,,,,,,,,,,,,,,,,,,,,1.18,,,16.85,,,,,,,,,,,,,,,,,,,,,,,,1.6,,,2.36,,,,,,,,,,,,,,,,,,,,,,,,3.41,,,,,,,3.39,,,,,,,32.86,,1.54,,,1.09,,,,1.72,,,,,,,,,,6.7
IE0004IR5U82,,,,,4.38,1.58,,,,,4.97,,,,,,,,,5.33,,2.12,,,,,,,,1.47,,,,,,,,,3.39,,,15.77,,,,,,,1.32,,,,1.71,,1.78,,,5.32,,,1.43,,,,,,,,,,,,9.82,,,,,,,,,,,3.67,,,2.1,,,,,,,,,,,,,,,,,,,,,,,,2.06,1.01,,,4.37,1.93,,,,,,,,,,,1.02,10.37,,,,,,,,13.08
IE0004J37T45,,,,,,,,,,,,,0.125,,,,,,,,,,,,,,,,,,,,,,,,,,,,,,,,,,,,,,,,,,2.0409,,,,,,,,,,,,,,,,,,,,,,,,,,,,,0.1453,,,,,,,,,,,,,,,,,,,,,,,0.482,,,,,,,,,0.3697,,,,,,,,,,,0.7018,96.0996,,,,,,0.0359,,
IE0004J6PFL7,,,,,,,,,,,,,,,,,,,,,,,,,,,,,,,,,,,,,,,,,,,,,,,,,,,,,,,0.0313,,,,,,,,,,,,,,,,,,,,,,,,,,,,,,,,,,,,,,,,,,,,,,,,,,,,,,,,,,,,,,,,,,,,,,,,99.5316,0.0005,,,,,,0.4366,,
IE0004L7EQG2,,,,,,,,,,,,,,,,,,,,,,,,,,,,,,,,,,,,,,,,,,,,,,,,,,,,,,,,,,,,,,,,,,,,,,,,,,,,,,,,,,,,,,,,,,,,,,,,,,,,,,,,,,,,,,,,,,,,,,,,,,,,,,,,,,,,,,,,
IE0004L9EID2,,,,,,,,,,,,,,,,,,,,,,,,,,,,,,,,,,,,,,,,,,,,,,,,,,,,95.2041,,,,,,,,,,,,,,,,,,,,,,,,,,,,,,,,,,,,,,,,,,,,,,,,,,,,,,,,,,,,,,,,,,,,,,,,,,,,0.0189,,,,,,0.0074,4.7697,
IE0004LCA3I5,,,,,,,,,,,,,,,,,,,,,,,,,,,,,,,,,,,,,,,,,,,,,,,,,,,,,,,0.071,,,,,,,,,,,,,,,,,,,,,,,,,,,,,,,,,,,,,,,,,,,,,,,,,,,,,,,,,99.9155,,,,,,,,,,,,,,,0.001,0.0099,,,,,,0.0026,,
IE0004MXQ328,,,,,,,,,,,,,,,,,,,,1.92,,,,,,,,,,,,,,,,,,,,,,,,,,,,,,,,,,,1.41,,,,,,,,,,,,,,,,,,,,,,,,,,,,,2.11,,,,,,,,,,,,,,,,,,,,,,,,,,,,,,,,,,,,,,,,,,,2.97,64.69,,,,,,,,26.9
IE0004OXDQN6,,,,,,,,,,,,,,,,,,,,,,,,,,,,,,,,,,,,,,,,,,,,,,,,,,,,,,,0.1332,,,,,,,,,,,,,,,,,,,,,,,,,,,,,,,,,,,,,,,,,,,,,,,,,,,,,,,,,,,,,,,,,,,,,,,,0.0004,99.8608,,,,,,0.0055,,
IE0004OYBZA6,,,,,,,,,,,,,,,,,,,,,,,,,,,,,,,,,,,,,,,,,,,,,,,,,,,,,,,0.1088,,,,,,,,,,,,,,,,,,,,,,,,0.0057,,,,,,,,,,,,,,,,,,,,,,,,,,,,,,,,,,,,,,,,,,,,,,,,0.0005,99.8841,,,,,,0.0009,,
IE0004QLESG4,,,,,10.8444,,,,,,0.1631,,,,,,,,,17.0552,,,,,,,,,,0.7969,,,,,,,,1.6979,2.7308,,,2.4156,,,,,,,,,,,,,,,0.1268,0.1172,,,7.2714,,,,,,,,,,,,,,,,,,,,,,,1.9315,,,0.8822,,,,,,,,,,,,,,,,,,,,,,,,,,,,2.1708,5.9923,,,,,,,,,,,6.8103,38.8609,,,,,,0.1327,,
IE0004QWOTD5,,,,,1.03,2.16,,,,,,,1.03,,,,,,,2.06,,,,,,,,,,1.05,,,,,,,,1.03,17.72,,,12.97,,1.03,,,,,,,,,,,,,,5.21,,,2.08,,,,,,,,,,,,1.07,,,,,,,,,,,6.26,1.02,,1.02,,,,,,,,,,,,,,,,,,,,,,,,,4.12,,,5.22,1.06,,,,,,,,,,,8.37,22.31,,,,,,2.17,,
IE0004TFW0R5,,,,,,,,,,,,,,,,,,,,,,,,,,,,,,,,,,,,,,,,,,,,,,,,,,,,,,,1.57,,,,,,,,,,,,,,,,,,,,,,,,,,,,,,,,,,,,,,,,,,,,,,,,,,,,,,,,,,,,,,,,,,,,,,,,,96.09,,,,,,,,2.34
IE0004TYCC17,,,,,1.383,,,,,,,,,,,,,,,8.0036,,,,,,,,,,,,,,,,,,,1.1249,,,0.1488,,,,,,,1.6983,,,,,,0.0097,,,0.3374,,,2.0705,0.077,,,,,,,,,,,,1.2327,,,,,,,,,,,,,0.7797,,,,,,,,,,,,,,,,,,,,,,,,,1.013,,,,,,,,,,,,,,,1.9223,80.0443,,,,,,,0.1548,
IE0004U3TX15,,,,,,,,,,,,,,,,,,,,,,,,,,,,,,,,,,,,,,1.08,,,,,,,,,,,,,,,,,,,,,,,1.4,,,,,,,,,,,,,,,,,,,,,,,,,,,,,,,,,,,,,,,,,,,,,,,,,,15.82,,,,,,7.43,,,,,,,,,,,72.77,,,,,,,,1.5
IE0004W4ZVJ5,,,,,,,,,,,,,,,,,,,,,,,,,,,,,,,,,,,,,,,,,,,,,,,,,,,,100.0,,,,,,,,,,,,,,,,,,,,,,,,,,,,,,,,,,,,,,,,,,,,,,,,,,,,,,,,,,,,,,,,,,,,,,,,,,,,,,,,,,,,
IE0004X8KUG5,,,,,,,,,,,,,,,,,,,,,,,,,,,,,,,,,,,,,,,,,,,,,,,,,,,,,,,,,,,,,,,,,,,,,,,,,,,,,,,,,,,,,,,,,,,,,,,,,,,,,,,,,,,,,,,,,,,,,,,,,,,,,,,,,,,,,,,,
IE0004YCLDW1,,,,,,0.6385,,,,,1.803,,,,,,,,,,,,,,,,,,,2.71,,,,,,,,1.8724,15.5048,,0.0002,13.1439,,,,,,,,,,,,,0.9147,,,5.4955,,,,,,,,,,,,,,,,,,,,,,,,,,7.972,,,1.2908,,,,,,,,1.0234,0.3014,,,,,,,,,,,,,,,,6.0237,,,4.8012,13.8732,,,,,,,,,,,22.5655,0.0441,,,,,,0.0218,,
IE0004YRJHW4,,,,,,,,,,,,,,,,,,,,96.76,,,,,,,,,,,,,,,,,,,,,,,,,,,,,,,,,,,,,,,,,,,,,,,,,,,,,,,,,,,,,,,,,,,,,,,,,,,,,,,,,,,,,,,,,,,,,,,,,,,,,,,,,,,,2.96,,,,,,,,0.28
IE0004ZJGWT9,,,,,,0.2314,,,,,1.7294,,,,,,,,,,,0.2691,0.8945,,,,,,,4.6811,,,,,,,,1.3784,16.3754,,,12.0481,,,,,,,,,,,,,1.6157,,,2.6767,,,,0.0582,,,,,,,,,,,1.3556,,,,,,,,,,,15.3804,,,0.9763,,,,,,,,0.072,0.3298,,,,,,,,,,,,,,,,2.4365,,,3.7724,17.4758,,,,,,,,,,,15.6946,0.514,,,,,,,,0.0345
IE0005042456,,,,,,,,,,,,,,,,,,,,,,,,,,,,,,,,,,,,,,,,,,,,0.1773,,,0.193,,,,,,,,0.3024,,,,,,,,,,,,,,,,,,,,,,,,,,,,,0.6108,,,,,,,,,,,,,,,,,,,,,,,,,,,,0.546,,,,,,,,,,,,,,,97.9895,0.1781,,,,,,0.0029,,
IE00050J4789,,,,,,,,0.046,,,,,1.0325,,,,,,,0.2079,0.0622,,,,0.0286,,,,,,,,,,,,,,0.0652,,,,,,,,0.0176,,,,,,,,0.4078,,0.0964,,,,,0.024,,,,,,,,,,,,,,,,,,,,,,0.149,,,,,,,,,,,,,0.4481,,,,,,,,,,0.097,,,,,,,,0.0848,0.1816,,,,,,,,,,,0.7745,96.2648,,,,,,0.0119,,
IE000512B9Q8,,,,,1.57,,,,,,,,,,,,,,,3.28,,,,,,,,,,,,,,,,,,,2.12,,,2.08,,,,,,,,,,,,,1.56,,,,,,5.62,,,,,,,,,,,,,,,,,,,,,,,1.82,,,,,,,,,,,,,,,,,,,,,,,,,,,,,,,,2.67,,,,,,,,,,,3.56,69.7,,,,,,,,6.02
IE000519M2U5,,,,,,,,,,,,,,,,,,,,,,,,,,,,,,,,,,,,,,,,,,,,,,,,,,,,,,,,,,,,,,,,,,,,,,,,,,,,,,,,,,,,,,,,,,,,,,,,,,,,,,,,,,,,,,,,,,,,,,,,,,,,,,,,,,,,,,,,
IE00052LHEF4,,,,,1.62,,,,,,,,,,,,,,,4.07,,,2.16,,,,,,,,,,,,,,,,2.17,,,,,,,,,,,,,1.06,,,,,,,,,3.28,,,,,,,,,,,,,,,,,,,,,,,1.84,,,,,,,,,,,,,,,,,,,,,,,,,,,2.02,,,,,3.05,3.36,,,,,,,,,,2.53,63.22,,,,,,,,9.62
IE00052T92P8,,,,,0.789,0.5408,,,,,0.5217,,,,,,,,,4.4196,,,,,,,,,,0.6416,,,,,,,,0.7649,3.745,,,3.0958,,,,,,,1.9049,,,,,,,,1.0497,7.767,,,3.2857,,,,,,,,,,,,,,,,,,,,,,,,1.0528,,,,,,,,,,,1.513,,,,,,,,,,,0.4149,,,,,12.0107,,,,,,,,,,,,,,,10.7994,45.6835,,,,,,,,
IE00053HJRU7,,,,,,,,,,,,,,,,,,,,,,,,,,,,,,,,,,,,,,,,,,,,,,,,,,,,,,,,,,,,,,,,,,,,,,,,,,,,,,,,,,,,,,,,,,,,,,,,,,,,,,,,,,,,,,,,,,,,,,,,,,,,,,,,,,,,,,,,
IE00053WDH64,,,,,,,,,,,4.57,,,,1.42,,,,,2.91,,,3.87,,,,,,,1.43,,,,,,,,,4.39,,,13.59,,,,,,,,,,,,,,,,1.59,,,24.05,,,,,,,,,,,,,,,,,,,,,,,1.86,,,2.45,,,,,,,,,,,,,,,,,,,,,,,1.59,8.51,1.52,,,1.9,4.27,5.07,,,,,,,,,,3.89,11.11,,,,,,-0.01,,
IE000544AJM3,,,,,10.32,,,,,,,,,,,,,,,3.61,,,29.09,,,,,,,,,,,,,,,,,,,,,,,,,,,,,,,,,,,,,,4.12,,,,,,,,,,,,,,,,,,4.6,,,,,,,,,,,,,,,,,,,,,,,,,,,,,,,10.58,,,,,3.53,,,,,,,,,,,,13.96,18.25,,,,,,,,1.94
IE00055OM853,,,,,,,,,,,,,,,,,,,,,,,,,,,,,,,,,,,,,,,,,,,,,,,,,,,,,,,0.0693,,,,,,,,,,,,,,,,,,,,,,,,0.0033,,,,,,,,,,,,,,,,,,,,,,,,,,,,,,,,,,,,,,,,,,,,,,,,0.0008,99.9248,,,,,,0.0018,,
IE00056AT4A2,,,,,,,,,,,,,,,,,,,,,,,,,,,,,,,,,,,,,,,,,,,,,,,,,,,,,,,,,,,,,100.0348,,,,,,,,,,,,,,,,,,,,,,,,,,,,,,,,,,,,,,,,,,,,,,,,,,,,,,,,,,,,,,,,,,0.1575,0.0004,,,,,,-0.1926,,
IE000578J297,,,,,,,,,,,,,,,,,,,,,,,,,,,,,,,,,,,,,,,,,,,,,,,,,,,,,,,0.0313,,,,,,,,,,,,,,,,,,,,,,,,,,,,,,,,,,,,,,,,,,,,,,,,,,,,,,,,,,,,,,,,,,,,,,,,99.5316,0.0005,,,,,,0.4366,,
IE000589MF42,,,,,,,,,,,,,,,,,,,,,,,,,,,,,,,,,,,,,,,,,,,,,,,,,,,,,,,0.1147,,,99.8776,,,,,,,,,,,,,,,,,,,,,,,,,,,,,,,,,,,,,,,,,,,,,,,,,,,,,,,,,,,,,,,,,,,,,0.0025,0.0034,,,,,,0.0017,,
IE00058B19U6,,,,,,,,,,,,,,,,,,,,,,,,,,,,,,,,,,,,,,,,,,,,,,,,,,,,,,,1.64,,,,,,,,,,,,,,,,,,,,,,,,,,,,,,,,,,,,,,,,,,,,,,,,,,,,,,,,,,,,,,,,,,,,,,,,,97.94,,,,,,,,0.42
IE00058MW3M8,,,,,,,,,,,,,,,,,,,,,,,,,,,,,,,,,,,,,,,,,,,,,,,,,,,,,,,1.81,,,,,,,,,,,,,,,,,,,,,,,,,,,,,,,,,,,,,,,,,,,,,,,,,,,,,,,,,,,,,,,,,,,,,,,,,96.63,,,,,,,,1.56
IE00059GZ051,,,,,0.4509,0.1489,,,,,0.3389,,,,0.0595,,,,,0.2006,,0.4235,3.1855,,,,,,,1.2516,,,,,,,,,5.6833,,,4.91,,,,,,,,,,,0.1025,,0.5102,,0.5413,0.0755,,,5.5217,,,,,,,,,,,,,,,0.0639,,,,,,,,0.0333,0.3893,,0.0487,,,,,,,0.0578,,0.7363,,,,,,,0.0255,,,,,,,,1.6472,4.9069,,,,1.0685,0.0394,,0.0173,,,0.1029,,,,0.1726,0.2583,67.0281,,,,,,,,
IE0005AJA0P1,,,,,3.34,,,,,,1.11,,,,,,,,,5.24,,,,,,,,,,,,,,,,,,1.26,4.69,,,4.07,,,,,,,1.94,,,,,,,,,2.62,,,16.82,,,,,,,,,,,,,,,,,,,,,,,1.93,,,1.83,,,,,,,,,,,,,,,,,,,,1.29,,,,3.59,2.4,,,2.33,4.11,,,,,,,,,,,6.73,29.16,,,,,,,,5.54
IE0005B8WVT6,,,,,,,,,,,,,,,,,,,,4.32,,,4.01,,,,,,,4.66,,,,,,,,,4.79,,,,,,,,,,,,,,,,5.36,,,,,,7.08,,,,,,,,,,,,,,,,,,,,,,,2.12,,,,,,,,,,,,,,,,,,,,,,,,,,,,,,,4.68,9.24,,,,,,,,,,,,53.06,,,,,,,,0.68
IE0005CH3U28,,,,,,,,,,,,,,,,,,,,,,,,,,,,,,,,,,,,,,,,,,,,,,,,,,,,,,,,,,,,,,,,,,,,,,,,,,,,,,,,,,,,,,,,,,,,,,,,,,,,,,,,,,,,,,,,,,,,,1.65,,,,,,,,,,,93.57,,,,,,,,4.78
IE0005E8B9S4,,,,,,,,,,,,,,,,,,,,,,,,,,,,,,,,,,,,,,,,,,,,,,,,,,,,,,,,,,,,,,,,,,,,,,,,,,,,,,,,,,,,,,,,,,,,,,,,,,,,,,,,,,,,,,,,,,,,,,,,,,,,,,,,100.0,,,,,,,,
IE0005E8N9I1,,,,,,,,,,,,,,,,,,,,,,1.08,,,,,,,,1.35,,,,,,,,,4.56,,,1.8,,,,,,,,,,,,,,,,1.65,,,1.15,,,,,,,,,,,,,,,,,,,,,,,1.59,,,,,,,,,,,,,,,,,,,,,,,,,,,,,,,2.64,2.09,,,,,,,,,,,3.5,49.52,,,,,,,,29.07
IE0005F2R613,,,,,2.04,1.64,,,,,1.21,,,,,,,,,0.42,,,0.37,,,,,1.66,,2.91,,,,,,,,0.82,18.5,,,14.68,,,,,,,,0.4,,,,,0.85,,,6.88,,,2.4,,,,,,,,,,,,1.64,,,,,,0.4,,,,,4.48,,,,,,,,,,,0.39,0.82,,0.4,,,,,,,,,,,,0.42,,6.21,,,2.02,1.93,,,,,,,,,,,9.43,16.87,,,,,,0.21,,
IE0005HG1US8,,,,,1.6117,1.6087,,,,,1.7825,,0.1228,,0.0476,,,,,1.2079,,,0.0443,,,0.0938,0.0398,0.2038,,2.0566,,,,,0.0317,,,1.5414,17.4841,,,12.8275,,0.8306,,,,,0.0661,0.2761,0.0162,,,,0.5381,,,6.5095,,,1.542,,,,,,,,,,,0.0637,0.6966,,,,0.0167,,0.1363,,,,,4.7575,0.4803,,1.1936,,,,,,,,0.5693,0.5439,,,,0.0331,,,,,,,0.0293,0.113,0.1576,0.0821,0.0615,6.8326,,,4.1091,1.9942,,,,,,,,,,,6.9311,20.2841,,,,,,,0.4318,
IE0005HNE843,,,,,,,,,,,,,,,,,,,,,,,,,,,,,,,,,,,,,,,,,,,,,,,,,,,,,,,,,,,,,,,,,,,,,,,,,,,,,,,,,,,,,,,,,,,,,,,,,,,,,,,,,,,,,,,,,,,,,,,,,,,,,,,,,,,,,,,,
IE0005KF09R2,,,,,1.67,0.14,,,,,0.58,,0.18,,,,,,,2.35,,0.07,0.17,,,,,,,0.44,,,,,,,,0.92,2.67,,,1.2,,,,,,,1.42,,,,,,0.2,,0.53,0.66,,,9.1,,,,,,,,,,,,0.07,,,,,,,,,,,1.99,,,0.37,,,,,,,,,0.35,,,,,,,,,,,0.55,,,,,0.58,,,0.46,1.84,,,,,,,,,,,2.49,68.76,,,,,,0.25,,
IE0005KLWSI2,,,,,,,,,,,,,,,,,,,,0.9612,0.4585,,,,,,,,,,,,,,,,,,,,,,,,,,,,,,,,,,1.8052,,,,,,,,,,,,,,,,,,,,,,,,,,,,,1.399,,,,,,,,,,,,,,,,,,,,,,,,,,,,,,,,,,,,,,,,,,,0.6794,94.6967,,,,,,,,
IE0005KNCL90,,,,,2.21,,,,,,,,,,1.1,,,,,1.79,,0.19,0.19,0.31,,,,,,,,,,,,,,,3.71,,,2.78,,,,,,,,,,,1.49,,1.45,,,0.42,,,2.2,,,,,,,,,,,,0.11,0.26,,,,,1.08,,,,,0.15,,,,,,,,,0.41,,,,,,,,,,,,,,,,,0.19,,1.09,,,,1.47,,,0.05,,,,,,,,6.57,70.28,,,,,,0.5,,
IE0005KVDHL8,,,,,,,,,,,,,,,,,,,,,,,,,,,,,,,,,,,,,,,,,,,,,,,,,,,,,,,97.67,,,,,,,,,,,,,,,,,,0.84,,,,,,,,,,,3.28,,,,,,,,,,,,,,,,,,,,,,,,,,,,,,,,,,,,,,,,,,,,0.65,,,,,,-2.43,,
IE0005MWBFR7,,,,,1.31,,,,,,,,,,,,,,,3.2,,,,,,,,,,,,,,,,,,,2.67,,,2.52,,,,,,,,,,,,,1.73,,,,,,5.59,,,,,,,,,,,,,,,,,,,,,,,2.24,,,,,,,,,,,,,,,,,,,,,,,,,,,,,,,,2.25,,,,,,,,,,,3.93,69.34,,,,,,,,5.22
IE0005NMTKY4,,,,,1.77,,,,,,1.01,,,,,,,,,1.38,,,4.97,,,,,,,,,,,,,,,,11.04,,,1.33,,,,,,,,,,,,,,,,4.55,,,9.1,,,,,,,,,,,,,,,,,,2.2,,,,,,,,,,,,,,,,4.58,,,,,,,,,,,,,,,,,3.44,,,,,,,,,,,,,,,3.18,13.43,,,,,,,,38.02
IE0005NYD352,,,,,0.1949,,,,,,1.2504,,,,,,,,,1.1391,,,,,,,,,,0.3858,,,,,,,,0.424,7.7893,,,0.8132,,,,,,,,,,,,,0.2733,,0.0449,0.199,,,4.9425,,,,,,,,,,,,,,,,,,,,,,,1.2022,0.0384,,0.8255,,,,,,,,,0.0506,,,,,,,,,,,,,,,,,,,0.095,10.5954,,,,,,,,,,,11.5782,58.1582,,,,,,,,
IE0005POVJH8,,,,,1.6149,0.088,,,,,0.2749,,,,,,,,,3.4613,,,,,,,,,,0.4125,,,,,,,,0.2723,2.4109,,,2.1878,,,,,,,0.4443,,,,,,0.1119,,0.2696,0.837,,,5.6299,,,,,,,,,,,,,,,,,,,,,,,1.366,0.046,,0.1602,,,,,,,,,0.0531,,,,,,,,,,,0.4591,,,,,0.9925,,,0.8497,2.285,,,,,,,,,,,3.5193,72.2539,,,,,,,,
IE0005QL4147,,,,,4.7549,,,,,,,,,,,,,,,7.5436,,,,,,,,,,,,,,,,,,0.5466,2.4307,,,2.8393,,,,,,,,,,,,,6.594,,,,,,6.135,,,,,,,,,,,,,,,,,,,,,,,2.8004,,,,,,,,,,,,,,,,,,,,,,,,,,,,,,,,0.8354,,,,,,,,,,,3.1061,62.3945,,,,,,0.0194,,
IE0005RKXDO7,,,,,,,,,,,,,,,,,,,,,,,,,,,,,,,,,,,,,,,,,,,,,,,,,,,,,,,,,,,,,,,,,,,,,,,,,,,,,,,,,,,,,,,,,,,,,,,,,,,,,,,,,,,,,,,,,,,,,,,,,,,,,,,,,,,,,,,,
IE0005TF96I9,,,,,2.9,,,,,,,,,,,,,,,,,,,,,,,,,2.13,,,,,,,,,,,,,,,,,,,,,,,,,9.74,,,1.99,,,,,,,,,,,,,,,,,,,,,,,,,,,,,,,,,,,,,,,,,,,,,,,,,,,,,,,,,,9.03,,,,,,,,,,,3.79,69.63,,,,,,,,0.79
IE0005YI2492,,,,,,,,,,,,,,,,,,,,,,,,,,,,,,,,,,,,,,,,,,,,,,,,,,,,,,,,,,,,,,,,,,,,,,,,,,,,,,,,,,,,,,,,,,,,,,,,,,,,,,,,,,,,,,,,,,,,,,,,,,,,,,,,,,,,,,,,
IE0005YK6564,,,,,15.89,,,,,,,,,,,,,,,46.81,,,,,,,,,,,,,,,,,,,,,,,,,,,,,3.31,,,,,,,,,,,,,,,15.56,,,,,,,,,,,,,,,,,,,,,,,,,,,,,,,,,,,,,,,,,,,,,,,,,,,,,,,,,,,,,,,3.93,12.35,,,,,,,,2.15
IE00060Z4AE1,,,,,,,,,,,,,,,,,,,,,,,,,,,,,,,,,,,,,,,,,,,,,,,,,,,,,,,,,,,,,,,,,,,,,,,,,,,,,,,,,,,,,,,,,,,,,,,,,,,,,,,,,,,,,,,,,,,,,,,,,,,,,,,,,,,,,,,,
IE000611IJM3,,,,,,,,,,,,,,,,,,,,,,,,,,,,,,,,,,,,,,,,,,,,,,,,,,,,,,,,,,,,,,,,,,,,,,,,,,,,,,,,,,,,,,,,,,,,,,,,,,,,,,,,,,,,,,,,,,,,,,,,,,,,,,,,,,,,,,,,
IE00061J0RC6,,,,,1.4384,,,,,,0.0503,,,,,,,,,1.0582,,,,,,,,,,,,,,,,,,0.0906,3.6979,,,1.4575,,,,,,,0.2064,,,,,,,,0.1,1.1455,,,11.7669,,,,,,,,,,,,,,,,,,,,,,,0.9444,,,,,,,,,,,,,,,,,,,,,,,0.721,,,,,1.6506,,,0.3435,,,,,,,,,,,,1.2317,74.097,,,,,,,,
IE000629MKR4,,,,,2.8866,0.0151,,,,,0.0078,,0.1595,,,,,,,4.6551,0.0698,,,,,,,,,0.3695,,,,,,,,0.3875,1.1875,,,2.1113,,,,,,,0.5073,,,,,,1.6365,,0.1199,0.5175,,,5.7961,,,,,,,,,,,,0.076,0.0177,,,,,,,,,,1.0843,0.1234,,1.7117,,,,,,,,,0.2295,,,,,,,,,,,1.244,,,,,1.088,,,0.2318,2.7301,,,,,,,,,,,2.1546,68.7327,0.1307,,,,,0.0185,,
IE00063GNWK1,,,,,,,,,,,,,,,,,,,,,,,,,,,,,,,,,,,,,,,,,,,,,,,,,,,,,,,1.46,,,,,,,,,,,,,,,,,,,,,,,,,,,,,,,,,,,,,,,,,,,,,,,,,,,,,,,,,,,,,,,,,,,,,,,,,96.77,,,,,,,,1.77
IE00063SATO1,,,,,1.26,,,,,,,,,,,,,,,2.39,,,4.75,,,,,,,,,,,,,,,,2.48,,,1.68,,,,,,,,,,,,,,,,,,,4.98,,,,,,,,,,,,,,,,,,,,,,,2.41,,,,,,,,,,,,,,,,,,,,,,,,,,,3.37,,,,,1.84,4.27,,,,,,,,,,2.58,59.83,,,,,,,,8.16
IE00063T9YS5,,,,,,,,,,,,,,,,,,,,,,,,,,,,,,,,,,,,,,,,,,,,,,,,,,,,,,,,,,,,,,,,,,,,,,,,,,,,,,,,,,,,,,,,,,,,,,,,,,,,,,,,,,,,,,,,,,,,,,,,,,,,,,,,,,,,,,,,
IE00064KQDB3,,,,,,,,,,,,,,,,,,,,,,,,,,,,,,,,,,,,,,,3.13,,,2.14,,,,,,,,,,,,,2.3,,,2.33,,,,,,,,,,,,,,,,,,,,,,,,,,,,,,,,,,,,,,,,,,,,,,,,,,,,,,1.65,,,,1.64,,,,,,,,,,,4.51,31.15,,,,,,,,51.15
IE00064N5UY4,,,,,,3.1504,,,,,4.6513,,,,,,0.2292,,,,,,,,,0.3753,,0.1016,,,,,,,0.0836,,,1.7386,24.7339,,,19.8344,,1.0057,,,,,,,,,,,1.4873,,,21.8002,,,,,,,,,,0.1494,,,,0.3131,0.2329,,,,,,,,,,,3.2954,,,,,,,,,,,,1.8836,,,,,,,,,,,,0.7608,0.3835,,,13.7139,,,,,,,,,,,,,,,,,,,,,,,,0.0759
IE00064TWYK9,,,,,,,,,,,1.1,,,,,,,,,,,,,,,,,,,3.23,,,,,,,,1.03,15.04,,,14.39,,,,,,,,,,,,,1.08,,,3.48,,,,,,,,,,,,,,,,,,,,,,,,,,10.82,,,,,,,,,,,,,,,,,,,,,,,,,,,,4.81,,,3.67,11.9,,,,,,,,,,,21.95,,,,,,,,,7.5
IE000650M1V4,,,,,,,,,,,,,,,,,,,,,,,,,,,,,,,,,,,,,,,,,,,,,,,,,,,,,,,,,,,,,,,,,,,,,,,,,,,,,,,,,,,,,,,,,,,,,,,,,,,,,,,,,,,,,,,,,,,,,,,,,,,,,,,,95.61,,,,,,,,4.39
IE00066KZ5B5,,,,,,3.24,,,,,4.56,,,,,,,,,,,,,,,,,,,,,,,,,,,1.62,20.91,,,16.62,,,,,,,,,,,,,1.28,,,18.36,,,,,,,,,,,,,,,,,,,,,,,,,,3.61,,,,,,,,,,,,1.67,,,,,,,,,,,,,,,,12.6,,,,,,,,,,,,,,,,,,,,,,,,15.53
IE00066L6LB9,,,,,,,,,,,,,,,,,,,,,,,,,,,,,,,,,,,,,,,,,,,,,,,,,,,,,,,,,,,,,,,,,,,,,,,,,,,,,,,,,,,,,,,,,,,,,,,,,,,,,,,,,,,,,,,,,,,,,,,,,,,,,,,,,,,,,,,,
IE00067X7JX0,,,,,,,,,,,1.77,,,,,,,,,,,,1.81,,,,,,,,,,,,,,,2.03,25.29,,,33.54,,,,,,,,,,,,,,,,10.53,,,,,,,,,,,,,,,,,,,,,,,,,,12.6,,,,,,,,,,,,,,,,,,,,,,,,,,,,8.42,,,,,,,,,,,,,,,,4.01,,,,,,,,
IE00069H3LK0,,,,,,2.4,,,,,3.33,,,,,,,,,,,,,,,,,,,5.17,,,,,,,,2.28,8.64,,,8.35,,,,,,,,,,,,,,,,5.35,,,,,,,,,,,,,,,1.04,,,,,,,,,,,3.07,,,4.19,,,,,,,,3.23,,,,,,,,,,,,,,,,,3.96,,,10.1,9.61,,,,,,,,,,,22.14,,,,,,,,,7.14
IE00069JGT58,,,,,,,,,,,,,,,,,,,,,,,,,,,,,,,,,,,,,,,,,,,,,,,,,,,,,,,1.24,,,,,,,,,,,,,,,,,,,,,,,,,,,,,,,,,,,,,,,,,,,,,,,,,,,,,,,,,,,,,,,,,,,,,,,,,97.01,,,,,,,,1.75
IE00069MGEE1,,,,,,,,,,,,,,,,,,,,,,,,,,,,,,,,,,,,,,,,,,,,,,,,,,,,,,,,,,,,,,,,,,,,,,,,,,,,,,,,,,,,,,,,,,,,,,,,,,,,,,,,,,,,,,,,,,,,,,,,,,,,,,,,,,,,,,,,
IE00069Q7MY9,,,,,,,,,,,,,,,,,,,,,,,,,,,,,,,,,,,,,,,,,,,,,,,,,,,,,,,,,,,,,,,,,,,,,,,,,,,,,,,,,,,,,,,,,,,,,,,,,,,,,,,,,,,,,,,,,,,,,,,,,,,,,,,,,,,,,,,,
IE0006B9CPY7,,,,,,,,,,,,,,,,,,,,1.11,,,,,,,,,,,,,,,,,,,,,,,,,,,,,,,,,,,,,,,,,,,,,,,,,,,,,,,,,,,,,,,,,,,,,,,,,,,,,,,,,,,,,,,,,,,,,,,,,,,,,,,,,,,3.71,55.54,,,,,,,,39.64
IE0006BDZN36,,,,,,,,,,,,,,,,,,,,,,,,,,,,,,,,,,,,,,,,,,,,,,,,,,,,,,,,,,,,,,,,,,,,,,,,,,,,,,,,,,,,,,,,,,,,,,,,,,,,,,,,,,,,,,,,,,,,,,,,,,,,,,,,,,,,,,,,
IE0006BISQN7,,,,,,,,,,,,,,,,,,,,,,,,,,,,,,,,,,,,,,,,,,,,,,,,,,,,,,,,,,,,,,,,,,,,,,,,,,,,,,,,,,,,,,,,,,,,,,,,,,,,,,,,,,,,,,,,,,,,,,,,,,,,,,,,,,,,,,,,
IE0006CHRED6,,,,,1.32,,,,,,1.52,,,,,,,,,2.87,,,6.98,,,,,,,,,,,,,,,,3.97,,,3.63,,,,,,,,,,,,,,,,2.57,,,6.34,,,,,,,,,,,,,,,,,,,,,,,,,,,,,,,,,,,,,,,,,,,,,,,,,,,1.69,,,,,,,,,,,,,,,3.41,24.68,,,,,,,,41.02
IE0006CJGQR9,,,,,,,,,,,,,,,,,,,,,,,,,,,,,,,,,,,,,,,,,,,,,,,,,,,,,,,,,,,,,,,,,,,,,,,,,,,,,,,,,,,,2.31,,,,,,,,,,,,,,,,,,,,,,,,,,,,,,,,,,,,,,,,,,,1.28,91.61,,,,,,,,4.8
IE0006D3PGW3,,,,,,,,,,,,,,,5.85,,,,,,,,,,,,,,,,,,,,,,,,,,,,,,,,,,,,,22.53,,,,,,,,,,,,,,,,,,,,,,,,2.14,,,3.15,,,,,,,,,,,,,,,,,,,,,,,,4.56,,,,,,,4.54,,,,,,,43.74,,2.08,,,1.46,,,,2.28,,,,,,,,,,7.67
IE0006FAD976,,,,,,,,,,,,,,,,,,,,,,,,,,,,,,,,,,,,,,,,,,,,,,,,,,,,,,,1.89,,,,,,,,,,,,,,,,,,,,,,,,,,,,,,,,,,,,,,,,,,,,,,,,,,,,,,,,,,,,,,,,,,,,,,,,,96.61,,,,,,,,1.5
IE0006FBEDB6,,,,,5.92,,,,,,,,,,,,,,,11.79,,,,,,,,,,1.86,,,,,,,,,10.46,,,9.64,,,,,,,1.48,,,,,,,,,2.11,,,20.05,,,,,,,,,,,,,,,,,,,,,,,6.5,,,,,,,,,,,,,,,,,,,,,,,1.3,,,,,3.21,,,2.25,6.8,,,,,,,,,,,13.88,,,,,,,,,2.75
IE0006FIW9Z0,,,,,,,,,,,,,,,,,,,,,,,,,,,,,,,,,,,,,,,,,,,,,,,,,,,,,,,,,,,,,,,,,,,,,,,,,,,,,,,,,,,,2.31,,,,,,,,,,,,,,,,,,,,,,,,,,,,,,,,,,,,,,,,,,,1.28,91.61,,,,,,,,4.8
IE0006FM6MI8,,,,,0.8326,,,,,,1.5538,,,,,,,,,,,,,,,,,,,2.6605,,,,,,,,0.1512,1.5306,,,0.3752,,,,,,,,,,,,,0.2061,,0.0748,0.0888,,,2.5484,,,,,,,,,,,,,,,,,,,,,,,,0.2295,,,,,,,,,,,,,,,,,,,,,,,,,,,,,,0.3099,10.1457,,,,,,,,,,,5.3362,73.9568,,,,,,,,
IE0006GNB732,,,,,,1.0581,,,,,2.3012,,,,,,,,,,,,,,,,,0.2276,,,,,,,,,,0.8963,24.1881,,,10.0446,,2.863,,,,,,,,,,,1.2031,,,13.3185,,,3.1515,,,,,,,,,,,,1.4165,,,,,,,,,,,4.3476,,,,,,,,,,,,2.966,,,,,,,,,,,,,,,,5.5658,,,5.3796,0.2282,,,,,,,,,,,7.5539,13.2842,,,,,,,,0.0061
IE0006GUEKQ7,,,,,,,,,,,,,,,,,,,,,,,3.08,,,,,,,,,,,,,,,,1.62,,,,,,,,,,,,,,,,,,,,,,,,,,,,,,,,,,,,,,,,,,,,,16.98,,,,,,,,,,,,,,,,,,,,,,,,,,,,,,,,,6.35,,,,,,,,,,4.29,67.68,,,,,,,,
IE0006HIE7H2,,,,,,,,,,,,,,,,,,,,,,,,,,,,,,,,,,,,,,,,,,,,,,,,,,,,,,,,,,,,,,,,,,,,,,,,,,,,,,,,,,,,,,,,,,,,,,,,,,,,,,,,,,,,,,,,,,,,,,,,,,,,,,,,,,,,,,,,
IE0006HMLPV6,,,,,,,,,,,,,,,,,,,,,,,,,,,,,,,,,,,,,,,,,,,,,,,,,,,,,,,1.24,,,,,,,,,,,,,,,,,,,,,,,,,,,,,,,,,,,,,,,,,,,,,,,,,,,,,,,,,,,,,,,,,,,,,,,,,97.01,,,,,,,,1.75
IE0006IP4XZ8,,,,,,,,,,,,,,,,,,,,,,,,,,,,,,,,,,,,,,,,,,,,,,,,,,,,,,,1.18,,,,,,,,,,,,,,,,,,,,,,,,,,,,,,,,,,,,,,,,,,,,,,,,,,,,,,,,,,,,,,,,,,,,,,,,,96.96,,,,,,,,1.86
IE0006K7DEL9,,,,,,,,,,,3.04,,,,,,,,,1.31,,,,,,,,,,2.3,,,,,,,,,10.05,,,7.4,,1.38,,,,,,1.31,,,,,1.86,,,4.74,,,,,,,,,,,,,,,,,,,,,,,,,,10.21,,,3.2,,,,,,,,,1.31,,,,,,,,,,,,,,,,14.97,,,5.77,1.7,,,,,,,,,,,2.64,4.09,,,,,,,,22.72
IE0006KNOFD1,,,,,,,,,,,,,,,,,,,,3.24,,,,,,,,,,,,,,,,,,,2.2,,,2.54,,,,,,,,,,,,,,,,2.52,,,1.01,,,,,,,,,,,,,,,,,,,,,,,2.03,,,,,,,,,,,,,,,,,,,,,,,,,,,,,,,,,,,,,,1.39,,,,,1.31,54.34,,,,,,,,29.42
IE0006LBEDV2,,,,,1.99,2.56,,,,,1.06,,,,,,,,,1.7,,,0.94,,,0.55,,,,0.86,,,,,,,,2.71,22.27,,,11.28,,0.42,,,,,0.27,,0.59,,,,2.07,,,1.08,,,3.43,,,,,,,,,,,,1.64,,,,,,0.28,,,,,7.43,,,0.84,,,,,,,,,,,,,,,,,,,,,,,,,5.3,,,3.93,2.12,,,,,,,,,,,8.81,15.89,,,,,,-0.04,,
IE0006MHC136,,,,,,,,,,,,,0.74,,,,,,,,58.92,,,,,,,,,,,,,,,,,,,,,,,,,,,,,,,,,,9.31,,,,,,,20.08,,,,,,,,,,,,,,,,,,,,,,,,,,,,,,,,,,,,,,,,,,,,,,,,,,,,,,,,,,,,,,,,,,9.33,,,,,,1.61,,
IE0006MM8VN6,,,,,,,,,,,,,,,,,,,,2.09,,,,,,,,,,,,,,,,,,,1.68,,,,,,,,,,,,,,,,,,,5.42,,,1.09,,,,,,,,,,,,,,,,,,3.3,,,,,,,,,,,,,,,,,,,,,,,,,,,,,,,,,1.36,,,,,,,,,,,,,,,2.28,12.48,,,,,,,,70.3
IE0006N7AK90,,,,,,,,,,,,,,,,,,,,,,,,,,,,,,,,,,,,,,,,,,,,,,,,,,,,,,,,,,,,,,,,,,,,,,,,,,,,,,,,,,,,,,,,,,,,,,,,,,,,,,,,,,,,,,,,,,,,,,,,,,,,,,,,,,,,,,,,
IE0006NZSQW7,,,,,,,,,,,,,,,,,,,,,,,,,,,,,,,,,,,,,,,,,,,,,,,,,,,,,,,,,,,,,99.89,,,,,,,,,,,,,,,,,,,,,,,,,,,,,,,,,,,,,,,,,,,,,,,,,,,,,,,,,,,,,,,,,,,,,,,,,,,0.11
IE0006O3TTP9,,,,,8.1837,,,,,,1.0683,,,,,,,,,2.0154,,,,,,,,,,0.9914,,,,,,,,0.7618,10.2515,,,0.9687,,,,,,,4.3696,,,,,,,,,3.8793,,,10.3193,,,,,,,,,,,,,,,,,,,,,,,1.9832,1.0077,,,,,,,,,,,1.0013,,,,,,,,,,,,,,,,6.0651,,,1.92,1.9561,,,,,,,,,,,6.9184,36.383,,,,,,-0.0438,,
IE0006OIQXE9,,,,,,,,,,,,,,,,,,,,3.24,,,,,,,,,,,,,,,,,,,2.2,,,2.54,,,,,,,,,,,,,,,,2.52,,,1.01,,,,,,,,,,,,,,,,,,,,,,,2.03,,,,,,,,,,,,,,,,,,,,,,,,,,,,,,,,,,,,,,1.39,,,,,1.31,54.34,,,,,,,,29.42
IE0006PTRUI8,,,,,,1.3058,,,,,1.9165,,,,,,,,,,,,,,,,,,,,,,,,,,,3.6301,28.5597,,,24.264,,,,,,,,,,,,,1.7797,,,8.4958,,,,,,,,,,,,,,,,,,,,,,,,,,17.6012,,,,,,,,,,,,0.3855,,,,,,,,,,,,,,,,11.6876,,,,,,,,,,,,,,,0.0067,0.008,,,,,,0.3595,,
IE0006QCIHM0,,,,,,,,,,,,,,,,,,,,,,1.08,,,,,,,,1.35,,,,,,,,,4.56,,,1.8,,,,,,,,,,,,,,,,1.65,,,1.15,,,,,,,,,,,,,,,,,,,,,,,1.59,,,,,,,,,,,,,,,,,,,,,,,,,,,,,,,2.64,2.09,,,,,,,,,,,3.5,49.52,,,,,,,,29.07
IE0006QX3Y11,,,,,,,,,,,,,1.54,,,,,,,95.84,,,,,,,,,,,,,,,,,,,,,,,,,,,,,,,,,,,,,,,,,,,,,,,,,,,,,,,,,,,,,,,,,,,,,,,,,,,,,,,,,,,,,,,,,,,,,,,,,,,,,,,,,,,,2.58,,,,,,,,0.04
IE0006R681H8,,,,,,,,,,,,,,,,,,,,1.27,,,,,,,,,,,,,,,,,,,,,,2.05,,,,,,,,,,,,,,,,,,,,,,,,,,,,,,,,,,,,,,,,,,1.22,,,,,,,,,,,,,,,,,,,,,,,,,,,,,,,,,,,,,,,,,,,3.5,33.83,,,,,,,,58.13
IE0006RFB3X2,,,,,,,,,,,,,,,,,,,,,,,,,,,,,,,,,,,,,,,,,,,,,,,,,,,,,,,,,,,,,100.0,,,,,,,,,,,,,,,,,,,,,,,,,,,,,,,,,,,,,,,,,,,,,,,,,,,,,,,,,,,,,,,,,,,,,,,,,,,
IE0006S0EBF2,,,,,,,,,,,,,,,,,,,,,,,,,,,,,,,,,,,,,,,,,,,,,,,,,,,,,,,,,,,,,,,,,,,,,,,,,,,,,,,,,,,,,,,,,,,,,,,,,,,,,,,,,,,,,,,,,,,,,,,,,,,,,,,,,,,,,,,,
IE0006SEWKA2,,,,,,,,,,,,,,,4.33,,,,,,,,19.62,,,,,,,,,,,,,,,,,,,,,1.06,,,,,,,,10.43,,,,,,,,,,,,,,,,,,,,,,,,,,,1.99,,,,,,,,,,,,,,,,,,,,,,,,1.85,,,,,,,3.36,23.72,,,,,,25.95,,,,,,,,,,,,,,,,,,,7.69
IE0006UGU3X3,,,,,,,,,,,,,,,,,,,,,,,,,,,,,,,,,,,,,,,,,,,,,,,,,,,,,,,0.1088,,,,,,,,,,,,,,,,,,,,,,,,0.0057,,,,,,,,,,,,,,,,,,,,,,,,,,,,,,,,,,,,,,,,,,,,,,,,0.0005,99.8841,,,,,,0.0009,,
IE0006UQKVQ0,,,,,,,,,,,,,,,,,,,,,,,,,,,,,,,,,,,,,,,,,,,,,,,,,,,,,,,,,,,,,,,,,,,,,,,,,,,,,,,,,,,,2.46,,,,,,,,,,,,,,,,,,,,,,,,,,,,,,,,,,,,,,,,,,,1.38,97.99,,,,,,,,
IE0006VDD4K1,,,,,1.85,0.01,,,,,0.2,,,,0.62,,,0.01,,2.89,,0.07,2.62,,,,0.01,0.01,,0.35,,,,,,,,0.24,1.8,,,1.94,,0.07,,,,,0.47,0.06,0.03,1.36,0.09,,0.02,,0.32,0.65,0.01,,5.92,,,,,0.03,,,,,,,0.01,0.01,,0.2,,,0.27,,,,,1.19,0.02,,0.12,,,,,,0.05,0.02,0.08,0.03,,0.11,,0.01,,,0.28,,,,0.48,,,0.42,2.52,0.82,,,0.78,1.32,3.11,,0.13,,,0.04,,,,0.24,2.54,63.24,,,,,0.01,0.29,,
IE0006WOV4I9,,,,,1.85,,,,,,,,,,,,,,,3.26,,,,,,,,,,,,,,,,,,,2.95,,,2.73,,,,,,,,,,,,,1.34,,,1.33,,,8.18,,,,,,,,,,,,,,,,,,,,,,,1.82,,,,,,,,,,,,,,,,,,,,,,,,,,,,1.71,,,,3.05,,,,,,,,,,,4.52,63.4,,,,,,,,3.86
IE0006WPPA00,,,,,1.42,,,,,,,,,,,,,,,10.91,,,1.73,,,,,3.12,,,,,,,,,,2.77,,,,,,,,,,,,,,,,,,,,1.99,,,6.59,,,,,,,,,,,,,,,,,,,,,,,,,,,,,,,,,,,,,,,,,,,,,,,,,,10.01,3.28,,,,,,,,,,,,,,,3.37,54.58,,,,,,,,0.23
IE0006WZF7C2,,,,,,7.51,,,,,4.19,,,,,,,,,,,,,,,,,,,0.81,,,,,,,,,15.65,,,13.0,,2.99,,,,,,,,,,,3.42,,,18.55,,,,,,,,,,,,,,,,,,,,,,,,,,8.5,,,,,,,,,,,,,,,,,,,,,,,,,,,,21.54,,,,,,,,,,,,,,,3.45,,,,,,,0.39,,
IE0006YCYW06,,,,,,,,,,,,,,,,,,,,,,,,,,,,,,,,,,,,,,,,,,,,,,,,,,,,,,,5.19,,,,,,,,,,,,,,,,,,,,,,,,,,,,,,,,,,,,,,,,,,,,,,,,,,,,,,,,,,,,,,,,,,,,,,,,,90.17,,,,,,,,4.64
IE0006YIB0U2,,,,,1.56,,,,,,1.16,,,,,,,,,1.46,,,,,,,,,,,,,,,,,,,6.16,,,4.5,,,,,,,,,,,,,,,,5.14,,,5.99,,,,,,,,,,,,,,,,,,,,,,,1.1,,,,,,,,,,,,,,,,,,,,,,,,,,,,3.58,,,,,,,,,,,,,,,5.0,32.11,,,,,,,,32.24
IE0006YM7D84,,,,,0.5094,,,,,,0.1848,,0.0837,,,,,,,5.7271,0.0968,,,,,,,,,0.4261,,,,,,,,,0.161,,,,,,,,,,,,,,,,1.5395,,,0.0932,,,2.1034,0.2274,,,,,,,,,,,,,,,,,,,,,,1.1598,,,0.1055,,,,,,,,,,,,,,,,,,,,,,,,,,,,,,,,,,,,,,,,2.199,85.3808,,,,,,,,0.0025
IE00070SLDT6,,,,,,,,,,,,,,,,,,,,1.59,,,,,,,,,,,,,,,,,,,,,,,,,,,,,,,,,,,3.89,,,,,,,,,,,,,,,,,,,,,,,,,,,,,,,,,,,,,,,,,,,,,,,,,,,,,,,,,,,,,,,,,,,,,,,,3.73,90.57,,,,,,,,
IE000716YHJ7,,,,,1.85,0.01,,,,,0.2,,,,0.62,,,0.01,,2.89,,0.07,2.62,,,,0.01,0.01,,0.35,,,,,,,,0.24,1.8,,,1.94,,0.07,,,,,0.47,0.06,0.03,1.36,0.09,,0.02,,0.32,0.65,0.01,,5.92,,,,,0.03,,,,,,,0.01,0.01,,0.2,,,0.27,,,,,1.19,0.02,,0.12,,,,,,0.05,0.02,0.08,0.03,,0.11,,0.01,,,0.28,,,,0.48,,,0.42,2.52,0.82,,,0.78,1.32,3.11,,0.13,,,0.04,,,,0.24,2.54,63.24,,,,,0.01,0.29,,
IE00072RHT03,,,,,,,,,,,,,,,,,,,,5.03,,,1.14,,,,,,,,,,,,,,,1.43,1.07,,,,,,,,,,,,,,,,,,4.0,,,,3.57,,,,,,,,,,,,,,,,,,,,,,,,,,,,,,,,,,,,,,,,,,,,,,,,,,2.37,,,,,,,,,,,,,,,,,81.22,,,,,,0.17,,
IE00074JLU02,,,,,,,,,,,,,,,,,,,,,,,,,,,,,,,,,,,,,,,,,,,,,,,,,,,,,,,,,,,,,99.9906,,,,,,,,,,,,,,,,,,,,,,,,,,,,,,,,,,,,,,,,,,,,,,,,,,,,,,,,,,,,,,,,,,,0.0079,,,,,,,,0.0014
IE00074JV7J1,,,,,,,,,,,,,,,,,,,,,,,,,,,,,,,,,,,,,,,,,,,,,,,,,,,,,,,,,,,,,,,,,,,,,,,,,,,,,,,,,,,,1.58,,,,,,,,,,,,,,,,,,,,,,,,,,,,,,,,,,,,,,,,,,,1.89,94.63,,,,,,,,1.9
IE00075IVKF9,,,,,29.51,,,,,,,,,,,,,,,41.65,,,,,,,,,,,,,,,,,,,,,,,,,,,,,4.26,,,,,,,,,,,,,,,,,,,,,,,,,,,,,,,,,,,,,,,,,,,,,,,,,,,,,,,,,,,,,,,1.32,,,,,,,,,,,,,,,,19.87,,,,,,,,3.39
IE00076HZIP3,,,,,,,,,,,,,,,,,,,,,,,,,,,,,,,,,,,,,,,,,,,,,,,,,,,,,,,0.0693,,,,,,,,,,,,,,,,,,,,,,,,0.0033,,,,,,,,,,,,,,,,,,,,,,,,,,,,,,,,,,,,,,,,,,,,,,,,0.0008,99.9248,,,,,,0.0018,,
IE00077FRP95,,,,,2.14,,,,,,,,3.48,,17.21,,,,,,,,3.63,,,,,,,,,,,,,,,,1.94,,,,,,,,,,1.3,,,,3.65,,,,,,,,,,,,,3.14,,,,,,,,,,,,,1.03,,,,,,,,5.69,,,,,,,,,,,,,,,,,,,,,,,1.87,,1.04,,,,,,,2.73,,,,,,,,5.05,37.92,,,,,,,,8.18
IE00077IIPQ8,,,,,,,,,,,,,,,,,,,,,,,,,,,,,,,,,,,,,,,,,,,,,,,,,,,,,,,,,,,,,,,,,,,,,,,,,,,,,,,,,,,,,,,,,,,,,,,,,,,,,,,,,,,,,,,,,,,,,,,,,,,,,,,,,,,,,,,,100.0
IE000783LRG9,,,,,,,,,,,2.1,,,,,,,,,,,,,,,,,,,,,,,,,,,1.68,27.38,,,27.31,,,,,,,,,,,,,1.88,,,8.05,,,,,,,,,,,,,,,,,,,,,,,,,,20.63,,,,,,,,,,,,,,,,,,,,,,,,,,,,9.38,,,,,,,,,,,,,,,,,,,,,,,,1.59
IE00078SFIQ6,,,,,,0.244,,,,,1.7981,,,,,,,,,,,,,,,,,,,2.6812,,,,,,,,1.2391,14.1799,,0.0003,12.6159,,,,,,,,,,,,,0.3989,,,1.5398,,,,,,,,,,,,,,,,,,,,,,,,,,10.1481,,,0.3783,,,,,,,,0.0811,0.1438,,,,,,,,,,,,,,,,4.3014,,,4.2813,19.2804,,,,,,,,,,,26.5712,0.0635,,,,,,0.0537,,
IE00079EUF59,,,,,1.19,0.96,,,,,3.84,,,,,,,,,,,,,,,,,,,4.35,,,,,,,,2.38,16.47,,,18.02,,,,,,,,,0.65,,,,,,,5.56,,,0.58,,,,,,,,,,,,,,,,,,,,,,,4.39,0.58,,0.66,,,,,,,,,,,,,,,,,,,,,,,,,3.06,,,6.59,1.18,,,,,,,,,,,6.72,22.47,,,,,,0.34,,
IE00079WNSI6,,,,,,,,,,,,,,,,,,,,,,,,,,,,,,,,,,,,,,,,,,,,,,,,,,,,,,,2.45,,,,,,,,,,,,,,,,,,,,,,,,,,,,,,,,,,,,,,,,,,1.11,,,,,,,,,,,,,,,,,,,,,,,,,,,,,,,96.16,,,,,,,,0.28
IE0007BT2BH8,,,,,,3.74,,,,,4.93,,,,,,,,,,,,,,,,,,,,,,,,,,,1.63,22.47,,,18.06,,1.15,,,,,,,,,,,2.37,,,22.1,,,,,,,,,,,,,,,2.18,,,,,,,,,,,2.54,,,,,,,,,,,,1.96,,,,,,,,,,,,0.95,0.49,,,12.97,,,0.56,1.13,,,,,,,,,,,,,,,,,,0.76,,
IE0007EH5UK6,,,,,,,,,,,,,,,6.08,,,,,,,3.42,2.62,2.14,,,,,,,,,,,,,,,,,,,,,,,,,9.09,,,2.84,,,,,1.47,,,,,,,,,1.28,,,,,,,1.84,,,,,,5.41,,,,,,,,,,,,,,1.71,,,,,1.33,,,,,2.77,,,,2.08,,,1.45,4.16,,,,,,,,,,,2.24,,,,6.16,5.21,3.07,,,,,,,,33.63
IE0007FIJUO5,,,,,,,,,,,,,,,,,,,,,,,,,,,,,,,,,,,,,,,,,,,,,,,,,,,,,,,,,,,,,,,,,,,,,,,,,,,,,,,,,,,,,,,,,,,,,,,,,,,,,,,,,,,,,,,,,,,,,,,,,,,,,,,,,,,,,,,,
IE0007FM00T9,,,,,,,,,,,,,,,,,,,,0.1837,,,,,,,,,,,,,,,,,,,,,,,,,,,,,,,,,,,2.5953,,,,,,,,,,,,,,,,,,,,,,,,,,,,,,,,,,,,,,,,,,,,,,,,,,,,,,,,,,,,0.0569,,,,,,,,,,,,0.0001,97.1637,,,,,,0.0004,,
IE0007G78AC4,,,,,,,,,,,,,,,,,,,,,,,28.6778,,,,,,,,,,,,,,,,,,,,,,,,,,14.3049,,,7.1694,3.7779,,1.5821,,,,,,,,,,,,,,,,,,,1.2627,,4.987,,,,,,,,,,,,,,,,,,1.5536,,,,,,,,,,,,,5.3008,,,,16.5817,,,,,,5.1484,,4.1281,,,,,,,,0.0041,5.5177,,,,,,0.0038,,
IE0007HKA9K1,,,,,,,,,,,,,,,,,,,,1.56,,,,,,,,,,,,,,,,,,,2.86,,,3.03,,,,,,,,,,,,,,,,,,,1.62,,,,,,,,,,,,,,,,,,,,,,,,,,,,,,,,,,,,,,,,,,,,,,,,,,5.07,1.28,,,,1.25,5.85,,,,,,,,,,1.62,73.86,,,,,,,,2.0
IE0007I99HX7,,,,,,,,,,,,,,,,,,,,,,,,,,,,,,,,,,,,,,,,,,,,,,,,,,,,,,,,,,,,,,,,,,,,,,,,,,,,,,,,,,,,1.6,,,,,,,,,,,,,,,,,,,,,,,,,,,,,,,,,,,,,,,,,,,,97.11,1.28,,,,,,,0.01
IE0007ILCZU4,,,,,,,,,,,,,,,,,,,,,,,,,,,,,,,,,,,,,,,,,,,,,,,,,,,,,,,3.49,,,,,,,,,,,,,,,,,,,,,,,,,,,,,,,,,,,,,,,,,,,,,,,,,,,,,,,,,,,,,,,,,,,,,,,,,92.72,,,,,,,,3.79
IE0007L3IJF6,,,3.32,,,,,,3.98,,,,,,3.69,,,,,,,4.31,1.67,,1.2,,,,,,4.13,2.88,1.74,,,,,,,,,,,,,1.26,,,,2.62,,,4.22,,,,,,,,,,1.07,,,,,,,,,,,,,1.26,,,1.8,,,,,,,,,4.62,,2.88,,,1.87,4.4,4.06,,,,,3.76,,,4.39,,,,,,,2.08,,,1.2,,,,,,,,,3.07,,,1.26,2.22,,,4.14,1.38,,,,,,19.52
IE0007LAQ4A1,,,,,,,,,,,,,,,,,,,,,,,,,,,,,,,,,,,,,,,,,,,,,,,,,,,,,,,0.1962,,,,,,,,,,,,,,,,,,,,,,,,0.0005,,,,,,,,,,,,,,,,,,,,,,,,,,,,,,,,,,,,,,,,,,,,,,,,-0.0681,100.1086,,,,,,-0.2372,,
IE0007M3MLF3,,,,,,,,,,,,,,,,,,,,,,,,,,,,,,1.26,,,,,,,,,4.38,,,3.38,,,,,,,,,,,,,1.24,,,,,,8.07,,,,,,,,,,,,,,,,,,,,,,,1.26,,,,,,,,,,,,,,,,,,,,,,,,,,,,1.81,,,2.19,2.04,,,,,,,,,,,4.93,59.64,,,,,,,,9.8
IE0007O06KL9,,,,,,,,,,,,,1.28,,,,,,,,1.69,,,,,,,,,,,,,,,,,,,,,,,,,,,,,,,,,,,,,,,,,,,,,,,,,,,,,,,,,,,,,,,,,,,,,,,,,,,,,,,,,,,,,,,,,,,,,,,,,,,,,,,,,,,94.46,,,,,,,,2.57
IE0007P4PBU1,,,,,,,,,,,,,,,,,,,,,,,90.48,,,,,,,,,,,,,,,,,,,,,,,,,,5.46,,,,,,1.82,,,,,,,,,,,,,,,,,,,,,,,,,,,,,,,,,,,,,,,,,,,,,,,,,,,,1.08,,,,,,,,,,,,,,,,,,,,,,,,,,,,,1.16
IE0007QB4QS2,,,,,2.8866,0.0151,,,,,0.0078,,0.1595,,,,,,,4.6551,0.0698,,,,,,,,,0.3695,,,,,,,,0.3875,1.1875,,,2.1113,,,,,,,0.5073,,,,,,1.6365,,0.1199,0.5175,,,5.7961,,,,,,,,,,,,0.076,0.0177,,,,,,,,,,1.0843,0.1234,,1.7117,,,,,,,,,0.2295,,,,,,,,,,,1.244,,,,,1.088,,,0.2318,2.7301,,,,,,,,,,,2.1546,68.7327,0.1307,,,,,0.0185,,
IE0007SRI1C7,,,,,1.7538,,,,,,,,,,,,,,,,,,,,,,,,,2.9905,,,,,,,,,17.3544,,,13.7849,,,,,,,,,,,,,0.2594,,,,,,5.8619,,,,,,,,,,,,,,,,,,,,,,,5.2561,,,,,,,,,,,,,,,,,,,,,,,,,,,,,,,,2.0721,,,,,,,,,,,12.7401,37.8829,,,,,,0.044,,
IE0007UE04X9,,,,,,,,,,,,,,,,,,,,,,,,,,,,,,,,,,,,,,,,,,,,,,,,,,,,,,,,,,,,,,,,,,,,,,,,,,,,,,,,,,,,,,,,,,,,,,,,,,,,,,,,,,,,,,,,,,,,,,,,,,,,,,,,,,,,,,,,
IE0007UJ6IE0,,,,,,,,,,,,,,,,,,,,,,,,,,,,,,,,,,,,,,,,,,,,,,,,,,,,,,,,,,,,,,,,,,,,,,,,,,,,,,,,,,,,,,,,,,,,,,,,,,,,,,,,,,,,,,,,,,,,,,,,,,,,,,,,100.01,,,,,,-0.01,,
IE0007UPSEA3,,,,,0.7495,,,,,,,,,,,,,,,3.3216,,0.1508,,,,,,,,,,,,,,,,,0.1519,,,,,,,,,,,,,,,,6.3795,,,,,,1.2455,,,,,,,,,,,,,,,,,,,,,,,0.2883,,,,,,,,,,,,,,,,,,,,,,,,,,,,,,,,,0.2894,,,,,,,,,,0.5411,86.8821,,,,,,0.0004,,
IE0007W7MZL0,,,,,,,,,,,,,,,,,,,,,,,,,,,,,,,,,,,,,,,,,,,,,,,,,,,,,,,,,,,,,,,,,,,,,,,,,,,,,,,,,,,,,,,,,,,,,,,,,,,,,,,,,,,,,,,,,,,,,,,,,,,,,,,,,,,,,,,,
IE0007WLHX89,,,,,,,,,,,,,,,,,,,,,,,,,,,,,,,,,,,,,,,,,,,,,,,,,,,,,,,,,,,,,,,,,,,,,,,,,,,,,,,,,,,,,,,,,,,,,,,,,,,,,,,,,,,,,,,,,,,,,,,,,,,,,,,,,,,,,,,,
IE0007WMHDE3,,,,,,,,,,,,,,,,,,,,,,,,,,,,,,6.94,,,,,,,,2.58,23.24,,,9.11,,,,,,,,,,,,,2.65,,,9.31,,,,,,,,,,,,,,,,,,,,,,,,,,5.47,,,8.74,,,,,,,,2.85,,,,,,,,,,,,,,,,,12.87,,,5.16,5.31,,,,,,,,,,,5.47,,,,,,,,,0.3
IE0007Y8Y157,,,,,,,,,,,,,,,,,,,,1.23,,,,,,,,,,,,,,,,,,3.94,,,,11.85,,,,,,,,,,,,,,,,,,,15.14,,,,,,,,,,,,,,,,,,,,,,,,,,,,,,,,,,,,,,,,,,,,,,,,,,7.87,,,,,,,,,,,,,,,,,55.2,,,,,,,,4.77
IE0007YBWBE5,,,,,0.9605,,,,,,,,,,0.449,,,,,5.3239,,,,,,,,,,,,,,,,,,,,,,0.2925,,,,,,,,,,,,,0.7944,,,,,,1.0233,,,,,,,,,,,,0.6146,,,,,,0.542,,,,,0.7277,,,,,,,,,,,,,,,,,,,,,,,,,,,,,,,,0.8422,0.3699,,,,,,,,,,0.9111,87.1476,,,,,,0.0012,,
IE0007YP0PL1,,,,,1.4177,0.042,,,,,0.6293,,0.0137,,,,,,,0.9274,,,,,,,,,,,,,,,,,,0.1818,2.9883,,,1.9511,,,,,0.106,,1.8912,,,,,,0.0315,,0.4155,,,,7.4906,,,,,,,,,,,,0.2302,,,,,,,,,,,0.2052,0.1919,,0.055,,,,,,,,,,,,,,,,,,,,2.045,,,,0.068,0.6412,,,2.4435,2.945,,,,,,,,,,,5.0706,67.7161,,,,,,0.3023,,
IE0007YZZZN7,,,,,,,,,,,,,,,0.43,,,,,0.97,,,0.26,,,,,,,,,,,,,,,,,,,,,,,,,,,,,,,,,,,,,,,,,,,,,,,,,,,,,,,,,,,,,1.19,,,,,,,,,,,,,,,,,,,,,,,,,,,,,,,,,,,,,,,,,,,0.21,96.94,,,,,,,,
IE0007Z19996,,,,,,,,,,,,,,,,,,,,,,,,,,,,,,,,,,,,,,,,,,,,,,,,,,,,,,,,,,,,,,,,,,,,,,,,,,,,,,,,,,,,,,,,,,,,,,,,,,,,,,,,,,,,,,,,,,,,,,,,,,,,,,,,,,,,,,,,
IE0007Z28IJ7,,,,,,,,,,,,,,,,,,,,,,,3.86,,,,,,,,,,,,,,,,,,,1.22,,,,,,,,,,,,,,,,,,,4.13,,,,,,,,,,,,,,,,,,,,,,,1.94,,,,,,,,,,,,,,,,,,,,,,,1.46,,,,2.85,,,,,1.21,3.13,,,,,,,,,,1.61,63.9,,,,,,,,14.69
IE0008119MO8,,,,,,,,,,,,,,,,,,,,,,,,,,,,,,,,,,,,,,,,,,,,,,,,,,,,100.0,,,,,,,,,,,,,,,,,,,,,,,,,,,,,,,,,,,,,,,,,,,,,,,,,,,,,,,,,,,,,,,,,,,,,,,,,,,,,,,,,,,,
IE00081SF8K7,,,,,,2.36,,,,,5.91,,,,,,,,,,,,,,,,,,,,,,,,,,,,17.81,,,8.96,,,,,,,,,,,,,,,,16.21,,,,,,,,,,,,,,,,,,,,,,,,,,1.4,,,,,,,,,,,3.97,,,,,,,,,,,,,,,,,13.29,,,,,,,,,,,,,,,,,,,,,,,,30.09
IE00082MOBL9,,,,,,,,,,,,,,,,,,,,,,,,,,,,,,,,,,,,,,3.13,17.97,,,,,,,,,,,,,,,,,,,15.53,,,,,,,,,,,,,,,,,,,,,,,,,,4.79,,,25.8,,,,,,,,3.45,,,,,,,,,,,,,,,,,,,,3.1,,,,,,,,,,,,26.04,,,,,,,,,0.19
IE000845MQC5,,,,,,,,,,,,,,,,,,,,1.79,,,,,,,,,,,,,,,,,,,,,,,,,,,,,,,,,,,,,,,,,1.41,,,,,,,,,,,,,,,,,,,,,,,,,,,,,,,,,,,,,,,,,,,,,,,,,,,,,,,,,,,,,,,,,,3.21,67.19,,,,,,,,26.4
IE0008470928,,,,,,,,,,,1.0092,,,,,,,,,,,,,,,,,,,1.9614,,,,,,,,,20.1308,,,13.3684,,,,,,,,,,,,,0.0997,,,4.4663,,,,,,,,,,,,,,,,,,,,,,,,,,10.6476,,,,,,,,,,,,,,,,,,,,,,,,,,,,6.5865,,,0.0005,18.281,,,,,,,,,,,23.4153,0.0707,,,,,,-0.0374,,
IE0008471009,,,,,,,,,,,2.7339,,,,,,,,,,,,,,,,,,,,,,,,,,,1.2954,32.1637,,,29.6706,,,,,,,,,,,,,0.1956,,,8.7695,,,,,,,,,,,,,,,,,,,,,,,,,,13.7029,,,,,,,,,,,,,,,,,,,,,,,,,,,,11.3595,,,,,,,,,,,,,,,0.0054,0.0015,,,,,,0.102,,
IE00084KY2F2,,,,,,,,,,,,,,,3.98,,,,,,,,16.58,,,,,,,,,,,,,,,,,,,,,,,,,,1.57,,,11.28,,,,,,,,,,,,,,,,,,,,,,,,,,,1.43,,,,,,,,,,,,,,,,,,,,,,,,3.24,,,,,,,2.21,24.56,,,,,,26.06,,1.46,,,,,,,1.13,,,,,,,,,,6.5
IE00085PWS28,,,,,5.8442,0.3383,,,,,0.987,,,,,,,,,12.5258,,,,,,,,,,1.4833,,,,,,,,1.0235,8.6259,,,7.8926,,,,,,,1.5496,,,,,,0.3528,,1.0041,2.9569,,,20.2649,,,,,,,,,,,,,,,,,,,,,,,5.1276,0.1707,,0.5718,,,,,,,,,0.1922,,,,,,,,,,,1.6057,,,,,3.5168,,,3.068,8.2486,,,,,,,,,,,12.6498,,,,,,,,,
IE00087GRUR0,,,,,,,,,,,,,,,,,,,,,,,,,,,,,,,,,,,,,,,,,,,,,,,,,,,,,,,,,,,,,,,,,,,,,,,,,,,,,,,,,,,,,,,,,,,,,,,,,,,,,,,,,,,,,,,,,,,,,,,,,,,,,,,,31.64,,,,,,,,68.36
IE000893FCN6,,,,,,,,,,,,,,,,,,,,,,,,,,,,,,,,,,,,,,,,,,,,,,,,,,,,,,,,,,,,,,,,,,,,,,,,,,,,,,,,,,,,,,,,,,,,,,,,,,,,,,,,,,,,,,,,,,,,,,,,,,,,,,,,,,,,,,,,
IE00089J8KM1,,,,,0.1376,0.7042,,,,,1.1054,,,,,,0.501,,,0.1439,,,0.0952,,,,0.0641,1.7133,,0.7027,,,,,0.1795,,,0.9795,20.2335,,,11.2668,,2.0064,,,,,,0.6567,,,,,1.4528,,1.2466,11.5135,,,2.2429,0.2315,,,,,,0.0648,,,,0.1644,4.8151,,,,,,0.5226,,,,,4.042,,,0.3808,,,,,,,,1.0411,1.4592,,,,0.401,,,,,0.2049,,,,0.8171,0.1553,,4.2881,,,2.956,0.7337,,,,,,,,,0.096,,7.3696,13.2604,,,,,,0.0507,,
IE0008B0OAD5,,,,,,,,,,,,,,,,,,,,,,,,,,,,,,,,,,,,,,,,,,,,,,,,,,,,,,,,,,,,,,,,,,,,,,,,,,,,,,,,,,,,,,,,,,,,,,,,,,,,,,,,,,,,,,,,,,,,,,,,,,,,,,,,,,,,,,,,
IE0008BA4TY1,,,,,,,,,,,,,,,,,,,,,,,,,,,,,,,,,,,,,,,,,,,,,,,,,,,,,,,,,,,,,,,,,,,,,,,,,,,,,,,,,,,,,,,,,,,,,,,,,,,,,,,,,,,,,,,,,,,,,,,,,,,,,,,,,,,,,,,,
IE0008C3G0Y9,,,,,,,,,,,,,,,,,,,,,,,,,,,,,,,,,,,,,,,,,,,,,,,,,,,,,,,,,,,,,,,,,,,,,,,,,,,,,,,,,,,,,,,,,,,,,,,,,,,,,,,,,,,,,,,,,,,,,,,,,,,,,,,,,,,,,,,,
IE0008D0AIU9,,,,,4.0818,0.5221,,,,,0.8961,,0.1955,,,,,,,5.9928,0.1746,,0.0929,,,,,,,1.5336,,,,,,,,1.179,4.0695,,,3.8601,,,,,,,1.6509,,,,,,1.8227,,0.9626,1.931,,,14.3982,0.1049,,,,,,,,,,,0.4132,0.0874,,,,,,,,,,2.2858,0.565,,0.9523,,,,,,,,,0.3774,,,,,,,,,,,1.399,,,,,1.9076,,,3.1956,3.862,,,,,,,,,,,6.5784,34.7115,0.1093,,,,,0.0873,,
IE0008DFVN75,,,,,,5.2876,,,,,6.4785,,,,,,,,,,,,,,,,,,,,,,,,,,,4.343,20.5351,,,15.5864,,,,,,,,,,,,,0.224,,,9.0822,,,,,,,,,,,,,,,,,,,,,,,,,,28.9611,,,,,,,,,,,,2.6605,,,,,,,,,,,,,,,,6.1267,,,,,,,,,,,,,,,0.0063,,,,,,,0.7085,,
IE0008DO91F6,,,,,5.92,,,,,,,,,,,,,,,11.79,,,,,,,,,,1.86,,,,,,,,,10.46,,,9.64,,,,,,,1.48,,,,,,,,,2.11,,,20.05,,,,,,,,,,,,,,,,,,,,,,,6.5,,,,,,,,,,,,,,,,,,,,,,,1.3,,,,,3.21,,,2.25,6.8,,,,,,,,,,,13.88,,,,,,,,,2.75
IE0008EMOWT3,,,,,,,,,,,,,,,,,,,,,,,,,,,,,,,,,,,,,,,,,,,,,,,,,,,,,,,,,,,,,,,,,,,,,,,,,,,,,,,,,,,,,,,,,,,,,,,,,,,,,,,,,,,,,,,,,,,,,,,,,,,,,,,,,,,,,,,,
IE0008F7X0W1,,,,,,,,,,,,,,,,,,,,,,,,,,,,,,,,,,,,,,,27.52,,,26.4,,,,,,,,,,,,,,,,21.06,,,,,,,,,,,,,,,,,,,,,,,,,,5.01,,,,,,,,,,,,,,,,,,,,,,,,,,,,19.71,,,,,,,,,,,,,,,,,,,,,,0.3,,
IE0008FB2WZ1,,,,,1.7371,0.1137,,,,,0.275,,0.0747,,,,,,,3.6159,0.0569,,,,,,,,,0.3736,,,,,,,,0.3999,2.0622,,,1.9055,,,,,,,0.5181,,,,,,1.2071,,0.2876,0.8407,,,5.8324,,,,,,,,,,,,0.1071,0.0091,,,,,,,,,,1.7502,0.1061,,0.4137,,,,,,,,,0.095,,,,,,,,,,,0.7707,,,,,1.1192,,,0.6576,2.8306,,,,,,,,,,,3.9276,68.7585,0.0977,,,,,0.0565,,
IE0008GBXCA4,,,,,,,,,,,,,,,,,,,,,,,,,,,,,,,,,,,,,,,,,,,,,,,,,,,,,,,1.99,,,,,,,,,,,,,,,,,,,,,,,,,,,,,,,,,,,,,,,,,,,,,,,,,,,,,,,,,,,,,,,,,,,,,,,,,94.38,,,,,,,,3.63
IE0008GO35B5,,,,,,,,,,,,,0.74,,,,,,,,58.92,,,,,,,,,,,,,,,,,,,,,,,,,,,,,,,,,,9.31,,,,,,,20.08,,,,,,,,,,,,,,,,,,,,,,,,,,,,,,,,,,,,,,,,,,,,,,,,,,,,,,,,,,,,,,,,,,9.33,,,,,,1.61,,
IE0008GRJRO8,,,,,,,,,,,,,,,,,,,,,,,,,,,,0.0752,,,,,,,,,,,27.0,,,15.0285,,,,,,,,,,,,,,,,9.7281,,,,,,,,,,,,,,,,,,,,,,,,,,,,,4.2428,,,,,,,,,,,,,,,,,,,,,,,,,0.6063,,,10.8936,,,,,,,,,,,,32.4254,,,,,,,,,
IE0008H4JHA2,,,,,,,,,,,,,,,,,,,,,,,,,,,,,,,,,,,,,,,,,,,,,,,,,,,,,,,,,,,,,,,,,,,,,,,,,,,,,,,,,,,,,,,,,,,,,,,,,,,,,,,,,,,,,,,,,,,,,,,,,,,,,,,,,,,,,,,,
IE0008JXFQK8,,,,,,,,,,,,,,,,,,,,,,,,,,,,,,,,,,,,,,,,,,,,,,,,,,,,,,,,,,,,,,,,,,,,,,,,,,,,,,,,,,,,,,,,,,,,,,,,,,,,,,,,,,,,,,,,,,,,,,,,,,,,,,,,,,,,,,,,
IE0008LRGGP4,,,,,,,,,,,,,,,,,,,,,,,,,,,,,,,,,,,,,,,,,,,,,,,,,,,,,,,,,,,,,,,,,,,,,,,,,,,,,,,,,,,,,,,,,,,,,,,,,,,,,,,,,,,,,,,,,,,,,,,,,,,,,,,,,,,,,,,,
IE0008M1R3N4,,,,,,,,,,,,,,,,,,,,,,,,,,,,,,,,,,,,,,,,,,,,,,,,,,,,,,,,,,,,,,,,,,,,,,,,,,,,,,,,,,,,,,,,,,,,,,,,,,,,,,,,,,,,,,,,,,,,,,,,,,,,,,,,98.81,,,,,,,,1.19
IE0008NJMGB5,,,,,,,,,,,,,,,,,,,,,,,,,,,,,,,,,,,,,,,,,,,,,,,,,,,,,,,,,,,,,,,,,,,,,,,,,,,,,,,,,,,,1.58,,,,,,,,,,,,,,,,,,,,,,,,,,,,,,,,,,,,,,,,,,,1.88,92.9,,,,,,,,3.64
IE0008P6LL15,,,,,1.77,,,,,,1.01,,,,,,,,,1.38,,,4.97,,,,,,,,,,,,,,,,11.04,,,1.33,,,,,,,,,,,,,,,,4.55,,,9.1,,,,,,,,,,,,,,,,,,2.2,,,,,,,,,,,,,,,,4.58,,,,,,,,,,,,,,,,,3.44,,,,,,,,,,,,,,,3.18,13.43,,,,,,,,38.02
IE0008QIFH42,,,,,,,,,,,2.25,,,,,,,,,,,,,,,,,,,,,,,,,,,,1.73,,,3.27,,,,,,,,,,,,,,,,11.56,,,,,,,,,,,,,,,,,,,,,,,,,,4.24,,,,,,,,,,,,,,,,,,,,,,,,,,,,2.7,,,,,,,,,,,,,,,4.04,4.01,,,,,,,,66.2
IE0008RSSHT4,,,,,,,,,,,,,,,,,,,,,,,,,,,,,,,,,,,,,,,,,,,,,,,,,,,,,,,,,,,,,,,,,,,,,,,,,,,,,,,,,,,,,,,,,,,,,,,,,,,,,,,,,,,,,,,,,,,,,,,,,,,,,,,,,,,,,,,,
IE0008RX29L5,,,,,,,,,,,2.77,,,,,,,,,1.46,,,2.34,,,,,,,5.65,,,,,,,,1.6,5.81,,,4.85,,,,,,,0.91,,,,,,,,2.79,4.24,,,11.74,,,,,,,,,,,,,,,,,,,,,,,6.45,1.46,,,,,,,,,,,,,,,,,,,,,,,,,1.42,5.68,5.27,,,3.41,3.88,11.53,,,,,,,,,,,16.74,,,,,,-0.02,,
IE0008SEV3B2,,,,,,3.74,,,,,4.93,,,,,,,,,,,,,,,,,,,,,,,,,,,1.63,22.47,,,18.06,,1.15,,,,,,,,,,,2.37,,,22.1,,,,,,,,,,,,,,,2.18,,,,,,,,,,,2.54,,,,,,,,,,,,1.96,,,,,,,,,,,,0.95,0.49,,,12.97,,,0.56,1.13,,,,,,,,,,,,,,,,,,0.76,,
IE0008T6IUX0,,,,,11.7,,,,,,,,,,,,,,,,,,,,,,,,,,,,,,,,,,,,,,,,,,,,3.23,,,,,,,,,,,,50.05,,,,,,,,,,,,,,,,,,,,,,,,,,,,,,,,,,,,,,,,,,,,,,3.28,,,,26.71,,,,,,,,,,,,,,,,,,,,,,,,,5.03
IE0008TDJ461,,,,,2.0225,,,,,,0.423,,,,,,,,,2.3234,,,0.5788,,,,,,,,,,,,,,,,,,,0.979,,,,,,,0.2331,,,,,,0.5792,,,,,,3.2554,,,,,,,,,,,,,0.1694,,,,,0.2046,,,,,0.1529,,,,,,,,,,,,,,,,,,,,,,,0.1535,,,0.1322,,1.1342,,,,0.8588,,,,,,,,,,,2.6716,84.1282,,,,,,0.0002,,
IE0008TKP6O7,,,,,,,,,,,,,,,,,,,,,,,,,,,,,,,,,,,,,,,,,,,,,,,,,,,,,,,1.57,,,,,,,,,,,,,,,,,,,,,,,,,,,,,,,,,,,,,,,,,,,,,,,,,,,,,,,,,,,,,,,,,,,,,,,,,96.09,,,,,,,,2.34
IE0008U15456,,,,,,3.4189,,,,,4.9135,,,,,,0.2744,,,,,,,,,0.3732,0.116,,,,,,,,0.042,,,1.7465,24.0484,,,19.1004,,1.0184,,,,,,,,,,,1.6351,,,21.8355,,,,,,,,,,0.1684,,,,0.2468,0.1798,,,,,,,,,,,3.9716,,,,,,,,,,,,1.924,,,,,,,,,,,,0.7689,0.3762,,,13.8571,,,,0.0003,,,,,,,,,,,0.0042,0.0001,,,,,,-0.0198,,
IE0008UEVOE0,,,,,2.2657,1.0212,,,,,2.0283,,0.2019,,0.1996,,,,,0.7145,,,0.2846,,,,,0.1693,,2.5049,,,,,,,,1.9591,18.6225,,,15.5255,,,,,,,0.2211,0.2266,,,,,0.8451,,,4.246,,,2.0458,,,,,,,,,,,,1.1401,,,,,,0.2168,,,,,4.408,0.6221,,0.5376,,,,,,,,0.1683,0.423,,,,,,,,,,,0.1008,,,0.1438,,4.4989,,,4.658,3.3322,,,,,,,,,,,7.578,19.09,,,,,,0.0005,,
IE0008WICO06,,,,,,,,,,,,,,,,,,,,,,,,,,,,,,,,,,,,,,,,,,,,,,,,,,,,,,,,,,,,,,,,,,,,,,,,,,,,,,,,,,,,,,,,,,,,,,,,,,,,,,,,,,,,,,,,,,,,,,,,,,,,,,,,,,,,,,,,
IE0008YN55P8,,,,,1.18,,,,,,0.56,,,,,,,,,4.35,,0.36,0.12,,,,,,,0.69,,,,,,,,0.25,2.19,,,0.13,,,,,,,,,,,,,0.36,,,0.39,,,7.93,,,,,,,,,,,,,,,,,,,,,,,3.02,,,1.83,,,,,,,,,0.16,,,,,,,,,,,0.14,,,,,0.53,,,1.44,2.06,,,,,,,,,,,1.32,70.71,,,,,,0.29,,
IE0008YWAFL1,,,,,0.7117,,,,,,0.7997,,,,,,,,,6.1574,,,,,,,,,,,,,,,,,,,0.8819,,,0.7134,,,,,,,,,,,,,1.5063,,,,,,,,,,,,,,,,,,1.6549,2.2473,,,,,-0.0,,,,,,,,,,,,,,,,,,,,,,,,,,,,,,,,,0.9222,,,,,,,,,,,,,,,0.4792,83.9257,,,,,,0.0003,,
IE0008ZGI5C1,,,,,,,,,,,,,,,,,,,,,,,,,,,,,,,,,,,,,,,,,,,,,,,,,,,,,,,,,,,,,,,,,,,,,,,,,,,,,,,,,,,,,,,,,,,,,,,,,,,,,,,,,,,,,,,,,,,,,,,,,,,,,,,,,,,,,,,,
IE00090GHHQ4,,,,,,,,,,,,,,,,,,,,,,,,,,,,,,,,,,,,,,,,,,,,,,,,,,,,,,,,,,,,,,,,,,,,,,,,,,,,,,,,,,,,,,,,,,,,,,,,,,,,,,,,,,,,,,,,,,,,,,,,,,,,,,,,99.9984,,,,,,,,
IE000929U2U9,,,,,,,,,5.931,,,0.265,,,,,,,,,0.2712,,,,,,,,,,,,0.7456,,,,,,,,,,,,,,,,,,,,7.8734,,,,,,,,,,,,,2.3365,,,,,,,,,,1.1667,,,,,,,,,,,,3.6338,0.472,,,,,0.4677,,,,4.5568,,,,,36.0905,,,,,,,,,,,,,,,,,,,6.3296,,,,21.9042,,0.1228,,,,,,0.0016,7.8317,
IE00093SKUY4,,,,,0.2134,0.0219,,,,,0.1246,,0.0162,,0.0833,,,,,1.021,,0.0791,0.0554,,,,,,,,,,,,,,,0.0017,0.0647,,,0.1999,,,,,,,0.009,0.0063,,,0.1164,,4.5997,,0.0944,0.0247,,,0.5248,,,,,,,,,,,,0.0185,0.0109,,,,,0.3769,,,,,0.085,,,0.0317,,,0.098,,,0.096,0.1379,0.0952,,,,,,,,,,,,0.0057,,,0.0031,0.0875,0.1257,,,0.0069,0.1188,0.0125,,,,,,,,,,1.0145,89.2154,0.0628,,,,,0.009,1.1325,
IE000940RNE6,,,,,3.34,,,,,,,,,,1.79,,,,,,2.83,,,,,,,,,,,,,,,,,,,,,,,,,,,,1.71,,,,,,,,2.94,,,,4.23,,,,,,,,,,,,,,,,,,,,,,,,,,,,,,,,,,,,,,,,,,,,,,6.44,,,,,,,,,,,,,,,,,,,,,72.54,2.11,,,,,,,2.07
IE00094AECT1,,,,,,,,,,,,,,,,,,,,,,,,,,,,,,,,,,,,,,,,,,,,,,,,,,,,,,,,,,,,,,,,,,,,,,,,,,,,,,,,,,,,,,,,,,,,,,,,,,,,,,,,,,,,,,,,,,,,,,,,,,,,,,,,,,,,,,,,
IE00094FRAA6,,,,,,,,,,,,,,,,,,,,,,,,,,,,,,,,,,,,,,,,,,,,,,,,,,,,,,,,,,,,,,,,,,,,,,,,,,,,,,,,,,,,,,,,,,,,,,,,,,,,,,,,,,,,,,,,,,,,,,,,,,,,,,,,,,,,,,,,
IE00094KNQN4,,,,,0.3768,,,,,,,,,,,,,,,2.81,,,,,,,,0.2903,,,,,,,,,,,0.7083,,,,,,,,,,0.3867,,,,,,1.6869,,,0.4141,,,1.1812,0.3016,,,,,,,,,,,1.9956,0.5225,,0.439,,,-0.0,,,,,,,,,,,,,,,,,,,,,,,,,,,,0.2105,,,,,,,,,,,,,,,,,,,,3.413,85.2605,,,,,,0.0029,,
IE000953I6Z4,,,,,,,,,,,,,,,,,,,,,,,,,,,,,,,,,,,,,,,,,,,,,,,,,,,,,,,,,,,,,,,,,,,,,,,,,,,,,,,,,,,,,,,,,,,,,,,,,,,,,,,,,,,,,,,,,,,,,,,,,,,,,,,,,,,,,,,,
IE00096S6AV7,,,,,,,,,,,,,,,,,,,,1.2,,,,,,,,,,,,,,,,,,,3.49,,,3.11,,,,,,,,,,,,,,,,,,,4.78,,,,,,,,,,,,,,,,,,,,,,,,,,,,,,,,,,,,,,,,,,,,,,1.69,,,,,,,,3.11,4.82,,,,,,,,,,,5.71,67.36,,,,,,,,4.73
IE000979OT00,,,,,,,,,,,,,,,,,,,,,,,,,,,,,,,,,,,,,,,,,,,,,,,,,,,,,,,,,,,,,,,,,,,,,,,,,,,,,,,,,,,,,,,,,,,,,,,,,,,,,,,,,,,,,,,,,,,,,,,,,,,,,,,,,,,,,,,,
IE00097WZHZ9,,,,,1.6023,0.0896,,,,,0.2533,,,,0.4813,,,,,2.9862,,0.0729,2.8281,0.0297,,,,0.0161,,0.3906,,,0.0053,,,,,0.2484,2.1192,,,1.856,,0.0868,,,,,0.4623,0.0553,,,0.078,,1.6362,,0.2988,0.7824,,,5.9029,,,,,0.0704,,,,,,,,,,0.1613,,,0.23,,,,,1.1654,0.0576,,0.1487,,,,,,0.04,0.0449,0.1165,0.0467,,0.059,,0.016,,,0.3221,,,,0.3679,,,0.4199,2.2742,0.8887,,,0.7804,2.016,3.0859,,0.1315,,,0.0811,,,,0.1696,3.1714,61.8284,,,,,,0.0247,,
IE00098G6RH2,,,,,0.5554,,,,,,,,,,,,,0.0362,0.0395,4.1128,0.0706,0.03,,0.1442,,,,0.0297,,0.1831,,,,,,,,0.0188,0.9057,,,0.5937,,0.038,,,,,,,,,,,0.7892,,,0.3933,,,0.7913,0.1054,,,,,,,,,,,0.7063,,,0.0856,,,0.1337,,,,0.0009,0.4232,,,0.0877,,,,,,,,,,0.0038,,,,,,,,,,,,,,,0.1459,,,0.0874,0.1993,,0.0898,,,,0.0388,,,,,1.8299,87.3302,,,,,,0.0004,,
IE00098YDEH5,,,,,,,,,,,,,,,,,,,,,,,,,,,,,,,,,,,,,,,,,,,,,,,,,,,,,,,1.18,,,,,,,,,,,,,,,,,,,,,,,,,,,,,,,,,,,,,,,,,,,,,,,,,,,,,,,,,,,,,,,,,,,,,,,,,96.96,,,,,,,,1.86
IE00098ZGGO6,,,,,1.7461,,,,,,,,0.0342,,0.0938,,,,,4.9465,,0.1212,0.1802,,,,,,,,,,,,,,,0.0379,0.0903,,,0.6097,,,,,,,0.0117,,,,,,3.3569,,,,,,3.3963,,,,,,,,,,,,0.1026,,,,,,0.0388,,,,,1.0312,,,,,,,,,,,,,,,,,,,,,,,0.0392,,,,,1.209,,,,0.6381,0.1063,,,,,,,,,,5.4044,76.802,,,,,,0.0037,,
IE00099GAJC6,,,,,,,,,,,,,,,,,,,,,,,98.7896,,,,,,,,,,,,,,,,,,,,,,,,,,,,,,,,0.0081,,,,,,,,,,,,,,,,,,,,,,,,,,,,,,,,,,,,,,,,,,,,,,,,,,,,,,,,,,,,,,,,,,,,,,,,,1.2022,,,,,,0.0002,,
IE0009BI8Z04,,,,,5.8442,0.3383,,,,,0.987,,,,,,,,,12.5258,,,,,,,,,,1.4833,,,,,,,,1.0235,8.6259,,,7.8926,,,,,,,1.5496,,,,,,0.3528,,1.0041,2.9569,,,20.2649,,,,,,,,,,,,,,,,,,,,,,,5.1276,0.1707,,0.5718,,,,,,,,,0.1922,,,,,,,,,,,1.6057,,,,,3.5168,,,3.068,8.2486,,,,,,,,,,,12.6498,,,,,,,,,
IE0009BM62P2,,,,,,,,,,,,,,,,,,,,,,,,,,,,,,,,,,,,,,,,,,,,,,,,,,,,,,,,,,,,,,,,,,,,,,,,,,,,,,,,,,,,,,,,,,,,,,,,,,,,,,,,,,,,,,,,,,,,,,,,,,,,,,,,,,,,,,,,
IE0009D6K2A2,,,,,,,,,,,,,,,,,,,,,,,,,,,,,,,,,,,,,,,,,,,,,,,,,,,,,,,,,,,,,3.26,,,,,,,,,,,,,,,,,,,,,,,,,,,,,,,,,,,,,,,,,,,,,,,,,,,,,,,,,,,,,,,,,,,95.3,,,,,,1.44,,
IE0009DRDY20,,,,,1.8202,0.1305,,,,,0.2582,,,,,,,,,3.5559,,,,,,,,,,0.4283,,,,,,,,0.3039,2.1738,,,2.1309,,,,,,,0.4899,,,,,,0.1214,,0.3689,0.7987,,,6.5029,,,,,,,,,,,,,,,,,,,,,,,1.363,0.1029,,0.2341,,,,,,,,0.1489,0.0644,,,,,,,,,,,0.4422,,,,,0.8933,,,0.9677,2.1409,,,,,,,,,,,3.4959,71.063,,,,,,,,
IE0009DRFET8,,,,,,,,,,,,,,,,,,,,,,,,,,,,,,,,,,,,,,,,,,,,,,,,,,,,,,,,,,,,,,,,,,,,,,,,,,,,,,,,,,,,,,,,,,,,,,,,,,,,,,,,,,,,,,,,,,,,,,,,,,,,,,,,,,,,,,,,
IE0009EDBBS3,,,,,,2.05,,,,,,,,,,,,,,,,,,,,,,,,2.73,,,,,,,,2.45,7.71,,,9.1,,,,,,,,,,,,,1.9,,,3.13,,,1.11,,,,,,,,,,,,,,,,,,,,,,,2.07,,,,,,,,,,,1.2,,,,,,,,,,,,,,,,,2.84,,,,3.97,,,,,,,,,,,5.0,8.68,,,,,,,,46.06
IE0009EGAHL0,,,,,,,,,,,,,0.16,,,,,,,,,,,,,,,,,,,,,,,,,,,,,,,,,,,,,,,,,,,,,,,,,,,,,,,,,,,,,,,,,,,,,,,0.08,,,,,,,,,,,,,,,,,,,,,,,,,,,,,,,,0.17,,,,,,,,,,,0.38,99.08,,,,,,0.12,,
IE0009EQZP90,,,,,0.8096,,,,,,,,,,,,,,,3.5693,,,0.1964,,,,,,,,,,,,,,,,0.8924,,,0.5083,,,,,,,,,,,,,0.8915,,,,,,1.9727,,,,,,,,,,,,,0.1584,,,,,,,,,,0.1909,,,,,,,,,,,,,,,,,,,,,,,,,,,,1.3492,,,,0.9999,0.413,,,,,,,,,,1.234,86.8141,,,,,,0.0001,,
IE0009F7UB30,,,,,,,,,,,,,,,,,,,,,,,,,,,,,,,,,,,,,,,,,,,,,,,,,,,,,,,,,,,,,,,,,,,,,,,,,,,,,,,,,,,,,,,,,,,,,,,,,,,,,,,,,,,,,,,,,,,,,,,,,,,,,,,,,,,,,,,,
IE0009HF1MK9,,,,,1.5772,0.1024,,,,,0.2149,,,,0.4619,,,,,3.1219,,0.0623,2.6773,0.0324,,,,0.0193,,0.3647,,,0.0106,,,,,0.2534,1.932,,,1.855,,0.0786,,,,,0.4559,0.0432,,1.4782,0.0892,,0.1136,,0.3499,0.7285,,,5.6963,,,,,0.072,,,,,,,,,,0.1683,,,0.2265,,,,,1.1826,0.0697,,0.1918,,,,,,,0.0359,0.1507,0.0439,,0.0566,,,,,0.2995,,,,0.4116,,,0.3262,2.3116,0.8086,,,0.8362,1.8645,3.2612,,0.2026,,,0.1171,,,,0.225,3.1002,62.3189,,,,,,,,
IE0009IAUUI1,,,,,2.21,,,,,,,,,,1.1,,,,,1.79,,0.19,0.19,0.31,,,,,,,,,,,,,,,3.71,,,2.78,,,,,,,,,,,1.49,,1.45,,,0.42,,,2.2,,,,,,,,,,,,0.11,0.26,,,,,1.08,,,,,0.15,,,,,,,,,0.41,,,,,,,,,,,,,,,,,0.19,,1.09,,,,1.47,,,0.05,,,,,,,,6.57,70.28,,,,,,0.5,,
IE0009JOT9U1,,,,,,,,,,,,,,,,,,,,,,,,,,,,,,,,,,,,,,,,,,,,,,,,,,,,,,,,,,,,,,,,,,,,,,,,,,,,,,,,,,,,,,,,,,,,,,,,,,,,,,,,,,,,,,,,,,,,,,,,,,,,,,,,,,,,,,,,
IE0009OCO2W4,,,,,,1.3,,,,,,,,,1.28,,,,,1.99,,,2.83,,,,,,,,,,,,,,,,1.06,,,1.71,,,,,,,2.17,,,1.06,,,1.41,,,,,,4.66,,,,,,,,,,,,,,,,,,,,,,,1.98,,,1.28,,,,,,,,,,,,,,,,,,,,,,,,2.76,,,,,,2.27,,,,,,,,,,3.72,58.72,,,,,,,,9.8
IE0009QS7W62,,,,,1.475,,,,,,1.1776,,,,,,,,,0.0009,,,,,,,,,,2.1885,,,,,,,,0.058,2.2225,,,1.1756,,,,,,,0.0,,,,,,,,0.1222,0.0335,,,3.5872,,,,,,,,,,,,,,,,,,,,,,,0.0641,0.0439,,,,,,,,,,,,,,,,,,,,,,,,,,,,,,0.1606,12.6915,,,,,,,,,,,4.6174,70.3459,,,,,,0.0356,,
IE0009SJ3GE3,,,,,4.181,,,,,,,,,,,,,,,12.6504,,,,,,,,,,,,,,,,,,1.2559,7.1022,,,,,,,,,,,,,,,,,,,1.0312,,,1.1584,,,,,,,,,,,,,,,,,,,,,,,,,,2.3489,,,,,,,,,0.5744,,,,,,,,,,,,,,,,,,,,,,,,,,,,,,,5.2187,64.4789,,,,,,,,
IE0009TJ5T70,,,,,1.88,,,,,,,,,,,,,,,4.96,,,,,,,,,,,,,,,,,,,1.44,,,1.62,,,,,,,,,,,,,,,,,,,6.39,,,,,,,,,,,,,,,,,,,,,,,2.81,,,,,,,,,,,,,,,,,,,,,,,,,,,,1.78,,,1.13,2.7,,,,,,,,,,,1.83,58.9,,,,,,,,14.56
IE0009TPHUV6,,,,,8.41,,,,,,,,,,,,,,,44.66,,,,,,,,,,,,,,,,,,,,,,,,,,,,,,,,,,,,,,,,,4.12,,,,,,,,,,,,,,,,,,,,,,,,,,,,,,,,,,,,,,,,,,,,,,,,,,8.02,,,,,,,,,,,,,,,,3.07,29.0,,,,,,,,2.72
IE0009VWHAE6,,,,,,,,,,,,,,,0.0266,,,,,,,,,,,,,,,0.0124,,,,,,,,,,,,0.0679,,,,,,,,,,,,,,,,,,,,,,,,,,,,,,,,,,,,,,,,,,,,,,,,,,,0.035,,,,,,,,,,,,,,,,,,,,,,0.0281,,,,,,,,,,,,0.0035,99.8264,,,,,,0.0001,,
IE0009W21NT4,,,,,1.36,,,,,,,,,,,,,,,3.4,,,,,,,,,,,,,,,,,,,2.77,,,1.13,,,,,,,,,,,,,1.24,,,,,,5.92,,,,,,,,,,,,,,,,,,,,,,,2.47,,,,,,,,,,,,,,,,,,,,,,,,,,,,,,,,2.36,,,,,,,,,,,3.87,69.97,,,,,,,,5.51
IE0009WMIIC0,,,,,,1.82,,,,,1.43,,,,,,,,,,,,,,,,,,,,,,,,,,,1.3,38.58,,,9.37,,,,,,,,,,,,,,,,19.22,,,,,,,,,,,,,,,,,,,,,,,,,,1.78,,,,,,,,,,,,2.15,,,,,,,,,,,,,,,,16.39,,,,,,,,,,,,,,,,,,,,,,,,7.96
IE0009WWNY77,,,,,,,,,,,,,,,,,,,,,,,,,,,,,,,,,,,,,,,,,,,,,,,,,,,,,,,1.81,,,,,,,,,,,,,,,,,,,,,,,,,,,,,,,,,,,,,,,,,,,,,,,,,,,,,,,,,,,,,,,,,,,,,,,,,96.78,,,,,,,,1.41
IE0009WYJCP8,,,,,1.4252,0.107,,,,,0.5278,,0.2524,,,,,,,4.2032,,,0.1927,,,,,,,0.3433,,,,,,,,0.225,1.026,,,2.0205,,,,,,,0.6098,,,,,,2.122,,,0.2159,,,5.739,,,,,,,,,,,,0.1699,,,,,,,,,,,1.4121,0.0339,,0.5489,,,,,,,,,,,,,,,,,,,,0.8862,,,,,1.6277,,,0.5639,2.5185,,,,,,,,,,,3.8379,68.8223,,,,,,0.5691,,
IE0009Y1MQJ2,,,,,1.4404,0.0894,,,,,0.473,,,,,,,,,,,,,,,,,,,0.2195,,,,,,,,0.6644,2.1694,,,1.8722,,,,,,,1.1073,,,,,,0.0165,,0.7107,1.2234,,,6.8973,,,,,,,,,,,,,,,,,,,,,,,1.1345,,,0.4999,,,,,,,,,0.2943,,,,,,,,,,,0.8431,,,0.0447,,1.7469,,,0.4037,2.0198,,,,,,,,,,,3.3733,72.7551,,,,,,0.0014,,
IE0009YQE5W1,,,,,,,,,,,,,,,,,,,,,,,,,,,,,,,,,,,,,,,,,,,,,,,,,1.17,,,,,,1.68,,,,,,,,,,,,,,,,,,,,,,,,,,,,,,,,,,,,,,,,,,,,,,,,,,,,,,,,,,,,,2.67,,,,,,,,,,,91.85,,,,,,,,,2.63
IE0009ZTL4B5,,,,,,,,,,,,,,,,,,,,,,,,,,,,,,,,,,,,,,,,,,,,,,,,,,,,,,,,,,,,,,,,,,,,,,,,,,,,,,,,,,,,,,,,,,,,,,,,,,,,,,,,,,,,,,,,,,,,,,,,,,,,,,,,,,,,,,,,
IE000A0GH076,,,,,1.663,0.0882,,,,,0.2132,,0.0775,,,,,,,3.357,0.0558,,0.0088,,,,,0.0032,,0.41,,,,,,,,0.279,2.1857,,,2.1629,,,,,,,0.4718,,,,,,1.0899,,0.2763,0.7998,,,5.7192,0.0039,,,,,,,,,,,0.1503,0.005,,,,,0.0068,,,,,1.6995,0.0541,,0.1547,,,,,,,,,0.0446,,,,,,,,,,,0.6469,,,,,0.9513,,,0.7622,2.6239,,,,,,,,,,,3.7928,70.1222,0.0959,,,,,0.0247,,
IE000A0RC215,,,,,2.4,,,,,,,,,,,,,,,4.22,,,,,,,,,,,,,,,,,,,0.23,,,,,,,,,,,,,,,,1.23,,,,,,3.05,,,,,,,,,,,,,0.4,,,,,,,,,,0.81,,,,,,,,,,,,,,,,,,,,,,,,,,,,1.08,,,,0.55,,,,,,,,,,,2.57,82.88,,,,,,0.59,,
IE000A2E14U6,,,,,1.56,,,,,,1.16,,,,,,,,,1.46,,,,,,,,,,,,,,,,,,,6.16,,,4.5,,,,,,,,,,,,,,,,5.14,,,5.99,,,,,,,,,,,,,,,,,,,,,,,1.1,,,,,,,,,,,,,,,,,,,,,,,,,,,,3.58,,,,,,,,,,,,,,,5.0,32.11,,,,,,,,32.24
IE000A2YGZU5,,,,,,,,,,,,,,,,,,,,0.9612,0.4585,,,,,,,,,,,,,,,,,,,,,,,,,,,,,,,,,,1.8052,,,,,,,,,,,,,,,,,,,,,,,,,,,,,1.399,,,,,,,,,,,,,,,,,,,,,,,,,,,,,,,,,,,,,,,,,,,0.6794,94.6967,,,,,,,,
IE000A537EY2,,,,,,,,,,,,,,,,,,,,,,,,,,,,,,,,,,,,,,,,,,,,,,,,,,,,,,,,,,,,,,,,,,,,,,,,,,,,,,,,,,,,,,,,,,,,,,,,,,,,,,,,,,,,,,,,,,,,,,,,,,,,,,,,,,,,,,,,
IE000A7N3IV0,,,,,1.22,,,,,,,,,,,,,,,2.79,,,2.38,,,,,,,,,,,,,,,,2.41,,,2.27,,,,,,,,,,1.31,,,1.57,,,,,,4.64,,,,,,,,,,,,,,,,,,,,,,,2.02,,,,,,,,,,,,,,,,,,,,,,,,,,,2.93,,,,,2.03,3.33,,,,,,,,,,3.54,61.14,,,,,,,,6.42
IE000A89Y2G7,,,,,1.7137,0.6045,,,,,0.8493,,,,,,,,,6.154,,,,,,,,,,1.8606,,,,,,,,0.2773,1.2983,,,0.7599,,,,,,,0.5253,,,,,,0.3467,,0.4434,9.8582,,,0.4585,,,,,,,,,,,,,,,,,,,,,,,,1.2816,,,,,,,,,,,3.4255,,,,,,,,,,,0.5766,,,,,19.029,,,,0.2287,,,,,,,,,,,12.8923,37.6792,,,,,,-0.2626,,
IE000A8N67F3,,,,,0.02,,,,,,,,,,0.09,,,,,,,,,,,,,,,,,,,,,,,,,,,,,,,,,,,,,,,,,,,,,,,,,,,,,,,,,,,,,,,,,,,,,0.15,,,,,,,,,,,,,,,,,,,,,,,,,,,,,,,,0.08,,,0.02,,,,,,,,0.08,99.45,,,,,,0.12,,
IE000A9G9R73,,,,,1.093,0.8107,,,,,,,,,,,,,,2.385,,,0.3654,,,,,,,,,,,,,,,,15.0838,,,2.0142,,,,,,,,,,,,,,,,2.6246,,,1.7346,,,,,,,,,,,,,,,,,,,,,,,,,,,,,,,,,,0.1832,,,,,,,,,,,,,,,,4.0817,1.3024,,,0.1722,0.0041,,,,,,0.004,,,,,2.3975,65.7315,,,,,,0.012,,
IE000A9QKUV7,,,,,2.01,,,,,,,,,,,,,,,10.55,,,,,,,,,,,,,,,,,,,2.59,,,1.35,,,,,,,,,,,,,1.52,,,,,,6.59,,,,,,,,,,,,,,,,,,,,,,,1.33,,,,,,,,,,,,,,,,,,,,,,,,,,,2.38,1.09,,,1.08,2.07,,,,,,,,,,,4.2,57.89,,,,,,,,5.35
IE000A9QV382,,,,,,,,,,,,,,,,,,,,,,,,,,,,,,,,,,,,,,,99.9292,,,,,,,,,,,,,,,,0.0415,,,,,,,,,,,,,,,,,,,,,,,,,,,,,,,,,,,,,,,,,,,,,,,,,,,,,,,,,,,,,,,,,,,,,,,,0.013,0.0069,,,,,,0.0094,,
IE000AALNYM3,,,,,,,,,,,,,,,,,,,,,,1.08,,,,,,,,1.35,,,,,,,,,4.56,,,1.8,,,,,,,,,,,,,,,,1.65,,,1.15,,,,,,,,,,,,,,,,,,,,,,,1.59,,,,,,,,,,,,,,,,,,,,,,,,,,,,,,,2.64,2.09,,,,,,,,,,,3.5,49.52,,,,,,,,29.07
IE000AD2AYN2,,,,,2.6746,1.0932,,,,,4.1782,,,,,,,,,,,,,,,,,,,0.8095,,,,,,,,,18.5564,,,12.2262,,,,,,,,,,,,,2.2288,,,6.6639,,,4.3675,,,,,,,,,,,,1.0843,,,,,,,,,,,6.7278,,,,,,,,,,,,,,,,,,,,,,,,,,,,6.4269,,,,3.533,,,,,,,,,,,4.2009,25.2016,,,,,,0.0271,,
IE000AEBAUD0,,,,,,,,,,,,,,,,,,,,,,,,,,,,,,,,,,,,,,,,,,,,,,,,,,,,,,,,,,,,,,,,,,,,,,,,,,,,,,,,,,,,,,,,,,,,,,,,,,,,,,,,,,,,,,,,,,,,,,,,,,,,,,,,,,,,,,,,
IE000AEM1K78,,,,,,,,,,,,,,,,,,,,,,,,,,,,,,,,,,,,,,,,,,,,,,,,,,,,,,,,,,,,,,,,,,,,,,,,,,,,,,,,,,,,,,,,,,,,,,,,,,,,,,,,,,,,,,,,,,,,,,,,,,,,,,,,,,,,,,,,
IE000AES5KQ5,,,,,,,,,,,,,,,,,,,,,,,,,,,,,,,,,,,,,,,,,,,,,,,,,,,,,,,,,,,,,,,,,,,,,,,,,,,,,,,,,,,,,,,,,,,,,,,,,,,,,,,,,,,,,,,,,,,,,,,,,,,,,,,100,,,,,,,,,
IE000AFVKJZ0,,,,,,,,,,,,,,,,,,,,,,,,,,,,,,,,,,,,,,,,,,,,,,,,,,,,,,,,,,,,,,,,,,,,,,,,,,,,,,,,,,,,,,,,,,,,,,,,,,,,,,,,,,,,,,,,,,,,,,,,,,,,,,,,,,,,,,,,
IE000AFVONT7,,,,,,,,,,,,,,,,,,,,,,,,,,,,,,,,,,,,,,,,,,,,,,,,,,,,,,,,,,,,,,,,,,,,,,,,,,,,,,,,,,,,,,,,,,,,,,,,,,,,,,,,,,,,,,,,,,,,,,,,,,,,,,,,,,,,,,,,
IE000AGCIYE6,,,,,,,,,,,,,,,,,,,,2.09,,,,,,,,,,,,,,,,,,,1.68,,,,,,,,,,,,,,,,,,,5.42,,,1.09,,,,,,,,,,,,,,,,,,3.3,,,,,,,,,,,,,,,,,,,,,,,,,,,,,,,,,1.36,,,,,,,,,,,,,,,2.28,12.48,,,,,,,,70.3
IE000AI6QNJ5,,,,,1.56,,,,,,1.16,,,,,,,,,1.46,,,,,,,,,,,,,,,,,,,6.16,,,4.5,,,,,,,,,,,,,,,,5.14,,,5.99,,,,,,,,,,,,,,,,,,,,,,,1.1,,,,,,,,,,,,,,,,,,,,,,,,,,,,3.58,,,,,,,,,,,,,,,5.0,32.11,,,,,,,,32.24
IE000AIFGRB9,,,,,2.97,0.38,,,,,,,,,,,,,0.33,15.52,,,,,,,,,,,,,,,,,,0.68,0.4,,,,,,,,,,,,,,,,,,,2.27,,,1.69,,,,,,,,,,,,,,,,,,,,,,,,,,2.07,,,,,,,,,0.43,,,,,,,,,,,0.1,,,,,,,,,,,,,,,,,,,,0.49,72.67,,,,,,0.01,,
IE000AK4O3W6,,,,,1.4816,1.392,,,,,1.1733,,,,0.059,,,,,1.1951,,,0.1409,,,0.1097,0.0683,0.2674,,2.3449,,,,,0.064,,,1.6564,19.1073,,,11.4808,,0.9541,,,,,0.0666,0.3053,,,,,1.3688,,,5.079,,,1.791,,,,,,,,,,,,0.3577,,,,,,0.1164,,,,,5.4348,0.5652,,1.2937,,,,,,,,0.5867,0.544,,,,0.0265,,,,,,,0.0225,0.0291,0.0381,,,7.1076,,,4.0546,3.2249,,,,,,,,,,,7.6532,18.8041,,,,,,0.0355,,
IE000ALCW221,,,,,1.62,,,,,,,,,,,,,,,4.07,,,2.16,,,,,,,,,,,,,,,,2.17,,,,,,,,,,,,,1.06,,,,,,,,,3.28,,,,,,,,,,,,,,,,,,,,,,,1.84,,,,,,,,,,,,,,,,,,,,,,,,,,,2.02,,,,,3.05,3.36,,,,,,,,,,2.53,63.22,,,,,,,,9.62
IE000ALI2E45,,,,,4.0818,0.5221,,,,,0.8961,,0.1955,,,,,,,5.9928,0.1746,,0.0929,,,,,,,1.5336,,,,,,,,1.179,4.0695,,,3.8601,,,,,,,1.6509,,,,,,1.8227,,0.9626,1.931,,,14.3982,0.1049,,,,,,,,,,,0.4132,0.0874,,,,,,,,,,2.2858,0.565,,0.9523,,,,,,,,,0.3774,,,,,,,,,,,1.399,,,,,1.9076,,,3.1956,3.862,,,,,,,,,,,6.5784,34.7115,0.1093,,,,,0.0873,,
IE000AN258G4,,,,,42.6427,,,,,,,,,,,,,,,,,,0.922,,,,,,,,,,,,,,,,,,,,,,,,,,24.434,,,,,,,,,,,,8.8759,,,,,,,,,,,,,,,,,,,,,,,,3.7404,,,,,,,,,,,,,,,,,,,,,,19.3398,,,,,,,,,,,,,,,,,,,,0.0065,0.0383,,,,,,0.0004,,
IE000AN3AFZ1,,,,,,,,,,,,,,,,,,,,,,,,,,,,,,,,,,,,,,,,,,,,,,,,,,,,,,,,,,,,,,,,,,,,,,,,,,,,,,,,,,,,,,,,,,,,,,,,,,,,,,,,,,,,,,,,,,,,,,,,,,,,,,,,,,,,,,,,
IE000ANHU3J3,,,,,,,,,,,,,,,3.69,,,,,,,,19.02,,,,,,,,,,,,,,,,,,,,,,,,,,,,,9.95,,,,,,,,,,,,,,,,,,,,,,,,,,,2.68,,,,,,,,,,,,,,,,,,,,,,,,1.64,,,,,,,2.55,23.4,,,,,,25.31,,1.59,,,,,,,1.58,,,,,,,,,,8.59
IE000ANMCD25,,,,,,,,,,,,,,,,,,,,,,,,,,,,,,,,,,,,,,,,,,,,,,,,,,,,,,,,,,,,,,,,,,,,,,,,,,,,,,,,,,,,,,,,,,,,,,,,,,,,,,,,,,,,,,,,,,,,,,,,,,,,,,,,,,,,,,,,
IE000ANOU8J3,,,,,,,,,,,,,,,,,,,,,,,,,,,,,,,,,,,,,,,,,,,,,,,,,,,,95.2041,,,,,,,,,,,,,,,,,,,,,,,,,,,,,,,,,,,,,,,,,,,,,,,,,,,,,,,,,,,,,,,,,,,,,,,,,,,,0.0189,,,,,,0.0074,4.7697,
IE000ANYHV73,,,,,0.9109,,,,,,,,,,,,,,,1.2351,,,,,,,,,,,,,,,,,,0.2478,1.3425,,,0.8682,,,,,,,0.0803,,,,,,,,,,,,9.0749,,,,,,,,,,,,,,,,,,,,,,,1.6489,0.0979,,0.2335,,,,,,,,,,,,,,,,,,,,0.7275,,,,,0.5756,,,5.5956,1.1759,,,,,,,,,,,1.3815,74.804,,,,,,,,
IE000AON7ET1,,,,,,,,,,,,,,,,,,,,,,,1.14,,,,,,,,,,,,,,,,2.25,,,,,,,,,,,,,,,,,,,,,,3.65,,,,,,,,,,,,,,,,,,,,,,,1.12,,,,,,,,,,,,,,,,,,,,,,,,,,,,,,,,1.98,2.57,,,,,,,,,,,79.38,,,,,,,,7.91
IE000AP27VA7,,,,,,,,,,,,,,,,,,,,1.57,,,,,,,,,,,,,,,,,,,4.72,,,3.58,,,,,,,,,,,,,2.28,,,,,,10.04,,,,,,,,,,,,,,,,,,,,,,,3.21,,,,,,,,,,,,,,,,,,,,,,,1.23,,,,,1.63,,,,2.39,,,,,,,,,,,1.49,62.33,,,,,,,,5.53
IE000APK27S2,0.0024,,,,1.7802,0.5625,0.0029,,,,0.7782,,0.0158,,0.038,,0.0271,,,3.6975,,0.2125,10.5387,,,0.0283,0.0169,0.1711,,0.4575,,,,,0.0024,,,0.3739,4.9639,,,5.0757,,0.1224,,,0.0019,,0.2356,0.2018,,0.0453,0.488,,2.7511,,0.2676,2.8489,,,7.8494,,,0.017,,0.043,,0.0232,,,,0.0333,0.1224,,,0.4002,,,0.6149,,,,,1.3765,0.2622,,0.4038,0.0252,,0.0447,,0.0087,0.1137,0.0903,0.4811,0.2644,,0.1036,,0.2244,,,0.3036,,,,0.3197,0.0852,0.0347,0.0229,1.148,1.9967,,,0.7436,0.9114,0.0267,,0.3247,,,,,,,0.2865,4.3938,37.7706,0.026,,,,,0.3364,3.0598,
IE000AQ7A2X6,,,,,1.8618,0.6497,,,,,0.96,,0.0256,,0.0363,,0.0306,,,3.5185,,0.1934,10.8536,,,0.0182,0.0169,0.2233,,0.3806,,,,,,,,0.403,5.3206,,,4.6441,,0.1512,,,,,0.0475,0.1909,0.015,0.0334,0.6273,,0.2542,,0.2926,3.1593,,,7.9617,,,0.0226,,0.0691,,,,,,0.0508,0.1281,0.01,,0.5114,,,0.6675,,,,,1.0456,0.1954,,0.2778,0.0201,,0.0631,,,0.124,0.0636,0.492,0.2834,,0.0894,,0.2915,,,0.423,,,,0.2586,0.1227,0.0502,0.012,1.24,2.1162,,,0.6063,0.6944,0.0177,,0.3889,,,,,,,0.4073,4.6508,40.3742,0.0204,,,,,,2.3253,
IE000ARLR807,,,,,,,,,,,,,,,,,,,,4.88,,,,,,,,,,,,,,,,,,,,,,,,,,,,,,,,,,,,,,1.2,,,,,,,,,,,,,,,,,,,,,,,,,,,,,,,,,,,,,,,,,,,,,,,,,,,,,,,,,,,,,,,,,,,,,,71.08,,,,,,,,22.84
IE000ASNLWH9,,,,,,,,,,,,,,,,,,,,,,,,,,,,,,,,,,,,,,,,,,,,,,,,,,,,,,,,,,,,,,,,,,,,,,,,,,,,,,,,,,,,,,,,,,,,,,,,,,,,,,,,,,,,,,,,,,,,,,,,,,,,,,,,,,,,,,,,
IE000ATQR3N3,,,,,2.8866,0.0151,,,,,0.0078,,0.1595,,,,,,,4.6551,0.0698,,,,,,,,,0.3695,,,,,,,,0.3875,1.1875,,,2.1113,,,,,,,0.5073,,,,,,1.6365,,0.1199,0.5175,,,5.7961,,,,,,,,,,,,0.076,0.0177,,,,,,,,,,1.0843,0.1234,,1.7117,,,,,,,,,0.2295,,,,,,,,,,,1.244,,,,,1.088,,,0.2318,2.7301,,,,,,,,,,,2.1546,68.7327,0.1307,,,,,0.0185,,
IE000ATRYEA4,,,,,,,,,,,,,,,,,,,,,,,,,,,,,,,,,,,,,,,,,,,,,,,,,,,,,,,,,,,,,,,,,,,,,,,,,,,,,,,,,,,,,,,,,,,,,,,,,,,,,,,,,,,,,,,,,,,,,,,,,,,,,,,0.0009,99.9972,,,,,,0.0018,,
IE000AV35A01,,,,,,,,,,,,,,,3.69,,,,,,,,19.02,,,,,,,,,,,,,,,,,,,,,,,,,,,,,9.95,,,,,,,,,,,,,,,,,,,,,,,,,,,2.68,,,,,,,,,,,,,,,,,,,,,,,,1.64,,,,,,,2.55,23.4,,,,,,25.31,,1.59,,,,,,,1.58,,,,,,,,,,8.59
IE000AVUROO8,,,,,,,,,,,,,,,,,,,,,,,,,,,,,,,,,,,,,,,,,,,,,,,,,,,,,,,,,,,,,,,,,,,,,,,,,,,,,,,,,,,,,,,,,,,,,,,,,,,,,,,,,,,,,,,,,,,,,,,,,,,,,,,,,,,,,,,,
IE000AWRDWI7,,,,,,,,,,,,,,,,,,,,,,,99.9,,,,,,,,,,,,,,,,,,,,,,,,,,,,,,,,,,,,,,,,,,,,,,,,,,,,,,,,,,,,,,,,,,,,,,,,,,,,,,,,,,,,,,,,,,,,,,,,,,,,,,,,,,,,,,,0.1,,
IE000AXIKJM8,,,,,,,,,,,,,,,,,,,,,,,,,,,,,,,,,,,,,,,,,,,,,,,,,,,,,,,,,,,,,,,,,,,,,,,,,,,,,,,,,,,,,,,,,,,,,,,,,,,,,,,,,,,,,,,,,,,,,,,,,,,,,,,,99.6,,,,,,,,0.4
IE000AXUR1L9,,,,,,,,,,,,,,,,,,,,,,,,,,,,,,,,,,,,,,,,,,,,,,,,,,,,,,,,,,,,,,,,,,,,,,,,,,,,,,,,,,,,,,,,,,,,,,,,,,,,,,,,,,,,,,,,,,,,,,,,,,,,,,,,,,,,,,,,
IE000AY2ERH5,,,,,,,,,,,,,,,,,,,,,,,,,,,,,,,,,,,,,,,,,,,,,,,,,,,,,,,,,,,,,,,,,,,,,,,,,,,,,,,,,,,,,,,,,,,,,,,,,,,,,,,,,,,,,,,,,,,,,,,,,,,,,,,,100.0,,,,,,,,
IE000AY6KP29,,,,,,,,,,,,,,,,,,,,,,,,,,,,,,,,,,,,,,,,,,,,,,,,,,,,,,,,,,,,,,,,,,,,,,,,,,,,,,,,,,,,,,,,,,,,,,,,,,,,,,,,,,,,,,,,,,,,,,,,,,,,,,,0.0003,99.9917,,,,,,0.0081,,
IE000AYEFBK6,,,,,0.7117,,,,,,0.7997,,,,,,,,,6.1574,,,,,,,,,,,,,,,,,,,0.8819,,,0.7134,,,,,,,,,,,,,1.5063,,,,,,,,,,,,,,,,,,1.6549,2.2473,,,,,-0.0,,,,,,,,,,,,,,,,,,,,,,,,,,,,,,,,,0.9222,,,,,,,,,,,,,,,0.4792,83.9257,,,,,,0.0003,,
IE000AYJ75E5,,,,,1.03,2.16,,,,,,,1.03,,,,,,,2.06,,,,,,,,,,1.05,,,,,,,,1.03,17.72,,,12.97,,1.03,,,,,,,,,,,,,,5.21,,,2.08,,,,,,,,,,,,1.07,,,,,,,,,,,6.26,1.02,,1.02,,,,,,,,,,,,,,,,,,,,,,,,,4.12,,,5.22,1.06,,,,,,,,,,,8.37,22.31,,,,,,2.17,,
IE000AZ2HZ31,,,,,3.32,,,,,,,,,,,,,,,3.74,,,,,,,,,,,,,,,,,,,1.15,,,1.27,,,,,,,,,,,,,,,1.49,,,,12.03,,,,,,,,,,,,,,,,,,,,,,,,,,,,,,,,,,,,,,,,,,,,,,,,,,,,,,1.56,1.49,,,,,,,,,,,4.36,58.59,,,,,,,,11.0
IE000AZOUN82,,,,,2.0,,,,,,,,,,,,,,,4.82,,,,,,,,,,,,,,,,,,,1.84,,,2.32,,,,,,,,,,,,,,,,1.16,,,5.35,,,,,,,,,,,,,,,,,,,,,,,4.34,,,,,,,,,,,,,,,,,,,,,,,,,,,,1.31,,,1.32,2.6,,,,,,,,,,,1.82,65.83,,,,,,,,5.29
IE000AZV0AS3,,,,,1.3245,,,,,,,,,,,,,,,1.9427,,,,,,,,,,0.1924,,,,,,,,0.0752,4.4962,,,2.118,,,,,,,0.5609,,,,,,,,0.5419,,,,4.7586,,,,,,,,,,,,,,,,,,,,,,,2.6538,,,,,,,,,,,,,,,,,,,,,,,0.1542,,,,,0.3783,,,1.2591,0.8391,,,,,,,,,,,2.7476,75.9576,,,,,,,,
IE000B1A2798,,,,,1.56,,,,,,1.16,,,,,,,,,1.46,,,,,,,,,,,,,,,,,,,6.16,,,4.5,,,,,,,,,,,,,,,,5.14,,,5.99,,,,,,,,,,,,,,,,,,,,,,,1.1,,,,,,,,,,,,,,,,,,,,,,,,,,,,3.58,,,,,,,,,,,,,,,5.0,32.11,,,,,,,,32.24
IE000B4EDHL6,,,,,0.64,,,,,,0.66,,0.1,,,,,,,3.15,,,,,,,,,,,,,,,,,,,0.24,,,0.24,,,,,,,,,,,,,0.66,,,,,,2.32,,,,,,,,,,,,0.1,0.16,,,,,,,,,,1.01,,,,,,,,,,,,,,,,,,,,,,,,,,,,0.83,,,,,,,,,,,,,,,1.35,88.05,,,,,,0.5,,
IE000B5MAME7,,,,,1.57,,,,,,,,,,,,,,,3.28,,,,,,,,,,,,,,,,,,,2.12,,,2.08,,,,,,,,,,,,,1.56,,,,,,5.62,,,,,,,,,,,,,,,,,,,,,,,1.82,,,,,,,,,,,,,,,,,,,,,,,,,,,,,,,,2.67,,,,,,,,,,,3.56,69.7,,,,,,,,6.02
IE000B5UZSG9,,,,,,,,,,,,,,,,,,,,,,,,,,,,,,,,,,,,,,,,,,,,,,,,,,,,,,,,,,,,,100.0,,,,,,,,,,,,,,,,,,,,,,,,,,,,,,,,,,,,,,,,,,,,,,,,,,,,,,,,,,,,,,,,,,,,,,,,,,,
IE000B8VAQZ8,,,,,,,,,,,,,,,,,,,,3.24,,,,,,,,,,,,,,,,,,,2.2,,,2.54,,,,,,,,,,,,,,,,2.52,,,1.01,,,,,,,,,,,,,,,,,,,,,,,2.03,,,,,,,,,,,,,,,,,,,,,,,,,,,,,,,,,,,,,,1.39,,,,,1.31,54.34,,,,,,,,29.42
IE000B9PQW54,,,,,2.68,,,,,,,,,,,,,,,,,,2.63,,,,,,,,,,,,,,,,,,,3.93,,,,,,,,,,,,,,,,,,,1.29,,,,,,,,,,,,,,,,,,,,,,,2.63,,,,,,,,,,,,,,,,,,,,,,,,,,,,,,,1.25,1.48,,,,,,,,,,,,82.95,,,,,,,,1.16
IE000BAF6X29,,,,,63.9,,,,,,,,,,,,,,,,,,,,,,,,,,,,,,,,,,,,,,,,,,,,15.4,,,,,,,,,,,,,,,,,,,,,,,,,,,,,,,,,,,,1.97,,,,,,,,,,,,,,,,,,,,,,18.3,,,,,,,,,,,,,,,,,,,,,,,,,,,,,0.43
IE000BHH6TY7,,,,,,1.3,,,,,,,,,1.28,,,,,1.99,,,2.83,,,,,,,,,,,,,,,,1.06,,,1.71,,,,,,,2.17,,,1.06,,,1.41,,,,,,4.66,,,,,,,,,,,,,,,,,,,,,,,1.98,,,1.28,,,,,,,,,,,,,,,,,,,,,,,,2.76,,,,,,2.27,,,,,,,,,,3.72,58.72,,,,,,,,9.8
IE000BI0GCN3,,,,,,,,,,,,,,,,,,,,,,,,,,,,,,,,,,,,,,,,,,,,,,,,,,,,,,,0.0313,,,,,,,,,,,,,,,,,,,,,,,,,,,,,,,,,,,,,,,,,,,,,,,,,,,,,,,,,,,,,,,,,,,,,,,,99.5316,0.0005,,,,,,0.4366,,
IE000BI8OT95,,,,,1.6157,0.0922,,,,,0.2726,,,,,,,,,3.481,,,,,,,,,,0.4117,,,,,,,,0.2837,2.3974,,,2.1925,,,,,,,0.4359,,,,,,0.098,,0.2785,0.818,,,5.625,,,,,,,,,,,,,,,,,,,,,,,1.4229,0.0451,,0.1569,,,,,,,,,0.053,,,,,,,,,,,0.4487,,,,,0.9736,,,0.8592,2.2901,,,,,,,,,,0.0,3.4987,72.2496,,,,,,,,
IE000BKMMHF9,,,,,63.9,,,,,,,,,,,,,,,,,,,,,,,,,,,,,,,,,,,,,,,,,,,,15.4,,,,,,,,,,,,,,,,,,,,,,,,,,,,,,,,,,,,1.97,,,,,,,,,,,,,,,,,,,,,,18.3,,,,,,,,,,,,,,,,,,,,,,,,,,,,,0.43
IE000BLN64M9,,,,,,,,,,,,,,,,,,,,,,,,,,,,,,,,,,,,,,,,,,,,,,,,,,,,,,,,,,,,,,,,,,,,,,,,,,,,,,,,,,,,,,,,,,,,,,,,,,,,,,,,,,,,,,,,,,,,,,,,,,,,,,,,,,,,,,,,
IE000BLXGTG9,,,,,,1.29,,,,,3.12,,,,,,,,,,,,,,,,,,,,,,,,,,,4.03,21.53,,,25.89,,,,,,,,,,,,,1.46,,,10.1,,,,,,,,,,,,,,,,,,,,,,,,,,16.56,,,,,,,,,,,,,,,,,,,,,,,,,,,,13.25,,,,,,,,,,,,,,,,,,,,,,,,2.77
IE000BMDG046,,,,,1.81,,,,,,,,0.06,,,,,,,4.87,,,,,,,,,,,,,,,,,,0.09,,,,0.13,,,,,,,,,,,,,0.96,,,0.06,,,2.46,,,,,,,,,,,,0.32,0.12,,,,,,,,,,0.81,,,,,,,,,,,,,,,,,,,,,,,,,,,,0.93,,,,0.2,,,,,,,,,,,1.74,84.33,,,,,,1.11,,
IE000BMP9YJ5,,,,,,,,,,,,,,,,,,,,,,,,,,,,,,,,,,,,,,,,,,,,,,,,,,,,,,,,,,,,,,,,,,,,,,,,,,,,,,,,,,,,,,,,,,,,,,,,,,,,,,,,,,,,,,,,,,,,,,,,,,,,,,,,100.0,,,,,,,,
IE000BMZP0I6,,,,,2.7738,,,,,,,,,,,,,,,14.0973,,,1.9324,,,,,2.7587,,,,,,,,,,,3.1961,,,7.1773,,,,,,,0.006,,,,,,0.1636,,,,,,23.9281,,,,,,,,,,,,,,,,,,,,,,,,,,,,,,,,,,,,,,,,,,,,,,,,,,3.17,,,,,,,,,,,,,,,,0.0052,40.7724,,,,,,0.0192,,
IE000BNLRWE6,,,,,,,,,,,,,,,,,,,,,,,,,,,,,,,,,,,,,,,,,,,,,,,,,,,,,,,,,,,,,,,,,,,,,,,,,,,,,,,,,,,,,,,,,,,,,,,,,,,,,,,,,,,,,,,,,,,,,,,,,,,,,,,,,,,,,,,,
IE000BRM9046,,,,,2.34,,,,,,,,,,,,,,,1.39,,,,,,,,,,,,,,,,,,,10.69,,,3.15,,,,,,,,,,,,,,,2.35,2.79,,,,,,,,,,,,,,,,,,,,,,,,,,,,,1.32,,,,,,,,,,,,,,,,,,,,,,,,1.04,1.32,,,2.14,,,,,,,,,,,,5.38,66.06,,,,,,0.03,,
IE000BRX9DZ0,,,,,1.1509,0.0669,,,,,0.1058,,,,0.5291,,,,,2.9857,,,2.6092,,,,,0.1016,,0.2772,,,,,,,,0.3903,1.8589,,,1.6159,,0.1827,,,,,0.6605,0.1395,,1.0043,0.0784,,0.241,,0.2412,0.9939,,,4.8632,,,,,,,,,,,,,,,0.1817,,,0.3026,,,,,1.4008,,,0.2678,,,,,,,,0.1678,0.184,,0.1047,,,,,0.4209,,,,0.4255,,,0.363,2.6197,0.6333,,,0.5063,1.8142,3.2264,,0.2627,,,0.1042,,,,0.1722,3.367,63.3789,,,,,,,,
IE000BS9KP42,,,,,,,,,,,,,,,,,,,,,,,,,,,,,,,,,,,,,,,,,,,,,,,,,,,,,,,,,,,,,,,,,,,,,,,,,,,,,,,,,,,,,,,,,,,,,,,,,,,,,,,,,,,,,,,,,,,,,,,,,,,,,,,,,,,,,,,,
IE000BUIVY49,,,,,2.7251,0.6358,,,,,1.595,,,,,,,,,2.6905,,,0.9344,,,,,,,2.7028,,,,,,,,,13.2719,,,7.8042,,2.0998,,,,,,0.8186,,,,,1.5193,,,6.8952,,,2.2616,,,,,,,,,,,,1.0745,,,,,,,,,,,1.6812,,,0.6363,,,,,,,,4.3512,,,,,2.8656,,,,,,,,,,0.2922,,9.4734,,,1.4183,5.7037,,,,,,,,,,,9.3533,17.0486,,,,,,0.1474,,
IE000BUSGFL9,,,,,0.1826,1.4571,,,,,1.5247,,,,,,,,,,,,0.2987,,,,,,,1.6859,,,,,,,,1.1522,21.1335,,,15.6446,,1.2064,,,,,,,,,,,1.7966,,,8.0392,,,5.0281,,,,,,,,,,,,2.6948,,,,,,,,,,,3.137,0.1324,,0.567,,,,,,,,,0.6881,,,,,,,,,,,,,,0.1942,,3.3141,,,3.8165,0.875,,,,,,,,,,,8.4433,16.9819,,,,,,0.0064,,
IE000BVD0KE7,,,,,,,,,,,,,,,,,,,,,,,,,,,,,,,,,,,,,,,,,,,,,,,,,,,,,,,,,,,,,,,,,,,,,,,,,,,,,,,,,,,,,,,,,,,,,,,,,,,,,,,,,,,,,,,,,,,,,,,,,,,,,,,,,,,,,,,,
IE000BW2B3J3,,,,,,,,,,,,,,,,,,,,10.55,,,1.04,,,,,,,4.39,,,,,,,,,3.36,,,,,,,,,,,,,,,,,,1.01,,,,1.15,,,,,,,,,,,,,,,,,,2.12,,,,,1.84,,,,,,,,,,,,,,,,,,,1.39,,,,,,,,,,,,,2.0,,,,,,,,,,,7.89,60.7,,,,,,,,2.56
IE000BWITBP9,,,,,0.7495,,,,,,,,,,,,,,,3.3216,,0.1508,,,,,,,,,,,,,,,,,0.1519,,,,,,,,,,,,,,,,6.3795,,,,,,1.2455,,,,,,,,,,,,,,,,,,,,,,,0.2883,,,,,,,,,,,,,,,,,,,,,,,,,,,,,,,,,0.2894,,,,,,,,,,0.5411,86.8821,,,,,,0.0004,,
IE000BWKUES1,,,,,,,,,,,,,,,1.46,,,,,,,,4.86,,,,,,,,,,,,,,,,,,,,,,,,,,,,,,,,,,,,,,6.21,,,,,,,,,,,,,,,,,,,,,,,,,,,,,,,,,,,,,,,,,,,,,,,,,,2.05,,,,,,,,,,,,,,,,17.26,61.15,,,,,,,,7.01
IE000BXC49I6,,,,,1.41,,,,,,,,,,,,,,,4.21,,,,,,,,,,,,,,,,,,,2.44,,,1.76,,,,,,,1.01,,,,,,1.42,,,1.11,,,5.01,,,,,,,,,,,,,,,,,,,,,,,2.44,,,,,,,,,,,,,,,,,,,,,,,,,,,,,,,,2.95,,,,,,,,,,,3.11,67.78,,,,,,,,5.35
IE000BZ1HVL2,,,,,1.6149,0.088,,,,,0.2749,,,,,,,,,3.4613,,,,,,,,,,0.4125,,,,,,,,0.2723,2.4109,,,2.1878,,,,,,,0.4443,,,,,,0.1119,,0.2696,0.837,,,5.6299,,,,,,,,,,,,,,,,,,,,,,,1.366,0.046,,0.1602,,,,,,,,,0.0531,,,,,,,,,,,0.4591,,,,,0.9925,,,0.8497,2.285,,,,,,,,,,,3.5193,72.2539,,,,,,,,
IE000BZFW5H7,,,,,,,,,,,,,,,,,,,,,,,,,,,,,,,,,,,,,,,,,,,,,,,,,,,,,,,3.49,,,,,,,,,,,,,,,,,,,,,,,,,,,,,,,,,,,,,,,,,,,,,,,,,,,,,,,,,,,,,,,,,,,,,,,,,92.72,,,,,,,,3.79
IE000BZXJJ24,,,,,2.0225,,,,,,0.423,,,,,,,,,2.3234,,,0.5788,,,,,,,,,,,,,,,,,,,0.979,,,,,,,0.2331,,,,,,0.5792,,,,,,3.2554,,,,,,,,,,,,,0.1694,,,,,0.2046,,,,,0.1529,,,,,,,,,,,,,,,,,,,,,,,0.1535,,,0.1322,,1.1342,,,,0.8588,,,,,,,,,,,2.6716,84.1282,,,,,,0.0002,,
IE000C17QP01,,,,,,,,,,,,,,,,,,,,3.24,,,,,,,,,,,,,,,,,,,2.2,,,2.54,,,,,,,,,,,,,,,,2.52,,,1.01,,,,,,,,,,,,,,,,,,,,,,,2.03,,,,,,,,,,,,,,,,,,,,,,,,,,,,,,,,,,,,,,1.39,,,,,1.31,54.34,,,,,,,,29.42
IE000C5H8FC1,,,,,,,,,,,,,,,,,,,,,,,,,,,,,,,,,,,,,,,,,,,,,,,,,,,,,,,,,,,,,,,,,,,,,,,,,,,,,,,,,,,,,,,,,,,,,,,,,,,,,,,,,,,,,,,,,,,,,,,,,,,,,,,,,,,,,,,,
IE000C5Q64P6,,,,,0.64,,,,,,0.66,,0.1,,,,,,,3.14,,,,,,,,,,,,,,,,,,,0.24,,,0.24,,,,,,,,,,,,,0.66,,,,,,2.32,,,,,,,,,,,,0.1,0.16,,,,,,,,,,1.01,,,,,,,,,,,,,,,,,,,,,,,,,,,,0.83,,,,,,,,,,,,,,,1.35,88.02,,,,,,0.53,,
IE000C5YJ791,,,,,,,,,,,,,,,,,,,,,,,,,,,,,,,,,,,,,,,,,,,,,,,,,,,,,,,0.1332,,,,,,,,,,,,,,,,,,,,,,,,,,,,,,,,,,,,,,,,,,,,,,,,,,,,,,,,,,,,,,,,,,,,,,,,0.0004,99.8608,,,,,,0.0055,,
IE000C692SN6,,,,,4.57,,,,,,,,,,,,,,,4.11,,,,,,,,,,,,,,,,,,,,,,1.17,,,,,,,,,,,,,,,,,,,11.4,,,,,,,,,,,,,,,,,,,,,,,,,,,,,,,,,,,,,,,,,,,,,,,,,,,,,,1.48,1.66,,,,,,,,,,,6.16,60.95,,,,,,,,8.5
IE000C6ITGC8,,,,,,,,,,,,,,,,,,,,,,,11.8862,,,,,,,,,,,,,,,2.1117,,,,6.1709,,,,,,,0.0306,,,,,,,,,,,,9.6365,,,,,,,,,,,,,,,,,,,,,,,,,,,,,,,,,,,,,,,,,,,,,,,,,,1.8005,,,,1.68,,2.7085,,,,,,,,,,0.017,63.9231,,,,,,0.0351,,
IE000C75IMX8,,,,,,,,,,,1.32,,,,,,,,,2.0,,,,,,,,,,,,,,,,,,,,,,,,,,,,,,,,,,,,,,,,,6.9,,,,,,,,,,,,,,,,,,,,,,,,,,,,,,,,,,,,,,,,,,,,,,6.96,,,,,,,,1.09,,,,,,,,,,,,8.45,72.03,,,,,,,,1.25
IE000C7DDDX4,,,,,,,,,,,,,,,,,,,,,,,,,,,,,,,,,,,,,,,,,,,,,,,,,,,,,,,,,,,,,,,,,,,,,,,,,,,,,,,,,,,,,,,,,,,,,,,,,,,,,,,100.0,,,,,,,,,,,,,,,,,,,,,,,,,,,,,,,,,
IE000C7EUDG1,,,,,8.22,,,,,,,,,,,,,,,,,,,,,,,,,,,,,,,,,,,,,,,,,,,,,,,37.79,,,,,,,,,7.05,,,,,,,,,,,,,,,,,,,,,,,,,,,,,,,,,,,,,,,,,,,,,,5.38,,,,38.43,,,,,,3.57,,,,,,,,,,,,,,,,,,,
IE000CBYU7J5,,,,,,,,,,,,,,,3.56,,,,,,,,17.91,,,,,,,,,,,,,,,,,,,,,,,,,,,,,10.48,,,,,,,,,,,,,,,,,,,,,,,,1.05,,,1.65,,,,,,,,,,,,,,,,,,,,,,,,2.4,,,,,,,2.34,24.55,,,,,,26.89,,1.27,,,,,,,1.81,,,,,,,,,,6.09
IE000CCQKON9,,,,,,,,,,,,,,,,,,,,,,,,,,,,,,,,,,,,,,,,,,,,,,,,,,,,,,,,,,,,,,,,,,,,,,,,,,,,,,,,,,,,,,,,,,,,,,,,,,,,,,,,,,,,,,,,,,,,,,,,,,,,,,,,,,,,,,,,
IE000CEUZ052,,,,,,,,,,,,,,,,,,,,,,,,,,,,,,,,,,,,,,,,,,,,,,,,,,,,,,,,,,,,,,,,,,,,,,,,,,,,,,,,,,,,,,,,,,,,,,,,,,,,,,,,,,,,,,,,,,,,,,,,,,,,,,,,,,,,,,,,
IE000CFH1JX2,,,,,0.0018,0.4099,,,,,,,,,9.1736,,,,,0.0016,,,1.3002,,,,,,,0.0019,,,,,,,,0.3887,,,,,,,,,,,0.001,,,1.6442,,,0.0001,,0.0006,0.5659,,,3.6955,,,,,,,,,,,,,,,1.1267,,,0.0029,,,,,1.2411,,,,,,,,,,,,,,,,,,,0.5046,,,,0.0017,,,,0.5725,,,,0.0014,6.7908,0.126,,0.1793,,,,,,,,12.585,59.6725,,,,,,0.0106,,
IE000CH3OQ51,,,,,0.02,,,,,,,,,,0.1,,,,,,,,,,,,,,,,,,,,,,,,,,,,,,,,,,,,,,,,,,,,,,,,,,,,,,,,,,,,,,,,,,,,,0.1,,,,,,,,,,,,,,,,,,,,,,,,,,,,,,,,0.1,,,0.03,,,,,,,,0.04,99.6,,,,,,,,
IE000CK5G8J7,,,,,1.511,0.0357,,,,,0.1898,,,,1.5044,,,,,13.0831,,0.1217,1.1513,0.1254,,,,,,0.0014,,,,,,,,,0.4265,,,0.0824,,0.3274,,,,,1.5078,,,1.8401,0.0694,,0.1721,,,1.1787,,,3.6737,,,,,0.0,,,,,,,,,,0.5854,,,0.5708,,,,,,0.3561,,,,,,,,,0.5647,0.0013,0.0434,,,,,0.0001,,0.0999,,,,0.0986,,,,0.1684,1.9528,,,,0.165,0.0524,,0.3769,,,0.0477,,,,0.3279,3.7041,63.8372,,,,,,0.0458,,
IE000CL68Z69,,,,,1.8677,0.0965,,,,,0.5326,,,,,,,,,5.1833,,,,,,,,,,0.9382,,,,,,,,0.59,2.5807,,,1.0917,,,,,,,0.4647,,,,,,,,0.3035,0.9035,,,3.2899,,,,,,,,,,,,,,,,,,,,,,,1.2174,0.0911,,0.3638,,,,,,,,,0.1083,,,,,,,,,,,0.5004,,,,,1.3673,,,0.921,2.666,,,,,,,,,,,2.8327,72.0895,,,,,,,,
IE000CLH1Z98,,,,,1.6117,1.6087,,,,,1.7825,,0.1228,,0.0476,,,,,1.2079,,,0.0443,,,0.0938,0.0398,0.2038,,2.0566,,,,,0.0317,,,1.5414,17.4841,,,12.8275,,0.8306,,,,,0.0661,0.2761,0.0162,,,,0.5381,,,6.5095,,,1.542,,,,,,,,,,,0.0637,0.6966,,,,0.0167,,0.1363,,,,,4.7575,0.4803,,1.1936,,,,,,,,0.5693,0.5439,,,,0.0331,,,,,,,0.0293,0.113,0.1576,0.0821,0.0615,6.8326,,,4.1091,1.9942,,,,,,,,,,,6.9311,20.2841,,,,,,,0.4318,
IE000CM02H85,,,,,,,,,,,,,,,,,,,,,,,,,,,,,,,,,,,,,,,,,,,,,,,,,,,,,,,,,,,,,,,,,,,,,,,,,,,,,,,,,,,,,,,,,,,,,,,,,,,,,,,,,,,,,,,,,,,,,100.0,,,,,,,,,,,,,,,,,,,
IE000CN8T855,,,,,,,,,,,,,,,,,,,,,,,,,,,,,,,,,,,,,,,,,,,,,,,,,,,,,,,2.2,,,,,,,,,,,,,,,,,,,,,,,,,,,,,,,,,,,,,,,,,,,,,,,,,,,,,,,,,,,,,,,,,,,,,,,,,95.91,,,,,,,,1.89
IE000CNSFAR2,,,,,1.6157,0.0922,,,,,0.2726,,,,,,,,,3.481,,,,,,,,,,0.4117,,,,,,,,0.2837,2.3974,,,2.1925,,,,,,,0.4359,,,,,,0.098,,0.2785,0.818,,,5.625,,,,,,,,,,,,,,,,,,,,,,,1.4229,0.0451,,0.1569,,,,,,,,,0.053,,,,,,,,,,,0.4487,,,,,0.9736,,,0.8592,2.2901,,,,,,,,,,0.0,3.4987,72.2496,,,,,,,,
IE000CO3P697,,,,,,,,,,,,,,,,,,,,,,,,,,,,,,,,,,,,,,,,,,,,,,,,,,,,,,,,,,,,,,,,,,,,,,,,,,,,,,,,,,,,,,,,,,,,,,,,,,,,,,,,,,,,,,,,,,,,,,,,,,,,,,,,,,,,,,,,
IE000CO65C82,,,,,,,,,,,,,,,,,,,,,,,,,,,,,,,,,,,,,,,,,,,,,,,,,,,,,,,,,,,,,,,,,,,,,,,,,,,,,,,,,,,,,,,,,,,,,,,,,,,,,,,,,,,,,,,,,,,,,,,,,,,,,,,,,,,,,,,,
IE000COQKPO9,,,,,,,,,,,,,,,0.43,,,,,0.81,,,0.19,,,,,,,,,,,,,,,,,,,,,,,,,,,,,,,,,,,,,,,,,,,,,,,,,,,,,,,,,,,,,1.27,,,,,,,,,,,,,,,,,,,,,,,,,,,,,,,,,,,,,,,,,,,0.22,96.99,,,,,,0.08,,
IE000CPG9HG3,,,,,,,,,,,,,,,,,,,,,,,,,,,,,,,,,,,,,,,,,,,,,,,,,,,,,,,,,,,,,,,,,,,,,,,,,,,,,,,,,,,,,,,,,,,,,,,,,,,,,,,,,,,,,,,,,,,,,,,,,,,,,,,,,,,,,,,,
IE000CPT8DH7,,,,,0.045,,,,,,,,0.0771,,,,,,,0.0182,0.0774,,,,,,,,,,,,,,,,,,,,,,,,,,,,,,,,,,1.2889,,,,,,,,,,,,,,,,,,,,,,,,,,,,,0.0895,,,,,,,,,,,,,,,,,,,,,,,0.2889,,,,,,,,,0.2965,,,,,,,,,,,0.491,97.188,0.131,,,,,0.0085,,
IE000CQMYME2,,,,,,,,,,,,,,,,,,,,3.76,,,,,,,,,,,,,,,,,,,,,,,,,,,,,,,,,,,,,,,,,,,,,,,,,,,,,,,,,,,,,,,,,,,,,,,,,,,,,,,,,,,,,,,,,,,,,,,,,,,,,,,,,,,,66.29,,,,,,,,29.95
IE000CQQ22C8,,,,,,,,,,,,,,,,,,,,,,,,,,,,,,,,,,,,,,,,,,,,,,,,,,,,,,,2.56,,,,,,,,,,,,,,,,,,,,,,,,,,,,,1.14,,,,,,,,,,,,,,,,,,,,,,,,,,,,,,,,,,,,,,,,,,,,93.67,,,,,,,,2.63
IE000CR3ZDF9,0.0054,,,,0.5668,2.44,,,,,3.5823,,,,0.0061,,,,,1.1918,,0.1323,0.1631,,,,0.0766,0.0487,,0.5924,,,,,0.029,,,1.5151,20.3823,,,18.4406,,0.7123,,,,,0.133,0.2304,,,0.053,,1.0875,,0.0463,12.7943,,,0.4736,,,0.005,,,,0.086,,,,0.1381,0.22,,,,,,0.1579,,,,,4.7133,0.1212,,0.6826,,,,,,0.0099,,0.3769,1.0972,,0.0118,,0.4044,,,0.0408,,,,0.0716,0.4826,0.1947,0.0055,0.0712,9.1291,,,0.9814,0.9194,0.0059,,,,,,,,,0.0341,2.1273,4.4195,,,,,,0.1304,8.6588,
IE000CR424L6,,,,,,0.1854,,,,,1.2129,,,,,,,,,,,,,,,,,,,3.6994,,,,,,,,2.5795,18.2402,,,10.4098,,,,,,,,,,,,,0.7578,,,2.1215,,,,,,,,,,,,,,,,,,,,,,,,,,16.0109,,,1.6488,,,,,,,,,0.8362,,,,,,,,,,,,,,,,3.2073,,,4.4151,22.0882,,,,,,,,,,,12.7303,0.018,,,,,,-0.1613,,
IE000CR7DJI8,,,,,,,,,,,,,,,,,,,,,,,,,,,,,,,,,,,,,,,,,,,,,,,,,,,,,,,0.0094,,,,,,,,,,,,,,,,,,,,,,,,,,,,,,,,,,,,,,,,,,,,,,,,,,,,,,,,,,,,,,,,,,,,,,,,0.0012,99.9742,,,,,,0.0151,,
IE000CV0WWL4,,,,,,,,,,,,,,,,,,,,,,,,,,,,,,,,,,,,,,,,,,,,,,,,,,,,,,,,,,,,,,,,,,,,,,,,,,,,,,,,,,,,,,,,,,,,,,,,,,,,,,,,,,,,,,,,,,,,,,,,,,,,,,,,,,,,,,,,
IE000CVOSY02,,,,,1.72,,,,,,,,,,,,,,,3.23,,,,,,,,,,,,,,,,,,,2.13,,,2.02,,,,,,,,,,,,,,,,,,,6.09,,,,,,,,,,,,,,,,,,,,,,,1.63,,,,,,,,,,,,,,,,,,,,,,,,,,,3.32,,,,,2.64,,,,,,,,,,,3.61,66.97,,,,,,,,6.64
IE000CWS09Q9,,,,,,,,,,,,,,,,,,,,,,,,,,,,,,,,,,,,,,,4.62,,,7.64,,,,,,,,,,,,,,,,1.36,,,,,,,,,,,,,,,,,,,,,,,,,,1.31,,,,,,,,,,,,,,,,,,,,,,,,,,,,,,,,2.43,,,,,,,,,,,4.17,66.78,,,,,,,,11.69
IE000CWXN435,,,,,,,,,,,,,,,,,,,,,,,,,,,,,,,,,,,,,,,1.53,,,,,,,,,,,,,,,,1.74,,,1.63,,,,,,,,,,,,,,,,,,,,,,,,,,1.78,,,,,,,,,,,,,,,,,,,,,,,,,,,,,,,,1.04,,,,,,,,,,,4.47,33.05,,,,,,,,54.76
IE000CXVOXQ1,,,,,,,,,,,,,,,,,,,,,,,,,,,,,,,,,,,,,,,,,,,,,,,,,,,,,,,,,,,,,,,,,,,,,,,,,,,,,,,,,,,,,,,,,,,,,,,,,,,,,,,,,,,,,,,,,,,,,,,,,,,,,,,,99.72,,,,,,,,0.28
IE000CY30YV9,,,,,1.77,,,,,,,,,,1.62,,,,,4.54,,,,,,,,,,,,,,,,,,,1.32,,,,,,,,,,,,,,,,,,,,,,4.05,,,,,,,,,,,,,,,,,,,,,,,4.14,,,,,,,,,,,,,,,,,,,,,,,,,,,,1.31,,,,,4.35,,,,,,,,,,4.33,66.13,,,,,,,,6.44
IE000CYC2B65,,,,,1.37,,,,,,,,,,,,,,,2.9,,,2.09,,,,,,,,,,,,,,,,1.89,,,1.85,,,,,,,,,,1.33,,,,,,,,,4.99,,,,,,,,,,,,,,,,,,,,,,,1.61,,,,,,,,,,,,,,,,,,,,,,,,,,,2.89,,,,,2.38,3.31,,,,,,,,,,3.13,61.83,,,,,,,,8.43
IE000CYGD0V1,,,,,,,,,,,,,,,3.69,,,,,,,,19.02,,,,,,,,,,,,,,,,,,,,,,,,,,,,,9.95,,,,,,,,,,,,,,,,,,,,,,,,,,,2.68,,,,,,,,,,,,,,,,,,,,,,,,1.64,,,,,,,2.55,23.4,,,,,,25.31,,1.59,,,,,,,1.58,,,,,,,,,,8.59
IE000CYTPBT0,,,,,,,,,,,,,,,,,,,,,,,,,,,,,,,,,,,,,,,,,,,,,,,,,,,,,,,,,,,,,,,,,,,,,,,,,,,,,,,,,,,,,,,,,,,,,,,,,,,,,,,,,,,,,,,,,,,,,,,,,,,,,,,,,,,,,,,,
IE000CZJPCH1,,,,,,2.0352,,,,,,,,,,,0.4929,,,,,,0.928,,,,,2.194,,1.0599,,,,,,,,,14.6564,,,9.5148,,1.2855,,,,,,,,,,,1.5991,,2.2965,5.9784,,,3.346,0.4942,,,,,,0.7617,,,,1.0952,5.5666,,,,,,,,,,,4.9855,,,,,,,,,,,2.8427,0.4867,,,,1.7059,,,,,,,,,0.7237,,,7.0202,,,2.5303,,,,,,,,,,,,7.9156,18.3116,,,,,,0.1733,,
IE000CZQJXB8,,,,,,,,,,,,,,,,,,,,,,,,,,,,,,,,,,,,,,,,,,,,,,,,,,,,,,,,,,,,,,,,,,,,,,,,,,,,,,,,,,,,,,,,,,,,,,,,,,,,,,,,,,,,,,,,,,,,,,,,,,,,,,,,100.0,,,,,,,,
IE000CZU3JH0,,,,,,,,,,,,,,,,,,,,,,,,,,,,,,,,,,,,,,,,,,,,,,,,,,,,,,,1.01,,,,,,,,,,,,,,,,,,,,,,,,,,,,,,,,,,,,,,,,,,,,,,,,,,,,,,,,,,,,,,,,,,,,,,,,,97.9,,,,,,,,1.09
IE000D0T0BO1,,,,,,,,,,,,,,,,,,,,,,,,,,,,,,,,,,,,,,,,,,,,,,,,,,,,,,,,,,,,,100.0,,,,,,,,,,,,,,,,,,,,,,,,,,,,,,,,,,,,,,,,,,,,,,,,,,,,,,,,,,,,,,,,,,,,,,,,,,,
IE000D1017N2,,,,,1.06,,,,,,,,1.15,,,,,,,2.08,,,,,,,,,,,,,,,,,,,1.07,,,,,,,,,,,,,,,,,,,,,,3.15,,,,,,,,,,,,,,,,,,,,,,,2.26,,,,,,,,,,,,,,,,,,,,,,,,,,,,,,,,1.47,,,,,,,,,,,5.67,61.17,,,,,,,,20.92
IE000D1DAPO5,,,,,,,,,,,,,,,,,,,,,,,,,,,,,,,,,,,,,,,,,,,,,,,,,,,,,,,,,,,,,,,,,,,,,,,,,,,,,,,,,,,,,,,,,,,,,,,,,,,,,,,,,,,,,,,,,,,,,,,,,,,,,,,,,,,,,,,,
IE000D2UDLG6,,,,,,,,,,,,,,,,,,,,,,,,,,,,,,,,,,,,,,,,,,,,,,,,,,,,,,,,,,,,,,,,,,,,,,,,,,,,,,,,,,,,,,,,,,,,,,,,,,,,,,,,,,,,,,,,,,,,,,,,,,,,,,,,77.52,,,,,,,,22.48
IE000D352U62,,0.504,2.8456,0.1117,,,,,0.1763,0.0993,,,,,5.1819,,,0.089,0.0936,,0.0308,3.6378,6.2458,4.1922,,,,0.3036,0.1407,,0.1342,,,,,,,,,,,,0.299,,,0.8092,,,5.9752,0.267,,3.7856,2.2278,,,,3.0063,,,0.3718,,,0.0923,1.1197,,1.9748,,,,,,,0.3104,2.5158,0.1068,0.8656,,,5.3012,,0.0884,,1.4061,,,1.1071,,0.3591,0.2444,0.839,,,2.1048,1.0426,0.4932,,,3.3414,,,,,6.3328,,0.4158,,3.7656,,,3.33,3.936,,,,,,2.4262,0.2558,2.3045,0.1051,0.2063,3.9623,,,0.1914,5.3788,0.1891,1.8234,,,,,0.8979,0.0056,0.6324,
IE000D3BWBR2,,,,,,,,,,,,,,,,,,,,,,,,,,,,,,,,,,,,,,,,,,,,,,,,,,,,,,,1.13,,,,,,,,,,,,,,,,,,,,,,,,,,,,,,,,,,,,,,,,,,,,,,,,,,,,,,,,,,,,,,,,,,,,,,,,,97.7,,,,,,,,1.17
IE000D3E0G47,,,,,,,,,,,,,,,,,,,,1.27,,,,,,,,,,,,,,,,,,,,,,2.05,,,,,,,,,,,,,,,,,,,,,,,,,,,,,,,,,,,,,,,,,,1.22,,,,,,,,,,,,,,,,,,,,,,,,,,,,,,,,,,,,,,,,,,,3.5,33.83,,,,,,,,58.13
IE000D5R9C23,,,,,,,,,,,,,,,,,,,,,,,23.935,,,,,,,,,,,,,,,,,,,,,,,,,,3.8207,,,0.0021,0.6264,,9.166,,,,,,,,,,,,,,,,,,,,,1.38,,,,,,,,,,,,,,,,,,0.2647,,,,,,,,,,,,,3.6738,,,,21.7099,,,,,,29.1422,,2.207,,,,,,,,0.0185,4.0535,,,,,,,,
IE000D6810F1,,,,,,,,,,,,,,,,,,,,,,,,,,,,,,,,,,,,,,,,,,,,,,,,,,,,,,,0.0253,,,,,,,,,,,,,,,,,,,,,,,,,,,,,,,,,,,,,,,,,,,,,,,,,,,,,,,,,,,,,,,,,,,,,,,,-0.0003,99.972,,,,,,0.0029,,
IE000D8FCSD8,,,,,4.3268,,,,,,0.4787,,0.4478,,0.0847,,,,,13.2336,,,,,,,,,,,,,,,,,,,1.9985,,,0.1628,,,,,3.2212,,0.0,,,,,,0.0386,,,,,,0.3683,1.2946,,,,,,,,,,,,,,,,,,,,,,,,,,,,,,,,,,,,,,,,,,,,,,,,,0.2683,,,,6.0475,3.8311,,,,,,,,,,,14.3108,49.8651,,,,,,0.0215,,
IE000D8XC064,,,,,1.6867,0.0229,,,,,0.1931,,,,,,,,,3.087,,,,,,,,,,0.5044,,,,,,,,0.2208,2.4782,,,2.4028,,,,,,,0.4401,,,,,,,,0.1841,0.9721,,,5.5288,,,,,,,,,,,,,,,,,,,,,,,1.5417,0.0001,,0.1547,,,,,,,,,0.1585,,,,,,,,,,,0.363,,,,,0.89,,,0.563,2.2547,,,,,,,,,,,3.4706,72.8962,,,,,,-0.0135,,
IE000D9S4LT3,,1.8174,3.2488,0.3498,,,0.3245,,1.6,,,,,0.3376,3.2665,,,,0.3286,,,3.0218,,3.5624,1.2025,,,,,,3.3175,2.1328,3.2153,0.8085,,,,,,0.5847,,,0.7016,,,1.1766,,,,3.9867,,,3.635,,,,,,1.7695,,,,0.9773,0.6606,1.629,0.6501,,,,,,,,,,1.3184,,,6.6504,,,,0.9309,,,2.3927,,2.6109,0.7539,2.9757,,0.7937,2.3598,1.4363,3.8034,,,,,3.5361,,,5.4589,,0.5012,,,,,3.0483,,,0.9372,0.3972,,,,,,,0.6911,4.023,,,2.527,,,3.7821,0.7703,1.1291,2.4162,,0.4496,0.0015,,
IE000D9WMGF0,,,,,1.4159,0.7193,,,,,2.2724,,,,,,,,,1.5961,,,,,,,,,,1.6226,,,,,,,,2.4676,19.62,,,15.5074,,,,,,,,0.1614,,,,,1.5581,,,5.2743,,,0.9365,,,,,,,,,,,,1.1992,,,,,,,,,,,4.5996,,,0.6004,,,,,,,,,0.3708,,,,,,,,,,,,,,,,6.074,,,3.1485,3.1096,0.3313,,,,,,,,,,7.3783,20.1427,,,,,,-0.106,,
IE000DB78H45,,,,,,,,,,,1.77,,,,,,,,,,,,1.81,,,,,,,,,,,,,,,2.03,25.29,,,33.54,,,,,,,,,,,,,,,,10.53,,,,,,,,,,,,,,,,,,,,,,,,,,12.6,,,,,,,,,,,,,,,,,,,,,,,,,,,,8.42,,,,,,,,,,,,,,,,4.01,,,,,,,,
IE000DD75KQ5,,,,,1.5421,0.0288,,,,,0.303,,,,0.4618,,,,,3.2652,,0.0362,2.1938,0.0194,,,,0.0593,,0.4513,,,,,,,,0.1786,2.1069,,,1.9096,,0.035,,,,,0.3954,0.0116,,1.5374,0.0559,,0.024,,0.3388,0.7027,,,5.6042,,,,,0.0798,,,,,,,,,,0.1566,,,0.2099,,,,,1.1217,0.1123,,0.1387,,,,,,,0.0169,0.1401,0.0646,,0.0647,,,,,0.2708,,,,0.5121,,,0.378,2.2457,0.7831,,,0.7715,1.966,3.1545,,0.1115,,,0.061,,,,0.172,3.386,62.8159,,,,,,,,
IE000DHPZ1N9,,,,,,,,,,,,,,,,,,,,1.27,,,,,,,,,,,,,,,,,,,,,,2.05,,,,,,,,,,,,,,,,,,,,,,,,,,,,,,,,,,,,,,,,,,1.22,,,,,,,,,,,,,,,,,,,,,,,,,,,,,,,,,,,,,,,,,,,3.5,33.83,,,,,,,,58.13
IE000DHZXD61,,,,,,,,,,,,,,,,,,,,,,,,,,,,,,,,,,,,,,,,,,,,,,,,,,,,,,,,,,,,,,,,,,,,,,,,,,,,,,,,,,,,,,,,,,,,,,,,,,,,,,,,,,,,,,,,,,,,,,,,,,,,,,,,,,,,,,,,
IE000DKL1700,,,,,,,,,,,,,,,,,,,,,,,,,,,,,,,,,,,,,,,,,,,,,,,,,,,,,,,,,,,,,83.07,,,,,,,,,,,,,,,,,,,,,,,,,,,,,,,,,,,,,,,,,,,,,,,,,,,,,,,,,,,,,,,,,,,,,,,,,,,16.93
IE000DN1DKF8,,,,,,,,,,,,,,,,,,,,,,,,,,,,,,,,,,,,,,,,,,,,,,,,,,,,,,,1.13,,,,,,,,,,,,,,,,,,,,,,,,,,,,,,,,,,,,,,,,,,,,,,,,,,,,,,,,,,,,,,,,,,,,,,,,,97.7,,,,,,,,1.17
IE000DOZYQJ7,,,,,,,,,,,,,,,,,,,,,,,,,,,,,,,,,,,,,,,,,,,,,,,,,,,,,,,,,,,,,,,,,,,,,,,,,,,,,,,,,,,,,,,,,,,,,,,,,,,,,,,,,,,,,,,,,,,,,,,,,,,,,,,,,,,,,,,,
IE000DPO6LM8,,,,,2.96,,,,,,,,,,,,,,,3.92,,,,,,,,,,,,,,,,,,,1.39,,,1.31,,,,,,,1.17,,,,,,1.17,,,1.67,,,9.86,,,,,,,,,,,,,,,,,,,,,,,1.55,,,,,,,,,,,,,,,,,,,,,,,,,,,,,,,1.62,2.82,,,,,,,,,,,3.43,58.79,,,,,,,,8.34
IE000DQAQ6J3,,,,,,,,,,,1.05,,,,,,,,,,,,,,,,,,,2.4,,,,,,,,1.61,15.7,,,15.8,,,,,,,,,,,,,,,,5.1,,,,,,,,,,,,,,,,,,,,,,,,,,8.9,,,1.11,,,,,,,,,,,,,,,,,,,,,,,,,5.77,,,5.49,13.83,,,,,,,,,,,19.83,,,,,,,,,3.41
IE000DR59CI3,,,,,,,,,,,0.6708,,,,,,,,,0.1679,,,10.9669,,,,,,,,,,,,,,,0.0684,10.7683,,,0.4044,,,,,,,0.0168,,,,,,,,,,,,29.0344,,,,,,,,,,,,,,,,,,,,,,,0.0831,,,0.2268,,,,,,,,,,,,,,,,,,,,,,,,10.0665,,,,,0.0029,4.0328,,,,,,,,,,0.4382,33.0316,,,,,,0.0201,,
IE000DS9ZCL4,,,,,,,,,,,,,,,,,,,,,,,98.87,,,,,,,,,,,,,,,,,,,,,,,,,,,,,,,,,,,,,,,,,,,,,,,,,,,,,,,,,,,,,,,,,,,,,,,,,,,,,,,,,,,,,,,,,,,,,,,,,,,,,,,,,,,,,,,,,1.13
IE000DSDL3Z6,,,,,1.22,,,,,,,,,,,,,,,2.79,,,2.38,,,,,,,,,,,,,,,,2.41,,,2.27,,,,,,,,,,1.31,,,1.57,,,,,,4.64,,,,,,,,,,,,,,,,,,,,,,,2.02,,,,,,,,,,,,,,,,,,,,,,,,,,,2.93,,,,,2.03,3.33,,,,,,,,,,3.54,61.14,,,,,,,,6.42
IE000DTA2ZH9,,,,,,,,,,,,,,,,,,,,,,,,,,,,,,,,,,,,,,,,,,,,,,,,,,,,,,,2.56,,,,,,,,,,,,,,,,,,,,,,,,,,,,,1.14,,,,,,,,,,,,,,,,,,,,,,,,,,,,,,,,,,,,,,,,,,,,93.67,,,,,,,,2.63
IE000DUDS685,,,,,0.1376,0.7042,,,,,1.1054,,,,,,0.501,,,0.1439,,,0.0952,,,,0.0641,1.7133,,0.7027,,,,,0.1795,,,0.9795,20.2335,,,11.2668,,2.0064,,,,,,0.6567,,,,,1.4528,,1.2466,11.5135,,,2.2429,0.2315,,,,,,0.0648,,,,0.1644,4.8151,,,,,,0.5226,,,,,4.042,,,0.3808,,,,,,,,1.0411,1.4592,,,,0.401,,,,,0.2049,,,,0.8171,0.1553,,4.2881,,,2.956,0.7337,,,,,,,,,0.096,,7.3696,13.2604,,,,,,0.0507,,
IE000DUSV4J5,,,,,,,,,,,,,,,,,,,,,,,,,,,,,,,,,,,,,,,,,,,,,,,,,,,,,,,,,,,,,,,,,,,,,,,,,,,,,,,,,,,,,,,,,,,,,,,,,,,,,,,,,,,,,,,,,,,,,,,,,,,,,,,,,,,,,,,,
IE000DVLBQ03,,,,,,,,,,,,,,,,,,,,,,,,,,,,,,,,,,,,,,,,,,,,,,,,,,,,,,,,,,,,,,,,,,,,,,,,,,,,,,,,,,,,,,,,,,,,,,,,,,,,,,,,,,,,,,,,,,,,,,,,,,,,,,,0.0015,99.9944,,,,,,0.0042,,
IE000DVPTMD5,,,,,,,,,,,,,,,,,,,,,,,,,,,,,,,,,,,,,,,,,,,,,,,,,,,,100.0,,,,,,,,,,,,,,,,,,,,,,,,,,,,,,,,,,,,,,,,,,,,,,,,,,,,,,,,,,,,,,,,,,,,,,,,,,,,,,,,,,,,
IE000DWHL026,,,,,,,,,,,,,,,,,,,,,,,,,,,,,,,,,,,,,,,,,,,,,,,,,,,,,,,,,,,,,,,,,,,,,,,,,,,,,,,,,,,,,,,,,,,,,,,,,,,,,,,,,,,,,,,,,,,,,,,,,,,,,,,,,,,,,,,,
IE000DYQE2Q3,,,,,,0.7933,,,,,3.2327,,,,,,,,,,,,,,,,,,,,,,,,,,,,16.209,,,10.5345,,2.172,,,,,,,,,,,6.3365,,,11.5154,,,,,,,,,,,,,,,,,,,,,1.3322,,,,,8.9314,,,0.6707,,,,,,,,,,,,,,,,,,,,,,,,,11.901,,,2.0299,3.4085,,,,,,,,,,,19.7781,-2.2735,,,,,,3.4283,,
IE000E02WFD5,,,,,,,,,,,,,,,,,,,,,,,,,,,,,,,,,,,,,,,,,,,,,,,,,,,,,,,,,,,,,,,,,,,,,,,,,,,,,,,,,,,,,,,,,,,,,,,,,,,,,,,,,,,,,,,,,,,,,,,,,,,,,,,,33.0,,,,,,,,67.0
IE000E0NL9T3,,,,,3.689,0.342,,,,,1.8385,,,,,,,,,0.3408,,,0.5713,,,,,,,3.6714,,,,,,,,0.5995,20.7615,,,13.0281,,,,,,,0.2866,,,,,,0.3462,,,5.8221,,,3.0218,,,,,,,,,,,,0.8048,,,,,,,,,,,4.1485,,,0.302,,,,,,,,0.5724,,,,,0.3184,,,,,,,,,,,0.3452,5.3023,,,3.2506,4.062,,,,,,,,,,,8.7047,17.9403,,,,,,-0.0702,,
IE000E47O2D3,,,,,,,,,,,,,,,,,,,,0.1837,,,,,,,,,,,,,,,,,,,,,,,,,,,,,,,,,,,2.5953,,,,,,,,,,,,,,,,,,,,,,,,,,,,,,,,,,,,,,,,,,,,,,,,,,,,,,,,,,,,0.0569,,,,,,,,,,,,0.0001,97.1637,,,,,,0.0004,,
IE000E6TPCH9,,,,,,,,,,,,,,,,,,,,,,,,,,,,,,,,,,,,,,,,,,,,,,,,,,,,,,,,,,,,,,,,,,,,,,,,,,,,,,,,,,,,,,,,,,,,,,,,,,,,,,,,,,,,,,,,,,,,,,,,,,,,,,,,99.98,,,,,,0.02,,
IE000E77RQE2,,,,,,,,,,,,,,,,,,,,,,,,,,,,,,,,,,,,,,,,,,,,,,,,,,,,,,,,,,,,,,,,,,,,,,,,,,,,,,,,,,,,,,,,,,,,,,,,,,,,,,,,,,,,,,,,,,,,,,,,,,,,,,,,,,,,,,,,
IE000E7EI9P0,,,,,0.0605,,,,,,,,,,,,,,,1.1583,,,,,,,,,,,,,,,,,,0.1941,0.1579,,,1.3685,,,,,,,,,,,,,,,0.2896,,,,2.9621,,,,,,,,,,,,,,,,,,,,,,,3.5973,0.0483,,0.0155,,,,,,,,,,,,,,,,,,,,,,,,,,,,0.2474,0.0765,,,,,,,,,,,0.3072,89.5168,,,,,,,,
IE000E9W0ID3,,,,,0.961,,,,,,,,,,0.5177,,,,,1.86,,,0.464,,,,,,,,,,,,,,,0.4206,2.5156,,,8.403,,0.2317,,,,,0.3974,,,,0.4902,,,,,1.1051,,,17.8392,,,,,,,,,,,,,,,0.4757,,,1.2798,,,,,1.2994,0.0003,,0.6439,,,,,,,0.1077,,,,0.2286,,,,,,,,,1.9171,,,1.9568,0.61,2.1919,,,2.0714,1.4802,2.0852,,1.0846,,,0.1729,,,,1.5234,3.5928,42.0052,,,,,,0.0673,,
IE000E9XXE77,,,,,,1.3058,,,,,1.9165,,,,,,,,,,,,,,,,,,,,,,,,,,,3.6301,28.5597,,,24.264,,,,,,,,,,,,,1.7797,,,8.4958,,,,,,,,,,,,,,,,,,,,,,,,,,17.6012,,,,,,,,,,,,0.3855,,,,,,,,,,,,,,,,11.6876,,,,,,,,,,,,,,,0.0067,0.008,,,,,,0.3595,,
IE000EA7I2N5,,,,,,,,,,,,,,,,,,,,,,,,,,,,,,,,,,,,,,,,,,,,,,,,,,,,,,,,,,,,,,,,,,,,,,,,,,,,,,,,,,,,,,,,,,,,,,,,,,,,,,,89.23,,,,,,,,,,,,,,,,,,,,,,,,,,,,,,,,,10.77
IE000EB0LQO5,,,,,1.8739,0.2002,,,,,,,,,,,,,,1.9396,,,,,,,,,,0.2603,,,,,,,,1.1813,2.3094,,,0.6148,,,,,,,1.8951,,,,,,3.2929,,0.6081,1.4064,,,6.9636,,,,,,,,,,,,,,,,,,,,,,,1.5438,0.2698,,0.2679,,,,,,,,,0.0159,,,,,,,,,,,1.9114,,,,,1.6503,,,0.4313,1.5714,,,,,,,,,,,2.1283,68.2627,,,,,,-0.5984,,
IE000EBFYWX3,,,,,2.65,,,,,,,,,,,,,,,11.26,,,10.88,,,,,,,,,,,,,,,,4.66,,,,,,,,,,,,,,,,,,,,,,10.96,,,,,,,,,,,,,,,,,,2.04,,,,,,,,,,,,,,,,,,,,,,,,,,,,,,,,,,,,1.15,,,,,,,,,,,,4.93,48.94,,,,,,,,2.53
IE000EBPC0Z7,,,,,,,,,,,,,,,,,,,,,,,94.81,,,,,,,,,,,,,,,,,,,,,,,,,,,,,,,,2.23,,,,,,,,,,,,,,,,,,,,,,,,,,,,,,,,,,,,,,,,,,,,,,,,,,,,1.06,,,,,,,,,1.06,,,,,,,,,,,,,,,,,,,,0.84
IE000EC86C06,,,,,,,,,,,,,,,4.45,,,,,,,12.23,,2.06,,,,,,,,,,,,,,,,,,,,,,,,,,5.56,,9.51,9.45,,,,,,1.46,,,,,,,,,,,,,,,,,,,,3.91,,,,,,,,,,,,,,3.8,3.06,2.03,,,,,5.45,,,,,3.63,,,,,,7.07,,,,,,,,,,,7.7,,,,5.3,,,,2.97,,,,,,10.36
IE000EDRD2Z8,,,,,1.5583,1.141,,,,,2.7681,,,,,,,,,11.4001,,,,,,,,1.6616,,6.9656,,,,,,,,0.9101,7.7422,,,13.4235,,0.878,,,,,,,,,,,,,,7.6823,,,5.6606,,,,,,,,,,,,0.6216,,,,,,,,,,,5.3503,,,3.0353,,,,,,,,0.6528,,,,,,,,,,,,,,,,,4.0632,,,1.7401,1.5572,,,,,,,,,,,7.3631,13.8251,,,,,,,,
IE000EETFH77,,,,,,,,,,,,,0.0231,,,,,,,,,,,,,,,,,,,,,,,,,,,,,,,,,,,,,,,,,,1.7306,,,,,,,,,,,,,,,,,,,,,,,,,,,,,0.211,,,,,,,,,,,,,,,,,,,,,,,0.4623,,,,,,,,,,,,,,,,,,,,0.6052,96.9629,,,,,,0.0049,,
IE000EFHIFG3,,,,,0.9109,,,,,,,,,,,,,,,1.2351,,,,,,,,,,,,,,,,,,0.2478,1.3425,,,0.8682,,,,,,,0.0803,,,,,,,,,,,,9.0749,,,,,,,,,,,,,,,,,,,,,,,1.6489,0.0979,,0.2335,,,,,,,,,,,,,,,,,,,,0.7275,,,,,0.5756,,,5.5956,1.1759,,,,,,,,,,,1.3815,74.804,,,,,,,,
IE000EGGFVG6,,,,,,,,,,,,,,,,,,,,,,,,,,,,,,,,,,,,,,,,,,,,,,,,,,,,,,,,,,,,,,,,,,,,,,,,,,,,,,,,,,,,,,,,,,,,,,,,,,,,,,,,,,,,,,,,,,,,,,,,,,,,,,,,,,,,,,,,
IE000EHPAS96,,,,,1.7371,0.1137,,,,,0.275,,0.0747,,,,,,,3.6159,0.0569,,,,,,,,,0.3736,,,,,,,,0.3999,2.0622,,,1.9055,,,,,,,0.5181,,,,,,1.2071,,0.2876,0.8407,,,5.8324,,,,,,,,,,,,0.1071,0.0091,,,,,,,,,,1.7502,0.1061,,0.4137,,,,,,,,,0.095,,,,,,,,,,,0.7707,,,,,1.1192,,,0.6576,2.8306,,,,,,,,,,,3.9276,68.7585,0.0977,,,,,0.0565,,
IE000EJ2EHO7,,,,,,,,,,,,,,,,,,,,5.2,,,,,,,,,,,,,,,,,,1.14,,,,,,,,,,,1.54,,,,,,,,,,,,10.29,,,,,,,,,,,,,,,,,,,,,,,1.55,,,,,,,,,,,,,,,,,,,,,,,,,,,,1.89,,,,4.29,,,,,,,,,,,2.8,65.28,,,,,,,,6.02
IE000EJFRI08,,,,,,,,,,,,,,,,,,,,,,,,,,,,,,,,,,,,,,,,,,,,,,,,,,,,,,,,,,,,,,,,,,,,,,,,,,,,,,,,,,,,,,,,,,,,,,,,,,,,,,,,,,,,,,,,,,,,,,,,,,,,,,,,98.94,,,,,,,,1.06
IE000EKG45L0,,,,,,,,,,,,,,,,,,,,,,,,,,,,,,,,,,,,,,,,,,,,,,,,,,,,,,,,,,,,,,,,,,,,,,,,,,,,,,,,,,,,,,,,,,,,,,,,,,,,,,,,,,,,,,,,,,,,,,,,,,,,,,,,99.9984,,,,,,,,
IE000ELFEBZ3,,,,,,,,,,,,,,,,,,,,,,,,,,,,,,,,,,,,,,,,,,,,,,,,,,,,,,,1.52,,,,,,,,,,,,,,,,,,,,,,,,,,,,,,,,,,,,,,,,,,,,,,,,,,,,,,,,,,,,,,,,,,,,,,,,,96.18,,,,,,,,2.3
IE000ELHT1P5,,,,,1.38,,,,,,0.31,,0.09,,,,,,,2.09,,,,,,,,,,,,,,,,,,,0.21,,,0.79,,,,,,,0.22,,,,,,0.38,,,,,,3.09,,,,,,,,,,,,,0.13,,,,,,,,,,0.31,,,,,,,,,,,,,,,,,,,,,,,,,,,,1.14,,,,,,,,,,,,,,,2.51,86.87,,,,,,0.47,,
IE000ENYES77,,,,,4.3196,0.5034,,,,,0.4424,,,,,,,,,6.6585,,,,,,,,,,0.3395,,,,,,,,0.717,2.0687,,,3.4388,,,,,,,1.4585,,,,,,0.3403,,0.9265,3.2142,,,8.4534,,,,,,,,,,,,,,,,,,,,,,,1.3778,0.0639,,0.3878,,,,,,,,,0.084,,,,,,,,,,,2.1518,,,,,3.2823,,,1.503,2.8047,,,,,,,,,,,6.2737,49.1903,,,,,,,,
IE000EOFR2K5,,,,,,,,,,,,,,,,,,,,,,,,,,,,,,,,,,,,,,,,,,,,,,,,,,,,,,,,,,,,,,,,,,,,,,,,,,,,,,,,,,,,,,,,,,,,,,,,,,,,,,,,,,,,,,,,,,,,,,,,,,,,,,,,,,,,,,,,
IE000EPIJ442,,,,,,,,,,,,,,,,,,,,59.46,,,,,,,,,,,,,,,,,,,,,,,,,,,,,,,,,,,,,,,,,,,,,,,,,,,,,,,,,,,,,,,,,,,,,,,,,,,,,,,,,,,,,,,,,,9.58,,,,,,,,,,,,,,,,,,29.89,,,,,,,,1.07
IE000EPX8KB7,,,,,,,,,,,,,,,,,,,,,,,,,,,,,,,,,,,,,,,,,,,,,,,,,,,,,,,,,,,,,,,,,,,,,,,,,,,,,,,,,,,,,,,,,,,,,,,,,,,,,,,,,,,,,,,,,,,,,,,,,,,,,,,,,,,,,,,,
IE000EQGURT5,,,,,,,,,,,,,,,,,,,,,,,,,,,,,,,,,,,,,,,,,,,,,,,,,,,,,,,,,,,,,,,,,,,,,,,,,,,,,,,,,,,,,,,,,,,,,,,,,,,,,,,,,,,,,,,,,,,,,,,,,,,,,,,,99.12,,,,,,,,0.88
IE000ESLTCW9,,,,,,,,,,,,,,,,,,,,,,,,,,,,,,,,,,,,,,,27.52,,,26.4,,,,,,,,,,,,,,,,21.06,,,,,,,,,,,,,,,,,,,,,,,,,,5.01,,,,,,,,,,,,,,,,,,,,,,,,,,,,19.71,,,,,,,,,,,,,,,,,,,,,,0.3,,
IE000EVUY6K9,,,,,0.5554,,,,,,,,,,,,,0.0362,0.0395,4.1128,0.0706,0.03,,0.1442,,,,0.0297,,0.1831,,,,,,,,0.0188,0.9057,,,0.5937,,0.038,,,,,,,,,,,0.7892,,,0.3933,,,0.7913,0.1054,,,,,,,,,,,0.7063,,,0.0856,,,0.1337,,,,0.0009,0.4232,,,0.0877,,,,,,,,,,0.0038,,,,,,,,,,,,,,,0.1459,,,0.0874,0.1993,,0.0898,,,,0.0388,,,,,1.8299,87.3302,,,,,,0.0004,,
IE000EXUE0G2,,,,,,,,,,,,,,,,,,,,,,,,,,,,,,,,,,,,,,,,,,,,,,,,,,,,,,,,,,,,,,,,,,,,,,,,,,,,,,,,,,,,1.58,,,,,,,,,,,,,,,,,,,,,,,,,,,,,,,,,,,,,,,,,,,1.89,94.63,,,,,,,,1.9
IE000F04HGE5,,,,,3.9736,,,,,,1.8155,,,,,,,,,12.2755,,,,,,,,,,3.245,,,,,,,,3.437,10.5149,,,9.0248,,,,,,,,,,,,,5.3754,,,2.0028,,,1.3773,,,,,,,,,,,,1.0876,,,,,,,,,,,10.3377,,,0.7253,,,,,,,,,,,,,,,,,,,,,,,,,2.5437,,,3.9558,,,,,,,,,,,,10.0765,18.5564,,,,,,,,-0.3247
IE000F0DNOJ1,,,,,1.36,,,,,,,,,,,,,,,3.4,,,,,,,,,,,,,,,,,,,2.77,,,1.13,,,,,,,,,,,,,1.24,,,,,,5.92,,,,,,,,,,,,,,,,,,,,,,,2.47,,,,,,,,,,,,,,,,,,,,,,,,,,,,,,,,2.36,,,,,,,,,,,3.87,69.97,,,,,,,,5.51
IE000F16FMX1,,,,,1.56,,,,,,1.16,,,,,,,,,1.46,,,,,,,,,,,,,,,,,,,6.16,,,4.5,,,,,,,,,,,,,,,,5.14,,,5.99,,,,,,,,,,,,,,,,,,,,,,,1.1,,,,,,,,,,,,,,,,,,,,,,,,,,,,3.58,,,,,,,,,,,,,,,5.0,32.11,,,,,,,,32.24
IE000F215NJ2,,,,,,,,,,,,,,,,,,,,,,,,,,,,,,,,,,,,,,,,,,,,,,,,,,,,,,,,,,,,,,,,,,,,,,,,,,,,,,,,,,,,,,,,,,,,,,,,,,,,,,,,,,,,,,,,,,,,,,,,,,,,,,,,,,,,,,,,
IE000F2IX674,,,,,3.1618,0.4603,,,,,0.3388,,,,,,,,,5.1141,,,,,,,,,,1.6199,,,,,,,,0.0148,0.6607,,,0.9417,,,,,,,0.4525,,,,,,0.365,,1.4493,1.0969,,,12.7319,,,,,,,,,,,,,,,,,,,,,,,1.0408,,,1.1034,,,,,,,,,0.497,,,,,,,,,,,1.8172,,,,,0.1297,,,1.9184,0.2656,,,,,,,,,,,4.3976,60.4227,,,,,,,,
IE000F37PGZ3,,,,,1.12,,,,,,,,,,,,,,,,,,,,,,,,,1.79,,,,,,,,,14.21,,,8.93,,,,,,,,,,,,,1.27,,,3.03,,,1.11,,,,,,,,,,,,,,,,,,,,,,,4.96,,,,,,,,,,,,,,,,,,,,,,,,,,,,4.57,,,1.83,2.98,,,,,,,,,,,6.24,14.01,,,,,,,,33.95
IE000F472DU7,,,,,,,,,,,,,,,,,,,,,,,78.81,,,,,,,,,,,,,,,,,,,,,,,,,,,,,,,,,,,,,,,,,,,,,,,,,,,,,,,,,,,,,,,,,,,,,,,,,,,,,,,,,,,,,,,,,,,,,,,,,,,,,,,,,,,,,,,,,21.19
IE000F60HVH9,,,,,,,,,,,,,,,,,,,,,,,,,,,,,,,,,,,,,,,,,,,,,,,,,,,,,,,1.21,,,,,,,,,,,,,,,,,,,,,,,,,,,,,,,,,,,,,,,,,,,,,,,,,,,,,,,,,,,,,,,,,,,,,,,,,97.34,,,,,,,,1.45
IE000F6XDNZ5,,,,,,,,,,,,,,,,,,,,,,,,,,,,,,,,,,,,,,,,,,,,,,,,,,,,,,,,,,,,,,,,,,,,,,,,,,,,,,,,,,,,,,,,,,,,,,,,,,,,,,,,,,,,,,,,,,,,,,,,,,,,,,,-0.2951,100.2947,,,,,,0.0004,,
IE000F7TZ3H9,,,,,,,,,,,,,,,,,,,,,,,,,,,,,,,,,,,,,,,,,,,,,,,,,,,,,,,1.24,,,,,,,,,,,,,,,,,,,,,,,,,,,,,,,,,,,,,,,,,,,,,,,,,,,,,,,,,,,,,,,,,,,,,,,,,97.01,,,,,,,,1.75
IE000F9AQNW6,,,,,,,,,,,,,1.78,,,,,,,,,,,,,,,,,,,,,,,,,,,,,,,,,,,,,,,,,,,,,,,,,,,,,,,,,,,,,,,,,,,,,,,,,,,,,,,,,,,,,,,,,,,,,,,,,,,,,,,,,,,,,,,,,,,96.22,,,,,,,,2.0
IE000F9IDGB5,,,,,1.57,,,,,,,,,,,,,,,3.28,,,,,,,,,,,,,,,,,,,2.12,,,2.08,,,,,,,,,,,,,1.56,,,,,,5.62,,,,,,,,,,,,,,,,,,,,,,,1.82,,,,,,,,,,,,,,,,,,,,,,,,,,,,,,,,2.67,,,,,,,,,,,3.56,69.7,,,,,,,,6.02
IE000FASRFS4,,,,,,,,,,,,,,,,,,,,,,,,,,,,,,,,,,,,,,,,,,,,,,,,,,,,,,,,,,,,,,,,,,,,,,,,,,,,,,,,,,,,,,,,,,,,,,,,,,,,,,,,,,,,,,,,,,,,,,,,,,,,,,,,,,,,,,,,100.0
IE000FCGBU62,,,,,15.167,0.0284,,,,,0.2317,,,,,,,,,18.5113,,,,,,,,,,0.9443,,,,,,,,0.8541,4.6191,,,0.5114,,,,,,,,,,,,,,,,,,,9.1233,,,,,,,,,,,,0.4267,,,,,,,,,,,,,,0.7098,,,,,,,,,,,,,,,,,,,,,,,,,,,,1.2102,3.6352,,,,,,,,,,,7.3856,36.6417,,,,,,,,
IE000FDU4IY8,,,,,,,,,,,,,,,,,,,,,,,,,,,,,,,,,,,,,,,,,,,,,,,,,,,,,,,,,,,,,,,,,,,,,,,,,,,,,,,,,,,,,,,,,,,,,,,,,,,,,,,,,,,,,,,,,,,,,,,,,,,,,,,,,,,,,,,,
IE000FF2EBQ8,,,,,8.1837,,,,,,1.0683,,,,,,,,,2.0154,,,,,,,,,,0.9914,,,,,,,,0.7618,10.2515,,,0.9687,,,,,,,4.3696,,,,,,,,,3.8793,,,10.3193,,,,,,,,,,,,,,,,,,,,,,,1.9832,1.0077,,,,,,,,,,,1.0013,,,,,,,,,,,,,,,,6.0651,,,1.92,1.9561,,,,,,,,,,,6.9184,36.383,,,,,,-0.0438,,
IE000FG3UNB8,,,,,,7.51,,,,,4.19,,,,,,,,,,,,,,,,,,,0.81,,,,,,,,,15.65,,,13.0,,2.99,,,,,,,,,,,3.42,,,18.55,,,,,,,,,,,,,,,,,,,,,,,,,,8.5,,,,,,,,,,,,,,,,,,,,,,,,,,,,21.54,,,,,,,,,,,,,,,3.45,,,,,,,0.39,,
IE000FGFJT15,,,,,,,,,,,,,,,,,,,,,,,,,,,,,,,,,,,,,,,,,,,,,,,,,,,,,,,,,,,,,,,,,,,,,,,,,,,,,,,,,,,,,,,,,,,,,,,,,,,,,,,,,,,,,,,,,,,,,,,,,,,,,,,,,,,,,,,,
IE000FI414K7,,,,,,,,,,,,,,,,,,,,,,,,,,,,,,,,,,,,,,,,,,,,,,,,,,,,,,,0.0043,,,,,,,,,,,,,,,,,,,,,,,,,,,,,,,,,,,,,,,,,,,,,,,,,,,,,,,,,,,,,,,,,,,,,,,,99.9233,0.0,,,,,,0.0724,,
IE000FJJZA01,,,,,,,,,,,,,,,,,,,,,,,,,,,,,,,,,,,,,,,,,,,,,,,,,,,,,,,,,,,,,,,,,,,,,,,,,,,,,,,,,,,,,,,,,,,,,,,,,,,,,,,,,,,,,,,,,,,,,,,,,,,,,,,,100.0,,,,,,,,
IE000FK14CA5,,,,,,,,,,,,,,,,,,,,4.88,,,,,,,,,,,,,,,,,,,,,,,,,,,,,,,,,,,,,,1.2,,,,,,,,,,,,,,,,,,,,,,,,,,,,,,,,,,,,,,,,,,,,,,,,,,,,,,,,,,,,,,,,,,,,,,71.08,,,,,,,,22.84
IE000FKMC6O9,,,,,,,,,,,,,,,,,,,,,,,,,,,,,,,,,,,,,,,1.53,,,,,,,,,,,,,,,,1.74,,,1.63,,,,,,,,,,,,,,,,,,,,,,,,,,1.78,,,,,,,,,,,,,,,,,,,,,,,,,,,,,,,,1.04,,,,,,,,,,,4.47,33.05,,,,,,,,54.76
IE000FL46JJ1,,,,,,,,,,,,,,,,,,,,,,,,,,,,,,,,,,,,,,,,,,,,,,,,,,,,,,,1.99,,,,,,,,,,,,,,,,,,,,,,,,,,,,,,,,,,,,,,,,,,,,,,,,,,,,,,,,,,,,,,,,,,,,,,,,,94.38,,,,,,,,3.63
IE000FMF9DG3,,,,,,,,,,,,,,,,,,,,,,,,,,,,,,,,,,,,,,,,,,,,,,,,,,,,,,,,,,,,,,,,,,,,,,,,,,,,,,,,,,,,,,,,,,,,,,,,,,,,,,,,,,,,,,,,,,,,,,,,,,,,,,,,,,,,,,,,
IE000FNVOB27,,,,,,,,,,,,,,,4.16,,,,,,,,16.61,,,,,,,,,,,,,,,,,,,,,,,,,,,,,11.41,,,,,,,,,,,,,,,,,,,,,,,,1.02,,,3.69,,,,,,,,,,,,,,,,2.06,,,,,,,,2.34,,,,,,,3.03,19.31,,,,,,29.46,,,,,,,,,,,,,,,,,,,6.91
IE000FO05UG4,,,,,,,,,,,,,,,,,,,,,,,,,,,,,,,,,,,,,,,,,,,,,,,,,,,,,,,1.13,,,,,,,,,,,,,,,,,,,,,,,,,,,,,,,,,,,,,,,,,,,,,,,,,,,,,,,,,,,,,,,,,,,,,,,,,97.7,,,,,,,,1.17
IE000FO1A5D1,,,,,,,,,,,,,,,,,,,,,,,,,,,,,,,,,,,,,,,,,,,,,,,,,,,,,,,1.99,,,,,,,,,,,,,,,,,,,,,,,,,,,,,,,,,,,,,,,,,,,,,,,,,,,,,,,,,,,,,,,,,,,,,,,,,94.38,,,,,,,,3.63
IE000FOSCLU1,,,,,,1.1701,,,,,3.9123,,,,,,,,,,,,,,,,,,,,,,,,,,,4.5737,26.1439,,,23.19,,,,,,,,,,,,,0.933,,,10.3851,,,,,,,,,,,,,,,,,,,,,,,,,,17.3543,,,,,,,,,,,,0.9654,,,,,,,,,,,,,,,,11.0035,,,,,,,,,,,,,,,0.0079,0.0277,,,,,,0.3332,,
IE000FP52WM7,,,,,10.32,,,,,,,,,,,,,,,3.61,,,29.09,,,,,,,,,,,,,,,,,,,,,,,,,,,,,,,,,,,,,,4.12,,,,,,,,,,,,,,,,,,4.6,,,,,,,,,,,,,,,,,,,,,,,,,,,,,,,10.58,,,,,3.53,,,,,,,,,,,,13.96,18.25,,,,,,,,1.94
IE000FPWSL69,,,,,1.92,,,,,,,,,,,,,,,2.81,,,3.86,,,,,,,,,,,,,,,,2.66,,,3.4,,,,,,,1.16,,,2.83,,,,,,1.2,,,5.53,,,,,,,,,,,,,,,,,,,,,,,1.76,,,,,,,,,,,,,,,,,,,,,,,,,,,3.34,1.53,,,1.08,2.3,2.72,,,,,,,,,,3.82,46.88,,,,,,,,11.2
IE000FQ808R5,,,,,,,,,,,,,,,,,,,,,,,,,,,,,,,,,,,,,,,,,,,,,,,,,,,,,,,,,,,,,,,,,,,,,,,,,,,,,,,,,,,,,,,,,,,,,,,,,,,,,,,,,,,,,,,,,,,,,,,,,,,,,,,,,,,,,,,,
IE000FQYTH79,,,,,4.6221,0.4037,,,,,0.7004,,,,,,,,,10.479,,,,,,,,,,0.0875,,,,,,,,0.7109,2.9206,,,3.2449,,,,,,,1.4769,,,,,,0.7504,,0.6025,3.1687,,,6.229,,,,,,,,,,,,,,,,,,,,,,,1.624,0.0303,,0.6052,,,,,,,,,0.0275,,,,,,,,,,,2.0055,,,,,2.7556,,,0.6534,3.5828,,,,,,,,,,,6.8065,46.4555,,,,,,0.057,,
IE000FRX67F3,,,,,3.1,,,,,,7.6,,,,,,,,,,,,,,,,,,,,,,,,,,,,2.1,,,3.72,,,,,,,,,,,,,,,,13.46,,,5.47,,,,,,,,,,,,3.13,,,,,,,,,,,1.34,,,,,,,,,,,,,,,,,,,,,,,,,,,,2.29,,,,,,,,,,,,,,,4.49,23.85,,,,,,,,29.45
IE000FSN19U2,,,,,,,,,,,,,,,,,,,,,,,,,,,,,,,,,,,,,,,,,,,,,,,,,,,,,,,1.14,,,,,,,,,,,,,,,,,,,,,,,,,,,,,,,,,,,,,,,,,,,,,,,,,,,,,,,,,,,,,,,,,,,,,,,,,97.44,,,,,,,,1.42
IE000FVQW7E7,,,,,1.16,0.1,,,,,0.41,,,,,,,,,5.61,,,,,,,,,,0.55,,,,,,,,0.24,6.95,,,4.87,,0.03,,,,,0.23,,,,,,0.54,,,1.34,,,2.31,,,,,,,,,,,,0.09,,,,,,,,,,,1.86,0.05,,0.19,,,,,,,,,0.19,,,,,,,,,,,0.01,,,,,2.06,,,0.38,1.8,,,,,,,,,,,9.49,58.31,,,,,,1.21,,
IE000FW16TX1,,,,,,,,,,,,,,,,,,,,,,,,,,,,,,,,,,,,,,,,,,,,,,,,,,,,,,,1.13,,,,,,,,,,,,,,,,,,,,,,,,,,,,,,,,,,,,,,,,,,,,,,,,,,,,,,,,,,,,,,,,,,,,,,,,,97.47,,,,,,,,1.4
IE000FXHG8D6,,,,,,,,,,,,,,,,,,,,,,,,,,,,,,,,,,,,,,,,,,,,,,,,,,,,,,,,,,,,,,,,,,,,,,,,,,,,,,,,,,,,,,,,,,,,,,,,,,,,,,,,,,,,,,,,,,,,,,,,,,,,,,,,97.64,,,,,,2.36,,
IE000FYTRRJ6,,,,,1.41,,,,,,,,,,,,,,,4.21,,,,,,,,,,,,,,,,,,,2.44,,,1.76,,,,,,,1.01,,,,,,1.42,,,1.11,,,5.01,,,,,,,,,,,,,,,,,,,,,,,2.44,,,,,,,,,,,,,,,,,,,,,,,,,,,,,,,,2.95,,,,,,,,,,,3.11,67.78,,,,,,,,5.35
IE000FZ1S3M3,,,,,0.892,,,,,,,,0.0627,,0.1234,,,,,2.7235,,0.0191,0.2577,,,,,,,,,,,,,,,0.0175,0.0758,,,0.5306,,,,,,,0.0226,,,,,,1.1374,,,,,,2.9268,,,,,,,,,,,,0.0919,,,,,,0.202,,,,,0.5764,,,,,,,,,,,,,,,,,,,,,,,0.0437,,,0.0185,,0.8117,,,,0.8072,0.0779,,,,,,,,,,4.8251,83.7367,,,,,,0.0201,,
IE000G0E83X3,,,,,0.0,,,,,,,,,,,,,,,,,,0.8678,,,,,,,,,,,,,,,,,,,,,,,,,,,,,,,,0.452,,2.2887,,,,0.7585,,,,,,,,,,,,,,,,,,,,,,,,,,,,,,,,,,,,,,,,,,,,,,,,,,2.9812,,,,,,19.8926,,,,,,,,,,0.0004,72.7587,,,,,,,,
IE000G2LIHG9,,,,,,,,,,,,,,,,,,,,,,,,,,,,,,,,,,,,,,,,,,,,,,,,,,,,,,,0.1664,,,,,,,,,,,,,,,,,,,,,,,,,,,,,,,,,,,,,,,,,,,,,,,,,,,,,,,,,,,,,,,,,,,,,,,,0.0047,99.8218,,,,,,0.0071,,
IE000G4ONBO6,,,,,,,,,,,,,,,,,,,,,,,1.5,,,,,,,,,,,,,,,,13.98,,,2.78,,,,,,,,,,,2.51,,,,1.67,7.37,,,4.49,,,,,,,,,,,,,,,,,,2.13,,,,,,,,,,,,,,,,,1.68,,,,,,,,,,,,,,,,5.65,,,,1.04,,,2.09,,,,,,,,11.8,7.21,,,,,,,,34.1
IE000G4PH2B1,,,,,,,,,,,,,,,,,,,,,,,,,,,,,,,,,,,,,,,,,,,,,,,,,,,,,,,0.3019,,,,,,,,,,,,,,,,,,,,,,,,,,,,,,,,,,,,,,,,,,,,,,,,,,,,,,,,,,,,,,,,,,,,,,,,0.0067,99.6852,,,,,,0.0062,,
IE000G5IRVY3,,,,,,,,,,,,,,,,,,,,,,,,,,,,,,,,,,,,,,,,,,,,,,,,,,,,,,,,,,,,,,,,,,,,,,,,,,,,,,,,,,,,,,,,,,,,,,,,,,,,,,,,,,,,,,,,,,,,,,,,,,,,,,,,,,,,,,,,
IE000G6CY1T7,,,,,,,,,,,,,,,,,,,,,,,,,,,,,,,,,,,,,,,,,,,,,,,,,,,,,,,0.1422,,,99.7549,,,,,,,,,,,,,,,,,,,,,,,,,,,,,,,,,,,,,,,,,,,,,,,,,,,,,,,,,,,,,,,,,,,,,,,,,,,,0.1028,,
IE000G6GSP88,,,,,5.88,,,,,,,,,,,,,,,2.09,,,,,,,,,,,,,,,,,,,1.8,,,1.36,,,,,,,2.51,,,,,,,,,,,,8.1,,,,,,,,,,,,,,,,,,,,,,,,,,,,,,,,,,,,,,,,,,,,,,3.02,,,,,,,,1.47,1.52,,,,,,,,,,,3.39,65.8,,,,,,,,3.06
IE000G8WOLX8,,,,,,,,,,,,,,,,,,,,0.4403,,,,,,,,,,,,,,,,,,,,,,,,,,,,,,,,,,,,,,,,,,,,,,,,,,,,,,,,,,,,,,,,,,,,,,,,,,,,,,,,,,,,,,,,,,,,,,,,,,,,,,,,,,,,99.5597,,,,,,,,
IE000G9O8QD4,,,,,,,,,,,,,,,,,,,,,,,,,,,,,,,,,,,,,,,,,,,,,,,,,,,,,,,,,,,,,,,,,,,,,,,,,,,,,,,,,,,,,,,,,,,,,,,,,,,,,,,,,,,,,,,,,,,,,,,,,,,,,,,,,,,,,,,,
IE000GA3D489,,,,,,,,,,,,,,,,,,,,4.52,1.48,,,,,,,,,,,,,,,,,,,,,,,,,,,,,,,,,,,,,,,,,,,,,,,,,,,,,,,,,,,,,,,,,,,,,,,,,,,,,,,,,,,,,,,,,,,,,,,5.47,1.25,,,,,,,,,,,81.53,,,,,,,,5.75
IE000GA7JQV8,,,,,5.1594,,,,,,,,0.2848,,,,,,,0.0336,3.3325,,0.0715,,,,,,,,,,,,,,,,5.3648,,,2.5119,,,,,,,0.0196,,,,0.082,,8.9292,,0.1295,,,,0.0038,,,,,,,,,,,,,,,,,,,,,,,,,,,,,,,,,,,,,,,,,,,,,,1.5336,,,,2.9395,,,,,3.0209,5.6935,,,,,,,,,,0.1203,60.7696,,,,,,,,
IE000GAKWFA7,,,,,,,,,,,,,,,,,,,,,,,,,,,,,,,,,,,,,,,,,,,,,,,,,,,,,,,,,,,,,,,,,,,,,,,,,,,,,,,,,,,,,,,,,,,,,,,,,,,,,,,,,,,,,,,,,,,,,,,,,,,,,,,,,,,,,,,,
IE000GB2EQ90,,,,,1.38,,,,,,0.31,,0.09,,,,,,,2.09,,,,,,,,,,,,,,,,,,,0.21,,,0.79,,,,,,,0.22,,,,,,0.38,,,,,,3.09,,,,,,,,,,,,,0.13,,,,,,,,,,0.31,,,,,,,,,,,,,,,,,,,,,,,,,,,,1.14,,,,,,,,,,,,,,,2.51,86.87,,,,,,0.47,,
IE000GBYNAU4,,,,,,,,,,,,,,,,,,,,,,,,,,,,,,,,,,,,,,,,,,,,,,,,,,,,,,,,,,,,,,,,,,,,,,,,,,,,,,,,,,,,,,,,,,,,,,,,,,,,,,,,,,,,,,,,,,,,,,,,,,,,,,,,,,,,,,,,
IE000GDU4WA8,,,,,,,,,,,1.06,,,,4.57,,,,,,,,5.0,,,,,,,,,,,,,,,,3.55,,,4.65,,2.97,,,,,,,,,2.54,,,,,2.89,,,2.78,,,,,,,,,,,,,,,,,,6.05,,,,,,2.93,,,,,,,,,,,,,,,,,,,,,,,,,3.57,,,,,,,,,,,,,,,,,,28.01,,,,,,,,29.43
IE000GE4QIR1,,,,,,,,,,,,,,,,,,,,,,,,,,,,,,,,,,,,,,,,,,,,,,,,,,,,,,,,,,,,,,,,,,,,,,,,,,,,,,,,,,,,,,,,,,,,,,,,,,,,,,,,,,,,,,,,,,,,,,,,,,,,,,,,97.64,,,,,,2.36,,
IE000GEHNQU9,,,,,0.0605,,,,,,,,,,,,,,,1.1583,,,,,,,,,,,,,,,,,,0.1941,0.1579,,,1.3685,,,,,,,,,,,,,,,0.2896,,,,2.9621,,,,,,,,,,,,,,,,,,,,,,,3.5973,0.0483,,0.0155,,,,,,,,,,,,,,,,,,,,,,,,,,,,0.2474,0.0765,,,,,,,,,,,0.3072,89.5168,,,,,,,,
IE000GETKIK8,,,,,,,,,,,,,,,,,,,,,,,,,,,,,,,,,,,,,,,,,,,,,,,,,,,,,,,,,,,,,,,,,,,,,,,,,,,,,,,,,,,,,,,,,,,,,,,,,,,,,,,,,,,,,,,,,,,,,,,,,,,,,,,,,,,,,,,,
IE000GFG8GS0,,,,,0.64,,,,,,0.66,,0.1,,,,,,,3.14,,,,,,,,,,,,,,,,,,,0.24,,,0.24,,,,,,,,,,,,,0.66,,,,,,2.32,,,,,,,,,,,,0.1,0.16,,,,,,,,,,1.01,,,,,,,,,,,,,,,,,,,,,,,,,,,,0.83,,,,,,,,,,,,,,,1.35,88.02,,,,,,0.53,,
IE000GGQK173,,,,,,,,,,,,,,,,,,,,,,,,,,,,,,,,,,,,,,,,,,,,,,,,,,,,,,,,,,,,,,,,,,,,,,,,,,,,,,,,,,,,,,,,,,,,,,,,,,,,,,,,,,,,,,,,,,,,,,,,,,,,,,,,,,,,,,,,
IE000GHXL2Q3,,,,,,8.4405,,,,,14.9067,,,,,,,,,,,,,,,,,,,,,,,,,,,1.321,22.1536,,,46.9153,,,,,,,,,,,,,2.3796,,,,,,,,,,,,,,,,,,,,,,,,,,,,,3.87,,,,,,,,,,,,,,,,,,,,,,,,,,,,,,,,,,,,,,,,,,,0.0082,,,,,,,0.005,,
IE000GLIXPP3,,,,,,,,,,,,,,,4.14,,,,,,,,16.86,,,,,,,,,,,,,,,,,,,,,,,,,,,,,10.79,,,,,,,,,,,,,,,,,,,,,,,,,,,3.69,,,,,,,,,,,,,,,,2.1,,,,,,,,2.9,,,,,,,3.34,18.29,,,,,,29.82,,,,,,,,,,,,,,,,,,,8.07
IE000GML9HQ4,,,,,,,,,,,,,,,,,,,,,,,,,,,,,,,,,,,,,,,,,,,,,,,,,,,,,,,,,,,,,,,,,,,,,,,,,,,,,,,,,,,,,,,,,,,,,,,,,,,,,,,,,,,,,,,,,,,,,,,,,,,,,,,,,,,,,,,,
IE000GMRDSZ7,,,,,2.41,,,,,,,,,,,,,,,4.23,,,,,,,,,,,,,,,,,,,0.23,,,,,,,,,,,,,,,,1.23,,,,,,3.05,,,,,,,,,,,,,0.4,,,,,,,,,,0.81,,,,,,,,,,,,,,,,,,,,,,,,,,,,1.08,,,,0.55,,,,,,,,,,,2.57,82.91,,,,,,0.55,,
IE000GNI5B71,,,,,,,,,,,,,,,,,,,,,,,,,,,,,,,,,,,,,,,27.52,,,26.4,,,,,,,,,,,,,,,,21.06,,,,,,,,,,,,,,,,,,,,,,,,,,5.01,,,,,,,,,,,,,,,,,,,,,,,,,,,,19.71,,,,,,,,,,,,,,,,,,,,,,0.3,,
IE000GNOSM10,,,,,,,,,,,,,,,,,,,,,,,,,,,,,,,,,,,,,,,,,,,,,,,,,,,,,,,,,,,,,,,,,,,,,,,,,,,,,,,,,,,,,,,,,,,,,,,,,,,,,,,,,,,,,,,,,,,,,,,,,,,,,,,,82.49,,,,,,,,17.51
IE000GOJO2A3,,,,,11.7,,,,,,,,,,,,,,,,,,,,,,,,,,,,,,,,,,,,,,,,,,,,3.23,,,,,,,,,,,,50.05,,,,,,,,,,,,,,,,,,,,,,,,,,,,,,,,,,,,,,,,,,,,,,3.28,,,,26.71,,,,,,,,,,,,,,,,,,,,,,,,,5.03
IE000GSIFIB0,,,,,,,,,,,,,,,,,,,,,,,,,,,,,,,,,,,,,,,,,,,,,,,,,,,,,,,,,,,,,,,,,,,,,,,,,,,,,,,,,,,,,,,,,,,,,,,,,,,,,,,,,,,,,,,,,,,,,,,,,,,,,,,,,,,,,,,,100.0
IE000GTBEXG4,,,,,,,,,,,,,1.28,,,,,,,,1.69,,,,,,,,,,,,,,,,,,,,,,,,,,,,,,,,,,,,,,,,,,,,,,,,,,,,,,,,,,,,,,,,,,,,,,,,,,,,,,,,,,,,,,,,,,,,,,,,,,,,,,,,,,,94.46,,,,,,,,2.57
IE000GTF7GF4,,,,,,,,,,,,,,,4.39,,,,,,,,22.91,,,,,,,,,,,,,,,,,,,,,,,,,,1.18,,,16.85,,,,,,,,,,,,,,,,,,,,,,,,1.6,,,2.36,,,,,,,,,,,,,,,,,,,,,,,,3.41,,,,,,,3.39,,,,,,,32.86,,1.54,,,1.09,,,,1.72,,,,,,,,,,6.7
IE000GTJ2I49,,,,,,,,,,,,,,,,,,,,,,,,,,,,,,,,,,,,,,,,,,,,,,,,,,,,,,,,,,,,,99.9855,,,,,,,,,,,,,,,,,,,,,,,,,,,,,,,,,,,,,,,,,,,,,,,,,,,,,,,,,,,,,,,,,,0.0055,0.0083,,,,,,0.0007,,
IE000GU6MFI0,,,,,,,,,,,,,,,,,,,,,,,,,,,,,,,,,,,,,,,,,,,,,,,,,,,,,,,,,,,,,,,,,,,,,,,,,,,,,,,,,,,,,,,,,,,,,,,,,,,,,,,,,,,,,,,,,,,,,,,,,,,,,,,,67.26,,,,,,,,32.74
IE000GUIUCJ1,,,,,,,,,,,,,,,,,,,,,,,,,,,,,,,,,,,,,,,,,,,,,,,,,,,,,,,,,,,,,,,,,,,,,,,,,,,,,,,,,,,,,,,,,,,,,,,,,,,,,,,,,,,,,,,,,,,,,,,,,,,,,,,,,,,,,,,,
IE000GVBJMO6,,,,,,,,,,,,,,,,,,,,,,,,,,,,,,,,,,,,,,,,,,,,,,,,,,,,,,,,,,,,,,,,,,,,,,,,,,,,,,,,,,,,,,,,,,,,,,,,,,,,,,,,,,,,,,,,,,,,,,,,,,,,,,,,,,,,,,,,
IE000GW6RB11,,,,,,,,,,,,,,,,,,,,,,,,,,,,,,,,,,,,,,,,,0.001,,,,,,,,,,,,,,0.1346,,,,,,,,,,,,,,,,,,,,,,,,,,,,,,,,,,,,,,,,,,,,,,,,,,,,,,,,,0.4638,,,,,,,,,,,,,,,99.1501,0.2331,,,,,,0.0173,,
IE000GWD7R65,,,,,,,,,,,,,,,,,,,,,,,,,,,,,,,,,,,,,,,,,,,,,,,,,,,,,,,,,,,,,,,,,,,,,,,,,,,,,,,,,,,,,,,,,,,,,,,,,,,,,,,,,,,,,,,,,,,,,,,,,,,,,,,,,,,,,,,,
IE000GXS8PV9,,,,,1.27,0.79,,,,,1.15,,,,,,0.05,,,1.82,,0.12,11.62,,,0.08,0.03,0.3,,0.18,,,,,0.01,,,0.41,5.54,,,4.43,,0.23,,,,,0.02,0.17,,,0.67,,0.31,,0.36,5.05,,,13.15,,,,,,,0.08,,,,0.06,0.04,,,0.76,,,0.71,,,,,0.93,0.26,,0.14,,,,,,0.14,,0.57,0.44,,,,0.2,,,,,,,0.32,0.17,0.12,,1.63,3.2,,,0.16,0.26,,,0.66,,,,,,,,5.52,34.76,,,,,,1.12,,
IE000GZD8ME7,,,,,,,,,,,,,,,4.45,,,,,,,12.23,,2.06,,,,,,,,,,,,,,,,,,,,,,,,,,5.56,,9.51,9.45,,,,,,1.46,,,,,,,,,,,,,,,,,,,,3.91,,,,,,,,,,,,,,3.8,3.06,2.03,,,,,5.45,,,,,3.63,,,,,,7.07,,,,,,,,,,,7.7,,,,5.3,,,,2.97,,,,,,10.36
IE000H0TSO96,,,,,,,,,,,,,,,,,,,,,,,,,,,,1.08,,3.17,,,,,,,,,11.15,,,9.04,,,,,,,,1.13,,,,,2.13,,,4.21,,,1.14,,,,,,,,,,,,1.04,,,,,,,,,,,4.19,,,,,,,,,,,,,,,,,,,,,,,,,,,,2.88,,,3.18,2.26,,,,,,,,,,,4.04,10.46,,,,,,,,38.9
IE000H1H16W5,,,,,0.3332,0.2232,,,,,,,,,,,,,,0.6896,,,,,,,,,,0.3191,,,,,,,,0.2038,6.6269,,,3.4147,,,,,,,1.3103,,,,,,0.2569,,0.1089,0.1141,,,10.0139,,,,,,,,,,,,,,,,,,,,,,,1.8136,,,0.3765,,,,,,,,,0.1393,,,,,,,,,,,0.1533,,,,,0.4525,,,0.475,0.001,,,,,,,,,,,4.8867,68.0424,,,,,,0.0453,,
IE000H3AH951,,,,,4.62,,,,,,,,,,,,,,,1.78,,,,,,,,,,,,,,,,,,,2.0,,,1.47,,,,,,,3.88,,,,,,,,,,,,8.36,,,,,,,,,,,,,,,,,,,,,,,,,,,,,,,,,,,,,,,,,,,,,,2.76,,,,,,,,1.58,1.35,,,,,,,,,,,3.17,65.25,,,,,,,,3.78
IE000H3Q3AF6,,,,,,,,,,,,,,,,,,,,,,,,,,,,,,,,,,,,,,,,,,,,,,,,,,,,,,,,,,,,,,,,,,,,,,,,,,,,,,,,,,,,,,,,,,,,,,,,,,,,,,,,,,,,,,,,,,,,,,,,,,,,,,,,67.26,,,,,,,,32.74
IE000H444PH5,,,,,,,,,,,,,,,,,,,,,,,,,,,,,,,,,,,,,,,,,,,,,,,,,,,,,,,,,,,,,,,,,,,,,,,,,,,,,,,,,,,,,,,,,,,,,,,,,,,,,,,,,,,,,,,,,,,,,,,,,,,,,,,1.82,96.21,,,,,,,,1.97
IE000H5X52W8,,,,,1.772,1.3131,,,,,1.1419,,,,,,,,,1.2544,,,,,,,,,,1.7498,,,,,,,,2.427,20.1924,,,17.7669,,,,,,,,0.2343,,,,,0.4915,,,5.5311,,,2.3897,,,,,,,,,,,,0.4089,,,,,,0.2879,,,,,3.6929,0.7284,,0.5664,,,,,,,,,0.5829,,,,,,,,,,,,,,,,6.0394,,,3.9404,3.2273,,,,,,,,,,,8.2989,15.9705,,,,,,-0.0082,,
IE000H7PE775,,,,,1.6157,0.0922,,,,,0.2726,,,,,,,,,3.481,,,,,,,,,,0.4117,,,,,,,,0.2837,2.3974,,,2.1925,,,,,,,0.4359,,,,,,0.098,,0.2785,0.818,,,5.625,,,,,,,,,,,,,,,,,,,,,,,1.4229,0.0451,,0.1569,,,,,,,,,0.053,,,,,,,,,,,0.4487,,,,,0.9736,,,0.8592,2.2901,,,,,,,,,,0.0,3.4987,72.2496,,,,,,,,
IE000H92C4B8,,,,,,2.1966,,,,,1.661,,,,,,,,,,,,,,,,0.0256,0.082,,,,,,,,,,1.512,19.4329,,,6.9795,,1.4833,,,,,,,,,,,1.0148,,,14.9112,,,3.2229,,,,,,,,,,,,3.9864,,,,,,,,,,,4.6848,,,,,,,,,,,,2.5881,,,,,,,,,,,,,,,,6.7154,,,1.9022,0.0796,,,,,,,,,,,8.4704,19.0411,,,,,,0.0102,,
IE000HARFTG3,,,,,,3.01,,,,,3.6,,,,,,,,,,,,,,,,,,,,,,,,,,,1.49,25.89,,,16.31,,,,,,,,,,,,,1.04,,,17.61,,,,,,,,,,,,,,,,,,,,,,,,,,3.38,,,,,,,,,,,,1.98,,,,,,,,,,,,,,,,13.59,,,,,,,,,,,,,,,,,,,,,,,,12.1
IE000HARJEE2,,,,,,,,,,,,,,,,,,,,,,,,,,,,,,,,,,,,,,,,,,,,0.1773,,,0.193,,,,,,,,0.3024,,,,,,,,,,,,,,,,,,,,,,,,,,,,,0.6108,,,,,,,,,,,,,,,,,,,,,,,,,,,,0.546,,,,,,,,,,,,,,,97.9895,0.1781,,,,,,0.0029,,
IE000HDEYKM3,,,,,,,,,,,1.08,,,,,,,,,,,,,,,,,4.19,,,,,,,,,,,10.23,,,6.0,,,,,,,,,,,,,,,3.91,8.96,,,3.1,,,,,,,,,,,,,,,,,,,,,,,5.79,,,,,,,,,,,,,,,,,,,,,,,,,2.55,,,3.73,,,1.86,,,,,,,,,,,,5.85,10.72,,,,,,,,32.03
IE000HDPAH09,,,,,,,,,,,,,,,,,,,,,,,,,,,,,,,,,,,,,,,,,,,,,,,,,,,,,,,,,,,,,,,,,,,,,,,,,,,,,,,,,,,,,,,,,,,,,,,,,,,,,,,,,,,,,,,,,,,,,,,,,,,,,,,,,,,,,,,,
IE000HF69TA9,,,,,,,,,,,,,,,,,,,,,,,,,,,,,,,,,,,,,,,,,,,,,,,,,,,,,,,,,,,,,,,,,,,,,,,,,,,,,,,,,,,,,,,,,,,,,,,,,,,,,,,,,,,,,,,,,,,,,,,,,,,,,,,,,,,,,,,,
IE000HFBJ0U0,,,,,,,,,,,,,,,,,,,,,,,,,,,,,,,,,,,,,,,,,,,,,,,,,,,,,,,,,,,,,,,,,,,,,,,,,,,,,,,,,,,,,,,,,,,,,,,,,,,,,,,,,,,,,,,,,,,,,,,,,,,,,,,,,,,,,,,,
IE000HFXP0D2,,,,,1.31,,,,,,,,,,,,,,,3.2,,,,,,,,,,,,,,,,,,,2.67,,,2.52,,,,,,,,,,,,,1.73,,,,,,5.59,,,,,,,,,,,,,,,,,,,,,,,2.24,,,,,,,,,,,,,,,,,,,,,,,,,,,,,,,,2.25,,,,,,,,,,,3.93,69.34,,,,,,,,5.22
IE000HGH8PV2,,,,,,,,,,,,,,,,,,,,,,,,,,,,,,,,,,,,,,,,,,,,,,,,,,,,,,,,,,,,,,,,,,,,,,,,,,,,,,,,,,,,,,,,,,,,,,,,,,,,,,,,,,,,,,,,,,,,,,,,,,,,,,,,,,,,,,,,
IE000HGM78N6,,,,,2.07,0.23,,,,,0.35,,0.12,,0.05,,,,,3.07,,0.06,0.07,,,,,,,0.82,,,,,,,,0.55,2.23,,,1.24,,,,,,,0.38,,,,,,0.4,,0.06,0.81,,,6.1,,,,,,,,,,,,0.14,,,,,,0.14,,,,,1.5,,,0.37,,,,,,,,,,,,,,,,,,,,0.16,,,,,1.7,,,0.33,0.87,,,,,,,,,,,2.61,73.54,,,,,,0.04,,
IE000HH3SU50,,,,,,0.5531,,,,,2.182,,,,,,,,,,,,,,,,,,,2.8116,,,,,,,,2.5982,14.2551,,,11.7156,,,,,,,,,,,,,0.6573,,,5.367,,,,,,,,,,,,,,,,,,,,,,,,,,9.5802,,,2.7132,,,,,,,,,0.8297,,,,,,,,,,,,,,,,5.9822,,,5.2268,15.5883,,,,,,,,,,,19.6313,0.0267,,,,,,0.2817,,
IE000HIHKYJ1,,,,,,,,,,,,,,,,,,,,,,,,,,,,,,,,,,,,,,,,,,,,,,,,,,,,,,,,,,,,,,,,,,,,,,,,,,,,,,,,,,,,,,,,,,,,,,,,,,,,,,,,,,,,,,,,,,,,,,,,,,,,,,,0.0013,99.9984,,,,,,0.0003,,
IE000HM5TZ60,,,,,0.8323,7.273,,,,,1.3634,,2.0271,,0.9594,,,,,2.0585,,,,,,,,5.0733,,2.4235,,,,,,,,0.7021,15.1646,,,10.002,,0.9292,,,,,,,,,,,,,,1.3385,,,0.4992,,,,,,,,,,,,6.0513,,,,,,,,,,,1.2292,,,,,,,,,,,,,,,,2.932,,,,,,,,,,,,6.8342,,,4.5762,2.168,,,,,,,,,,,13.5359,12.0271,,,,,,,,
IE000HPBRE54,,,,,1.69,,,,,,,,,,,,,,,3.43,,,,,,,,,,,,,,,,,,,1.39,,,1.48,,,,,,,,,,,,,,,1.16,,,,8.95,,,,,,,,,,,,,,,,,,,,,,,1.78,,,,,,,,,,,,,,,,,,,,,,,,,,,,,,,1.21,2.7,,,,,,,,,,,3.1,65.82,,,,,,,,7.29
IE000HQY8R78,0.0024,,,,1.7802,0.5625,0.0029,,,,0.7782,,0.0158,,0.038,,0.0271,,,3.6975,,0.2125,10.5387,,,0.0283,0.0169,0.1711,,0.4575,,,,,0.0024,,,0.3739,4.9639,,,5.0757,,0.1224,,,0.0019,,0.2356,0.2018,,0.0453,0.488,,2.7511,,0.2676,2.8489,,,7.8494,,,0.017,,0.043,,0.0232,,,,0.0333,0.1224,,,0.4002,,,0.6149,,,,,1.3765,0.2622,,0.4038,0.0252,,0.0447,,0.0087,0.1137,0.0903,0.4811,0.2644,,0.1036,,0.2244,,,0.3036,,,,0.3197,0.0852,0.0347,0.0229,1.148,1.9967,,,0.7436,0.9114,0.0267,,0.3247,,,,,,,0.2865,4.3938,37.7706,0.026,,,,,0.3364,3.0598,
IE000HSER094,,,,,,,,,,,,,,,,,,,,,,,,,,,,,,,,,,,,,,,,,,,,,,,,,,,,,,,1.62,,,,,,,,,,,,,,,,,,,,,,,,,,,,,,,,,,,,,,,,,,,,,,,,,,,,,,,,,,,,,,,,,,,,,,,,,97.51,,,,,,,,0.87
IE000HT7E0B1,,,,,,,,,,,,,0.2566,,0.0012,,,,,,,,,,,,,,,26.5966,,,,,,,0.3048,13.3173,,,,,,,,,,,,,,,,,0.0263,,,,,,,,,,,,,,,,,,4.1412,,,,,,,,,,,,,,6.0881,,,,,,,,,,,,,,,,,,,,,,,,,,,,49.221,,,,,,,,,,,,,0.005,,,,,,,,0.0421
IE000HT8JEW8,,,,,,,,,,,,,,,,,,,,,,,,,,,,,,,,,,,,,,,,,,,,,,,,,,,,,,,,,,,,,99.8399,,,,,,,,,,,,,,,,,,,,,,,,,,,,,,,,,,,,,,,,,,,,,,,,,,,,,,,,,,,,,,,,,,,0.1601,,,,,,,,
IE000HY30YW6,,,,,,,,,,,,,,,,,,,,,,,,,,,,,,,,,,,,,,,,,,,,,,,,,,,,,,,1.13,,,,,,,,,,,,,,,,,,,,,,,,,,,,,,,,,,,,,,,,,,,,,,,,,,,,,,,,,,,,,,,,,,,,,,,,,97.7,,,,,,,,1.17
IE000HYFO765,,,,,,,,,,,,,,,,,,,,,,,,,,,,,,,,,,,,,,,,,,,,,,,,,,,,,,,,,,,,,,,,,,,,,,,,,,,,,,,,,,,,,,,,,,,,,,,,,,,,,,,,,,,,,,,,,,,,,,,,,,,,,,,,98.42,,,,,,,,1.58
IE000I0U8OO3,,,,,1.2852,0.8177,,,,,1.1157,,,,,,0.1103,,,1.8429,,0.1093,11.713,0.0017,,0.0939,0.0113,0.3092,,0.178,,,,,,,,0.3899,5.5823,,,4.4932,,0.2318,,,,,0.0128,0.1774,,,0.6867,,0.4334,,0.346,5.0559,,,13.2661,,,,,,,0.0657,,,,0.0583,0.0419,,,0.7804,,,0.717,,,,,0.9131,0.2609,,0.1382,,,,,,0.1388,,0.5845,0.4499,,,,0.217,,,,,,,0.3216,0.1853,0.0695,,1.6571,3.2213,,,0.1473,0.272,,,0.6596,,,,,,,,5.5554,35.2062,,,,,,0.0752,,
IE000I1D7D10,,,,,2.1864,,,,,,,,,,,,,,,5.768,,0.0651,0.7187,,,,,,,,,,,,,,,0.0733,,,,0.1217,,,,,,,0.1153,,,,,,2.3028,,,0.0778,,,2.6497,,,,,,,,,,,,0.3078,0.1312,,,,,,,,,,0.8696,,,,,,,,,,,,,,,,,,,,,,,,,,,,0.9978,,,,0.5042,0.2106,,,,,,,,,,2.5855,80.3142,,,,,,0.0002,,
IE000I1Q42S9,,,,,2.1864,,,,,,,,,,,,,,,5.768,,0.0651,0.7187,,,,,,,,,,,,,,,0.0733,,,,0.1217,,,,,,,0.1153,,,,,,2.3028,,,0.0778,,,2.6497,,,,,,,,,,,,0.3078,0.1312,,,,,,,,,,0.8696,,,,,,,,,,,,,,,,,,,,,,,,,,,,0.9978,,,,0.5042,0.2106,,,,,,,,,,2.5855,80.3142,,,,,,0.0002,,
IE000I25S1V5,,,,,1.33,0.64,,,,,1.65,,,,,,,,,0.97,,,,,,,,,,1.74,,,,,,,,0.98,18.2,,,17.35,,,,,,,,,,,,,,,,5.39,,,4.01,,,,,,,,,,,,1.42,,,,,,,,,,,5.97,,,,,,,,,,,,0.43,,,,,,,,,,,,,,,,2.97,,,3.79,2.11,,,,,,,,,,,10.16,20.87,,,,,,0.01,,
IE000I2WYEU9,,,,,1.4159,0.7193,,,,,2.2724,,,,,,,,,1.5961,,,,,,,,,,1.6226,,,,,,,,2.4676,19.62,,,15.5074,,,,,,,,0.1614,,,,,1.5581,,,5.2743,,,0.9365,,,,,,,,,,,,1.1992,,,,,,,,,,,4.5996,,,0.6004,,,,,,,,,0.3708,,,,,,,,,,,,,,,,6.074,,,3.1485,3.1096,0.3313,,,,,,,,,,7.3783,20.1427,,,,,,-0.106,,
IE000I5MBLC4,,,,,,,,,,,,,,,,,,,,,,,,,,,,,,,,,,,,,,,,,,,,,,,,,,,,,,,1.24,,,,,,,,,,,,,,,,,,,,,,,,,,,,,,,,,,,,,,,,,,,,,,,,,,,,,,,,,,,,,,,,,,,,,,,,,97.01,,,,,,,,1.75
IE000I660ZF8,,,,,0.9896,0.4335,,,,,1.4701,,,,0.3113,,,,,1.3105,,,0.3913,,,,,,,1.2191,,,,,,,,1.1195,20.1106,,,13.9464,,,,,,,,0.201,,,,,0.6054,,,3.2791,,,3.893,,,,,,,,,,,,0.581,,,,,,,,,,,4.0548,0.5618,,0.4163,,,,,,,,0.3486,0.478,,,,,,,,,,,,,,0.4681,,3.4968,,,3.0717,1.8274,,,,,,,,,,,9.8216,25.5896,,,,,,0.0038,,
IE000I6Q83Z7,,,,,,,,,,,1.08,,,,,,,,,,,,,,,,,4.19,,,,,,,,,,,10.23,,,6.0,,,,,,,,,,,,,,,3.91,8.96,,,3.1,,,,,,,,,,,,,,,,,,,,,,,5.79,,,,,,,,,,,,,,,,,,,,,,,,,2.55,,,3.73,,,1.86,,,,,,,,,,,,5.85,10.72,,,,,,,,32.03
IE000I7E6HL0,,,,,,,,,,,,,,,,,,,,,,,,,,,,,,,,,,,,,,,,,,,,,,,,,,,,,,,,,,,,,,,,,,,,,,,,,,,,,,,,,,,,,,,,,,,,,,,,,,,,,,,,,,,,,,,,,,,,,,,,,,,,,,,,,,,,,,,,
IE000I8CR2Q4,,,,,,,,,,,,,,,,,,,,,,,,,,,,,,,,,,,,,,,,,,,,,,,,,,,,,,,,,,,,,,,,,,,,,,,,,,,,,,,,,,,,,,,,,,,,,,,,,,,,,,,,,,,,,,,,,,,,,,,,,,,,,,,,,,,,,,,,
IE000I8IKC59,,,,,,,,,,,,,,,,,,,,,,,,,,,,,,,,,,,,,,,,,,,,,,,,,,,,,,,,,,,,,100.01,,,,,,,,,,,,,,,,,,,,,,,,,,,,,,,,,,,,,,,,,,,,,,,,,,,,,,,,,,,,,,,,,,,,,,,,,-0.01,,
IE000I8KRLL9,,,,,0.0004,,,,,,0.0203,,,,,,,,,,,,0.7825,,,,,,,,,,,,,,,,0.4475,,,1.1536,,,,,,,0.0798,,,0.036,,,0.0968,,0.5234,,,,6.9193,,,,,,,,,,,,,,,0.0573,,,,,,,,5.976,,,0.0403,,,,,,,,,,,,,,,,,,,,0.0174,,,,4.3822,,,,,0.0276,14.4352,,,,,0.0011,,,,,0.003,65.0318,,,,,,-0.0316,,
IE000IAPH329,,,,,,,,,,,,,,,,,,,,,,,,,,,,,,,,,,,,,,,,,,,,,,,,,,,,,,,,,,,,,,,,,,,,,,,,,,,,,,,,,,,,,,,,,,,,,,,,,,,,,,,,,,,,,,,,,,,,,,,,,,,,,,,,,,,,,,,,
IE000IAXNM41,,,,,,,,,,,,,,,,,,,,,,,,,,,,0.1974,,,,,,,,,,0.6517,19.993,,,16.7995,,,,,,,,,,,,,0.0281,,,7.2393,,,,,,,,,,,,,,,,,,,,,,,,,,1.1852,,,6.4043,,,,,,,,,,,,,,,,,,,,,,,,,0.2425,,,6.7364,,,,,,,3.0919,,,,,37.2949,0.0219,,,,,,0.1138,,
IE000IDJKTB3,,,,,,,,,,,,,,,,,,,,,,,,,,,,,,,,,,,,,,,,,,,,,,,,,,,,,,,,,,,,,,,,,,,,,,,,,,,,,,,,,,,,,,,,,,,,,,,,,,,,,,,,,,,,,,,,,,,,,,,,,,,,,,,,,,,,,,,,
IE000IEGVMH6,,,,,,,,,,,,,,,,,,,,,,,,,,,,,,,,,,,,,,,,,,,,,,,,,,,,,,,1.14,,,,,,,,,,,,,,,,,,,,,,,,,,,,,,,,,,,,,,,,,,,,,,,,,,,,,,,,,,,,,,,,,,,,,,,,,97.44,,,,,,,,1.42
IE000IEOQSJ3,,,,,,,,,,,,,,,,,,,,,,,,,,,,,,,,,,,,,,,9.78,,,7.42,,1.96,,,,,,,,,,,1.14,,,5.48,,,,,,,,,,,,,,,1.71,,,,,,,,,,,4.77,,,,,,,,,,,,1.27,,,,,,,,,,,,,,,,5.03,,,2.12,,,,,,,,,,,,6.21,5.04,,,,,,,,48.07
IE000IF0HTJ9,,,,,,,,,,,,,,,,,,,,,,,1.5,,,,,,,,,,,,,,,,13.98,,,2.78,,,,,,,,,,,2.51,,,,1.67,7.37,,,4.49,,,,,,,,,,,,,,,,,,2.13,,,,,,,,,,,,,,,,,1.68,,,,,,,,,,,,,,,,5.65,,,,1.04,,,2.09,,,,,,,,11.8,7.21,,,,,,,,34.1
IE000IF5WTI9,,,,,,,,,,,,,,,,,,,,,,,,,,,,,,,,,,,,,,,,,,,,,,,,,,,,,,,1.51,,,,,,,,,,,,,,,,,,,,,,,,,,,,,,,,,,,,,,,,,,,,,,,,,,,,,,,,,,,,,,,,,,,,,,,,,96.38,,,,,,,,2.11
IE000IGMB3E1,,,,,,,,,,,,,,,,,,,,,,,,,,,,,,,,,,,,,,,,,,,,,,,,,,,,,,,,,,,,,,,,,,,,,,,,,,,,,,,,,,,,,,,,,,,,,,,,,,,,,,,,,,,,,,,,,,,,,,,,,,,,,,,,99.72,,,,,,,,0.28
IE000IHURBR0,,,,,1.1049,0.5247,,,,,0.7797,,,,,,,,,1.6424,,,0.364,,,,,,,2.4712,,,,,,,,1.7428,19.549,,,15.1505,,,,,,,0.1807,0.1268,,,,,0.7497,,,4.1631,,,3.293,,,,,,,,,,,,0.9306,,,,,,,,,,,3.4188,1.0444,,1.4477,,,,,,,,,0.7913,,,,,,,,,,,,,,0.1849,0.1853,5.1144,,,4.4534,2.524,,,,,,,,,,,8.6969,19.5093,,,,,,-0.1435,,
IE000IIED424,,,,,,,,,,,,,,,,,,,,,,,,,,,,,,,,,,,,,,,,,,,,,,,,,,,,,,,1.51,,,,,,,,,,,,,,,,,,,,,,,,,,,,,,,,,,,,,,,,,,,,,,,,,,,,,,,,,,,,,,,,,,,,,,,,,96.38,,,,,,,,2.11
IE000IIHLZL0,,,,,,,,,,,,,,,,,,,,,,,,,,,,,,,,,,,,,,,,,,,,,,,,,,,,,,,,,,,,,,,,,,,,,,,,,,,,,,,,,,,,,,,,,,,,,,,,,,,,,,,,,,,,,,,,,,,,,,,,,,,,,,,,,,,,,,,,
IE000IISJT64,,,,,5.0977,,,,,,,,,,,,,,,1.1823,,,,,,,,,,4.5397,,,,,,,,,1.1492,,,1.0515,,,,,,,1.5618,,,,,,,,0.4349,0.7983,,,1.57,,,,,,,,,,,,,,,,,,,,,,,6.715,,,0.257,,,,,,,,,,,,,,,,,,,,0.3896,,,,,1.2134,,,0.5253,10.4464,,,,,,,,,,,2.5254,60.5423,,,,,,,,
IE000IKCYI88,,,,,,,,,,,,,,,,,,,,4.88,,,,,,,,,,,,,,,,,,,,,,,,,,,,,,,,,,,,,,1.2,,,,,,,,,,,,,,,,,,,,,,,,,,,,,,,,,,,,,,,,,,,,,,,,,,,,,,,,,,,,,,,,,,,,,,71.08,,,,,,,,22.84
IE000IKMJDQ6,,,,,,,,,,,,,,,,,,,,,,,,,,,,,,,,,,,,,,,,,,,,,,,,,,,,,,,,,,,,,,,,,,,,,,,,,,,,,,,,,,,,,,,,,,,,,,,,,,,,,,,,,,,,,,,,,,,,,,,,,,,,,,,0.0015,99.9944,,,,,,0.0042,,
IE000IM4K4K2,,,,,1.17,,,,,,,,,,,,,,,,,,4.49,,,,,,,,,,,,,,,,,,,,,,,,,,,,,1.77,,,,,,,,,,,,,,,,,,,,,,,,,,,,,,,,,,,,,,,,,,,,,,,,,,,,,,,1.18,,,,,,,,,,5.98,,,,,,,,,,,83.3,,,,,,,,2.11
IE000IMGE5W5,,,,,,,,,,,,,,,,,,,,,,,,,,,,,,2.92,,,,,,,,9.09,9.06,,,7.36,,,,,,,,,,,,,,,2.8,11.32,,,,,,,,,,,,,,,,,,,,,,,,,,3.64,,,9.59,,,,,,,,,,,,,,,,,,,,,,,,,9.17,,,2.85,16.14,,,,,,,,,,,14.51,,,,,,,,,1.55
IE000INTB8Q8,,,,,,,,,,,,,,,,,,,,,,,,,,,,,,,,,,,,,,,,,,,,,,,,,,,,,,,,,,,,,,,,,,,,,,,,,,,,,,,,,,,,,,,,,,,,,,,,,,,,,,,,,,,,,,,,,,,,,,,,,,,,,,,,99.9987,,,,,,0.0013,,
IE000IP0UC52,,,,,,,,,,,,,,,,,,,,,,,,,,,,,,,,,,,,,,,,,,,,,,,,,,,,,,,1.74,,,,,,,,,,,,,,,,,,,,,,,,,,,,,,,,,,,,,,,,,,,,,,,,,,,,,,,,,,,,,,,,,,,,,,,,,96.3,,,,,,,,1.96
IE000IQQEL77,,,,,18.35,,,,,,,,,,,,,,,40.72,,,,,,,,,,,,,,,,,,,,,,,,,,,,,,,,,,,,,,,,,,,,,,,,,,,,,,,,,,,,,,,,,,,,,,,,,7.4,,,,,,,,,,,,,,,,,,,1.27,,,,1.18,,,,,,,,,,,12.25,10.83,,,,,,,,8.0
IE000IR2DEM6,,,,,,,,,,,,,,,,,,,,,,,,,,,,,,,,,,,,,,,,,,,,,,,,,,,,,,,0.0271,,,,,,,,,,,,,,,,,,,,,,,,,,,,,,,,,,,,,,,,,,,,,,,,,,,,,,,,,,,,,,,,,,,,,,,,,99.9729,,,,,,,,
IE000IR87HP7,,,,,0.62,,,,,,,,,,,,,,,5.58,,,,,,,,,,,,,,,,,,,0.53,,,,,,,,,,,,,,,,,,,,,,2.39,,,,,,,,,,,,,,,,,,,,,,,0.32,,,,,,,,,,,,,,,,,,,,,,,,,,,,,,,,,,,,,,,,,,,1.58,71.96,,,,,,17.03,,
IE000IUNJSL2,,,,,1.6117,1.6087,,,,,1.7825,,0.1228,,0.0476,,,,,1.2079,,,0.0443,,,0.0938,0.0398,0.2038,,2.0566,,,,,0.0317,,,1.5414,17.4841,,,12.8275,,0.8306,,,,,0.0661,0.2761,0.0162,,,,0.5381,,,6.5095,,,1.542,,,,,,,,,,,0.0637,0.6966,,,,0.0167,,0.1363,,,,,4.7575,0.4803,,1.1936,,,,,,,,0.5693,0.5439,,,,0.0331,,,,,,,0.0293,0.113,0.1576,0.0821,0.0615,6.8326,,,4.1091,1.9942,,,,,,,,,,,6.9311,20.2841,,,,,,,0.4318,
IE000IVQPCG4,,,,,1.76,,,,,,,,,,,,,,,2.46,,,,,,,,,,,,,,,,,,,2.05,,,1.87,,,,,,,1.22,,,,,,1.25,,,,,,7.1,,,,,,,,,,,,,,,,,,,,,,,2.01,,,,,,,,,,,,,,,,,,,,,,,,,,,,1.08,,,,3.12,,,,,,,,,,,4.19,67.04,,,,,,,,4.85
IE000IX54FW5,,,,,,,,,,,,,,,0.0266,,,,,,,,,,,,,,,0.0124,,,,,,,,,,,,0.0679,,,,,,,,,,,,,,,,,,,,,,,,,,,,,,,,,,,,,,,,,,,,,,,,,,,0.035,,,,,,,,,,,,,,,,,,,,,,0.0281,,,,,,,,,,,,0.0035,99.8264,,,,,,0.0001,,
IE000IY9QFN9,,,,,,,,,,,,,,,,,,,,1.18,,,,,,,,,,,,,,,,,,,,,,,,,,,,,,,,,,,,,,,,,,,,,,,,,,,,,,,,,,,,,,,,,,,,,,,,,,,,,,,,,,,,,,,,,,,,,,,,,2.59,,,,,,,,,,2.76,90.35,,,,,,,,3.12
IE000IZO7033,,,,,0.322,2.4795,,,,,3.2567,,,,,,,,,0.3997,,0.2165,,,,,,0.1629,,1.4922,,,,,,,,1.3777,16.1231,,,22.4144,,0.4048,,,,,0.6604,0.6945,,,,,3.1424,,,8.0665,,,0.6492,,,,,,,0.0793,,,,0.0791,0.7865,,,,,,,,,,,8.8256,0.1362,,2.2667,,,,,,,,0.8391,0.8892,,,,0.2415,,,0.1578,,,,0.1011,0.1646,,,0.3974,5.4294,,,2.3728,0.0686,,,,,,,,,,0.1578,1.6862,1.2257,,,,,,0.0094,12.2236,
IE000J0JU6M8,,,,,,,,,,,,,,,,,,,,2.4362,,,,,,,,,,,,,,,,,,,,,,,,,,,,,,,,,,,0.2852,,,,,,1.2419,,,,,,,,,,,,0.8349,,,,,,2.2726,,,,,0.8085,,,,,,,,,,,,,,,,,,,,,,,,,,,,3.5704,,,,,,,,,,,,,,,3.3587,85.1916,,,,,,,,
IE000J0LN0R5,,,,,4.181,,,,,,,,,,,,,,,12.6504,,,,,,,,,,,,,,,,,,1.2559,7.1022,,,,,,,,,,,,,,,,,,,1.0312,,,1.1584,,,,,,,,,,,,,,,,,,,,,,,,,,2.3489,,,,,,,,,0.5744,,,,,,,,,,,,,,,,,,,,,,,,,,,,,,,5.2187,64.4789,,,,,,,,
IE000J3F4J90,,,,,,,,,,,,,,,,,,,,,,,,,,,,,,,,,,,,,,,,,,,,,,,,,,,,,,,,,,,,,100.0,,,,,,,,,,,,,,,,,,,,,,,,,,,,,,,,,,,,,,,,,,,,,,,,,,,,,,,,,,,,,,,,,,,,,,,,,,,
IE000J46YVX2,,,,,,,,,,,,,,,,,,,,,,,,,,,,,,,,,,,,,,,,,,,,,,,,,,,,,,,,,,,,,,,,,,,,,,,,,,,,,,,,,,,,,,,,,,,,,,,,,,,,,,,,,,,,,,,,,,,,,,,,,,,,,,,,,,,,,,,,
IE000J4FE268,,,,,,,,,,,,,,,,,,,,,,,,,,,,,,,,,,,,,,,,,,,,,,,,,,,,,,,,,,,,,,,,,,,,,,,,,,,,,,,,,,,,,,,,,,,,,,,,,,,,,,,,,,,,,,,,,,,,,,,,,,,,,,,,,,,,,,,,
IE000J4HXHK1,,,,,,,,,,,,,,,,,,,,,,,,,,,,,,,,,,,,,,,,,,,,,,,,,,,,,,,,,,,,,,,,,,,,,,,,,,,,,,,,,,,,,,,,,,,,,,,,,,,,,,,,,,,,,,,,,,,,,,,,,,,,,,,,,,,,,,,,
IE000J5PESP7,,,,,,,,,,,,,,,,,,,,,,,,,,,,,,,,,,,,,,,,,,,,,,,,,,,,,,,,,,,,,,,,,,,,,,,,,,,,,,,,,,,,,,,,,,,,,,,,,,,,,,,,,,,,,,,,,,,,,,,,,,,,,,,,,,,,,,,,
IE000J6CHW80,,,,,,,,,,,,,,,,,,,,3.61,,,,,,,,,,,,,,,,,,,,,,,,,,,,,,,,,,,,,,3.53,,,6.71,,,,,,,,,,,,,,,,,,,,,,,,,,,,,,,,,,,,,,,,,,,,,,,,,,,,,,,2.41,,,,,,,,,,,3.39,77.98,,,,,,,,2.37
IE000J7AY5Y3,,,,,,,,,,,,,,,,,,,,,,,,,,,,,,,,,,,,,,,,,,,,,,,,,,,,,,,,,,,,,,,,,,,,,,,,,,,,,,,,,,,,,,,,,,,,,,,,,,,,,,,,,,,,,,,,,,,,,,,,,,,,,,,,98.94,,,,,,,,1.06
IE000J7QYHD8,,,,,,,,,,,,,,,,,,,,,,,,,,,,,,,,,,,,,,,,,,,,,,,,,,,,,,,,,,,,,,,,,,,,,,,,,,,,,,,,,,,,,,,,,,,,,,,,,,,,,,,,,,,,,,,,,,,,,,,,,,,,,,,,,,,,,,,,
IE000J80JTL1,,,,,,,,,,,1.23,,,,2.9,,,,,1.96,,,,,,,,,,,,,,,,,,,10.45,,,2.41,,,,,,,,,,,,,17.23,,,5.82,,,2.96,,,,,,,,,,,,,,,,,,,,,,,,,,,,,,,,,,,,,,,,,,,,,,,,,,3.74,1.54,,,,11.22,1.76,,,,,,,,,,7.47,26.34,,,,,,,,2.97
IE000J8RGOJ4,,,,,,,,,,,,,,,,,,,,,,,,,,,,,,,,,,,,,,,,,,,,,,,,,,,,,,,,,,,,,,,,,,,,,,,,,,,,,,,,,,,,,,,,,,,,,,,,,,,,,,,,,,,,,,,,,,,,,,,,,,,,,,,,,,,,,,,,
IE000J8Z5N74,,,,,1.2852,0.8177,,,,,1.1157,,,,,,0.1103,,,1.8429,,0.1093,11.713,0.0017,,0.0939,0.0113,0.3092,,0.178,,,,,,,,0.3899,5.5823,,,4.4932,,0.2318,,,,,0.0128,0.1774,,,0.6867,,0.4334,,0.346,5.0559,,,13.2661,,,,,,,0.0657,,,,0.0583,0.0419,,,0.7804,,,0.717,,,,,0.9131,0.2609,,0.1382,,,,,,0.1388,,0.5845,0.4499,,,,0.217,,,,,,,0.3216,0.1853,0.0695,,1.6571,3.2213,,,0.1473,0.272,,,0.6596,,,,,,,,5.5554,35.2062,,,,,,0.0752,,
IE000JBB8CR7,,,,,,,,,,,,,,,,,,,,,,,,,,,,,,,,,,,,,,,,,,,,,,,,,,,,,,,,,,,,,,,,,,,,,,,,,,,,,,,,,,,,,,,,,,,,,,,,,,,,,,,,,,,,,,,,,,,,,,,,,,,,,,,,,,,,,,,,
IE000JBJ1NZ4,,,,,,,,,,,,,,,,,,,,,,,,,,,,,,,,,,,,,,,,,,,,,,,,,,,,,,,97.67,,,,,,,,,,,,,,,,,,0.84,,,,,,,,,,,3.28,,,,,,,,,,,,,,,,,,,,,,,,,,,,,,,,,,,,,,,,,,,,0.65,,,,,,-2.43,,
IE000JBZXFH0,,,,,,,,,,,,,,,,,,,,,,,,,,,,,,,,,,,,,,,,,,,,,,,,,,,,,,,,,,,,,,,,,,,,,,,,,,,,,,,,,,,,,,,,,,,,,,,,,,,,,,,,,,,,,,,,,,,,,,,,,,,,,,,,,,,,,,,,
IE000JCGTOP1,,,,,,,,,,,,,,,,,,,,,,,,,,,,,,,,,,,,,,,,,,,,,,,,,,,,,,,1.51,,,,,,,,,,,,,,,,,,,,,,,,,,,,,,,,,,,,,,,,,,,,,,,,,,,,,,,,,,,,,,,,,,,,,,,,,96.38,,,,,,,,2.11
IE000JCW3DZ3,,,,,,,,,,,,,,,,,,,,,,,,,,,,,,,,,,,,,,,3.85,,,7.37,,,,,,,,,,,,,,,2.69,2.77,,,,,,,,,,,,,,,,,,,,,,,,,,,,,1.6,,,,,,,,,,,,,,,,,,,,,,,,4.91,,,,2.49,,,,,,,,,,,,9.14,62.74,,,,,,,,2.44
IE000JEU61P1,,,,,2.7413,,,,,,0.1579,,,,,,,,,1.1509,,,,,,,,,,0.3444,,,,,,,,,2.973,,,1.5204,,,,,,,0.1016,,,,,,,,,0.9598,,,12.2596,,,,,,,,,,,,,,,,,,,,,,,0.7219,,,,,,,,,,,,,,,,,,,,,,,0.1434,,,,,2.423,,,0.6652,0.0496,,,,,,,,,,,2.3688,71.4145,,,,,,0.0049,,
IE000JEXZJT1,,,,,,2.85,,,,,,,,,,,,,,,,,,,,,,,,1.15,,,,,,,,,14.68,,,6.5,,,,,,,,,,,,,1.95,,,2.75,,,,,,,,,,,,,,,,,,,,,,,,,,5.37,,,,,,,,,,,1.98,,,,,,,,,,,,,,,,,,,,6.22,3.3,,,,,,,,,,,5.06,11.31,,,,,,,,36.88
IE000JEZ2VB3,,,,,,1.2767,,,,,3.2458,,,,,,,,,,,,,,,,,,,1.6109,,,,,,,,3.1953,7.0476,,,12.6399,,,,,,,,,,,,,1.7804,,,7.5657,,,,,,,,,,,,,,,,,,,,,,,,,,5.5584,,,2.8624,,,,,,,,,,,,,,,,,,,,,,,,,6.6724,,,3.8684,22.0913,,,,,,,,,,,20.6631,0.0146,,,,,,-0.0928,,
IE000JHMFVN7,,,,,,,,,,,,,,,,,,,,,,,,,,,,,,,,,,,,,,,,,,,,,,,,,,,,,,,0.2873,,,99.6422,,,,,,,,,,,,,,,,,,,,,,,,,,,,,,,,,,,,,,,,,,,,,,,,,,,,,,,,,,,,,,,,,,,,,0.0001,,,,,,,0.0705,,
IE000JHYO4T6,,,,,,,,,,,,,,,,,,,,,,,,,,,,,,,,,,,,,,,,,,,,,,,,,,,,,,,,,,,,,98.79,,,,,,,,,,,,,,,,,,,,,,,,,,,,,,,,,,,,,,,,,,,,,,,,,,,,,,,,,,,,,,,,,,,,,,,,,,,1.21
IE000JIPY1U8,,,,,,,,,,,,,,,,,,,,,,,,,,,,,,,,,,,,,,,,,,,,,,,,,,,,,,,,,,,,,,,,,,,,,,,,,,,,,,,,,,,,2.46,,,,,,,,,,,,,,,,,,,,,,,,,,,,,,,,,,,,,,,,,,,1.38,97.99,,,,,,,,
IE000JJLNIG0,,,,,1.0543,,,,,,,,,,,,,,,0.1405,,,,,,,,,,,,,,,,,,0.2538,2.0576,,,1.143,,,,,,,0.0522,,,,,,,,0.0003,0.0509,,,11.2616,,,,,,,,,,,,,,,,,,,,,,,1.6198,0.003,,0.0471,,,,,,,,,,,,,,,,,,,,0.0994,,,,,1.1041,,,3.588,0.8814,,,,,,,,,,,1.3331,75.3071,,,,,,0.0031,,
IE000JJMOWY0,,,,,,,,,,,,,,,,,,,,,,,,,,,,,,,,,,,,,,,,,,,,,,,,,,,,,,,,,,,,,,,,,,,,,,,,,,,,,,,,,,,,,,,,,,,,,,,,,,,,,,,,,,,,,,,,,,,,,,,,,,,,,,,,,,,,,,,,
IE000JJPY166,,,,,3.0639,,,,,,3.1598,,,,,,,,,1.9686,,,,,,,,,,,,,,,,,,2.2687,15.6776,,,0.9202,,,,,,,,,,,,,6.5933,,,,,,,,,,,,,,,,,,0.6022,,,,,,,,,,,1.2786,,,1.3573,,,,,,,,,,,,,,,,,,,,0.4025,,,,,,,,4.8019,,,,,,,,,,,,26.7909,7.3706,,,,,,23.744,,
IE000JJQ6248,,,,,,,,,,,,,,,,,,,,,,1.54,,,,,,,,,,,,,,,,,,,,1.7,,,,,,,,,,,,,,,,,,,,,,,,,,,,,,,,,,,,,,,,,,,,,,,,,,,,,,,,,,,,,,,,,,,,,1.02,,,,,2.62,1.08,,,,,,,,,,4.44,62.27,,,,,,,,25.33
IE000JKS50V3,,,,,0.8326,,,,,,1.5538,,,,,,,,,,,,,,,,,,,2.6605,,,,,,,,0.1512,1.5306,,,0.3752,,,,,,,,,,,,,0.2061,,0.0748,0.0888,,,2.5484,,,,,,,,,,,,,,,,,,,,,,,,0.2295,,,,,,,,,,,,,,,,,,,,,,,,,,,,,,0.3099,10.1457,,,,,,,,,,,5.3362,73.9568,,,,,,,,
IE000JL9SV51,,,,,,,,,,,,,,,,,,,,,,,,,,,,,,,,,,,,,,,,,,,,,,,,,,,,,,,,,,,,,,,,,,,,,,,,,,,,,,,,,,,,,,,,,,,,,,,,,,,,,,,,,,,,,,,,,,,,,,,,,,,,,,,,,,,,,,,,
IE000JLILKH0,,,,,1.22,,,,,,,,,,,,,,,2.79,,,2.38,,,,,,,,,,,,,,,,2.41,,,2.27,,,,,,,,,,1.31,,,1.57,,,,,,4.64,,,,,,,,,,,,,,,,,,,,,,,2.02,,,,,,,,,,,,,,,,,,,,,,,,,,,2.93,,,,,2.03,3.33,,,,,,,,,,3.54,61.14,,,,,,,,6.42
IE000JLXYKJ8,,,,,,,,,,,,,,,,,,,,,,,,,,,,,,,,,,,,,,,39.2936,,,13.5016,,,,,,,,,,,,,9.9,,,18.992,,,,,,,,,,,,,,,,,,,,,,,,,,6.7391,,,,,,,,,,,,,,,,,,,,,,,,,,,,11.5105,,,,,,,,,,,,,,,,,,,,,,0.0631,,
IE000JMMZAP4,,,,,,,,,,,,,,,,,,,,,,,,,,,,,,,,,,,,,,,,,,,,,,,,,,,,,,,,,,,,,,,,,,,,,,,,,,,,,,,,,,,,,,,,,,,,,,,,,,,,,,,,,,,,,,,,,,,,,,,,,,,,,,,,,,,,,,,,
IE000JNHCBM6,,,,,,,,,,,,,,,,,,,,10.04,,,41.97,,,,,,,28.14,,,,,,,,,,,,11.49,,,,,,,,,,,,,,,,,,,,,,,,,,,,,,,,,,,,,,,,,,,,,,,,,,,,,,,,,,,,,,,,,,,,,2.56,5.27,,,,,,,,,,,,,,,,,,,,,,,,0.53
IE000JNKVS10,,,,,,,,,,,,,,,,,,,,,,,,,,,,,,,,,,,,,,,,,,,,,,,,,,,,,,,,,,,,,,,,,,,,,,,,,,,,,,,,,,,,,,,,,,,,,,,,,,,,,,,,,,,,,,,,,,,,,,,,,,,,,,,1.15,95.06,,,,,,,,3.79
IE000JQ1PF28,,,,,,,,,,,,,,,,,,,,,,,,,,,,,,,,,,,,,,,,,,,,,,,,,,,,,,,,,,,,,,,,,,,,,,,,,,,,,,,,,,,,,,,,,,,,,,,,,,,,,,,,,,,,,,,,,,,,,,,,,,,,,,,,98.81,,,,,,,,1.19
IE000JQ2IJD3,,,,,,,,,,,,,,,,,,,,,,,,,,,,,,,,,,,,,,,,,,,,,,,,,,,,,,,2.34,,,,,,,,,,,,,,,,,,,,,,,,,,,,,,,,,,,,,,,,,,,,,,,,,,,,,,,,,,,,,,,,,,,,,,,,,96.25,,,,,,,,1.41
IE000JQ3ELQ8,,,,,3.1,,,,,,7.6,,,,,,,,,,,,,,,,,,,,,,,,,,,,2.1,,,3.72,,,,,,,,,,,,,,,,13.46,,,5.47,,,,,,,,,,,,3.13,,,,,,,,,,,1.34,,,,,,,,,,,,,,,,,,,,,,,,,,,,2.29,,,,,,,,,,,,,,,4.49,23.85,,,,,,,,29.45
IE000JR51TI1,,,,,,,,,,,,,,,,,,,,,,,,,,,,,,,,,,,,,,,,,,,,,,,,,,,,,,,,,,,,,,,,,,,,,,,,,,,,,,,,,,,,,,,,,,,,,,,,,,,,,,,,,,,,,,,,,,,,,,,,,,,,,,,,68.9,,,,,,,,31.1
IE000JS0HUM5,,,,,,,,,,,,,,,,,,,,,,,,,,,,,,,,,,,,,,,,,,,,,,,,,,,,,,,,,,,,,,,,,,,,,,,,,,,,,,,,,,,,,,,,,,,,,,,,,,,,,,,,,,,,,,,,,,,,,,,,,,,,,,,,,,,,,,,,
IE000JS4ANL9,,,,,1.77,,,,,,1.01,,,,,,,,,1.38,,,4.97,,,,,,,,,,,,,,,,11.04,,,1.33,,,,,,,,,,,,,,,,4.55,,,9.1,,,,,,,,,,,,,,,,,,2.2,,,,,,,,,,,,,,,,4.58,,,,,,,,,,,,,,,,,3.44,,,,,,,,,,,,,,,3.18,13.43,,,,,,,,38.02
IE000JSJOR00,,,,,,,,,,,,,,,0.43,,,,,0.81,,,0.19,,,,,,,,,,,,,,,,,,,,,,,,,,,,,,,,,,,,,,,,,,,,,,,,,,,,,,,,,,,,,1.27,,,,,,,,,,,,,,,,,,,,,,,,,,,,,,,,,,,,,,,,,,,0.22,96.99,,,,,,0.08,,
IE000JTPK610,,,,,0.9326,0.0285,,,,,0.1773,,,,0.2226,,,,,3.3395,,0.0783,2.6033,0.1082,,,,0.029,,0.4923,,,,,,,,0.557,2.6557,,,2.131,,0.0882,,,,,0.6275,0.0012,,1.0551,0.0001,,0.1295,,0.0692,0.3113,,,6.271,,,,,,,,,,,,,,,0.2511,,,0.2732,,,,,4.5521,0.0689,,0.2747,,,,,,0.0998,0.0009,0.1234,0.131,,0.0008,,,,,0.0639,,,,0.166,,,0.9599,1.6387,0.4636,,,0.7126,3.5406,6.3059,,0.1494,,,0.0101,,,,0.1932,1.9245,56.152,,,,,,0.0355,,
IE000JUB0QM2,,,,,1.81,,,,,,,,0.06,,,,,,,4.87,,,,,,,,,,,,,,,,,,0.09,,,,0.13,,,,,,,,,,,,,0.96,,,0.06,,,2.46,,,,,,,,,,,,0.32,0.12,,,,,,,,,,0.81,,,,,,,,,,,,,,,,,,,,,,,,,,,,0.93,,,,0.2,,,,,,,,,,,1.74,84.33,,,,,,1.11,,
IE000JUREXG2,,,,,,2.36,,,,,5.91,,,,,,,,,,,,,,,,,,,,,,,,,,,,17.81,,,8.96,,,,,,,,,,,,,,,,16.21,,,,,,,,,,,,,,,,,,,,,,,,,,1.4,,,,,,,,,,,3.97,,,,,,,,,,,,,,,,,13.29,,,,,,,,,,,,,,,,,,,,,,,,30.09
IE000JXFRNI0,,,,,,,,,,,,,,,,,,,,,,,,,,,,,,,,,,,,,,,,,,,,,,,,,,,,,,,0.0431,,,,,,,,,,,,,,,,,,,,,,,,0.0001,,,,,,,,,,,,,,,,,,,,,,,,,,,,,,,,,,,,,,,,,,,,,,,,0.0173,99.9104,,,,,,0.0291,,
IE000JZ473P7,,,,,,,,,,,,,,,,,,,,,,,,,,,,,,,,,,,,,,,,,,,,,,,,,,,,,,,1.14,,,,,,,,,,,,,,,,,,,,,,,,,,,,,,,,,,,,,,,,,,,,,,,,,,,,,,,,,,,,,,,,,,,,,,,,,97.58,,,,,,,,1.28
IE000K1P4V37,,,,,1.8198,0.0641,,,,,0.354,,,,,,,,,4.0635,,,,,,,,,,0.3774,,,,,,,,0.117,3.6713,,,0.6274,,,,,,,1.106,,,,,,,,0.1474,0.5596,,,6.9873,,,,,,,,,,,,,,,,,,,,,,,6.7073,0.1792,,0.2675,,,,,,,,,0.046,,,,,,,,,,,0.4522,,,,,0.4473,,,0.2183,5.2937,,,,,,,,,,0.0,2.4369,64.0567,,,,,,,,
IE000K1VI152,,,,,,,,,,,,,,,,,,,,,,,,,,,,,,,,,,,,,,,,,,,,,,,,,,,,,,,,,,,,,,,,,,,,,,,,,,,,,,,0.0034,,,,,,,,,,,,,,,,,,,,,,,,,,,,,,,,,,,,,0.0005,,,,,,,,,,,0.0214,99.974,,,,,,0.0007,,
IE000K22VCJ6,,,,,,,,,,,,,,,,,,,,,,,,,,,,,,,,,,,,,,,,,,,,,,,,,,,,,,,,,,,,,,,,,,,,,,,,,,,,,,,0.0066,,,,,,,,,,,,,,,,,,,,,,,,,,,,,,,,,,,,,,,,,,,,,,,,,99.9915,,,,,,,,
IE000K44CW70,,,,,1.1578,,,,,,,,0.3893,,0.7738,,,,,4.3704,,,,,,,,,,,,,,,,,,,,,,,,,,,,,,,,,,,1.0387,,,,,,2.6851,,,,,,,,,,,,,,,,,,,,,,,,,,,,,,,,,,,,,,,,,,,,,,,,,,,1.8868,,,,0.9973,,,,,,,,,,,2.3382,84.362,,,,,,0.0006,,
IE000K4JG8P9,,,,,,,,,,,,,,,,,,,,,,,,,,,,,,,,,,,,,,,,,,,,,,,,,,,,,,,2.88,,,,,,,,,,,,,,,,,,,,,,,,,,,,,,,,,,,,,,,,,,,,,,,,,,,,,,,,,,,,,,,,,,,,,,,,,97.97,,,,,,,,
IE000K54GGV6,,,,,,,,,,,,,,,,,,,,,,,,,,,,,,,,,,,,,,,,,,,,,,,,,,,,,,,2.2,,,,,,,,,,,,,,,,,,,,,,,,,,,,,,,,,,,,,,,,,,,,,,,,,,,,,,,,,,,,,,,,,,,,,,,,,95.91,,,,,,,,1.89
IE000K5F6EL4,,,,,,,,,,,,,,,,,,,,,,,,,,,,,,,,,,,,,,,,,,,,,,,,,,,,,,,1.06,,,,,,,,,,,,,,,,,,,,,,,,,,,,,,,,,,,,,,,,,,,,,,,,,,,,,,,,,,,,,2.05,,,,,,,,,,,,96.24,,,,,,,,0.65
IE000K7PC2G4,,,,,,2.4,,,,,3.33,,,,,,,,,,,,,,,,,,,5.17,,,,,,,,2.28,8.64,,,8.35,,,,,,,,,,,,,,,,5.35,,,,,,,,,,,,,,,1.04,,,,,,,,,,,3.07,,,4.19,,,,,,,,3.23,,,,,,,,,,,,,,,,,3.96,,,10.1,9.61,,,,,,,,,,,22.14,,,,,,,,,7.14
IE000K975W13,,,,,,,,,,,,,,,,,,,,,,,,,,,,,,,,,,,,,,,,,,,,,,,,,,,,,,,,,,,,,,,,,,,,,,,,,,,,,,,,,,,,,,,,,,,,,,,,,,,,,,,,,,,,,,,,,,,,,,,,,,,,,,,,,,,,,,,,
IE000K9Z3SF5,,,,,,,,,,,,,,,,,,,,,,,100,,,,,,,,,,,,,,,,,,,,,,,,,,,,,,,,,,,,,,,,,,,,,,,,,,,,,,,,,,,,,,,,,,,,,,,,,,,,,,,,,,,,,,,,,,,,,,,,,,,,,,,,,,,,,,,,,
IE000KBUL630,,,,,2.5812,2.6943,,,,,,,,,,,,,,,,,2.2314,,,,,,,,,,,,,,,,16.5037,,,1.6513,,,,,,,,,,,2.2982,,5.1603,,,2.2145,,,2.5811,,,,,,,,,,,,,,,,,,,,,,,,,,,,,,,,,,,,,,,,,,,,,,,,,,,,,,2.4945,5.6016,1.7489,,,,,,,,,,7.0844,45.1544,,,,,,,,
IE000KCKFHE8,,,,,1.7543,0.6432,,,,,0.7167,,,,1.81,,,,,2.2903,,0.2852,16.6746,0.5548,,,,0.3417,,0.4792,,,0.3974,,,,,0.3374,2.9932,,,4.6724,,0.2716,,,,,0.3626,0.2736,0.0044,3.5417,0.8478,,0.6517,,0.5346,2.5363,,,4.1784,,,,,0.1377,,,,,,,,,,0.4709,,,1.7219,,,,,1.3705,0.307,,0.5175,,,,,,,0.3642,1.0574,0.3598,,0.1573,,0.5018,,,1.1895,,,,0.5821,,,0.3133,2.4566,1.8223,,,0.5945,0.9442,0.9408,,0.6409,,,1.4318,,,,0.4495,3.4673,31.0478,,,,,,,,
IE000KCS7J59,,,,,,,,,,,,,,,3.72,,,,,,,,17.24,,,,,,,,,,,,,,,,,,,,,,,,,,1.06,,,11.12,,,,,,,,,,,,,,,,,,,,,,,,,,,1.64,,,,,,,,,,,,,,,,,,,,,,,,2.37,,,,,,,2.49,23.72,,,,,,27.38,,,,,,,,,1.13,,,,,,,,,,8.13
IE000KD0BZ68,,,,,0.2451,,,,,,,,,,,,,,,0.0008,,,6.512,,,,,,,0.0002,,,,,,,,,,,,,,,,,,,0.0056,,,,,,,,,0.1149,,,0.1909,,,,,,,,,,,,,,,,,,,,,,,5.7444,,,,,,,,,,,,,,,,,,,,,,,,,,,0.0746,0.3866,,,0.2679,11.6602,0.0049,,,,,,,,,,4.8689,69.9161,,,,,,,,0.0069
IE000KDY10O3,,,,,,,,,,,,,,,,,,,,,,,1.68,,,,,,,,,,,,,,,,,,,,,,,,,,,,,,,,,,,,,,4.83,,,,,,,,,,,,,,,,,,,,,,,,,,,,,,,,,,,,,,,,,,,,,,,,,,,,,,,,,,,,,,,,,,9.3,84.0,,,,,,,,
IE000KEFZYE7,,,,,,,,,,,,,,,3.98,,,,,,,,16.58,,,,,,,,,,,,,,,,,,,,,,,,,,1.57,,,11.28,,,,,,,,,,,,,,,,,,,,,,,,,,,1.43,,,,,,,,,,,,,,,,,,,,,,,,3.24,,,,,,,2.21,24.56,,,,,,26.06,,1.46,,,,,,,1.13,,,,,,,,,,6.5
IE000KF370H3,,,,,,,,,,,,,,,,,,,,,,,,,,,,,,,,,,,,,,,,,,,,,,,,,,,,,,,,,,,,,,,,,,,,,,,,,,,,,,,,,,,,,,,,,,,,,,,,,,,,,,,,,,,,,,,,,,,,,,,,,,,,,,,,,,,,,,,,100.0
IE000KG7KXI7,,,,,,,,,,,,,,,,,,,,,,,,,,,,,,,,,,,,,,,,,,,,,,,,,,,,,,,,,,,,,,,,,,,,,,,,,,,,,,,,,,,,,,,,,,,,,,,,,,,,,,,,,,,,,,,,,,,,1.62,,,,,,,,,,,,96.5,,,,,,,,1.88
IE000KHX9DX6,,,,,8.86,,,,,,,,,,2.5,,,,,4.85,,,21.23,,,,,,,,,,,,,,,,,,,,,,,,,,,,,,4.38,,,,,,,,3.77,,,,,,,,,,,,,,,,,,1.34,,,,,,,,1.05,,,,,,,,,,,,,,,,,,,,,,,7.45,3.4,,,,1.47,,,,,,,,,,,,1.83,10.98,,,,,,,,26.89
IE000KIQ3DT5,,,,,,,,,,,,,,,,,,,,,,,,,,,,,,,,,,,,,,,,,,,,,,,,,,,,,,,,,,,,,,,,,,,,,,,,,,,,,,,,,,,,,,,,,,,,,,,,,,,,,,,,,,,,,,,,,,,,,,,,,,,,,,,,,,,,,,,,
IE000KJPDY61,,,,,1.8739,0.2002,,,,,,,,,,,,,,1.9396,,,,,,,,,,0.2603,,,,,,,,1.1813,2.3094,,,0.6148,,,,,,,1.8951,,,,,,3.2929,,0.6081,1.4064,,,6.9636,,,,,,,,,,,,,,,,,,,,,,,1.5438,0.2698,,0.2679,,,,,,,,,0.0159,,,,,,,,,,,1.9114,,,,,1.6503,,,0.4313,1.5714,,,,,,,,,,,2.1283,68.2627,,,,,,-0.5984,,
IE000KL4O2Z8,,,,,,,,,,,,,,,,,,,,,,,,,,,,,,,,,,,,,,,,,,,,,,,,,,,,,,,,,,,,,,,,,,,,,,,,,,,,,,,,,,,,,,,,,,,,,,,,,,,,,,,,,,,,,,,,,,,,,,,,,,,,,,,,,,,,,,,,
IE000KLC2EN9,,,,,,,,,,,,,,,,,,,,,,,,,,,,,,,,,,,,,,,8.27,,,6.52,,,,,,,,,,,,,,,,3.45,,,,,,,,,,,,,,,,,,,,,,,,,,,,,,,,,,,,,,,,,,,,,,,,,,,,,1.54,,,,3.33,,,,,,,,,,,,10.13,48.25,,,,,,,,18.51
IE000KLSD4Y8,,,,,1.57,,,,,,,,,,,,,,,3.3,,,,,,,,,,,,,,,,,,,2.11,,,2.11,,,,,,,,,,,,,,,,,,,5.49,,,,,,,,,,,,,,,,,,,,,,,1.84,,,,,,,,,,,,,,,,,,,,,,,,,,,,,,,,2.69,,,,,,,,,,,3.52,70.25,,,,,,,,7.12
IE000KPJJWM6,,,,,,,,,,,,,,,2.64,,,,,,,,20.91,,,,,,,,,,,,,,,,,,,,,,,,,,1.09,,,13.35,,,,,,,,,,,,,,,,,,,,,,,,1.57,,,2.06,,,,,,,,,,,,,,,,,,,,,,,,2.82,,,,,,,3.17,,,,,,,39.0,,1.5,,,,,,,1.5,,,,,,,,,,10.39
IE000KR2IEH1,,,,,,,,,,,,,,,,,,,,,,,,,,,,,,,,,,,,,,,,,,,,,,,,,,,,,,,,,,,,,,,,,,,,,,,,,,,,,,,,,,,,,,,,,,,,,,,,,,,,,,,,,,,,,,,,,,,,,,,,,,,,,,,,,,,,,,,,
IE000KTD59H4,,,,,1.5772,0.1024,,,,,0.2149,,,,0.4619,,,,,3.1219,,0.0623,2.6773,0.0324,,,,0.0193,,0.3647,,,0.0106,,,,,0.2534,1.932,,,1.855,,0.0786,,,,,0.4559,0.0432,,1.4782,0.0892,,0.1136,,0.3499,0.7285,,,5.6963,,,,,0.072,,,,,,,,,,0.1683,,,0.2265,,,,,1.1826,0.0697,,0.1918,,,,,,,0.0359,0.1507,0.0439,,0.0566,,,,,0.2995,,,,0.4116,,,0.3262,2.3116,0.8086,,,0.8362,1.8645,3.2612,,0.2026,,,0.1171,,,,0.225,3.1002,62.3189,,,,,,,,
IE000KXCEXR3,,,,,,,,,,,,,,,,,,,,,,,,,,,,,,,,,,,,,,,,,,,,,,,,,,,,,,,1.81,,,,,,,,,,,,,,,,,,,,,,,,,,,,,,,,,,,,,,,,,,,,,,,,,,,,,,,,,,,,,,,,,,,,,,,,,96.63,,,,,,,,1.56
IE000KXM3O48,,,,,,,,,,,,,,,,,,,,,,,,,,,,,,,,,,,,,,,,,,,,,,,,,,,,,,,,,,,,,,,,,,,,,,,,,,,,,,,,,,,,,,,,,,,,,,,,,,,,,,,,,,,,,,,,,,,,,,,,,,,,,,,,,,,,,,,,
IE000KXMLOD6,,,,,,,,,,,,,,,,,,,,,,,,,,,,,,,,,,,,,,,,,,,,,,,,,,,,,,,0.1324,,,,,,,,,,,,,,,,,,,,,,,,,,,,,,,,,,,,,,,,,,,,,,,,,,,,,,,,,,,,,,,,,,,,,,,,99.8534,0.0135,,,,,,0.0008,,
IE000KXNPEV8,,,,,,,,,,,,,,,,,,,,,,,,,,,,,,,,,,,,,,,,,,,,,,,,,,,,,,,,,,,,,,,,,,,,,,,,,,,,,,,,,,,,,,,,,,,,,,,,,,,,,,,,,,,,,,,,,,,,,,,,,,,,,,,,,,,,,,,,
IE000KXTLDE2,,,,,,,,,,,,,,,,,,,,,,,,,,,,,,,,,,,,,,,,,,1.13,,,,,,,,,,,,,,,,,,,11.7,,,,,,,,,,,,,,,,,,,,,,,11.92,,,,,,,,,,,,,,,,,,,,,,,,,,,6.27,,,,,,14.91,,,,,,,,,,,51.57,,,,,,,,2.5
IE000KYX7IP4,,,,,4.3196,0.5034,,,,,0.4424,,,,,,,,,6.6585,,,,,,,,,,0.3395,,,,,,,,0.717,2.0687,,,3.4388,,,,,,,1.4585,,,,,,0.3403,,0.9265,3.2142,,,8.4534,,,,,,,,,,,,,,,,,,,,,,,1.3778,0.0639,,0.3878,,,,,,,,,0.084,,,,,,,,,,,2.1518,,,,,3.2823,,,1.503,2.8047,,,,,,,,,,,6.2737,49.1903,,,,,,,,
IE000L00POB4,,,,,,,,,,,,,,,,,,,,,,,,,,,,,,,,,,,,,,,,,,,,,,,,,,,,,,,,,,,,,,,,,,,,,,,,,,,,,,,,,,,,,,,,,,,,,,,,,,,,,,,,,,,,,,,,,,,,,,,,,,,,,,,,,,,,,,,,
IE000L0X6L81,,,,,4.38,1.58,,,,,4.97,,,,,,,,,5.33,,2.12,,,,,,,,1.47,,,,,,,,,3.39,,,15.77,,,,,,,1.32,,,,1.71,,1.78,,,5.32,,,1.43,,,,,,,,,,,,9.82,,,,,,,,,,,3.67,,,2.1,,,,,,,,,,,,,,,,,,,,,,,,2.06,1.01,,,4.37,1.93,,,,,,,,,,,1.02,10.37,,,,,,,,13.08
IE000L2SA8K5,,,,,,,,,,,,,,,1.12,,,,,2.43,,,1.05,,,,,,,,,,,,,,,,,,,,,,,,,,,,,,,,,,,,,,,,,,,,,,,,,,,,,,,,,,,,,2.69,,,,,,,,,,,,,,,,,,,,,,,,,,,,,,,,,,,,,,,,,,,1.16,91.55,,,,,,,,
IE000L2TO2T2,,,,,1.6829,1.0728,,,,,1.3156,,,,0.0489,,,,,1.2095,,,0.1935,,,0.0434,0.0256,0.1534,,2.2912,,,,,0.0427,,,1.3612,18.6108,,,11.0794,,0.6242,,,,,0.0301,0.2065,,,,,1.1159,,,4.0374,,,2.7449,,,,,,,,,,,,0.4594,,,,,,0.0759,,,,,5.0056,0.2946,,0.7621,,,,,,,,0.3677,0.5146,,,,0.1206,,,,,,,0.0342,0.0073,,0.0232,0.022,5.9389,,,2.9681,3.8847,0.0277,,,,,,,,,,9.2386,22.6013,,,,,,-0.2369,,
IE000L2ZNB07,,,,,,,,,,,,,,,,,,,,3.27,,,,,,,,,,,,,,,,,,,,,,,,,,,,,,,,,,,,,,,,,,,,,,,,,,,,,,,,,,,,,,,,,,,,,,,,,,,,,,,,,,,,,,,,,,,,,,,,,,,,,,,,,,,,93.32,,,,,,,,3.41
IE000L4EH2K5,,,,,1.11,,,,,,0.51,,,,,,,,,,,,,,,,,,,0.46,,,,,,,,0.12,0.9,,,1.22,,,,,,,,,,,,,,,0.5,0.08,,,4.2,,,,,,,,,,,,,,,,,,,,,,,0.68,0.21,,,,,,,,,,,,,,,,,,,,,,,,,,,,,,0.21,1.13,,,,,,,,,,,5.47,83.19,,,,,,0.01,,
IE000L5NW549,,,,,0.0023,0.0597,,,,,0.0509,,,,,,,,,9.772,,,,,,,,,,0.3473,,,,,,,,0.751,4.0894,,,1.1423,,,,,,,0.6347,,,,,,0.1243,,0.8766,1.1703,,,7.6204,,,,,,,,,,,,,,,,,,,,,,,0.5139,0.0023,,0.0986,,,,,,,,,,,,,,,,,,,,1.1885,,,,,2.2269,,,1.671,5.796,,,,,,,,,,,2.4278,59.3433,,,,,,0.0907,,
IE000LAP5Z18,,,,,,,,,,,,,,,,,,,,,,,,,,,,,,,,,,,,,,,,,,,,,,,,,,,,,,,2.8,,,,,,,,,,,,,,,,,,,,,,,,,,,,,,,,,,,,,,,,,,,,,,,,,,,,,,,,,,,,,,,,,,,,,,,,,94.33,,,,,,,,2.87
IE000LCKJ888,,,,,,,,,,,,,,,,,,,,,,,,,,,,,,,,,,,,,,,,,,,,,,,,,,,,,,,,,,,,,,,,,,,,,,,,,,,,,,,,,,,,,,,,,,,,,,,,,,,,,,,,,,,,,,,,,,,,,,,,,,,,,,,,,,,,,,,,
IE000LEIJUY9,,,,,3.4381,,,,,,,,,,1.2529,,,,,5.4238,,,3.1556,,,,,,,4.8991,,,,,,,,0.4536,6.8596,,,5.456,,,,,,,1.2331,,,,,,,,0.2987,4.4978,,,3.6085,,,,,,,,,,,,,,,,,,,,,,,1.9668,,,1.9201,,,,,,,,,,,,,,,,,,,,3.8069,,,0.2573,1.146,4.3051,,,,4.0137,4.1616,,,,,,,,,,5.735,32.1106,,,,,,,,
IE000LETV955,,,,,1.1578,,,,,,,,0.3893,,0.7738,,,,,4.3704,,,,,,,,,,,,,,,,,,,,,,,,,,,,,,,,,,,1.0387,,,,,,2.6851,,,,,,,,,,,,,,,,,,,,,,,,,,,,,,,,,,,,,,,,,,,,,,,,,,,1.8868,,,,0.9973,,,,,,,,,,,2.3382,84.362,,,,,,0.0006,,
IE000LEVKOK2,,,,,,,,,,,,,,,,,,,,,,,,,,,,,,,,,,,,,,,,,,,,,,,,,,,,,,,,,,,,,,,,,,,,,,,,,,,,,,,,,,,,,,,,,,,,,,,,,,,,,,,,,,,,,,,,,,,,,,,,,,,,,,,,,,,,,,,,
IE000LFC57H7,,,,,1.64,,,,,,0.07,,,,0.16,,,,,2.4,,0.04,1.17,,,,,,,0.46,,,,,,,,0.14,0.99,,,0.94,,,,,,,0.11,,,1.3,0.02,,,,,0.12,0.02,,4.8,,,,,0.17,,,,,,,,,,0.03,,,0.21,,,,,1.95,,,,,,,,,0.01,,0.08,,,,,,,,0.49,,,,0.17,,,0.21,4.45,0.3,,,0.82,2.05,5.62,,0.18,,,,,,,0.01,1.55,67.0,,,,,,0.33,,
IE000LG8P349,,,,,,,,,,,,,,,,,,,,,,,,,,,,,,,,,,,,,,,,,,,,,,,,,,,,,,,,,,,,,,,,,,,,,,,,,,,,,,,,,,,,,,,,,,,,,,,,,,,,,,,,,,,,,,,,,,,,,,,,,,,,,,,,,,,,,,,,
IE000LGHLQ71,,,,,0.97,1.93,,,,,1.94,,,,,,,,,,,,,,,,,,,,,,,,,,,1.92,27.81,,,17.89,,,,,,,,,,,,,,,,2.69,,,1.0,,,,,,,,,,,,,,,,,,,,,,,3.01,0.95,,,,,,,,,,,,,,,,,,,,,,,,,,,8.76,,,1.96,1.04,,,,,,,,,,,3.93,24.18,,,,,,0.02,,
IE000LGWDNE5,,,,,,,,,,,0.83,,,,,,,,,3.4,,,7.54,,,,,,,,,,,,,,,,,,,2.12,,,,,,,,,,,,,,,2.5,,,,,,,,,,,,,,,,,,,,,,,,,,,,,,,,,,,,,,,,,,,,,,,,,,,,,,,,,,,,6.31,,,,,,,,,,,77.27,,,,,,0.03,,
IE000LH4DDC2,,,,,,,,,,,,,,,,,,,,,,,,,,,,,,,,,,,,,,,,,,,,,,,,,,,,,,,,,,,,,,,,,,,,,,,,,,,,,,,,,,,,,,,,,,,,,,,,,,,,,,,,,,,,,,,,,,,,,,,,,,,,,,,,,,,,,,,,
IE000LHP8TA1,,,,,,,,,,,,,,,,,,,,2.09,,,,,,,,,,,,,,,,,,,1.68,,,,,,,,,,,,,,,,,,,5.42,,,1.09,,,,,,,,,,,,,,,,,,3.3,,,,,,,,,,,,,,,,,,,,,,,,,,,,,,,,,1.36,,,,,,,,,,,,,,,2.28,12.48,,,,,,,,70.3
IE000LJ2O0V5,,,,,,,,,,,,,,,,,,,,,,,,,,,,,,,,,,,,,,,39.2936,,,13.5016,,,,,,,,,,,,,9.9,,,18.992,,,,,,,,,,,,,,,,,,,,,,,,,,6.7391,,,,,,,,,,,,,,,,,,,,,,,,,,,,11.5105,,,,,,,,,,,,,,,,,,,,,,0.0631,,
IE000LKGEZQ6,,,,,1.19,0.96,,,,,3.84,,,,,,,,,,,,,,,,,,,4.35,,,,,,,,2.38,16.47,,,18.02,,,,,,,,,0.65,,,,,,,5.56,,,0.58,,,,,,,,,,,,,,,,,,,,,,,4.39,0.58,,0.66,,,,,,,,,,,,,,,,,,,,,,,,,3.06,,,6.59,1.18,,,,,,,,,,,6.72,22.47,,,,,,0.34,,
IE000LO4MAC0,,,,,0.0381,,,,,,,,,,,,,,,0.368,,,,,,,,,,,,,,,,,,0.5714,0.3636,,,2.7074,,,,,,,0.0,,,,,,0.2298,,0.0543,,,,4.5983,,,,,,,,,,,,,,,,,,,,,,,4.7707,,,,,,,,,,,,,,,,,,,,,,,0.0002,,,,,,,,0.1528,0.1607,,,,,,,,,,,0.2761,85.6803,,,,,,0.0282,,
IE000LOAUP03,,,,,,,,,,,1.69,,,,,,,,,,,,,,,,,,,,,,,,,,,1.28,29.55,,,28.77,,,,,,,,,,,,,,,,8.35,,,,,,,,,,,,,,,,,,,,,,,,,,18.66,,,,,,,,,,,,,,,,,,,,,,,,,,,,11.31,,,,,,,,,,,,,,,,,,,,,,,,0.39
IE000LRGEN55,,,,,,,,,,,,,1.28,,,,,,,,1.69,,,,,,,,,,,,,,,,,,,,,,,,,,,,,,,,,,,,,,,,,,,,,,,,,,,,,,,,,,,,,,,,,,,,,,,,,,,,,,,,,,,,,,,,,,,,,,,,,,,,,,,,,,,94.46,,,,,,,,2.57
IE000LRRPK60,,,,,,,,,,,,,,,,,,,,,,,,,,,,,,1.26,,,,,,,,,4.38,,,3.38,,,,,,,,,,,,,1.24,,,,,,8.07,,,,,,,,,,,,,,,,,,,,,,,1.26,,,,,,,,,,,,,,,,,,,,,,,,,,,,1.81,,,2.19,2.04,,,,,,,,,,,4.93,59.64,,,,,,,,9.8
IE000LSFKN16,,,,,,,,,,,,,,,,,,,,,,,,,,,,,,,,,,,,,,,,,,,,,,,,,,,,,,,,,,,,,,,,,,,,,,,,,,,,,,,,,,,,,,,,,,,,,,,,,,,,,,,,,,,,,,,,,,,,,,,,,,,,,,,,,,,,,,,,
IE000LSRKCB4,,,,,,,,,,,,,,,,,,,,,,,,,,,,,,,,,,,,,,,,,,,,,,,,,,,,,,,,,,,,,,,,,,,,,,,,,,,,,,,,,,,,,,,,,,,,,,,,,,,,,,,,,,,,,,,,,,,,,,,,,,,,,,,,,,,,,,,,
IE000LST78X7,,,,,,,,,,,,,,,,,,,,,,,,,,,,,,,,,,,,,,,,,,,,,,,,,,,,,,,,,,,,,,,,,,,,,,,,,,,,,,,,,,,,,,,,,,,,,,,,,,,,,,,,,,,,,,,,,,,,,,,,,,,,,,,,,,,,,,,,
IE000LTA2082,,,,,1.3415,0.1055,,,,,0.0854,,,,,,,,,3.9973,,,,,,,,,,1.0917,,,,,,,,0.7584,4.5213,,,6.3646,,,,,,,0.9318,,,,,,0.2419,,,0.5344,,,17.4769,,,,,,,,,,,,,,,,,,,,,,,0.6505,0.1343,,0.1102,,,,,,,,,,,,,,,,,,,,0.4377,,,,,1.142,,,4.7535,3.1565,,,,,,,,,,,2.1669,49.9978,,,,,,,,
IE000LUZJNI7,,,,,0.51,1.42,,,,,2.83,,,,0.2,,,,,,,0.25,0.23,,,,,0.27,,3.48,,,,,,,,3.13,12.47,,,12.56,,,,0.27,,,0.22,,,,,,1.42,,,6.47,0.25,,,,,,,,,,,,,,0.88,,,,,,0.25,,,,,5.48,,0.24,2.57,,,,,,,,0.25,1.03,,,,,,,,,,,0.2,,,0.27,0.29,5.29,,,9.16,8.47,,,,,,,,,,,14.08,5.57,,,,,,,,
IE000LVB7GJ9,,,,,,,,,,,,,,,,,,,,,,,,,,,,,,,,,,,,,,,51.47,,,8.89,,,,,,,,,,,,,,,,11.71,,,,,,,,,,,,,,,,,,,,,,,,,,,,,,,,,,,,,,,,,,,,,,,,,,,,,,,,,,22.28,,,,,,,,,,,4.23,,,,,,,,,1.42
IE000LW5CCQ4,,,,,,,,,,,,,,,,,,,,,,,,,,,,,,,,,,,,,,,,,,,,,,,,,,,,,,,,,,,,,,,,,,,,,,,,,,,,,,,,,,,,,,,,,,,,,,,,,,,,,,,,,,,,,,,,,,,,,,,,,,,,,,,,,,,,,,,,
IE000LX17BP9,,,,,2.7948,0.6763,,,,,1.6767,,,,,,,,,0.9703,,,,,,,,,,2.2757,,,,,,,,1.7902,16.3789,,,12.6419,,,,,,,0.2152,0.2762,,,,,0.3367,,,6.2068,,,4.2852,,,,,,,,,,,,1.4498,,,,,,0.2897,,,,,5.2444,0.448,,,,,,,,,,0.2291,0.3242,,,,,,,,,,,,,,,,5.0885,,,3.6456,4.104,,,,,,,,,,,8.3695,20.3496,,,,,,-0.0674,,
IE000LXEN6X4,,,,,,,,,,,2.0739,,,,,,,,,,,,,,,,,,,,,,,,,,,2.0805,28.0602,,,31.0062,,,,,,,,,,,,,0.0909,,,8.7982,,,,,,,,,,,,,,,,,,,,,,,,,,13.9526,,,,,,,,,,,,,,,,,,,,,,,,,,,,13.5584,,,,,,,,,,,,,,,0.0008,,,,,,,0.3783,,
IE000LYBU7X5,,,,,,,,,,,,,,,,,,,,2.0,,,,,,,,,,,,,,,,,,,4.06,,,2.25,,,,,,,,,,,,,2.69,,,,,,7.34,,,,,,,,,,,,,,,,,,,,,,,2.71,,,,,,,,,,,,,,,,,,,,,,,,,,,,,,,,5.34,,,,,,,,,,,3.49,64.55,,,,,,,,5.57
IE000LZ7BZW8,,,,,,,,,,,,,,,,,,,,,,,,,,,,,,,,,,,,,,,,,,,,,,,,,,,,,,,0.1422,,,99.7549,,,,,,,,,,,,,,,,,,,,,,,,,,,,,,,,,,,,,,,,,,,,,,,,,,,,,,,,,,,,,,,,,,,,,,,,,,,,0.1028,,
IE000LZC9NM0,,,,,,,,,,,,,,,,,,,,,,,,,,,,,,,,,,,,,,,,,,,,,,,,,,,,,,,,,,,,,,,,,,,,,,,,,,,,,,,,,,,,,,,,,,,,,,,,,,,,,,,,,,,,,,,,,,,,,,,,,,,,,,,,,,,,,,,,
IE000LZI2UH4,,,,,,,,,,,,,,,,,,,,3.76,,,,,,,,,,,,,,,,,,,,,,,,,,,,,,,,,,,,,,,,,,,,,,,,,,,,,,,,,,,,,,,,,,,,,,,,,,,,,,,,,,,,,,,,,,,,,,,,,,,,,,,,,,,,66.29,,,,,,,,29.95
IE000M02BVY5,,,,,,,,,,,,,,,,,,,,,,,,,,,,,,,,,,,,,,,12.46,,,7.56,,,,,,,,,,,,,,,1.68,3.05,,,,,,,,,,,,,,,1.87,,,,,,,,,,,6.02,,,,,,,,,,,,,,,,,,,,,,,,,,,,2.59,,,2.29,,,,,,,,,,,,4.55,6.21,,,,,,,,51.72
IE000M07S996,,,,,,,,,,,,,,,,,,,,,,,,,,,,,,,,,,,,,,,,,,,,,,,,,,,,,,,,,,,,,,,,,,,,,,,,,,,,,,,,,,,,,,,,,,,,,,,,,,,,,,,,,,,,,,,,,,,,,,,,,,,,,,,,,,,,,,,,
IE000M284BG0,,,,,1.63,0.32,,,,,1.46,,,,,,,,,0.51,,,0.62,,,,,,,3.34,,,,,,,,0.5,13.75,,,10.8,,,,,,,,,,,,,1.03,,,5.91,,,1.55,,,,,,,0.33,,,,,1.74,,,,,,,,,,,4.89,0.66,,0.34,,,,,,,,0.16,1.14,,0.33,,0.5,,,0.49,,,,,0.5,,,,5.14,,,2.07,2.64,,,,,,,,,,0.32,15.32,21.29,,,,,,0.73,,
IE000M3UHD88,,,3.93,,,,,,,,,,,,2.77,,,,,,,2.21,,3.02,1.13,,,,,,,,1.19,,,,,,,,,,,,,1.67,,,,3.4,,,1.31,,,,,,,1.09,,1.57,,,,1.06,,,,,,,1.43,,,,,,8.39,,,,1.11,,,,,1.17,1.06,2.25,,,2.56,,1.06,,,,,1.09,,,1.06,,1.07,,,,,2.64,,,,,,,,,,,,5.3,,,,,,,,2.24,2.56,,,,,40.66
IE000M46QA27,,,,,0.045,,,,,,,,0.0771,,,,,,,0.0182,0.0774,,,,,,,,,,,,,,,,,,,,,,,,,,,,,,,,,,1.2889,,,,,,,,,,,,,,,,,,,,,,,,,,,,,0.0895,,,,,,,,,,,,,,,,,,,,,,,0.2889,,,,,,,,,0.2965,,,,,,,,,,,0.491,97.188,0.131,,,,,0.0085,,
IE000M4Z0RA5,,,,,,,,,,,,,,,,,,,,,,,,,,,,,,,,,,,,,,,,,,,,,,,,,,,,,,,,,,,,,,,,,,,,,,,,,,,,,,,,,,,,,,,,,,,,,,,,,,,,,,,,,,,,,,,,,,,,,,,,,,,,,,,,,,,,,,,,
IE000M6STPW4,,,,,,,,,,,,,,,,,,,,,,,,,,,,,,,,,,,,,,,,,,,,,,,,,,,,,,,,,,,,,,,,,,,,,,,,,,,,,,,,,,,,,,,,,,,,,,,,,,,,,,,,,,,,,,,,,,,,,,,,,,,,,,,,67.26,,,,,,,,32.74
IE000M7V94E1,,,,,4.2,,,,,,,,,,,,,,,37.71,,,,,,,,,,,,,,,,,,,,,,,,,,,,,1.26,,,,,,,,,,,,23.28,,,1.5,,,,,,,,,,,,,,,,,,,,,,,,,,,,,,,,,,,,,,,,,,,,,,,6.83,,,,,,,,,,,,,,,,1.53,23.7,,,,,,,,
IE000M86QRT4,,,,,,,,,,,,,,,,,,,,,,,,,,,,,,,,,,,,,,,,,,,,,,,,,,,,,,,2.8,,,,,,,,,,,,,,,,,,,,,,,,,,,,,,,,,,,,,,,,,,,,,,,,,,,,,,,,,,,,,,,,,,,,,,,,,94.33,,,,,,,,2.87
IE000M8NCUC9,,,,,,,,,,,,,,,,,,,,,,,,,,,,,,,,,,,,,,,,,,,,,,,,,,,,,,,,,,,,,,,,,,,,,,,,,,,,,,,,,,,,,,,,,,,,,,,,,,,,,,,,,,,,,,,,,,,,,,,,,,,,,,,,,,,,,,,,
IE000MAO75G5,,,,,0.0002,0.5635,,,,,1.7091,,,,,,,,,,,,,,,,,,,2.6136,,,,,,,,1.7588,15.15,,,13.7571,,,,,,,,,,,,,0.6438,,,5.1716,,,,,,,,,,,,,,,,,,,,,0.0012,,,,,8.9227,,,0.9831,,,,,,,,,0.322,,,,,,,,,,,,,,,,6.1627,,,5.3561,14.3947,,,,,,,,,,,22.2287,0.0454,,,,,,0.2156,,
IE000MC1J5C5,,,,,,,,,,,,,,,,,,,,,,,,,,,,,,,,,,,,,,,,,,,,,,,,,,,,,,,1.18,,,,,,,,,,,,,,,,,,,,,,,,,,,,,,,,,,,,,,,,,,,,,,,,,,,,,,,,,,,,,,,,,,,,,,,,,96.96,,,,,,,,1.86
IE000MCVFK47,,,,,0.7498,1.9634,,,,,2.3931,,,,,,,,,0.8668,,,0.1613,,,0.0544,,0.3745,,3.3513,,,,,,,,1.9845,20.7518,,,14.5932,,1.2583,,,,,0.5082,0.2709,,0.1166,,,2.3547,,,6.7147,,,1.4974,,,,,,,,,,,0.1052,0.3968,,,,,,,,,,,10.0917,,,3.4917,,,,,,,,1.1552,2.2625,,0.2076,,0.2782,,,0.3696,,,,,0.2177,,,0.3185,9.7235,,,4.6127,0.0918,,,,,,,,,,0.3296,3.8801,2.4551,,,,,,,,0.0477
IE000MDKBOB3,,,,,,,,,,,,,,,,,,,,,,,,,,,,,,,,,,,,,,,,,,,,,,,,,,,,,,,,,,,,,,,,,,,,,,,,,,,,,,,,,,,,,,,,,,,,,,,,,,,,,,,,,,,,,,,,,,,,,,,,,,,,,,,,,,,,,,,,
IE000ME8PWJ4,,,,,1.0824,0.2018,,,,,0.2817,,,,,,,,,3.2924,,,,,,,,,,0.4316,,,,,,,,0.4613,3.3722,,,3.9071,,,,,,,1.8853,,,,,,0.2172,,0.7333,5.3053,,,2.1554,,,,,,,,,,,,,,,,,,,,,,,,0.4242,,,,,,,,,,,0.6932,,,,,,,,,,,0.1983,,,,,8.5109,,,,0.1421,,,,,,,,,,,6.8389,59.8114,,,,,,,,0.0542
IE000MELAE65,,,,,1.5457,0.9356,,,,,,,,,,,,,,10.2039,,,,,,,,,,,,,,,,,,0.905,6.2212,,,,,,,,,,,,,,,,,,,0.9105,,,1.8154,,,,,,,,,,,,,,,,,,,,,,,,,,3.718,,,,,,,,,0.8006,,,,,,,,,,,,,,,,1.71,,,0.0001,,,,,,,,,,,,9.5537,61.6153,,,,,,0.0652,,
IE000MGAVJV3,,,,,,,,,,,,,,,,,,,,,,,,,,,,,,,,,,,,,,,,,,,,,,,,,,,,,,,0.0216,,,,,,,,,,,,,,,,,,,,,,,,,,,,,,,,,,,,,,,,,,,,,,,,,,,,,,,,,,,,,,,,,,,,,,,,,99.9784,,,,,,0.0,,
IE000MINO564,,,,,,,,,,,,,,,,,,,,,,,,,,,,,,,,,,,,,,,4.62,,,7.64,,,,,,,,,,,,,,,,1.36,,,,,,,,,,,,,,,,,,,,,,,,,,1.31,,,,,,,,,,,,,,,,,,,,,,,,,,,,,,,,2.43,,,,,,,,,,,4.17,66.78,,,,,,,,11.69
IE000MIXAK02,,,,,0.64,,,,,,0.66,,0.1,,,,,,,3.14,,,,,,,,,,,,,,,,,,,0.24,,,0.24,,,,,,,,,,,,,0.66,,,,,,2.32,,,,,,,,,,,,0.1,0.16,,,,,,,,,,1.01,,,,,,,,,,,,,,,,,,,,,,,,,,,,0.83,,,,,,,,,,,,,,,1.35,88.02,,,,,,0.53,,
IE000MJ79846,,,,,,,,,,,,,,,,,,,,,,,,,,,,,,,,,,,,,,,,,,,,,,,,,,,,,,,,,,,,,,,,,,,,,,,,,,,,,,,,,,,,,,,,,,,,,,,,,,,,,,,,,,,,,,,,,,,,,,,,,,,,,,,,,,,,,,,,
IE000MJIXFE0,,,,,,,,,,,,,,,,,,,,4.98,,,,,,,,,,,,,,,,,,,,,,,,,,,,,,,,,,,1.12,,,,,,,,,,,,,,,,,,,,,,,,,,,,,,,,,,,,,,,,,,,,,,,,,,,,,,,,,,,,,,,,,,,,,,,,,92.27,,,,,,,,1.63
IE000MKIH0W7,,,,,,,,,,,,,,,,,,,,,,,,,,,,,,,,,,,,,,,,,,,,,,,,,,,,,,,1.27,,,,,,,,,,,,,,,,,,,,,,,,,,,,,,,,,,,,,,,,,,,,,,,,,,,,,,,,,,,,,,,,,,,,,,,,1.83,94.66,,,,,,,,2.24
IE000MLMNYS0,,,,,,,,,,,,,,,,,,,,,,,,,,,,,,,,,,,,,,,,,,,,,,,,,,,,,,,,,,,,,,,,,,,,,,,,,,,,,,,,,,,,,,,,,,,,,,,,,,,,,,,,,,,,,,,,,,,,,,,,,,,,,,,0.0015,99.9944,,,,,,0.0042,,
IE000MMRLY96,,,,,,,,,,,,,,,,,,,,,,,,,,,,,,,,,,,,,,,,,,,,,,,,,,,,,,,,,,,,,,,,,,,,,,,,,,,,,,,,,,,,,,,,,,,,,,,,,,,,,,,,,,,,,,,,,,,,,,,,,,,,,,,,,,,,,,,,
IE000MNNJDT4,,,,,,,,,,,,,,,,,,,,,,,,,,,,,,,,,,,,,,,,,,,,,,,,,,,,,,,,,,,,,,,,,,,,,,,,,,,,,,,,,,,,,,,,,,,,,,,,,,,,,,,,,,,,,,,,,,,,1.58,,,,,,,,,,,,96.6,,,,,,,,1.82
IE000MO2MB07,,,,,7.62,,,,,,1.23,,,,,,,,,,,,,,,,,,,,,,,,,,,,,,,,,,,,,,,,,,,,,,,1.3,,,3.93,,,,,,,,,,,,,,,,,,,,,,,4.65,,,,,,,,,,,,,,,,,,,,,,,5.26,,,,,3.3,,,,,,,,,,,,,,,5.7,62.96,,,,,,,,4.05
IE000MO5BTJ4,,,,,1.49,,,,,,,,,,2.02,,,,,,,,,,,,,,,,,,,,,,,,1.9,,,,,,,,,,,,,,,,,,1.18,2.69,,,,,,,,,,,,,,,,,,,,,,,,,,,,,,,,,,,,,,,,,,,,,,,,,,,,,,,,,,,,,,,,,,,,,2.46,35.64,,,,,,,,52.62
IE000MQ5XEW1,,,,,,,,,,,,,,,,,,,,,,,,,,,,,,,,,,,,,,,,,,,,,,,,,,,,,,,,,,,,,,,,,,,,,,,,,,,,,,,,,,,,,,,,,,,,,,,,,,,,,,,,,,,,,,,,,,,,,,,,,,,,,,,,,,,,,,,,
IE000MRIQ479,,,,,3.34,,,,,,1.11,,,,,,,,,5.24,,,,,,,,,,,,,,,,,,1.26,4.69,,,4.07,,,,,,,1.94,,,,,,,,,2.62,,,16.82,,,,,,,,,,,,,,,,,,,,,,,1.93,,,1.83,,,,,,,,,,,,,,,,,,,,1.29,,,,3.59,2.4,,,2.33,4.11,,,,,,,,,,,6.73,29.16,,,,,,,,5.54
IE000MS76E73,,,,,,,,,,,,,,,,,,,,,,,,,,,,,,,,,,,,,,,,,,,,,,,,,,,,,,,,,,,,,,,,,,,,,,,,,,,,,,,,,,,,,,,,,,,,,,,,,,,,,,,,,,,,,,,,,,,,,,,,,,,,,,,,,,,,,,,,
IE000MS9DTS9,,,,,10.49,,,,,,,,,,,,,,,32.3,,,,,,,,,,,,,,,,,,,,,,,,,,,,,1.1,,,,,,,,,,,,3.91,,,5.73,,,,,,,,,,,,,,,,,,,,,,,,,,,,,,,,,,,,,,,,,,,,,,1.19,15.29,,,,,,,,,,,,,,,,2.2,27.09,,,,,,,,0.7
IE000MTYM4K8,,,,,,1.3,,,,,,,,,1.28,,,,,1.99,,,2.83,,,,,,,,,,,,,,,,1.06,,,1.71,,,,,,,2.17,,,1.06,,,1.41,,,,,,4.66,,,,,,,,,,,,,,,,,,,,,,,1.98,,,1.28,,,,,,,,,,,,,,,,,,,,,,,,2.76,,,,,,2.27,,,,,,,,,,3.72,58.72,,,,,,,,9.8
IE000MU0FDZ8,,,,,,,,,,,,,,,,,,,,,,,,,,,,,,,,,,,,,,,,,,,,,,,,,,,,,,,,,,,,,,,,,,,,,,,,,,,,,,,,,,,,,,,,,,,,,,,,,,,,,,,,,,,,,,,,,,,,,,,,,,,,,,,,99.03,,,,,,,,0.97
IE000MUAJIF4,,,,,1.17,0.18,,,,,1.75,,,,,,,,,1.26,,,0.94,,,,0.47,0.81,,4.66,,,,,,,,2.3,19.37,,,5.7,,,,,,,,,0.49,,,,0.82,,,2.82,,,3.59,,,,,,,,,,,,0.25,,,,,,0.42,,,,,6.05,0.77,,2.89,,,,,,,,,,,,,0.19,,,,,,,0.17,0.26,,,,6.01,,,5.94,4.29,,,,,,,,,,,14.48,12.04,,,,,,-0.08,,
IE000MVWFDH1,,,,,,,,,,,,,,,,,,,,,,,,,,,,,,,,,,,,,,,,,,,,,,,,,,,,,,,,,,,,,,,,,,,,,,,,,,,,,,,,,,,,,,,,,,,,,,,,,,,,,,,,,,,,,,,,,,,,,,,,,,,,,,,,,,,,,,,,100.0
IE000MW6GT38,,,,,,,,,,,,,,,,,,,,,,,,,,,,,,,,,,,,,,,,,,,,,,,,,,,,,,,,,,,,,99.9855,,,,,,,,,,,,,,,,,,,,,,,,,,,,,,,,,,,,,,,,,,,,,,,,,,,,,,,,,,,,,,,,,,0.0055,0.0083,,,,,,0.0007,,
IE000MWUQBJ0,,,,,,,,,,,1.7,,,,,,,,,,,,,,,,,,,,,,,,,,,1.28,29.66,,,28.88,,,,,,,,,,,,,,,,8.39,,,,,,,,,,,,,,,,,,,,,,,,,,18.73,,,,,,,,,,,,,,,,,,,,,,,,,,,,11.36,,,,,,,,,,,,,,,,,,,,,,,,
IE000MY0C911,,,,,1.13,,,,,,,,,,,,,,,2.66,,,,,,,,,,,,,,,,,,,3.83,,,1.89,,,,,,,,,,,,,,,,1.15,,,1.06,,,,,,,,,,,,,,,,,,,,,,,1.4,,,,,,,,,,,,,,,,,,,,,,,,,,,,1.23,,,,1.22,,,,,,,,,,,4.96,37.65,,,,,,,,41.82
IE000MYCJA42,,,,,,,,,,,,,,,,,,,,4.98,,,,,,,,,,,,,,,,,,,,,,,,,,,,,,,,,,,1.12,,,,,,,,,,,,,,,,,,,,,,,,,,,,,,,,,,,,,,,,,,,,,,,,,,,,,,,,,,,,,,,,,,,,,,,,,92.27,,,,,,,,1.63
IE000MZFIJ99,,,,,,,,,,,,,,,,,,,,,,,,,,,,,,,,,,,,,,,,,,,,,,,,,,,,99.91,,,,,,,,,,,,,,,,,,,,,,,,,,,,,,,,,,,,,,,,,,,,,,,,,,,,,,,,,,,,,,,,,,,,,,,,,,,,,,,,,,,,0.09
IE000N0TTJQ9,,,,,,,,,,,,,,,,,,,,,,,,,,,,,,,,,,,,,,,,,,,,,,,,,,,,,,,,,,,,,,,,,,,,,,,,,,,,,,,,,,,,,,,,,,,,,,,,,,,,,,,,,,,,,,,,,,,,,,,,,,,,,,,,,,,,,,,,
IE000N1ZEIG9,,,,,,,,,,,,,,,,,,,,,,,,,,,,,,,,,,,,,,,,,,,,,,,,,,,,,,,,,,,,,,,,,,,,,,,,,,,,,,,,,,,,0.17,,,,,,,,,,,,,,,,,,,,,,,,,,,,,,,,0.24,,,,,,,,,,,,99.56,,,,,,0.03,,
IE000N3TZN02,,,,,,,,,,,,,,,,,,,,,,,,,,,,,,,,,,,,,,,,,,,,,,,,,,,,,,,,,,,,,,,,,,,,,,,,,,,,,,,,,,,,,,,,,,,,,,,,,,,,,,,,,,,,,,,,,,,,,,,,,,,,,,,,,,,,,,,,
IE000N42HDP2,,,,,1.67,0.14,,,,,0.58,,0.18,,,,,,,2.35,,0.07,0.17,,,,,,,0.44,,,,,,,,0.92,2.67,,,1.2,,,,,,,1.42,,,,,,0.2,,0.53,0.66,,,9.1,,,,,,,,,,,,0.07,,,,,,,,,,,1.99,,,0.37,,,,,,,,,0.35,,,,,,,,,,,0.55,,,,,0.58,,,0.46,1.84,,,,,,,,,,,2.49,68.76,,,,,,0.25,,
IE000N4E8XZ6,,,,,0.3768,,,,,,,,,,,,,,,2.81,,,,,,,,0.2903,,,,,,,,,,,0.7083,,,,,,,,,,0.3867,,,,,,1.6869,,,0.4141,,,1.1812,0.3016,,,,,,,,,,,1.9956,0.5225,,0.439,,,-0.0,,,,,,,,,,,,,,,,,,,,,,,,,,,,0.2105,,,,,,,,,,,,,,,,,,,,3.413,85.2605,,,,,,0.0029,,
IE000N5JOGS2,,,,,,,,,,,,,,,,,,,,,,,61.57,,,,,,,,,,,,,,,,,,,,,,,,,,,,,,,,,,,,,,,,,,,,,,,,,,,,,,,,,,,,,,,,,,,,,,,,,,,,,,,,,,,,,,,,,,,,,,,,,,,,,,,,,,,,,,,,,38.43
IE000N6I8IU2,,,,,,,,,,,,,,,,,,,,,,,,,,,,,,,,,,,,,,,,,,,,,,,,,,,,,,,,,,,,,,,,,,,,,,,,,,,,,,,,,,,,2.31,,,,,,,,,,,,,,,,,,,,,,,,,,,,,,,,,,,,,,,,,,,1.28,91.61,,,,,,,,4.8
IE000N6LBS91,,,,,1.57,,,,,,,,,,,,,,,3.3,,,,,,,,,,,,,,,,,,,2.11,,,2.11,,,,,,,,,,,,,,,,,,,5.49,,,,,,,,,,,,,,,,,,,,,,,1.84,,,,,,,,,,,,,,,,,,,,,,,,,,,,,,,,2.69,,,,,,,,,,,3.52,70.25,,,,,,,,7.12
IE000N70F6V6,,,,,,,,,,,,,,,,,,,,,,,,,,,,,,,,,,,,,,,,,,,,,,,,,,,,99.54,,,,,,,,,,,,,,,,,,,,,,,,,,,,,,,,,,,,,,,,,,,,,,,,,,,,,,,,,,,,,,,,,,,,,,,,,,,,,,,,,,,,0.46
IE000N7LUK04,,,,,,,,,,,,,,,,,,,,5.4,,,,,,,,,,,,,,,,,,,,,,,,,,,,,,,,,,,,,,,,,,,,,,,,,,,,,,,,,,,,,,,,,,,,,,,,,,,,,,,,,,,,,,,,,,,,,,,,8.05,,,,,,,,,,,3.23,83.05,,,,,,,,
IE000N85G7P8,,,,,,,,,,,,,,,,,,,,,,,,,,,,,,,,,,,,,,,,,,,,,,,,,,,,,,,1.14,,,,,,,,,,,,,,,,,,,,,,,,,,,,,,,,,,,,,,,,,,,,,,,,,,,,,,,,,,,,,,,,,,,,,,,,,97.44,,,,,,,,1.42
IE000N921WJ6,,,,,1.57,,,,,,,,,,,,,,,3.28,,,,,,,,,,,,,,,,,,,2.12,,,2.08,,,,,,,,,,,,,1.56,,,,,,5.62,,,,,,,,,,,,,,,,,,,,,,,1.82,,,,,,,,,,,,,,,,,,,,,,,,,,,,,,,,2.67,,,,,,,,,,,3.56,69.7,,,,,,,,6.02
IE000N990RE2,,,,,,,,,,,,,,,,,,,,,,,,,,,,,,,,,,,,,,,,,,,,,,,,,,,,,,,1.58,,,,,,,,,,,,,,,,,,,,,,,,,,,,,,,,,,,,,,,,,,,,,,,,,,,,,,,,,,,,,,,,,,,,,,,,4.08,93.11,,,,,,,,1.23
IE000NA8E2W0,,,,,1.79,,,,,,,,,,,,,,,3.03,,,,,,,,,,,,,,,,,,,1.25,,,1.82,,,,,,,,,,,,,,,,,,,2.34,,,,,,,,,,,,,,,,,,,,,,,1.09,,,,,,,,,,,,,,,,,,,,,,,,,,,,1.16,,,,,,,,,,,,,,,3.78,63.19,,,,,,,,20.55
IE000NAFAKL6,,,,,,,,,,,,,,,,,,,,,,,,,,,,,,,,,,,,,,,,,,,,,,,,,,,,,,,,,,,,,,,,,,,,,,,,,,,,,,,,,,,,,,,,,,,,,,,,,,,,,,,,,,,,,,,,,,,,,,,,,,,,,,,,,,,,,,,,
IE000NBRE3P7,,,,,2.3538,0.8764,,,,,0.9706,,,,,,,,,6.0467,,,0.279,,,,,,,2.7138,,,,,,,,2.241,15.9036,,,10.8216,,0.1075,,,,,,,,,,,0.5759,,,3.4335,,,2.5448,,,,,,,,,,,,0.4704,,,,,,0.1979,,,,,6.2187,0.5422,,0.5203,,,,,,,,,0.3579,,,,,,,,,,,,,,,,4.9147,,,5.6228,3.1125,,,,,,,,,,0.1334,8.0782,21.3419,,,,,,-0.3793,,
IE000NDWFGA5,,,,,10.49,,,,,,,,,,,,,,,32.3,,,,,,,,,,,,,,,,,,,,,,,,,,,,,1.1,,,,,,,,,,,,3.91,,,5.73,,,,,,,,,,,,,,,,,,,,,,,,,,,,,,,,,,,,,,,,,,,,,,1.19,15.29,,,,,,,,,,,,,,,,2.2,27.09,,,,,,,,0.7
IE000NFR7C63,,,,,,,,,,,,,,,,,,,,,,,99.7465,,,,,,,,,,,,,,,,,,,,,,,,,,0.2059,,,,,,,,,,,,,,,,,,,,,,,,,,,,,,,,,,,,,,,,,,,,,,,,,,,,,,,,,,,,,,,,,,,,,,,,,,,,,,0.021,0.0263,,,,,,0.0003,,
IE000NITTFF2,,,,,,,,,,,,,,,0.1625,,,,,0.111,,,,,,,,,,0.0359,,,,,,,,,,,,,,,,,,,,,,,,,,,,,,,,,,,,,,,,,,,,,,,,,,,,,,,,,,,,,,,0.0123,,,,,,,,,,,,,,,,,0.1464,,,,,0.2533,,,,,,,,,,,,0.0019,99.2766,,,,,,0.0001,,
IE000NKC01D0,,,,,1.27,0.79,,,,,1.15,,,,,,0.05,,,1.82,,0.12,11.62,,,0.08,0.03,0.3,,0.18,,,,,0.01,,,0.41,5.54,,,4.43,,0.23,,,,,0.02,0.17,,,0.67,,0.31,,0.36,5.05,,,13.15,,,,,,,0.08,,,,0.06,0.04,,,0.76,,,0.71,,,,,0.93,0.26,,0.14,,,,,,0.14,,0.57,0.44,,,,0.2,,,,,,,0.32,0.17,0.12,,1.63,3.2,,,0.16,0.26,,,0.66,,,,,,,,5.52,34.76,,,,,,1.12,,
IE000NL12KM9,,,,,0.3689,,,,,,,,,,0.4795,,,,,6.4622,,,0.2116,,,,,,,,,,,,,,,,,,,0.5081,,,,,,,,,,,,,1.6834,,,1.0549,,,1.0325,,,,,,,,,,,,,,,,,,,,,,,0.8123,,,0.2087,,,,,,,,,,,,,,,,,,,,,,,0.2586,,0.5432,,,,0.4586,,,,,,,,,,,3.3708,82.5467,,,,,,0.0001,,
IE000NM0ALX6,,,,,1.4384,,,,,,0.0503,,,,,,,,,1.0582,,,,,,,,,,,,,,,,,,0.0906,3.6979,,,1.4575,,,,,,,0.2064,,,,,,,,0.1,1.1455,,,11.7669,,,,,,,,,,,,,,,,,,,,,,,0.9444,,,,,,,,,,,,,,,,,,,,,,,0.721,,,,,1.6506,,,0.3435,,,,,,,,,,,,1.2317,74.097,,,,,,,,
IE000NRGX9M3,,,,,,,,,,,1.49,,,,,,,,,,,,,,,,,,,3.53,,,,,,,,1.95,8.8,,,13.69,,,,,,,,,,,,,1.16,,,4.94,,,,,,,,,,,,,,,,,,,,,,,,,,11.86,,,1.1,,,,,,,,,,,,,,,,,,,,,,,,,5.72,,,6.78,16.74,,,,,,,,,,,16.55,,,,,,,,,5.69
IE000NVDQXE1,,,,,,,,,,,,,,,,,,,,1.65,,,,,,,,,,,,,,,,,,,7.27,,,2.98,,,,,,,,,,2.04,,,,,1.89,1.81,,,,,,,,,,,,,,,,,,,,,,,,,,5.05,,,,,,,,,,,,,,,,,,,,,,,1.03,,,,1.33,,,,1.6,,,,,,,,,,,,9.45,59.86,,,,,,,,4.04
IE000NVVIF88,,,,,,,,,,,,,,,1.45,,,,,,,,19.9,,,,,,,,,,,,,,,,,,,,,,,,,,3.99,,,7.38,,,,,,,,,,,,,,,,,,,,,,,,,,,1.34,,,,,,,,,,,,,,,,,,,,,,,,2.38,,,,,,,3.05,27.37,,,,,,27.91,,,,,,,,,1.87,,,,,,,,,,3.36
IE000NX8S1Z1,,,,,,,,,,,,,,,,,,,,,,,,,,,,,,,,,,,,,,,9.19,,,6.9,,,,,,,,,,,,,4.97,,,4.9,,,,,,,,,,,,,,,,,,,,,,,,,,,,,,,,,,,,,,,,,,,,,,,,,,,,,,5.34,,,,5.69,,,,,,,,,,,4.01,57.62,,,,,,,,1.38
IE000NXF88S1,,,,,,,,,,,,,4.16,,,,,,,,,,,,,,,,,,,,,,,,,,,,,,,,,,,,,,,,,,,,,,,,,,,,,,,,,,,,10.17,,,,,,,,,,,,,,,,,,,,,,,,,,,,,,,,,,,,,,,,,,,4.96,,,,,,,,,,,,80.71,,,,,,,,
IE000NYVK0R8,,,,,,,,,,,,,,,,,,,,4.89,,,9.25,,,,,,,,,,,,,,,,6.97,,,,,,,,,,,,,,,,2.6,,,,,,,,,,,,,,,,,,,,,,,,,,,,,4.96,,,,,,,,,,,,,,,,,,,,,,,,,,,,,,,,12.01,,,,,,,,,,,11.42,43.83,,,,,,,,4.07
IE000NZURBQ4,,,,,,,,,,,,,,,,,,,,,,,,,,,,,,,,,,,,,,,,,,,,,,,,,,,,,,,,,,,,,,,,,,,,,,,,,,,,,,,,,,,,,,,,,,,,,,,,,,,,,,,,,,,,,,,,,,,,,,,,,,,,,,,,,,,,,,,,
IE000O0KDG23,,,,,,,,,,,,,,,,,,,,,,,,,,,,,,,,,,,,,,,,,,,,,,,,,,,,,,,,,,,,,,,,,,,,,,,,,,,,,,,,,,,,,,,,,,,,,,,,,,,,,,,,,,,,,,,,,,,,,,,,,,,,,,,,99.85,,,,,,,,0.15
IE000O1FWAW6,,,,,3.5014,,,,,,1.7182,,,,,,,,,,,,1.1275,,,,,,,,,,,,,,,1.2388,15.8459,,,12.8666,,,,,,,,,,,,,1.3176,,,5.243,,,1.2226,,,,,,,,,,,,1.5178,,,,,,,,,,,3.2255,,,,,,,,,,,,,,,,,,,,,,,,,,,,9.3132,,,5.8939,2.5628,,,,,,,,,,,10.3432,23.0354,,,,,,0.0267,,
IE000O2QIHN4,,,,,,,,,,,,,,,,,,,,,,,,,,,,,,,,,,,,,,,,,,,,,,,,,,,,,,,,,,,,,,,,,,,,,,,,,,,,,,,,,,,,,,,,,,,,,,,,,,,,,,,,,,,,,,,,,,,,,,,,,,,,,,,,,,,,,,,,
IE000O36LOH8,,,,,0.62,,,,,,,,,,,,,,,5.58,,,,,,,,,,,,,,,,,,,0.53,,,,,,,,,,,,,,,,,,,,,,2.39,,,,,,,,,,,,,,,,,,,,,,,0.32,,,,,,,,,,,,,,,,,,,,,,,,,,,,,,,,,,,,,,,,,,,1.58,71.96,,,,,,17.03,,
IE000O50THD5,,,,,0.0252,0.0205,,,,,0.2796,,,,,,,,,2.4745,,,,,,,,,,0.1321,,,,,,,,,1.4889,,,1.6737,,,,,,,0.1032,,,,,,,,0.1123,1.6903,,,5.9853,,,,,,,,,,,,,,,,,,,,,,,1.4003,,,0.2083,,,,,,,,,0.0101,,,,,,,,,,,0.1714,,,,,1.9562,,,0.0661,1.5414,,,,,,,,,,,2.4681,78.1907,,,,,,0.0018,,
IE000O58J820,,,,,,,,,,,,,,,,,,,,3.27,,,,,,,,,,,,,,,,,,,,,,,,,,,,,,,,,,,,,,,,,,,,,,,,,,,,,,,,,,,,,,,,,,,,,,,,,,,,,,,,,,,,,,,,,,,,,,,,,,,,,,,,,,,,93.32,,,,,,,,3.41
IE000O5FBC47,,,,,,,,,,,,,,,,,,,,,,,,,,,,,,,,,,,,,,,,,,,,,,,,,,,,,,,1.64,,,,,,,,,,,,,,,,,,,,,,,,,,,,,,,,,,,,,,,,,,,,,,,,,,,,,,,,,,,,,,,,,,,,,,,,,97.94,,,,,,,,0.42
IE000O5M6XO1,,,,,,,,,,,,,,,,,,,,,,,,,,,,,,,,,,,,,,,,,,,,,,,,,,,,,,,,,,,,,,,,,,,,,,,,,,,,,,,,,,,,,,,,,,,,,,,,,,,,,,,,,,,,,,,,,,,,6.31,,,,,,,,,,,3.3,89.47,,,,,,,,0.92
IE000O6GI299,,,,,,2.05,,,,,,,,,,,,,,,,,,,,,,,,2.73,,,,,,,,2.45,7.71,,,9.1,,,,,,,,,,,,,1.9,,,3.13,,,1.11,,,,,,,,,,,,,,,,,,,,,,,2.07,,,,,,,,,,,1.2,,,,,,,,,,,,,,,,,2.84,,,,3.97,,,,,,,,,,,5.0,8.68,,,,,,,,46.06
IE000O6Z73N7,,,,,1.43,,,,,,2.24,,,,,,,,,1.81,4.51,,27.18,,,,,,,,,,,,,,,,,,,5.04,,,,,,,,,,,,,1.48,,2.17,,,,13.63,,,,,,,,,,,,,,,,,,,,,,,2.17,,,,,,,,,,,,,,,,,,,,,,,,,,,3.5,,,,1.33,4.78,2.35,,,,,,,,,,,25.75,,,,,,,,0.63
IE000O8KMPM1,,,,,,,,,,,,,,,,,,,,,,,,,,,,,,1.77,,,,,,,,,,,,2.99,,,,,,,,,,,,,,,,,,,,,,,,,,,,,,,,,,,,,,,,,,2.41,,,,,,,,,,,,,,,,,,,,,,,,,,,,,,,,3.13,,,,,,,,,,,2.84,84.41,,,,,,,,2.45
IE000O8S1EX4,,,,,3.26,,,,,,,,,,2.2,,,,,,,,5.28,,,,,,,,,,,,,,,,1.92,,,5.03,,,,,,,,,,,,,4.91,,,1.86,,,4.58,,,,,,,,,,,,,,,,,,,,,,,5.5,,,,,,,,,,,,,,,,,,,,,,,,,,,1.03,3.2,,,4.26,,4.71,,,,,,,,,,4.04,45.72,,,,,,,,2.5
IE000OAZZ3X6,,,,,,,,,,,,,,,,,,,,,,,,,,,,,,,,,,,,,,,,,,,,,,,,,,,,,,,1.99,,,,,,,,,,,,,,,,,,,,,,,,,,,,,,,,,,,,,,,,,,,,,,,,,,,,,,,,,,,,,,,,,,,,,,,,,94.38,,,,,,,,3.63
IE000OBK3UE0,,,,,,,,,,,,,,,,,,,,,,,,,,,,,,,,,,,,,,,,,,,,,,,,,,,,,,,,,,,,,,,,,,,,,,,,,,,,,,,,,,,,,,,,,,,,,,,,,,,,,,,,,,,,,,,,,,,,,,,,,,,,,,,,,,,,,,,,
IE000OEF25S1,,,,,3.87,0.43,,,,,0.86,,,,0.24,,,,,6.02,,0.15,0.41,,,,,0.08,0.07,1.06,,,,,,,,0.95,3.79,,,3.81,,,,0.08,,,1.45,,,,0.06,,0.43,,1.04,1.96,0.08,,13.2,,,,,,,,,,,,0.26,0.15,,,,,0.07,,,,,1.72,0.47,0.07,0.78,,,,,,,,0.08,0.31,,,,,,,,,,,1.19,,,0.08,0.09,1.6,,,2.77,2.65,,,0.05,,,,,,,,4.41,43.02,,,,,0.1,0.09,,
IE000OHEH5Y9,,,,,2.07,0.23,,,,,0.35,,0.12,,0.05,,,,,3.07,,0.06,0.07,,,,,,,0.82,,,,,,,,0.55,2.23,,,1.24,,,,,,,0.38,,,,,,0.4,,0.06,0.81,,,6.1,,,,,,,,,,,,0.14,,,,,,0.14,,,,,1.5,,,0.37,,,,,,,,,,,,,,,,,,,,0.16,,,,,1.7,,,0.33,0.87,,,,,,,,,,,2.61,73.54,,,,,,0.04,,
IE000OHHIBC6,,,,,1.6066,0.0881,,,,,0.2738,,,,,,,,,3.4599,,,,,,,,,,0.4247,,,,,,,,0.2803,2.3924,,,2.1701,,,,,,,0.4408,,,,,,0.1689,,0.2578,0.8175,,,5.6383,,,,,,,,,,,,,,,,,,,,,,,1.4275,0.0425,,0.1592,,,,,,,,,0.0521,,,,,,,,,,,0.4482,,,,,0.976,,,0.8632,2.2586,,,,,,,,,,,3.5265,72.2045,,,,,,0.0224,,
IE000OHXGWO8,,,,,,,,,,,,,,,,,,,,,,,,,,,,,,,,,,,,,,,,,,,,,,,,,,,,,,,,,,,,,,,,,,,,,,,,,,,,,,,,,,,,,,,,,,,,,,,,,,,,,,,,,,,,,,,,,,,,,,,,,,,,,,,,,,,,,,,,
IE000OJ31JQ4,,,,,,,,,,,,,,,,,,,,,,,,,,,,,,,,,,,,,,,,,,,,,,,,,,,,,,,,,,,,,,,,,,,,,,,,,,,,,,,,,,,,,,,,,,,,,,,,,,,,,,,,,,,,,,,,,,,,,,,,,,,,,,,,,,,,,,,,
IE000OJ5TQP4,,,,,,,,,,,,,,,,,,,,,,,,,,,,,,,,,,,,,,,9.49,,,5.33,,,,,,,,,,,,,,,3.18,1.87,,,,,,,,,,,,,,,,,,,,,,,,,,,,,1.09,,,,,,,,,,,,,,,,,,,,,,,,3.89,,,,1.66,,,,,,,,,,,,5.67,66.94,,,,,,,,0.88
IE000OJF8NN4,,,,,,,,,,,,,,,,,,,,,,,,,,,,,,,,,,,,,,,,,,,,,,,,,,,,,,,,,,,,,,,,,,,,,,,,,,,,,,,,,,,,,,,,,,,,,,,,,,,,,,,,,,,,,,,,,,,,,,,,,,,,,,,,,,,,,,,,
IE000OKVTDF7,,,,,,,,,,,,,,,,,,,,,,,,,,,,,,,,,,,,,,,,,,,,,,,,,,,,,,,,,,,,,,,,,,,,,,,,,,,,,,,,,,,,,,,,,,,,,,,,,,,,,,,,,,,,,,,,,,,,,,,,,,,,,,,0.0057,99.9919,,,,,,0.0024,,
IE000OL3XN92,,,,,1.6023,0.0896,,,,,0.2533,,,,0.4813,,,,,2.9862,,0.0729,2.8281,0.0297,,,,0.0161,,0.3906,,,0.0053,,,,,0.2484,2.1192,,,1.856,,0.0868,,,,,0.4623,0.0553,,,0.078,,1.6362,,0.2988,0.7824,,,5.9029,,,,,0.0704,,,,,,,,,,0.1613,,,0.23,,,,,1.1654,0.0576,,0.1487,,,,,,0.04,0.0449,0.1165,0.0467,,0.059,,0.016,,,0.3221,,,,0.3679,,,0.4199,2.2742,0.8887,,,0.7804,2.016,3.0859,,0.1315,,,0.0811,,,,0.1696,3.1714,61.8284,,,,,,0.0247,,
IE000OLIUP21,,,,,,,,,,,,,,,,,,,,,,,,,,,,,,,,,,,,,,,,,,,,,,,,,,,,,,,,,,,,,99.2571,,,,,,,,,,,,,,,,,,,,,,,,,,,,,,,,,,,,,,,,,,,,,,,,,,,,,,,,,,,,,,,,,,,0.7429,,,,,,,,
IE000ON9GR24,,,,,,,,,,,,,,,,,,,,,,,,,,,,,,,,,,,,,,,,,,,,,,,,,,,,,,,,,,,,,,,,,,,,,,,,,,,,,,,,,,,,,,,,,,,,,,,,,,,,,,,,,,,,,,,,,,,,,,,,,,,,,,,,,,,,,,,,
IE000ONYHPZ2,,,,,2.4,,,,,,,,,,,,,,,4.22,,,,,,,,,,,,,,,,,,,0.23,,,,,,,,,,,,,,,,1.23,,,,,,3.05,,,,,,,,,,,,,0.4,,,,,,,,,,0.81,,,,,,,,,,,,,,,,,,,,,,,,,,,,1.08,,,,0.55,,,,,,,,,,,2.57,82.88,,,,,,0.59,,
IE000OPODKS3,,,,,,,,,,,,,,,,,,,,,,,,,,,,,,,,,,,,,,,,,,,,,,,,,,,,,,,1.13,,,,,,,,,,,,,,,,,,,,,,,,,,,,,,,,,,,,,,,,,,,,,,,,,,,,,,,,,,,,,,,,,,,,,,,,,97.47,,,,,,,,1.4
IE000OQGOX00,,,,,,,,,,,,,,,,,,,,,,,,,,,,,,,,,,,,,,,,,,,,,,,,,,,,,,,,,,,,,,,,,,,,,,,,,,,,,,,,,,,,,,,,,,,,,,,,,,,,,,,,,,,,,,,,,,,,,,,,,,,,,,,,,,,,,,,,
IE000OULL4R4,,,,,,,,,,,,,,,,,,,,,,,,,,,,,,,,,,,,,,,,,,,,,,,,,,,,,,,1.12,,,,,,,,,,,,,,,,,,,,,,,,,,,,,,,,,,,,,,,,,,,,,,,,,,,,,,,,,,,,,,,,,,,,,,,,,97.05,,,,,,,,1.83
IE000OV4XWA3,,,,,,,,,,,,,,,,,,,,,,,,,,,,,,,,,,,,,,,,,,,,,,,,,,,,,,,,,,,,,,,,,,,,,,,,,,,,,,,,,,,,,,,,,,,,,,,,,,,,,,,,,,,,,,,,,,,,,,,,,,,,,,,,,,,,,,,,100.0
IE000OVF8Q66,,,,,,,,,,,,,,,3.9237,,,,,,,0.5821,19.9131,0.3563,,,,,,,,,0.1468,,,,,,0.0766,,,,,0.5083,,,,,0.0654,0.2473,,2.7035,0.4744,,9.1268,,,,,,,,,,,0.8094,,,,,,,,,,1.071,,,1.6234,,,,,,,,,,,,,,0.1564,0.3262,1.1429,,,0.4776,,,,,2.5909,,,,,,,2.9142,20.0304,,,,,,26.5043,,1.4901,,,0.4136,,,,1.0287,,1.2968,,,,,,0.0,,
IE000OW54ZX1,,,,,,,,,,,,,,,,,,,,,,,,,,,,,,,,,,,,,,,,,,,,,,,,,,,,,,,,,,,,,,,,,,,,,,,,,,,,,,,,,,,,,,,,,,,,,,,,,,,,,,,,,,,,,,,,,,,,,,,,,,,,,,,,,,,,,,,,
IE000OXJ91D7,,,,,1.76,,,,,,,,,,,,,,,2.46,,,,,,,,,,,,,,,,,,,2.05,,,1.87,,,,,,,1.22,,,,,,1.25,,,,,,7.1,,,,,,,,,,,,,,,,,,,,,,,2.01,,,,,,,,,,,,,,,,,,,,,,,,,,,,1.08,,,,3.12,,,,,,,,,,,4.19,67.04,,,,,,,,4.85
IE000OY7BDY9,,,,,,,,,,,,,,,,,,,,4.37,,,,,,,,,,,,,,,,,,,,,,,,,,,,,,,,,,,1.08,,,,,,,,,,,,,,,,,,,,,,,,,,,,,,,,,,,,,,,,,,,,,,,,,,,,,,,,,,,,,,,,,,,,,,,,,92.84,,,,,,,,1.71
IE000OYABFQ2,,,,,,,,,,,,,1.28,,,,,,,,1.69,,,,,,,,,,,,,,,,,,,,,,,,,,,,,,,,,,,,,,,,,,,,,,,,,,,,,,,,,,,,,,,,,,,,,,,,,,,,,,,,,,,,,,,,,,,,,,,,,,,,,,,,,,,94.46,,,,,,,,2.57
IE000P0AMD16,,,,,,,,,,,,,,,,,,,,,,,,,,,,,,,,,,,,,,,,,,,,,,,,,,,,,,,,,,,,,,,,,,,,,,,,,,,,,,,,,,,,,,,,,,,,,,,,,,,,,,,,,,,,,,,,,,,,,,,,,,,,,,,,,,,,,,,,
IE000P0FL8E3,,,,,,,,,,,,,,,,,,,,,,,,,,,,,,,,,,,,,,,,,,,,,,,,,,,,,,,,,,,,,,,,,,,,,,,,,,,,,,,,,,,,,,,,,,,,,,,,,,,,,,,,,,,,,,,,,,,,,,,,,,,,,,,,,,,,,,,,
IE000P0R7WK6,,,,,,5.42,,,,,8.28,,,,,,,,,,,3.61,,,,,,,,,,,,,,,,,13.2,,,19.22,,,,,,,,,2.25,,,,4.54,,,,,,,,,,,,,,,,,,,,,,,,,,,,,11.13,,,,,,,,,,,,,,,,1.99,,,,,,,,,,,,8.16,,,,,,,,,,,,,,,,,,,,,,,,22.2
IE000P16KP52,,,,,,,,,,,,,,,,,,,,2.58,,,,,,,,,,,,,,,,,,,,,,,,,,,,,,,,1.64,,,1.31,,2.52,,,,1.09,,,,,,,,,,,,,,,,,,,,,,,,,,,,,,,,,,,,,,,,,,,,,,,,,,,,,,,,,,,,,,,,,,,90.33,,,,,,,,0.53
IE000P1G9TM6,,,,,,,,,,2.08,,,5.55,,,,,,,88.45,,,,,,,,,,,,,,,,,,,,,,,,,,,,,,,,,,,,,,,,,,,,,,,,,,,,,,,,,,,,,,,,,,,,,,,,,,,,,,,,,,,,,,,,,,,,,,,,,,,,,,,,,,,,2.31,,,,,,,,
IE000P1IQS65,,,,,1.6867,0.0229,,,,,0.1931,,,,,,,,,3.087,,,,,,,,,,0.5044,,,,,,,,0.2208,2.4782,,,2.4028,,,,,,,0.4401,,,,,,,,0.1841,0.9721,,,5.5288,,,,,,,,,,,,,,,,,,,,,,,1.5417,0.0001,,0.1547,,,,,,,,,0.1585,,,,,,,,,,,0.363,,,,,0.89,,,0.563,2.2547,,,,,,,,,,,3.4706,72.8962,,,,,,-0.0135,,
IE000P1WR081,,,,,11.65,,,,,,,,,,,,,,,,,,15.17,,,,,,,,,,,,,,,,,,,,,,,,,,5.52,,,9.56,,,,,,,,,,,,,,,,,,,,,,,,1.02,,,,,,,,,,,,,,,,,,,,,,,,,,,,,,,2.68,,,,25.22,,,,,,27.03,,1.03,,,,,,,,,,,,,,,,,1.12
IE000P2CI9P3,,,,,,1.3839,,,,,1.8831,,,,,,,,,,,,,,,,,,,2.6762,,,,,,,,3.0912,17.9434,,,14.0862,,,,,,,,,,,,,1.8949,,,12.9353,,,,,,,,,,,,,,,,,,,,,,,,,,3.8824,,,3.108,,,,,,,,2.7229,0.5909,,,,,,,,,,,,,,,,9.2607,,,5.7847,3.5911,,,,,,,,,,,15.1617,0.006,,,,,,-0.0024,,
IE000P2WSBY0,,,,,1.16,0.1,,,,,0.41,,,,,,,,,5.61,,,,,,,,,,0.55,,,,,,,,0.24,6.95,,,4.87,,0.03,,,,,0.23,,,,,,0.54,,,1.34,,,2.31,,,,,,,,,,,,0.09,,,,,,,,,,,1.86,0.05,,0.19,,,,,,,,,0.19,,,,,,,,,,,0.01,,,,,2.06,,,0.38,1.8,,,,,,,,,,,9.49,58.31,,,,,,1.21,,
IE000P334X90,,,,,11.39,,,,,,,,,,,,,,,,,,19.63,,,,,,,,,,,,,,,,,,,,,,,,,,3.53,,,10.23,,,,,,,,,,,,,,,,,,,,,,,,,,,,,,,,,,,,,,,,,,,,,,,,,,,,,,,3.17,,,,23.54,,,,,,25.94,,,,,,,,,,,,,,,,,,,2.57
IE000P3D0W60,,,,,1.19,2.96,,,,,2.38,,,,1.22,,,,,6.59,,,15.58,,,,,,,1.33,,,,,,,,,,,,3.46,,,,,,,,,,,,,,,2.42,4.2,,,6.27,,,,,,,,,,,,1.05,,,,,,,,,,,,,,1.07,,,,,,,,,,,,,,,,,,,,,,,,7.73,2.1,,,,,,,,,,,,,,,1.16,28.41,,,,,,,,10.88
IE000P4KWPY3,,,,,1.6117,1.6087,,,,,1.7825,,0.1228,,0.0476,,,,,1.2079,,,0.0443,,,0.0938,0.0398,0.2038,,2.0566,,,,,0.0317,,,1.5414,17.4841,,,12.8275,,0.8306,,,,,0.0661,0.2761,0.0162,,,,0.5381,,,6.5095,,,1.542,,,,,,,,,,,0.0637,0.6966,,,,0.0167,,0.1363,,,,,4.7575,0.4803,,1.1936,,,,,,,,0.5693,0.5439,,,,0.0331,,,,,,,0.0293,0.113,0.1576,0.0821,0.0615,6.8326,,,4.1091,1.9942,,,,,,,,,,,6.9311,20.2841,,,,,,,0.4318,
IE000P5IB8I8,,,,,,,,,,,,,,,,,,,,1.09,,,,,,,,,,2.27,,,,,,,,1.08,18.03,,,17.21,,,,,,,,,,,,,,,,2.2,,,2.23,,,,,,,,,,,,1.61,,,,,,,,,,,2.71,2.19,,,,,,,,,,,1.16,,,,,,,,,,,,,,,,6.69,,,4.96,1.63,,,,,,,,,,,5.66,28.84,,,,,,0.45,,
IE000P60WPS6,,,,,1.6149,0.088,,,,,0.2749,,,,,,,,,3.4613,,,,,,,,,,0.4125,,,,,,,,0.2723,2.4109,,,2.1878,,,,,,,0.4443,,,,,,0.1119,,0.2696,0.837,,,5.6299,,,,,,,,,,,,,,,,,,,,,,,1.366,0.046,,0.1602,,,,,,,,,0.0531,,,,,,,,,,,0.4591,,,,,0.9925,,,0.8497,2.285,,,,,,,,,,,3.5193,72.2539,,,,,,,,
IE000P7C7930,,,,,,,,,,,,,,,,,,,,,,,,,,,,,,,,,,,,,,,,,,,,,,,,,,,,,,,,,,,,,,,,,,,,,,,,,,,,,,,,,,,,,,,,,,,,,,,,,,,,,,,,,,,,,,,,,,,,,,,,,,,,,,,,,,,,,,,,
IE000PA766T7,,,,,1.17,0.18,,,,,1.75,,,,,,,,,1.26,,,0.94,,,,0.47,0.81,,4.66,,,,,,,,2.3,19.37,,,5.7,,,,,,,,,0.49,,,,0.82,,,2.82,,,3.59,,,,,,,,,,,,0.25,,,,,,0.42,,,,,6.05,0.77,,2.89,,,,,,,,,,,,,0.19,,,,,,,0.17,0.26,,,,6.01,,,5.94,4.29,,,,,,,,,,,14.48,12.04,,,,,,-0.08,,
IE000PB4LRO2,,,,,1.4498,0.0744,,,,,0.4592,,,,,,,,,4.0363,,,,,,,,,,0.3496,,,,,,,,0.373,2.2482,,,1.7081,,,,,,,0.6934,,,,,,0.1402,,0.342,0.7973,,,5.9557,,,,,,,,,,,,,,,,,,,,,,,1.7045,0.095,,0.4963,,,,,,,,,0.1162,,,,,,,,,,,0.5348,,,,,1.1019,,,0.614,2.4166,,,,,,,,,,,2.8634,71.4303,,,,,,,,
IE000PBKBK34,,,,,,,,,,,,,,,,,,,,,,,,,,,,,,,,,,,,,,,,,,,,,,,,,,,,,,,,,,,,,,,,,,,,,,,,,,,,,,,0.0009,,,,,,,,,,,,,,,,,,,,,,,,,,,,,,,,,,,,,,,,,,,,,,,,0.0001,99.9988,,,,,,0.0001,,
IE000PCF9772,,,,,,,,,,,,,,,,,,,,,,,,,,,,,,,,,,,,,,,,,,,,,,,,,,,,,,,,,,,,,,,,,,,,,,,,,,,,,,,,,,,,,,,,,,,,,,,,,,,,,,,,,,,,,,,,,,,,,,,,,,,,,,,,99.9957,,,,,,,,
IE000PDUVTF3,,,,,,,,,,,,,,,,,,,,,,,,,,,,,,,,,,,,,,,,,,,,,,,,,,,,,,,1.13,,,,,,,,,,,,,,,,,,,,,,,,,,,,,,,,,,,,,,,,,,,,,,,,,,,,,,,,,,,,,,,,,,,,,,,,,97.47,,,,,,,,1.4
IE000PEAJOT0,,,,,,,,,,,,,,,,,,,,,,,,,,,,,,,,,,,,,,,,,,,,,,,,,,,,,,,1.74,,,,,,,,,,,,,,,,,,,,,,,,,,,,,,,,,,,,,,,,,,,,,,,,,,,,,,,,,,,,,,,,,,,,,,,,,96.3,,,,,,,,1.96
IE000PEYL7P5,,,,,,,,,,,,,,,,,,,,,,,,,,,,,,,,,,,,,,,,,,,,,,,,,,,,,,,,,,,,,,,,,,,,,,,,,,,,,,,,,,,,,,,,,,,,,,,,,,,,,,,,,,,,,,,,,,,,1.04,,,,,,,,,,,,97.93,,,,,,,,1.03
IE000PH09T78,,,,,,,,,,,,,,,,,,,,,,,,,,,,,,,,,,,,,,,,,,,,,,,,,,,,,,,,,,,,,,,,,,,,,,,,,,,,,,,,,,,,,,,,,,,,,,,,,,,,,,,,,,,,,,,,,,,,,,,,,,,,,,,,98.42,,,,,,,,1.58
IE000PHR51Q6,,,,,,,,,,,,,,,3.9237,,,,,,,0.5821,19.9131,0.3563,,,,,,,,,0.1468,,,,,,0.0766,,,,,0.5083,,,,,0.0654,0.2473,,2.7035,0.4744,,9.1268,,,,,,,,,,,0.8094,,,,,,,,,,1.071,,,1.6234,,,,,,,,,,,,,,0.1564,0.3262,1.1429,,,0.4776,,,,,2.5909,,,,,,,2.9142,20.0304,,,,,,26.5043,,1.4901,,,0.4136,,,,1.0287,,1.2968,,,,,,0.0,,
IE000PJL7R74,,,,,,,,,,,,,,,3.31,,,,,,,1.24,17.81,,,,,0.35,,,,,,,,,,,,,,,,0.31,,,,,,0.43,,13.64,0.36,,,,,,,,,,,,,1.62,,,,,,,,,,0.57,,,2.89,,,,,,,,,,,,,,,0.05,2.34,,,,,0.92,,,2.22,,,,,,,2.96,15.58,,,,,,30.03,,1.72,,,0.03,,,,0.87,,0.47,,,,,,0.27,,
IE000PKN5N58,,,,,,,,,,,,,0.74,,,,,,,,58.92,,,,,,,,,,,,,,,,,,,,,,,,,,,,,,,,,,9.31,,,,,,,20.08,,,,,,,,,,,,,,,,,,,,,,,,,,,,,,,,,,,,,,,,,,,,,,,,,,,,,,,,,,,,,,,,,,9.33,,,,,,1.61,,
IE000PL3UFC3,,,,,5.6824,0.0307,,,,,0.9155,,,,,,,,,1.8564,,,,,,,,,,,,,,,,,,0.0758,1.6921,,,1.3399,,,,,,,3.2986,,,,,,0.0182,,0.5068,,,,8.0411,,,,,,,,,,,,,,,,,,,,,,,0.1371,0.1598,,0.0554,,,,,,,,,,,,,,,,,,,,2.9382,,,,0.1,0.4244,,,1.4978,1.4494,,,,,,,,,,,3.686,65.9624,,,,,,0.1321,,
IE000PMX0MW6,,,,,0.789,0.5408,,,,,0.5217,,,,,,,,,4.4196,,,,,,,,,,0.6416,,,,,,,,0.7649,3.745,,,3.0958,,,,,,,1.9049,,,,,,,,1.0497,7.767,,,3.2857,,,,,,,,,,,,,,,,,,,,,,,,1.0528,,,,,,,,,,,1.513,,,,,,,,,,,0.4149,,,,,12.0107,,,,,,,,,,,,,,,10.7994,45.6835,,,,,,,,
IE000PN9NSC6,,,,,,,,,,,,,,,,,,,,,,,1.5,,,,,,,,,,,,,,,,13.98,,,2.78,,,,,,,,,,,2.51,,,,1.67,7.37,,,4.49,,,,,,,,,,,,,,,,,,2.13,,,,,,,,,,,,,,,,,1.68,,,,,,,,,,,,,,,,5.65,,,,1.04,,,2.09,,,,,,,,11.8,7.21,,,,,,,,34.1
IE000PNL0242,,,,,,,,,,,,,,,,,,,,,,,,,,,,,,,,,,,,,,,,,,,,,,,,,,,,,,,,,,,,,,,,,,,,,,,,,,,,,,,,,,,,,,,,,,,,,,,,,,,,,,,,,,,,,,,,,,,,,,,,,,,,,,,,,,,,,,,,
IE000PO34ON2,,,,,,,,,,,,,,,,,,,,,,,,,,,,,,,,,,,,,,,,,,,,,,,,,,,,,,,,,,,,,,,,,,,,,,,,,,,,,,,,,,,,,,,,,,,,,,,,,,,,,,,,,,,,,,,,,,,,,,,,,,,,,,,,31.64,,,,,,,,68.36
IE000PPEL1I4,,,,,,,,,,,,,,,,,,,,,,,,,,,,,,,,,,,,,,,,,,,,,,,,,,,,,,,,,,,,,,,,,,,,,,,,,,,,,,,,,,,,,,,,,,,,,,,,,,,,,,,,,,,,,,,,,,,,,,,,,,,,,,,,,,,,,,,,100.0
IE000PQQLZM7,,,,,,,,,,,,,,,,,,,,2.09,,,,,,,,,,,,,,,,,,,1.68,,,,,,,,,,,,,,,,,,,5.42,,,1.09,,,,,,,,,,,,,,,,,,3.3,,,,,,,,,,,,,,,,,,,,,,,,,,,,,,,,,1.36,,,,,,,,,,,,,,,2.28,12.48,,,,,,,,70.3
IE000PS0J481,,,,,,6.82,,,,,2.25,,,,,,,,,,,,,,,,,,,6.3,,,,,,,,,23.59,,,1.47,,,,,,,,,,,,,,,,9.57,,,,,,,,,,,,,,,,,,,,,,,,,,8.32,,,,,,,,,,,,,,,,,,,,,,,,,,,,20.62,,,4.41,11.51,,,,,,,,,,,1.81,,,,,,,,,3.33
IE000PTMIE90,,,,,,0.6957,,,,,1.0312,,,,,,,,,,,,,,,,,,,3.5913,,,,,,,,3.7037,21.4522,,,16.31,,0.3358,,,,,,,,,,,,,,1.2601,,,,,,,,,,,,,,,,,,,,,,,,,,2.0942,,,1.3979,,,,,,,,0.1721,0.0352,,,,,,,,,,,,,,,,5.3931,,,18.8857,15.9674,,,,,,1.2976,,,,,6.3363,,,,,,,0.0404,,
IE000PUAKZP8,,,,,,,,,,,,,,,,,,,,,,,,,,,,,,,,,,,,,,,,,,,,,,,,,,,,,,,,,,,,,,,,,,,,,,,,,,,,,,,,,,,,,,,,,,,,,,,,,,,,,,,,,,,,,,,,,,,,,,,,,,,,,,,,,,,,,,,,
IE000PWGE381,,,,,,,,,,,,,,,,,,,,,,,,,,,,,,,,,,,,,,,,,,,,,,,,,,,,,,,,,,,,,,,,,,,,,,,,,,,,,,,,,,,,2.31,,,,,,,,,,,,,,,,,,,,,,,,,,,,,,,,,,,,,,,,,,,2.37,92.98,,,,,,,,2.34
IE000PWSK6H1,,,,,1.7538,,,,,,,,,,,,,,,,,,,,,,,,,2.9905,,,,,,,,,17.3544,,,13.7849,,,,,,,,,,,,,0.2594,,,,,,5.8619,,,,,,,,,,,,,,,,,,,,,,,5.2561,,,,,,,,,,,,,,,,,,,,,,,,,,,,,,,,2.0721,,,,,,,,,,,12.7401,37.8829,,,,,,0.044,,
IE000PXXRS03,,,,,,,,,,,1.05,,,,,,,,,,,,,,,,,,,2.4,,,,,,,,1.61,15.7,,,15.8,,,,,,,,,,,,,,,,5.1,,,,,,,,,,,,,,,,,,,,,,,,,,8.9,,,1.11,,,,,,,,,,,,,,,,,,,,,,,,,5.77,,,5.49,13.83,,,,,,,,,,,19.83,,,,,,,,,3.41
IE000PY7F8J9,,,,,,,,,,,,,,,,,,,,,,,,,,,,,,,,,,,,,,,,,,,,,,,,,,,,,,,,,,,,,,,,,,,,,,,,,,,,,,,,,,,,,,,,,,,,,,,,,,,,,,,,,,,,,,,,,,,,,,,,,,,,,,,,97.93,,,,,,,,2.07
IE000PYEKKW0,,,,,,1.2767,,,,,3.2458,,,,,,,,,,,,,,,,,,,1.6109,,,,,,,,3.1953,7.0476,,,12.6399,,,,,,,,,,,,,1.7804,,,7.5657,,,,,,,,,,,,,,,,,,,,,,,,,,5.5584,,,2.8624,,,,,,,,,,,,,,,,,,,,,,,,,6.6724,,,3.8684,22.0913,,,,,,,,,,,20.6631,0.0146,,,,,,-0.0928,,
IE000PYHMXV4,,,,,,,,,,,,,,,,,,,,,,,,,,,,,,,,,,,,,,,,,,,,,,,,,,,,,,,0.0253,,,,,,,,,,,,,,,,,,,,,,,,,,,,,,,,,,,,,,,,,,,,,,,,,,,,,,,,,,,,,,,,,,,,,,,,-0.0003,99.972,,,,,,0.0029,,
IE000PYIUPH0,,,,,,,,,,,,,,,,,,,,,,,,,,,,,,,,,,,,,,,,,,,,,,,,,,,,,,,0.0313,,,,,,,,,,,,,,,,,,,,,,,,,,,,,,,,,,,,,,,,,,,,,,,,,,,,,,,,,,,,,,,,,,,,,,,,99.5316,0.0005,,,,,,0.4366,,
IE000Q0CAPZ0,,,,,,,,,,,,,,,,,,,,,,,,,,,,,,,,,,,,,,,,,,,,,,,,,,,,,,,,,,,,,,,,,,,,,,,,,,,,,,,,,,,,,,,,,,,,,,,,,,,,,,,,,,,,,,,,,,,,,,,,,,,,,,,,,,,,,,,,
IE000Q0IU5T1,,,,,0.08,,,,,,,,,,,,,,,0.63,,,,,,,,,,,,,,,,,,,0.18,,,1.34,,,,,,,,,,,,,,,0.2,,,,3.66,,,,,,,,,,,,,,,,,,,,,,,3.35,0.05,,0.01,,,,,,,,,,,,,,,,,,,,0.1,,,,,,,,0.19,0.35,,,,,,,,,,,0.13,89.71,,,,,,,,
IE000Q0UH3Y7,,,,,0.2765,0.3027,,,,,1.5846,,,,0.1486,,,,,,,,0.2769,,,,,0.1415,,1.4376,,,,,,,,1.3845,22.5964,,,13.5184,,0.7456,,,,,,,,,,,1.7417,,,14.0627,,,3.1747,,,,,,,,,,,,1.2942,,,,,,,,,,,1.9155,,,,,,,,,,,0.1382,1.2296,,,,,,,,,,,,,,0.1529,,3.4066,,,3.1442,1.141,,,,,,,,,,,5.4638,20.7071,,,,,,0.0144,,
IE000Q1M7HB8,,,,,,,,,,,,,,,,,,,,,,,,,,,,,,,,,,,,,,,,,,,,,,,,,,,,,,,,,,,,,,,,,,,,,,,,,,,,,,,,,,,,,,,,,,,,,,,,,,,,,,,,,,,,,,,,,,,,,,,,,,,,,,,,,,,,,,,,
IE000Q2EQ5K8,,,,,,,,,,,,,,,,,,,,,,,,,,,,,,,,,,,,,,,,,,,,,,,,,,,,,,,0.2873,,,99.6422,,,,,,,,,,,,,,,,,,,,,,,,,,,,,,,,,,,,,,,,,,,,,,,,,,,,,,,,,,,,,,,,,,,,,0.0001,,,,,,,0.0705,,
IE000Q2P3ZQ3,,,,,,,,,,,,,,,,,,,,,,,,,,,,,,,,,,,,,,,,,,,,,,,,,,,,,,,,,,,,,,,,,,,,,,,,,,,,,,,,,,,,,,,,,,,,,,,,,,,,,,,,,,,,,,,,,,,,,,,,,,,,,,,,,,,,,,,,
IE000Q4EBR54,,,,,,,,,,,,,1.36,,,,,,,,,,,,,,,,,,,,,,,,,,,,,,,,,,,,,,,,,,,,,,,,,,,,,,,,,,,,,,,,,,,,,,,,,,,,,,,,,,,,,,,,,,,,,,,,,,,,,,,,,,,,,,,,,,2.83,94.94,,,,,,,,0.87
IE000Q4J3CW6,,,,,,1.07,,,,,2.68,,,,,,,,,,,,,,,,,,,,,,,,,,,3.34,24.52,,,23.68,,,,,,,,,,,,,1.01,,,9.31,,,,,,,,,,,,,,,,,,,,,,,,,,18.89,,,,,,,,,,,,,,,,,,,,,,,,,,,,10.76,,,,,,,,,,,,,,,,,,,,,,,,4.74
IE000Q5CPXZ1,,,,,1.4327,0.1132,,,,,0.3123,,,,,,,,,3.2321,,,,,,,,,,0.4642,,,,,,,,0.3246,2.4704,,,1.9302,,,,,,,0.3997,,,,,,0.0988,,0.2866,0.8738,,,5.5675,,,,,,,,,,,,,,,,,,,,,,,1.5657,0.0574,,0.1773,,,,,,,,,0.0592,,,,,,,,,,,0.4751,,,,,0.9108,,,0.9412,2.062,,,,,,,,,,,3.142,73.1033,,,,,,,,
IE000Q6C8036,,,,,,,,,,,,,0.125,,,,,,,,,,,,,,,,,,,,,,,,,,,,,,,,,,,,,,,,,,2.0409,,,,,,,,,,,,,,,,,,,,,,,,,,,,,0.1453,,,,,,,,,,,,,,,,,,,,,,,0.482,,,,,,,,,0.3697,,,,,,,,,,,0.7018,96.0996,,,,,,0.0359,,
IE000Q8F0M81,,,,,,,,,,,,,,,,,,,,,,,,,,,,,,,,,,,,,,,,,,,,,,,,,,,,,,,,,,,,,,,,,,,,,,,,,,,,,,,,,,,,,,,,,,,,,,,,,,,,,,,,,,,,,,,,,,,,,,,,,,,,,,,,,,,,,,,,
IE000Q8N7WY1,,,,,,,,,,,,,,,,,,,,,,,,,,,,,,,,,,,,,,,,,,,,,,,,,,,,,,,,,,,,,,,,,,,,,,,,,,,,,,,,,,,,,,,,,,,,,,,,,,,,,,,,,,,,,,,,,,,,,,,,,,,,,,,,,,,,,,,,
IE000Q9W2IR3,,,,,,,,,,,,,,,,,,,,0.0913,,,1.3498,,,,,,,,,,,,,,,,0.7796,,,5.4234,,,,,,,0.0067,,,,,,,,,,,,9.1575,,,,,,,,,,,,,,,,,,,,,,,0.4325,,,,,,,,,,,,,,,,,,,,,,,,,,,0.0032,,,,1.6585,3.2319,,,,,,,,,,,3.1043,74.7488,,,,,,0.0125,,
IE000QADMYA3,,,,,1.12,,,,,,,,,,,,,,,,,,,,,,,,,1.79,,,,,,,,,14.21,,,8.93,,,,,,,,,,,,,1.27,,,3.03,,,1.11,,,,,,,,,,,,,,,,,,,,,,,4.96,,,,,,,,,,,,,,,,,,,,,,,,,,,,4.57,,,1.83,2.98,,,,,,,,,,,6.24,14.01,,,,,,,,33.95
IE000QAO7DD4,,,,,2.4,,,,,,,,,,,,,,,4.22,,,,,,,,,,,,,,,,,,,0.23,,,,,,,,,,,,,,,,1.23,,,,,,3.05,,,,,,,,,,,,,0.4,,,,,,,,,,0.81,,,,,,,,,,,,,,,,,,,,,,,,,,,,1.08,,,,0.55,,,,,,,,,,,2.57,82.88,,,,,,0.59,,
IE000QB5HJC8,,,,,,,,,,,,,,,,,,,,,,,,,,,,,,,,,,,,,,,,,,,,,,,,,,,,,,,,,,,,,,,,,,,,,,,,,,,,,,,,,,,,,,,,,,,,,,,,,,,,,,,,,,,,,,,,,,,,,,,,,,,,,,,,99.9957,,,,,,,,
IE000QC2YB58,,,,,5.92,,,,,,,,,,,,,,,11.79,,,,,,,,,,1.86,,,,,,,,,10.46,,,9.64,,,,,,,1.48,,,,,,,,,2.11,,,20.05,,,,,,,,,,,,,,,,,,,,,,,6.5,,,,,,,,,,,,,,,,,,,,,,,1.3,,,,,3.21,,,2.25,6.8,,,,,,,,,,,13.88,,,,,,,,,2.75
IE000QDFFK00,,,,,,,,,,,,,,,,,,,,0.8275,,,,,,,,,,,,,,,,,,,,,,,,,,,,,,,,,,,0.274,,,,,,,,,,,,,,,,,,,,,,,,,,,,,1.3572,,,,,,,,,,,,,,,,,,,,,,,0.8791,,,,,,,,,,,,,,,,,,,,1.701,94.5232,0.4376,,,,,0.0004,,
IE000QF66PE6,,,,,,,,,,,,,,,,,,,,,,,,,,,,,,,,,,,,,,,,,,,,,,,,,,,,,,,,,,,,,,,,,,,,,,,,,,,,,,,,,,,,0.2,,,,,,,,,,,,,,,,,,,,,,,,,,,,,,,,0.1,,,,,,,,,,,,99.7,,,,,,,,
IE000QGWZZO0,,,,,,,,,,,,,,,,,,,,,,,,,,,,,,,,,,,,,,,,,,,,,,,,,,,,,,,,,,,,,99.57,,,,,,,,,,,,,,,,,,,,,,,,,,,,,,,,,,,,,,,,,,,,,,,,,,,,,,,,,,,,,,,,,,,,,,,,,,,0.43
IE000QIF5N15,,,,,1.8202,0.1305,,,,,0.2582,,,,,,,,,3.5559,,,,,,,,,,0.4283,,,,,,,,0.3039,2.1738,,,2.1309,,,,,,,0.4899,,,,,,0.1214,,0.3689,0.7987,,,6.5029,,,,,,,,,,,,,,,,,,,,,,,1.363,0.1029,,0.2341,,,,,,,,0.1489,0.0644,,,,,,,,,,,0.4422,,,,,0.8933,,,0.9677,2.1409,,,,,,,,,,,3.4959,71.063,,,,,,,,
IE000QJMYB29,,,,,0.9437,,,,,,,,0.2445,,,,,,,3.5511,,,,,,,,,,,,,,,,,,,,,,0.3192,,,,,,,,,,,,,1.4694,,,,,,2.865,,,,,,,,,,,,0.1506,0.1247,,,,,0.2462,,,,,1.0131,,,,,,,,,,,,,,,,,,,,,,,0.2033,,,,,0.9009,,,,0.5969,0.0842,,,,,,,,,,1.8157,85.471,,,,,,0.0004,,
IE000QL3QEM2,,,,,1.09,,,,,,1.17,,,,,,,,,1.34,,,6.53,,,,,,,,,,,,,,,,5.66,,,4.51,,,,,,,,,,,,,,,,5.06,,,5.83,,,,,,,,,,,,,,,,,,,,,,,1.01,,,,,,,,,,,,,,,,,,,,,,,,,,,,3.67,,,,,,,,,,,,,,,4.56,30.95,,,,,,,,28.62
IE000QLV3SY5,,,,,,,,,,,,,,,4.34,,,,,,,,16.18,,,,,,,,,,,,,,,,,,,,,,,,,,,,,11.28,,,,,,,,,,,,,,,,,,,,,,,,,,,3.8,,,,,,,,,,,,,,,,2.2,,,,,,,,3.07,,,,,,,3.45,19.24,,,,,,28.67,,,,,,,,,,,,,,,,,,,7.77
IE000QMIHY81,,,,,1.58,,,,,,,,,,,,,,,3.33,,,,,,,,,,,,,,,,,,,2.15,,,2.1,,,,,,,,,,,,,,,,,,,5.68,,,,,,,,,,,,,,,,,,,,,,,1.84,,,,,,,,,,,,,,,,,,,,,,,,,,,,,,,,2.69,,,,,,,,,,,3.57,70.49,,,,,,,,6.57
IE000QOLLXO2,,,,,,,,,,,1.3,,,,,,,,,,,,,,,,,,,3.62,,,,,,,,1.33,14.8,,,13.23,,,,,,,,,,,,,1.34,,,4.85,,,,,,,,,,,,,,,,,,,,,,,,,,11.65,,,,,,,,,,,,,,,,,,,,,,,,,,,,4.76,,,4.66,15.17,,,,,,,,,,,20.84,,,,,,,,,2.45
IE000QOU09J7,,,,,,,,,,,,,,,,,,,,,,,99.1892,,,,,,,,,,,,,,,,,,,,,,,,,,0.693,,,,,,,,,,,,,,,,,,,,,,,,,,,,,,,,,,,,,,,,,,,,,,,,,,,,,,,,,,,,,,,,,,,,,,,,,,,,,,0.0001,0.1173,,,,,,0.0006,,
IE000QQ8Z0D8,,,,,,,,,,,,,,,,,,,,,,,,,,,,,,,,,,,,,,,,,,,,,,,,,,,,,,,1.18,,,,,,,,,,,,,,,,,,,,,,,,,,,,,,,,,,,,,,,,,,,,,,,,,,,,,,,,,,,,,,,,,,,,,,,,,96.96,,,,,,,,1.86
IE000QRDCYW2,,,,,,,,,,,,,,,,,,,,,,,,,,,,,,,,,,,,,,,,,,,,,,,,,,,,,,,,,,,,,,,,,,,,,,,,,,,,,,,,,,,,,,,,,,,,,,,,,,,,,,,89.23,,,,,,,,,,,,,,,,,,,,,,,,,,,,,,,,,10.77
IE000QUCVEN9,,,,,5.5,,,,,,1.4,,,,11.53,,,,,5.75,,,,,,,,,,,,,,,,,,1.12,2.88,,,1.16,,,,,,,3.67,,,,,,,,,4.77,,,4.4,,,,,,,,,,,,,,,,,,3.06,,,,,1.64,3.98,,,,,,,,,,,,,,,,,,,,,,5.7,,,,,6.5,,,1.88,2.43,1.07,,1.59,,,,,,,,7.79,21.47,,,,,,,,0.71
IE000QUOSE01,,,,,,,,,,,1.49,,,,,,,,,,,,,,,,,,,3.53,,,,,,,,1.95,8.8,,,13.69,,,,,,,,,,,,,1.16,,,4.94,,,,,,,,,,,,,,,,,,,,,,,,,,11.86,,,1.1,,,,,,,,,,,,,,,,,,,,,,,,,5.72,,,6.78,16.74,,,,,,,,,,,16.55,,,,,,,,,5.69
IE000QVCOG22,,,,,,,,,,,,,,,,,,,,7.86,,,9.42,,,,,,,,,,,,,,,,14.19,,,5.38,,,,,,,,,,,,,,,,2.21,,,4.72,,,,,,,,,,,,2.16,,,,,,,,,,,5.53,,,,,,,,,,,,,,,,,,,,,,,,,,,,1.4,,,,21.2,4.73,,,,,,,,,,13.19,5.8,,,,,,,,2.21
IE000QVCP9S5,,,,,,,,,,,,,,,,,,,,,,,1.5,,,,,,,,,,,,,,,,13.98,,,2.78,,,,,,,,,,,2.51,,,,1.67,7.37,,,4.49,,,,,,,,,,,,,,,,,,2.13,,,,,,,,,,,,,,,,,1.68,,,,,,,,,,,,,,,,5.65,,,,1.04,,,2.09,,,,,,,,11.8,7.21,,,,,,,,34.1
IE000QVOGR82,,,,,,,,,,,,,,,,,,,,,,,,,,,,,,,,,,,,,,,,,,,,,,,,,,,,,,,,,,,,,,,,,,,,,,,,,,,,,,,,,,,,,,,,,,,,,,,,,,,,,,,,,,,,,,,,,,,,,,,,,,,,,,,,,,,,,,,,
IE000QVYFUT7,,,,,,,,,,,,,,,,,,,,,,,,,,,,,,,,,,,,,,,,,,,,,,,,,,,,99.9863,,,,,,,,,,,,,,,,,,,,,,,,,,,,,,,,,,,,,,,,,,,,,,,,,,,,,,,,,,,,,,,,,,,,,,,,,,,,0.0133,,,,,,,,0.0005
IE000QWCYQT0,,,,,1.4327,0.1132,,,,,0.3123,,,,,,,,,3.2321,,,,,,,,,,0.4642,,,,,,,,0.3246,2.4704,,,1.9302,,,,,,,0.3997,,,,,,0.0988,,0.2866,0.8738,,,5.5675,,,,,,,,,,,,,,,,,,,,,,,1.5657,0.0574,,0.1773,,,,,,,,,0.0592,,,,,,,,,,,0.4751,,,,,0.9108,,,0.9412,2.062,,,,,,,,,,,3.142,73.1033,,,,,,,,
IE000QWO5FT3,,,,,,,,,,,,,,,,,,,,,,,,,,,,,,,,,,,,,,,,,,,,,,,,,,,,,,,,,,,,,99.9449,,,,,,,,,,,,,,,,,,,,,,,,,,,,,,,,,,,,,,,,,,,,,,,,,,,,,,,,,,,,,,,,,,0.001,0.0539,,,,,,0.0002,,
IE000QYDXKV5,,,,,6.54,,,,,,,,,,,,,,,3.51,,,,,,,,,,3.77,,,,,,,,1.59,15.71,,,8.58,,,,,,,,,,,,,,,,9.74,,,5.27,,,,,,,,,,,,,,,,,,,,,,,2.3,,,1.41,,,,,,,,,,,,,,,,,,,,1.64,,,,,6.27,,,1.78,10.79,,,,,,,,,,,18.48,,,,,,,,,2.62
IE000QZ7JON9,,,,,,,,,,,,,,,,,,,,,,,,,,,,,,,,,,,,,,,,,,,,,,,,,,,,,,,1.13,,,,,,,,,,,,,,,,,,,,,,,,,,,,,,,,,,,,,,,,,,,,,,,,,,,,,,,,,,,,,,,,,,,,,,,,,97.47,,,,,,,,1.4
IE000QZF7EX2,,,,,,,,,,,,,,,50.944,,,,,,,7.0177,,2.7259,,,,,,,,,,,,,,,,,,7.8194,,,,,,,,,,,,,,,,,,,,,,,,,,,,,,,,,,,,,25.388,,,,,,,,,,,,,,6.0557,,,,,,,,,,,,,,,,,,,,,,,,,,,,,,,,,,0.0014,0.047,,,,,,0.0007,,
IE000R3K9FF7,,,,,1.4441,0.0728,,,,,0.3269,,,,,,,,,3.7099,,,,,,,,,,0.3154,,,,,,,,0.2296,2.3487,,,2.0143,,,,,,,0.5842,,,,,,0.4323,,0.3012,0.877,,,5.5385,,,,,,,,,,,,,,,,,,,,,,,1.4861,0.0237,,0.4987,,,,,,,,,0.0793,,,,,,,,,,,0.5228,,,,,0.9644,,,0.78,2.2833,,,,,,,,,,,3.0933,72.1235,,,,,,-0.0502,,
IE000R4ZNTN3,,,,,5.8122,0.3218,,,,,0.9782,,,,,,,,,12.4405,,,,,,,,,,1.4864,,,,,,,,1.0032,8.6345,,,7.8411,,,,,,,1.5603,,,,,,0.3702,,0.9844,2.9811,,,20.1487,,,,,,,,,,,,,,,,,,,,,,,5.0783,0.1597,,0.5661,,,,,,,,,0.188,,,,,,,,,,,1.6429,,,,,3.5172,,,3.0749,8.1689,,,,,,,,,,,12.6028,0.535,,,,,,-0.0966,,
IE000R65LK54,,,,,,,,,,,,,,,,,,,,,,,,,,,,,,,,,,,,,,,,,,,,,,,,,,,,,,,,,,,,,,,,,,,,,,,,,,,,,,,,,,,,,,,,,,,,,,,,,,,,,,,,,,,,,,,,,,,,,,,,,,,,,,,,,,,,,,,,
IE000R6TN604,,,,,,,,,,,,,,,,,,,,,,,,,,,,,,,,,,,,,,,,,,,,,,,,,,,,,,,,,,,,,,,,,,,,,,,,,,,,,,,,,,,,,,,,,,,,,,,,,,,,,,,,,,,,,,,,,,,,,,,,,,,,,,,,,,,,,,,,
IE000R7DCW45,,,,,,,,,,,,,,,,,,,,3.76,,,,,,,,,,,,,,,,,,,,,,,,,,,,,,,,,,,,,,,,,,,,,,,,,,,,,,,,,,,,,,,,,,,,,,,,,,,,,,,,,,,,,,,,,,,,,,,,,,,,,,,,,,,,66.29,,,,,,,,29.95
IE000R7HJVO6,,,,,,,,,,,,,,,0.0266,,,,,,,,,,,,,,,0.0124,,,,,,,,,,,,0.0679,,,,,,,,,,,,,,,,,,,,,,,,,,,,,,,,,,,,,,,,,,,,,,,,,,,0.035,,,,,,,,,,,,,,,,,,,,,,0.0281,,,,,,,,,,,,0.0035,99.8264,,,,,,0.0001,,
IE000R85HL30,,,,,,,,,,,,,,,,,,,,,,,,,,,,,,,,,,,,,,,,,,,,,,,,,,,,,,,,,,,,,,,,,,,,,,,,,,,,,,,,,,,,1.16,,,,,,,,,,,,,,,,,,,,,,,,,,,,,,,,,,,,,,,,,,,,98.28,,,,,,,,0.56
IE000R88UVN6,,,,,,,,,,,,,,,,,,,,3.76,,,,,,,,,,,,,,,,,,,,,,,,,,,,,,,,,,,,,,,,,,,,,,,,,,,,,,,,,,,,,,,,,,,,,,,,,,,,,,,,,,,,,,,,,,,,,,,,,,,,,,,,,,,,66.29,,,,,,,,29.95
IE000R8PO127,,,,,,,,,,,,,,,,,,,,,,,,,,,,,,,,,,,,,,5.33,15.18,,,7.61,,,,,,,,,,,,,9.86,,,1.51,,,,,,,,,,,,,,,1.84,,,,,,,,,,,1.72,,,,,,,,,,,,,,,,,,,,,,,,,,,,2.43,,,8.85,8.22,,,,,,,,,,,5.88,30.04,,,,,,,,1.53
IE000R9FA4A0,,,,,,,,,,,,,,,,,,,,,,,,,,,,,,,,,,,,,,,,,,,,,,,,,,,,,,,0.0094,,,,,,,,,,,,,,,,,,,,,,,,,,,,,,,,,,,,,,,,,,,,,,,,,,,,,,,,,,,,,,,,,,,,,,,,0.0012,99.9742,,,,,,0.0151,,
IE000RBFCPY3,,,,,1.27,0.79,,,,,1.15,,,,,,0.05,,,1.82,,0.12,11.62,,,0.08,0.03,0.3,,0.18,,,,,0.01,,,0.41,5.54,,,4.43,,0.23,,,,,0.02,0.17,,,0.67,,0.31,,0.36,5.05,,,13.15,,,,,,,0.08,,,,0.06,0.04,,,0.76,,,0.71,,,,,0.93,0.26,,0.14,,,,,,0.14,,0.57,0.44,,,,0.2,,,,,,,0.32,0.17,0.12,,1.63,3.2,,,0.16,0.26,,,0.66,,,,,,,,5.52,34.76,,,,,,1.12,,
IE000RC18FG8,,,,,0.7059,,,,,,0.5844,,,,,,,,,3.7783,,,0.3526,,,,,,,,,,,,,,,,1.0448,,,,,,,,,,,,,,,,2.7181,,,,,,2.0456,,,,,,,,,,,,0.3519,,,,,,,,,,,,,,,,,,,,,,,,,,,,,,,,,,,,,,,0.7016,,,,0.581,,,,,,,,,,,2.6922,84.4412,,,,,,0.0024,,
IE000RC2UNU0,,,,,1.41,,,,,,,,,,,,,,,4.21,,,,,,,,,,,,,,,,,,,2.44,,,1.76,,,,,,,1.01,,,,,,1.42,,,1.11,,,5.01,,,,,,,,,,,,,,,,,,,,,,,2.44,,,,,,,,,,,,,,,,,,,,,,,,,,,,,,,,2.95,,,,,,,,,,,3.11,67.78,,,,,,,,5.35
IE000RDRMSD1,,,,,,,,,,,,,,,,,,,,1.5612,,,5.6949,,,,,,,,,,,,,,,,,,,1.4633,,,,,,,0.6033,,,,0.0031,,,,0.631,,,,0.0062,,,,,,,,,,,,,,,,,,,,,,,,,,,,,,,,,0.0015,,,,,,,,,,,,,0.7182,,,,,,,,0.0043,,,,,,,,,,,,0.0162,89.2921,,,,,,0.0048,,
IE000RE0SQM6,,,,,,,,,,,,,,,,,,,,,,,,,,,,,,,,,,,,,,,,,,,,,,,,,,,,,,,5.19,,,,,,,,,,,,,,,,,,,,,,,,,,,,,,,,,,,,,,,,,,,,,,,,,,,,,,,,,,,,,,,,,,,,,,,,,90.17,,,,,,,,4.64
IE000REC8UF0,,,,,,,,,,,,,,,,,,,,2.4362,,,,,,,,,,,,,,,,,,,,,,,,,,,,,,,,,,,0.2852,,,,,,1.2419,,,,,,,,,,,,0.8349,,,,,,2.2726,,,,,0.8085,,,,,,,,,,,,,,,,,,,,,,,,,,,,3.5704,,,,,,,,,,,,,,,3.3587,85.1916,,,,,,,,
IE000REVDBO3,,,,,4.38,1.58,,,,,4.97,,,,,,,,,5.33,,2.12,,,,,,,,1.47,,,,,,,,,3.39,,,15.77,,,,,,,1.32,,,,1.71,,1.78,,,5.32,,,1.43,,,,,,,,,,,,9.82,,,,,,,,,,,3.67,,,2.1,,,,,,,,,,,,,,,,,,,,,,,,2.06,1.01,,,4.37,1.93,,,,,,,,,,,1.02,10.37,,,,,,,,13.08
IE000RH1ZG27,,,,,,,,,,,,,,,,,,,,,,,,,,,,,,,,,,,,,,,,,,,,,,,,,,,,,,,,,,,,,,,,,,,,,,,,,,,,,,,,,,,,,,,,,,,,,,,,,,,,,,,,,,,,,,,,,,,,,,,,,,,,,,,,,,,,,,,,
IE000RITWOD4,,,,,,,,,,,1.05,,,,,,,,,,,,,,,,,,,2.4,,,,,,,,1.61,15.7,,,15.8,,,,,,,,,,,,,,,,5.1,,,,,,,,,,,,,,,,,,,,,,,,,,8.9,,,1.11,,,,,,,,,,,,,,,,,,,,,,,,,5.77,,,5.49,13.83,,,,,,,,,,,19.83,,,,,,,,,3.41
IE000RJECXS5,,,,,,,,,,,,,,,,,,,,,,,,,,,,,,,,,,,,,,,,,,,,,,,,,,,,,,,,,,,,,,,,,,,,,,,,,,,,,,,,,,,,,,,,,,,,,,,,,,,,,,,,,,,,,,,,,,,,,,,,,,,,,,,,,,,,,,,,
IE000RJL5A30,,,,,0.3689,,,,,,,,,,0.4795,,,,,6.4622,,,0.2116,,,,,,,,,,,,,,,,,,,0.5081,,,,,,,,,,,,,1.6834,,,1.0549,,,1.0325,,,,,,,,,,,,,,,,,,,,,,,0.8123,,,0.2087,,,,,,,,,,,,,,,,,,,,,,,0.2586,,0.5432,,,,0.4586,,,,,,,,,,,3.3708,82.5467,,,,,,0.0001,,
IE000RKSAPB9,,,,,0.1376,0.7042,,,,,1.1054,,,,,,0.501,,,0.1439,,,0.0952,,,,0.0641,1.7133,,0.7027,,,,,0.1795,,,0.9795,20.2335,,,11.2668,,2.0064,,,,,,0.6567,,,,,1.4528,,1.2466,11.5135,,,2.2429,0.2315,,,,,,0.0648,,,,0.1644,4.8151,,,,,,0.5226,,,,,4.042,,,0.3808,,,,,,,,1.0411,1.4592,,,,0.401,,,,,0.2049,,,,0.8171,0.1553,,4.2881,,,2.956,0.7337,,,,,,,,,0.096,,7.3696,13.2604,,,,,,0.0507,,
IE000RLUE8E9,,,,,,,,,,,,,,,,,,,,,,,,,,,,,,,,,,,,,,,,,,,,,,,,,,,,,,,,,,,,,,,,,,,,,,,,,,,,,,,,,,,,,,,,,,,,,,,,,,,,,,,,,,,,,,,,,,,,1.57,,,,,,,,,,,,96.46,1.46,,,,,,,0.51
IE000RLUVMR2,,,,,,,,,,,,,,,,,,,,,,,,,,,,,,,,,,,,,,,,,,,,,,,,,,,,,,,,,,,,,,,,,,,,,,,,,,,,,,,,,,,,,,,,,,,,,,,,,,,,,,,,,,,,,,,,,,,,,,,,,,,,,,,,99.9994,,,,,,0.0005,,
IE000RMSPY39,,,,,4.03,,,,,,,,,,2.83,,,,,,,,,,,,,,,,,,,,,,,6.54,2.81,,,2.75,,,,,,,3.56,,,,,,,,,,,,18.9,,,,,,,,,,,,,,,,,,,,,,,,,,2.91,,,,,,,,,,,,,,,,,,,,,,,,,,,,,,1.7,,,,,,,,,,6.76,46.62,,,,,,,,0.59
IE000RN036E0,,,,,,,,,,,1.32,,,,,,,,,2.0,,,,,,,,,,,,,,,,,,,,,,,,,,,,,,,,,,,,,,,,,6.9,,,,,,,,,,,,,,,,,,,,,,,,,,,,,,,,,,,,,,,,,,,,,,6.96,,,,,,,,1.09,,,,,,,,,,,,8.45,72.03,,,,,,,,1.25
IE000RN4ORI2,,,,,,,,,,,,,,,,,,,,,,,,,,,,,,,,,,,,,,,,,,,,,,,,,,,,,,,,,,,,,,,,,,,,,,,,,,,,,,,,,,,,,,,,,,,,,,,,,,,,,,,,,,,,,,,,,,,,,,,,,,,,,,,,,,,,,,,,
IE000RN58M26,,,,,,,,,,,,,,,,,,,,5.5138,,,2.9942,,,,,,,,,,,,,,,0.2341,1.0537,,,1.4238,,,,,,,0.0614,,,,,,,,0.1524,,,,4.9198,,,,,,,,,,,,,,,,,,,,,,,0.0997,,,,,,,,,,,,,,,,,,,,,,,,,,,1.4262,,,,0.1005,,0.9315,,,,,,,,,,0.0044,81.0754,,,,,,0.0093,,
IE000ROSD5J6,,,,,14.8872,,,,,,,,,,0.3794,,,,,19.7565,,1.4523,7.9071,,,,,,,,,,,,,,,,0.074,,,,,,,,,,0.0395,,,,0.8259,,,,,,,,2.0381,,,,,,,,,,,,,,,0.6507,,,7.9237,,,,,0.1041,,,1.1435,,,,,,3.6849,,2.2909,,,,,,,,,,,,,,,8.5854,0.1547,,,,2.1586,,,,,,,,,,,,12.1987,13.743,,,,,,0.0016,,
IE000RQJBQI6,,,,,2.6746,1.0932,,,,,4.1782,,,,,,,,,,,,,,,,,,,0.8095,,,,,,,,,18.5564,,,12.2262,,,,,,,,,,,,,2.2288,,,6.6639,,,4.3675,,,,,,,,,,,,1.0843,,,,,,,,,,,6.7278,,,,,,,,,,,,,,,,,,,,,,,,,,,,6.4269,,,,3.533,,,,,,,,,,,4.2009,25.2016,,,,,,0.0271,,
IE000RRCJI06,,,,,,,,,,,,,,,,,,,,1.92,,,,,,,,,,,,,,,,,,,,,,,,,,,,,,,,,,,1.41,,,,,,,,,,,,,,,,,,,,,,,,,,,,,2.11,,,,,,,,,,,,,,,,,,,,,,,,,,,,,,,,,,,,,,,,,,,2.97,64.69,,,,,,,,26.9
IE000RSCXLM4,,,,,,,,,,,,,,,,,,,,,,,,,,,,,,,,,,,,,,,,,,,,,,,,,,,,,,,3.49,,,,,,,,,,,,,,,,,,,,,,,,,,,,,,,,,,,,,,,,,,,,,,,,,,,,,,,,,,,,,,,,,,,,,,,,,92.72,,,,,,,,3.79
IE000RTQ5X23,,,,,,,,,,,,,,,,,,,,,,,,,,,,,,,,,,,,,,,,,,,,,,,,,,,,,,,,,,,,,,,,,,,,,,,,,,,,,,,,,,,,2.18,,,,,,,,,,,,,,,,,,,,,,,,,,,,,,,,,,,,,,,,,,,,97.77,,,,,,,,0.05
IE000RUEGGK5,,,,,,,,,,,,,,,,,,,,,,,99.7998,,,,,,,,,,,,,,,,,,,,,,,,,,,,,,,,,,,,,,,,,,,,,,,,,,,,,,,,,,,,,,,,,,,,,,,,,,,,,,,,,,,,,,,,,,,,,,,,,,,,,,,,0.0121,0.1746,,,,,,0.0136,,
IE000RUF4QN8,,,,,,,,,,,,,,,0.4,,,,,1.0,,,0.3,,,,,,,,,,,,,,,,,,,,,,,,,,,,,,,,,,,,,,,,,,,,,,,,,,,,,,,,,,,,,1.2,,,,,,,,,,,,,,,,,,,,,,,,,,,,,,,,,,,,,,,,,,,0.2,96.9,,,,,,,,
IE000RW7V8Q4,,,,,,1.8,,,,,,,,,,,,,,,,,,,,,,,,,,,,,,,,,,,,10.22,,,,,,,,,,,,,,,,,,,,,,,,,,,,,,,,,,,,,,,,,,,,,,,,,,,,,,,,,,,,,,,,,,,,,,,,,,,,,,,,,,,,,,,,,,,,,,87.98
IE000RWQ7DN4,,,,,,0.7933,,,,,3.2327,,,,,,,,,,,,,,,,,,,,,,,,,,,,16.209,,,10.5345,,2.172,,,,,,,,,,,6.3365,,,11.5154,,,,,,,,,,,,,,,,,,,,,1.3322,,,,,8.9314,,,0.6707,,,,,,,,,,,,,,,,,,,,,,,,,11.901,,,2.0299,3.4085,,,,,,,,,,,19.7781,-2.2735,,,,,,3.4283,,
IE000RYWBSX8,,,,,,,,,,,,,,,,,,,,,,,,,,,,,,,,,,,,,,,,,,,,,,,,,,,,,,,,,,,,,,,,,,,,,,,,,,,,,,,,,,,,,,,,,,,,,,,,,,,,,,,,,,,,,,,,,,,,,,,,,,,,,,,,,,,,,,,,
IE000S0PSP47,,,,,,,,,,,,,,,,,,,,,,,,,,,,,,,,,,,,,,,,,,,,,,,,,,,,,,,,,,,,,,,,,,,,,,,,,,,,,,,,,,,,,,,,,,,,,,,,,,,,,,,,,,,,,,,,,,,,,,,,,,,,,,,,68.9,,,,,,,,31.1
IE000S23Q7H3,,,,,,,,,,,1.06,,,,4.57,,,,,,,,5.0,,,,,,,,,,,,,,,,3.55,,,4.65,,2.97,,,,,,,,,2.54,,,,,2.89,,,2.78,,,,,,,,,,,,,,,,,,6.05,,,,,,2.93,,,,,,,,,,,,,,,,,,,,,,,,,3.57,,,,,,,,,,,,,,,,,,28.01,,,,,,,,29.43
IE000S2QZKI8,,,,,,,,,,,,,,,,,,,,,,,,,,,,,,,,,,,,,,,3.13,,,2.14,,,,,,,,,,,,,2.3,,,2.33,,,,,,,,,,,,,,,,,,,,,,,,,,,,,,,,,,,,,,,,,,,,,,,,,,,,,,1.65,,,,1.64,,,,,,,,,,,4.51,31.15,,,,,,,,51.15
IE000S3N6R34,,,,,,,,,,,,,,,3.68,,,,,,,,17.1,,,,,,,,,,,,,,,,,,,,,,,,,,1.05,,,11.04,,,,,,,,,,,,,,,,,,,,,,,,,,,1.64,,,,,,,,,,,,,,,,,,,,,,,,2.38,,,,,,,2.48,23.61,,,,,,27.19,,,,,,,,,1.12,,,,,,,,,,8.71
IE000S4A5WE2,,,,,,,,,,,,,,,,,,,,,,,,,,,,,,,,,,,,,,,,,,,,,,,,,,,,,,,1.81,,,,,,,,,,,,,,,,,,,,,,,,,,,,,,,,,,,,,,,,,,,,,,,,,,,,,,,,,,,,,,,,,,,,,,,,,96.78,,,,,,,,1.41
IE000S6476U8,,,,,,,,,,,,,,,,,,,,,,,,,,,,,,,,,,,,,,,,,,,,,,,,,,,,,,,2.34,,,,,,,,,,,,,,,,,,,,,,,,,,,,,,,,,,,,,,,,,,,,,,,,,,,,,,,,,,,,,,,,,,,,,,,,,96.25,,,,,,,,1.41
IE000S67ID55,,,,,,,,,,,,,,,,,,,,,,,,,,,,,,,,,,,,,,,,,,,,,,,,,,,,,,,,,,,,,,,,,,,,,,,,,,,,,,,,,,,,,,,,,,,,,,,,,,,,,,,,,,,,,,,,,,,,,,,,,,,,,,,,,,,,,,,,
IE000S9T0WR9,,,,,,,,,,,,,,,,,,,,,,,,,,,,,,,,,,,,,,,,,,,,,,,,,,,,,,,3.14,,,,,,,,,,,,,,,,,,,,,,,,,,,,,,,,,,,,,,,,,,,,,,,,,,,,,,,,,,,,,,,,,,,,,,,,,96.25,,,,,,,,0.61
IE000SA19OL0,,,,,,,,,,,,,,,,,,,,,,,,,,,,,,,,,,,,,,,,,,,,,,,,,,,,,,,,,,,,,,,,,,,,,,,,,,,,,,,,,,,,,,,,,,,,,,,,,,,,,,,,,,,,,,,,,,,,,,,,,,,,,,,,,,,,,,,,
IE000SAXJ1M1,,,,,,,,,,,,,,,,,,,,,,,,,,,,,,,,,,,,,,,,,,,,,,,,,,,,,,,,,,,,,,,,,,,,,,,,,,,,,,,,,,,,,,,,,,,,,,,,,,,,,,,,,,,,,,,,,,,,,,,,,,,,,,,,,,,,,,,,
IE000SB4G4I4,,,,,,,,,,,,,,,,,,,,,,,,,,,,,,,,,,,,,,,,,,,,,,,,,,,,,,,,,,,,,,,,,,,,,,,,,,,,,,,,,,,,1.58,,,,,,,,,,,,,,,,,,,,,,,,,,,,,,,,,,,,,,,,,,,1.88,92.9,,,,,,,,3.64
IE000SB9GY21,,,,,1.49,,,,,,,,,,2.02,,,,,,,,,,,,,,,,,,,,,,,,1.9,,,,,,,,,,,,,,,,,,1.18,2.69,,,,,,,,,,,,,,,,,,,,,,,,,,,,,,,,,,,,,,,,,,,,,,,,,,,,,,,,,,,,,,,,,,,,,2.46,35.64,,,,,,,,52.62
IE000SBJO6L2,,,,,1.069,0.3346,,,,,,,0.7532,,,,,,,,,,,,,,,,,2.7846,,,,,,,,1.5666,22.4622,,,10.1093,,,,,,,,,,,,,0.0634,,,6.4565,,,3.6328,,,,,,,,,,,,1.6686,,,,,,,,,,,6.1334,,,,,,,,,,,,,,,,,,,,,,,,,,,,5.9189,,,1.6152,1.04,,,,,,,,,,,8.3009,26.0818,,,,,,0.009,,
IE000SBU19F7,,,,,,,,,,,,,,,,,,,,,,,,,,,,,,,,,,,,,,,,,,,,,,,,,,,,,,,,,,,,,,,,,,,,,,,,,,,,,,,,,,,,,,,,,,,,,,,,,,,,,,,,,,,,,,,,,,,,1.4,,,,,,,,,,,1.86,92.54,,,,,,,,4.2
IE000SC8O430,,,,,,,,,,,,,,,,,,,,11.96,,,,,,,,,,,,,,,,,,,,,,,,,,,,,,,,,,,,,5.04,,,,4.4,,,,,,,,,,,,,,,,,,,,,,,,,,,,,,,,,,,,,,,,,,,,,,,,,,,,,,,,,,,,,,,,,,,78.12,,,,,,,,0.48
IE000SCAG5Q1,,,,,,,,,,,,,,,,,,,,3.26,,1.41,,,,,,,,,,,,,,,,,,,,2.24,,,,,,,,,,,,,,,,,,,,,,,,,,,,,,,,,,,,,,,,,,,,,,,,,,,,,,,,,,,,,,,,,,,,,,,,,,,1.02,,,,,,,,,,4.65,62.61,,,,,,,,24.81
IE000SDFJUU0,,,,,,,,,,,,,,,,,,,,,,,,,,,,,,,,,,,,,,,,,,,,,,,,,,,,,,,,,,,,,,,,,,,,,,,,,,,,,,,,,,,,,,,,,,,,,,,,,,,,,,,,,,,,,,,,,,,,,,,,,,,,,,,,,,,,,,,,
IE000SE6KPV2,,,,,2.6101,1.6588,,,,,2.5755,,,,0.0096,,,,,1.3051,,,0.1908,,,,,0.0188,,2.126,,,,,,,,1.3695,17.2325,,,11.8146,,0.0721,,,,,0.2124,0.0279,,,,,0.8483,,,5.3301,,,2.5596,,,,,,,,,,,,1.0118,,,,,,0.0092,,,,,7.1494,0.0491,,0.9764,,,,,,,,0.0283,1.2338,,,,0.3041,,,,,,,,,,0.0171,,4.9152,,,2.4564,4.1646,,,,,,,,,,,10.7473,17.0103,,,,,,-0.0351,,
IE000SGVQIZ9,,,,,64.16,,,,,,,,,,,,,,,,,,,,,,,,,,,,,,,,,,,,,,,,,,,,16.3,,,,,,,,,,,,,,,,,,,,,,,,,,,,,,,,,,,,2.14,,,,,,,,,,,,,,,,,,,,,,16.33,,,,,,,,,,,,,,,,,,,,,,,,,,,,,1.07
IE000SHR0UX9,,,,,1.85,0.01,,,,,0.2,,,,0.62,,,0.01,,2.89,,0.07,2.62,,,,0.01,0.01,,0.35,,,,,,,,0.24,1.8,,,1.94,,0.07,,,,,0.47,0.06,0.03,1.36,0.09,,0.02,,0.32,0.65,0.01,,5.92,,,,,0.03,,,,,,,0.01,0.01,,0.2,,,0.27,,,,,1.19,0.02,,0.12,,,,,,0.05,0.02,0.08,0.03,,0.11,,0.01,,,0.28,,,,0.48,,,0.42,2.52,0.82,,,0.78,1.32,3.11,,0.13,,,0.04,,,,0.24,2.54,63.24,,,,,0.01,0.29,,
IE000SI9E3I8,,,,,,,,,,,,,,,,,,,,,,,,,,,,,,,,,,,,,,,,,,,,,,,,,,,,,,,,,,,,,,,,,,,,,,,,,,,,,,,,,,,,,,,,,,,,,,,,,,,,,,,,,,,,,,,,,,,,,,,,,,,,,,,,,,,,,,,,
IE000SIZJ2B2,,,,,0.4362,1.4056,,,,,0.3815,,,,,,,,,0.7494,,,,,,,,,,0.4038,,,,,,,,,35.6154,,,19.5239,,0.3535,,,,,,,,,,,0.7989,,,3.5791,,,0.7396,,,,,,,,,,,,0.3996,,,,,,,,,,,2.9728,0.4451,,0.681,,,,,,,,,0.3882,,,,,,,,,,,,,,,,4.569,,,4.0862,2.2844,,,,,,,,,,,4.5704,15.6153,,,,,,0.0009,,
IE000SNCKVM9,,,,,,,,,,,,,,,,,,,,,,,,,,,,,,,,,,,,,,,,,,,,,,,,,,,,,,,,,,,,,,,,,,,,,,,,,,,,,,,,,,,,,,,,,,,,,,,,,,,,,,,,,,,,,,,,,,,,,,,,,,,,,,,,99.98,,,,,,0.02,,
IE000SNLFDR7,,,,,1.1049,0.5247,,,,,0.7797,,,,,,,,,1.6424,,,0.364,,,,,,,2.4712,,,,,,,,1.7428,19.549,,,15.1505,,,,,,,0.1807,0.1268,,,,,0.7497,,,4.1631,,,3.293,,,,,,,,,,,,0.9306,,,,,,,,,,,3.4188,1.0444,,1.4477,,,,,,,,,0.7913,,,,,,,,,,,,,,0.1849,0.1853,5.1144,,,4.4534,2.524,,,,,,,,,,,8.6969,19.5093,,,,,,-0.1435,,
IE000SNMGYT5,,,,,,,,,,,,,,,,,,,,,,,,,,,,,,,,,,,,,,,,,,,,,,,,,,,,,,,,,,,,,,,,,,,,,,,,,,,,,,,,,,,,,,,,,,,,,,,,,,,,,,,,,,,,,,,,,,,,,,,,,,,,,,,,,,,,,,,,
IE000SNWS0L0,,,,,1.456,0.0851,,,,,0.2538,,,,0.3881,,,,,2.8017,,0.0605,2.4745,0.0211,,,,0.0055,,0.3992,,,0.0036,,,,,0.2547,1.9193,,,1.7248,,0.0679,,,,,0.3595,0.044,,1.3048,0.0646,,0.291,,0.2736,0.7899,,,5.1814,,,,,0.0685,,,,,,,,,,0.1084,,,0.2174,,,,,1.3305,0.0423,,0.143,,,,,,0.0557,0.0372,0.1455,0.0495,,0.0625,,,,,0.2998,,,,0.4455,,,0.4002,2.3939,0.8273,,,0.8028,1.7652,3.337,,0.1211,,,0.0496,,,,0.1554,2.9733,63.9201,,,,,,0.0237,,
IE000SOORXS0,,,,,,,,,,,,,,,,,,,,,,,,,,,,,,,,,,,,,,,,,,,,,,,,,,,,,,,,,,,,,,,,,,,,,,,,,,,,,,,,,,,,,,,,,,,,,,,,,,,,,,,,,,,,,,,,,,,,,,,,,,,,,,,,,,,,,,,,
IE000SSFEUS3,,,,,,,,,,,,,,,,,,,,,,,,,,,,,,,,,,,,,,,,,,,,,,,,,,,,,,,,,,,,,,,,,,,,,,,,,,,,,,,0.0009,,,,,,,,,,,,,,,,,,,,,,,,,,,,,,,,,,,,,,,,,,,,,,,,0.0001,99.9988,,,,,,0.0001,,
IE000ST40PX8,,,,,,,,,,,,,,,,,,,,,,,,,,,,,,,,,,,,,,,,,,4.66,,,,,,,,,,,,,,,3.13,,,,4.75,,,,,,,,,,,,,,,,,,,,,,,2.23,,,,,,,,,,,,,,,,,,,,,,,,,,,,,,,,4.37,7.62,,,,,,,,,,,72.98,,,,,,,,0.26
IE000ST59DS4,,,,,,,,,,,,,,,,,,,,,,,,,,,,,,,,,,,,,,,,,,,,,,,,,,,,,,,,,,,,,,,,,,,,,,,,,,,,,,,,,,,,,,,,,,,,,,,,,,,,,,,,,,,,,,,,,,,,,,,,,,,,,,,,,,,,,,,,
IE000ST7KGV2,,,,,,,,,,,,,,,,,,,,,,,,,,,,,,,,,,,,,,,,,,,,,,,,,,,,,,,,,,,,,,,,,,,,,,,,,,,,,,,,,,,,,,,,,,,,,,,,,,,,,,,,,,,,,,,,,,,,,,,,,,,,,,,,,,,,,,,,
IE000STIHQB2,,,,,,,,,,,3.26,,,,,,,,,,,,,,,,,,,4.8,,,,,,,,,7.53,,,21.07,,1.59,,,,,,,1.81,,,,,,,2.34,,,,,,,,,,,,,,,1.21,,,,,,,,,,,1.97,,,,,,,,,,,,,,,,2.17,,,,,,,,,,,,3.23,,,1.39,,,,,,,,,,,,,1.26,,,,,,,,46.37
IE000STJ19F2,,,,,,,,,,,,,,,,,,,,0.8275,,,,,,,,,,,,,,,,,,,,,,,,,,,,,,,,,,,0.274,,,,,,,,,,,,,,,,,,,,,,,,,,,,,1.3572,,,,,,,,,,,,,,,,,,,,,,,0.8791,,,,,,,,,,,,,,,,,,,,1.701,94.5232,0.4376,,,,,0.0004,,
IE000SU1VJ03,,,,,3.4286,0.2773,,,,,0.5154,,,,,,,,,4.3544,,,,,,,,,,0.6537,,,,,,,,0.3595,1.2903,,,1.2772,,,,,,,0.51,,,,,,0.0959,,1.4022,0.8606,,,12.1592,,,,,,,,,,,,,,,,,,,,,,,0.5008,0.1301,,0.8199,,,,,,,,,0.0711,,,,,,,,,,,0.7212,,,,,0.4938,,,1.6341,1.4187,,,,,,,,,,,4.494,62.5318,,,,,,,,
IE000SU7USQ3,,,,,1.8,,,,,,,,,,,,,,,4.83,,,,,,,,,,,,,,,,,,,2.54,,,,,,,,,,,,,,,,,,,,,,3.42,,,,,,,,,,,,,,,,,,,,,,,2.06,,,,,,,,,,,,,,,,,,,,,,,,,,,,,,,,3.31,,,,,,,,,,,2.62,71.27,,,,,,,,8.15
IE000SVXJH05,,,,,,,,,,,,,,,,,,,,3.9439,,,1.0867,,,,,,,,,,,,,,,,,,,,,,,,,,,,,,,,,,,,,,,,,,,,,,,,,,,,,,,,,,,,,4.645,,,,,,,,,,,,,,,,,,,,,,,,,,,,0.8373,,,,,,,,,,,,,,,1.9067,87.5804,,,,,,,,
IE000SWSI2U4,,,,,,,,,,,,,,,,,,,,,,,,,,,,,,,,,,,,,,,,,,,,,,,,,,,,,,,1.46,,,,,,,,,,,,,,,,,,,,,,,,,,,,,,,,,,,,,,,,,,,,,,,,,,,,,,,,,,,,,,,,,,,,,,,,,96.77,,,,,,,,1.77
IE000SWYZ0D5,,,,,,,,,,,,,,,,,,,,,,,,,,,,,,,,,,,,,,,,,,,,,,,,,,,,,,,,,,,,,,,,,,,,,,,,,,,,,,,,,,,,,,,,,,,,,,,,,,,,,,,,,,,,,,,,,,,,,,,,,,,,,,,,,,,,,,,,
IE000SYQFJV2,,,,,4.38,1.58,,,,,4.97,,,,,,,,,5.33,,2.12,,,,,,,,1.47,,,,,,,,,3.39,,,15.77,,,,,,,1.32,,,,1.71,,1.78,,,5.32,,,1.43,,,,,,,,,,,,9.82,,,,,,,,,,,3.67,,,2.1,,,,,,,,,,,,,,,,,,,,,,,,2.06,1.01,,,4.37,1.93,,,,,,,,,,,1.02,10.37,,,,,,,,13.08
IE000T369T05,,,,,,,,,,,,,,,,,,,,,,,,,,,,,,,,,,,,,,,,,,,,,,,,,,,,,,,,,,,,,100.0151,,,,,,,,,,,,,,,,,,,,,,,,,,,,,,,,,,,,,,,,,,,,,,,,,,,,,,,,,,,,,,,,,,,,,,,,,-0.0151,,
IE000T4LTZ00,,,,,1.22,,,,,,,,,,,,,,,2.79,,,2.38,,,,,,,,,,,,,,,,2.41,,,2.27,,,,,,,,,,1.31,,,1.57,,,,,,4.64,,,,,,,,,,,,,,,,,,,,,,,2.02,,,,,,,,,,,,,,,,,,,,,,,,,,,2.93,,,,,2.03,3.33,,,,,,,,,,3.54,61.14,,,,,,,,6.42
IE000T52YWD9,,,,,,,,,,,,,,,,,,,,,,,,,,,,,,,,,,,,,,,,,,,,,,,,,,,,,,,,,,,,,,,,,,,,,,,,,,,,,,,,,,,,,,,,,,,,,,,,,,,,,,,,,,,,,,,,,,,,,,,,,,,,,,,,,,,,,,,,
IE000T5R61X5,,,,,0.02,,,,,,,,,,0.09,,,,,,,,,,,,,,,,,,,,,,,,,,,,,,,,,,,,,,,,,,,,,,,,,,,,,,,,,,,,,,,,,,,,,0.15,,,,,,,,,,,,,,,,,,,,,,,,,,,,,,,,0.08,,,0.02,,,,,,,,0.08,99.45,,,,,,0.12,,
IE000T62NEO6,,,,,,,,,,,,,,,,,,,,,,,,,,,,,,,,,,,,,,,,,,,,,,,,,,,,,,,,,,,,,,,,,,,,,,,,,,,,,,,,,,,,,,,,,,,,,,,,,,,,,,,,,,,,,,,,,,,,,,,,,,,,,,,,,,,,,,,,
IE000T8E6SX8,,,,,0.0001,,,,,,,,,,,,,,,,,,,,,,,,,,,,,,,,,,,,,,,,,,,,,,,,,,0.0917,,,,,,,,,,,,,,,,,,,,,,,,0.0045,,,,,,,,,,,,,,,,,,,,,,,,,,,,,,,,,,,,,0.0005,,,,,,,,,,,0.0132,99.883,,,,,,0.007,,
IE000T8QD852,,,,,,,,,,,,,,,,,,,,,,,,,,,,,,,,,,,,,,,,,,,,,,,,,,,,,,,,,,,,,,,,,,,,,,,,,,,,,,,,,,,,,,,,,,,,,,,,,,,,,,,,,,,,,,,,,,,,,,,,,,,,,,,,,,,,,,,,
IE000T9EOCL3,,,,,3.2542,0.2358,,,,,0.4895,,,,,,,,,4.3723,,,,,,,,,,0.5567,,,,,,,,0.437,1.3163,,0.0008,1.1587,,0.0138,,,,,0.536,,,,,,0.1536,,1.4663,0.6983,,,12.0546,,,,,,,,,,,,,,,,,,,,,,,0.8156,0.1471,,1.0926,,,,,,,,,0.1279,,,,,,,,,,,0.813,,,,,0.4697,,,1.5539,1.5107,,,,,,,,,,,4.364,62.2801,,,,,,0.0817,,
IE000T9NSP89,,,,,0.7497,,,,,,,,,,0.5301,,,0.6043,0.3763,4.0472,,,,1.559,,,,,0.5396,0.7053,,,,,,,,,,,,0.6114,,0.3552,,,,,,,,,0.5623,,0.4195,,,,,,2.529,,,,,,,,,,,,0.4722,,,,,,0.8838,,,,,,,0.5478,0.4508,,,,,,,,,,,,,,,,,,,,,,,0.7286,,,,,,,,0.8192,,,,0.5409,,,,,1.2244,80.2233,,,,,0.5201,,,
IE000TAA0GK0,,,,,,,,,,,,,,,,,,,,,,,,,,,,,,,,,,,,,,,,,,,,,,,,,,,,,,,,,,,,,,,,,,,,,,,,,,,,,,,,,,,,,,,,,,,,,,,,,,,,,,,,,,,,,,,,,,,,,,,,,,,,,,,,,,,,,,,,
IE000TAV7246,,,,,,,,,,,,,,,,,,,,,,,,,,,,,,,,,,,,,,,,,,,,,,,,,,,,,,,,,,,,,,,,,,,,,,,,,,,,,,,,,,,,,,,,,,,,,,,,,,,,,,,,,,,,,,,,,,,,,,,,,,,,,,,,67.26,,,,,,,,32.74
IE000TB15RC6,,,,,1.57,,,,,,,,,,,,,,,3.3,,,,,,,,,,,,,,,,,,,2.11,,,2.11,,,,,,,,,,,,,,,,,,,5.49,,,,,,,,,,,,,,,,,,,,,,,1.84,,,,,,,,,,,,,,,,,,,,,,,,,,,,,,,,2.69,,,,,,,,,,,3.52,70.25,,,,,,,,7.12
IE000TD32PU3,,,,,,,,,,,,,,,,,,,,,,,,,,,,,,,,,,,,,,,,,,,,,,,,,,,,,,,,,,,,,,,,,,,,,,,,,,,,,,,,,,,,,,,,,,,,,,,,,,,,,,,,,,,,,,,,,,,,,,,,,,,,,,,,11.53,,,,,,,,88.47
IE000TD3TI26,,,,,,,,,,,,,,,,,,,,,,,,,,,,,,,,,,,,,,,,,,,,,,,,,,,,,,,2.56,,,,,,,,,,,,,,,,,,,,,,,,,,,,,1.14,,,,,,,,,,,,,,,,,,,,,,,,,,,,,,,,,,,,,,,,,,,,93.67,,,,,,,,2.63
IE000TG1LGI4,,,,,1.36,,,,,,,,,,,,,,,3.4,,,,,,,,,,,,,,,,,,,2.77,,,1.13,,,,,,,,,,,,,1.24,,,,,,5.92,,,,,,,,,,,,,,,,,,,,,,,2.47,,,,,,,,,,,,,,,,,,,,,,,,,,,,,,,,2.36,,,,,,,,,,,3.87,69.97,,,,,,,,5.51
IE000TGCBXG8,,,,,,,,,,,,,,,,,,,,,,,,,,,,,,,,,,,,,,,,,,,,,,,,,,,,,,,,,,,,,,,,,,,,,,,,,,,,,,,,,,,,,,,,,,,,,,,,,,,,,,,,,,,,,,,,,,,,,,,,,,,,,,,,,,,,,,,,
IE000TGSG3Y5,,,,,,,,,,,,,,,,,,,,,,,,,,,,,,,,,,,,,,,,,,,,,,,,,,,,,,,,,,,,,,,,,,,,,,,,,,,,,,,,,,,,,,,,,,,,,,,,,,,,,,,,,,,,,,,,,,,,,,,,,,,,,,,,,,,,,,,,
IE000TI21P14,,,,,,0.68,,,,,1.99,,,,,,,,,,,0.78,0.67,,,,,,,2.54,,,,,,,,3.41,9.54,,,11.77,,,,,,,0.24,,,,,,1.29,,,7.69,0.37,,,,,,,,,,,,,,0.35,,,,,,,,,,,8.5,,,1.98,,,,,,,,0.23,0.11,,,,,,,,,,,0.29,,,,,5.4,,,7.02,11.77,,,,,,,,,,,15.86,7.5,,,,,,,,
IE000TIZ5AP4,,,,,,,,,,,,,,,,,,,,,,,,,,,,,,,,,,,,,,,,,,,,,,,,,,,,,,,,,,,,,,,,,,,,,,,,,,,,,,,,,,,,,,,,,,,,,,,,,,,,,,,,,,,,,,,,,,,,,,,,,,,,,,,,,,,,,,,,
IE000TMJDGV1,,,,,,,,,,,,,,,,,,,,,,,,,,,,,,,,,,,,,,,,,,,,,,,,,,,,,,,,,,,,,,,,,,,,,,,,,,,,,,,,,,,,,,,,,,,,,,,,,,,,,,,,,,,,,,,,,,,,,,,,,,,,,,,,100.0,,,,,,,,
IE000TT7HZ88,,,,,1.8,,,,,,,,,,,,,,,4.83,,,,,,,,,,,,,,,,,,,2.54,,,,,,,,,,,,,,,,,,,,,,3.42,,,,,,,,,,,,,,,,,,,,,,,2.06,,,,,,,,,,,,,,,,,,,,,,,,,,,,,,,,3.31,,,,,,,,,,,2.62,71.27,,,,,,,,8.15
IE000TVZKNN6,,,,,1.5457,0.9356,,,,,,,,,,,,,,10.2039,,,,,,,,,,,,,,,,,,0.905,6.2212,,,,,,,,,,,,,,,,,,,0.9105,,,1.8154,,,,,,,,,,,,,,,,,,,,,,,,,,3.718,,,,,,,,,0.8006,,,,,,,,,,,,,,,,1.71,,,0.0001,,,,,,,,,,,,9.5537,61.6153,,,,,,0.0652,,
IE000TWAN2K7,,,,,,,,,,,,,,,,,,,,,,,,,,,,,,,,,,,,,,,,,,,,,,,,,,,,,,,,,,,,,,,,,,,,,,,,,,,,,,,,,,,,,,,,,,,,,,,,,,,,,,,,,,,,,,,,,,,,,,,,,,,,,,,,,,,,,,,,100.0
IE000TY854T9,,,,,,,,,,,,,,,,,,,,,,,,,,,,,,,,,,,,,,,,,,,,,,,,,,,,,,,,,,,,,100.0348,,,,,,,,,,,,,,,,,,,,,,,,,,,,,,,,,,,,,,,,,,,,,,,,,,,,,,,,,,,,,,,,,,0.1575,0.0004,,,,,,-0.1926,,
IE000TYGG0N6,,,,,2.31,,,,,,,,,,,,,,,2.73,,,,,,,,,,,,,,,,,,,2.08,,,1.23,,,,,,,,,,,,,,,,,,,4.9,,,,,,,,,,,,,,,,,,,,,,,2.07,,,,,,,,,,,,,,,,,,,,,,,,,,,,,,,,2.28,,,,,,,,,,,4.11,73.0,,,,,,,,5.29
IE000TZ4SIN6,,,,,2.07,0.23,,,,,0.35,,0.12,,0.05,,,,,3.07,,0.06,0.07,,,,,,,0.82,,,,,,,,0.55,2.23,,,1.24,,,,,,,0.38,,,,,,0.4,,0.06,0.81,,,6.1,,,,,,,,,,,,0.14,,,,,,0.14,,,,,1.5,,,0.37,,,,,,,,,,,,,,,,,,,,0.16,,,,,1.7,,,0.33,0.87,,,,,,,,,,,2.61,73.54,,,,,,0.04,,
IE000TZOB1X7,,,,,,,,,,,,,,,,,,,,,,,,,,,,,,,,,,,,,,,1.53,,,,,,,,,,,,,,,,1.74,,,1.63,,,,,,,,,,,,,,,,,,,,,,,,,,1.78,,,,,,,,,,,,,,,,,,,,,,,,,,,,,,,,1.04,,,,,,,,,,,4.47,33.05,,,,,,,,54.76
IE000TZT3JJ0,,,,,,,,,,,,,,,,,,,,,,,,,,,,,,,,,,,,,,,,,,,,,,,,,1.17,,,,,,1.68,,,,,,,,,,,,,,,,,,,,,,,,,,,,,,,,,,,,,,,,,,,,,,,,,,,,,,,,,,,,,2.67,,,,,,,,,,,91.85,,,,,,,,,2.63
IE000TZT8TI0,,,,,,,,,,,,,,,3.213,,,,,,0.1638,0.6514,27.1394,0.4615,,,,0.0753,,,,,,,,,,,,,,,,0.6544,,,,,0.1169,0.378,,,0.9792,,0.7835,,,,,,,,,,,,,,,,,,,,,1.5136,,,1.8301,,,,,,,,,,,,,,,0.5609,,,,0.5168,,,,,,,,,0.0061,,,2.8187,21.9062,,,,,0.2582,31.2554,,1.6389,,,0.9939,0.0379,,,1.9953,,0.0314,,,,,,,,0.0202
IE000U07IGB1,,,,,0.52,,,,,,,,,,3.75,,,,,,,0.57,19.75,0.16,,,,0.1,,,,,0.28,,,,,,,,,,,0.45,,,,,0.11,0.35,,10.38,0.07,,,,,,,,,,,,,0.58,,,,,,,,,,1.46,,,2.42,,,,,,,,,,,,,,0.07,0.32,1.58,,,,,,,,2.52,,,,,,,3.47,21.88,,,,,,26.97,,1.42,,,0.36,,,,,,0.24,,,,,,0.21,,
IE000U1MQKJ2,,,,,0.4999,0.0479,,,,,,,,,,,,,,1.2196,,,,,,,,,,1.187,,,,,,,,0.6404,,,,1.5438,,,,,,,0.8247,,,,,,0.1342,,0.1112,0.5071,,,4.2963,,,,,,,,,,,,,,,,,,,,,,,3.4575,0.0037,,0.066,,,,,,,,,,,,,,,,,,,,0.175,,,,,1.051,,,0.1156,6.6636,,,,,,,,,,,5.0209,72.4286,,,,,,0.006,,
IE000U3XZQN5,,,,,,0.7455,,,,,1.1142,,,,,,,,,,,,,,,,,,,3.1249,,,,,,,,2.5243,16.2808,,,12.6036,,,,,,,,,,,,,0.9745,,,4.1287,,,,,,,,,,,,,,,,,,,,,,,,,,10.0133,,,1.2185,,,,,,,,,0.2877,,,,,,,,,,,,,,,,4.7875,,,5.746,14.7676,,,,,,,,,,,21.3859,0.0222,,,,,,0.2749,,
IE000U58J0M1,,,,,,0.5602,,,,,,,,,5.9903,,,,,1.2365,,0.3286,22.5295,,,,,,,5.8788,,,,,,,,,0.0272,,,2.2124,,,,,,,0.0285,,,5.2409,0.4277,,,,3.2568,0.3727,,,2.7945,,,,,,,,,,,,,,,,,,,,,,,,0.5524,,0.0018,,,,,,,,,3.6188,,,,,,,,,,,,,,,1.8033,1.3772,,,0.0004,0.0032,1.6662,,0.2535,,,0.767,,,,,0.9103,38.1621,,,,,,-0.001,,
IE000U5MJOZ6,,,,,,,,,,,,,,,,,,,,,,,,,,,,,,,,,,,,,,,,,,,,,,,,,,,,,,,5.19,,,,,,,,,,,,,,,,,,,,,,,,,,,,,,,,,,,,,,,,,,,,,,,,,,,,,,,,,,,,,,,,,,,,,,,,,90.17,,,,,,,,4.64
IE000U6ABUJ7,,,,,,,,,,,,,,,,,,,,,,,,,,,,,,,,,,,,,,,,,,,,,,,,,,,,,,,,,,,,,,,,,,,,,,,,,,,,,,,,,,,,,,,,,,,,,,,,,,,,,,,,,,,,,,,,,,,,,,,,,,,,,,,,99.89,,,,,,,,0.11
IE000U6US1Q0,0.0024,,,,1.7802,0.5625,0.0029,,,,0.7782,,0.0158,,0.038,,0.0271,,,3.6975,,0.2125,10.5387,,,0.0283,0.0169,0.1711,,0.4575,,,,,0.0024,,,0.3739,4.9639,,,5.0757,,0.1224,,,0.0019,,0.2356,0.2018,,0.0453,0.488,,2.7511,,0.2676,2.8489,,,7.8494,,,0.017,,0.043,,0.0232,,,,0.0333,0.1224,,,0.4002,,,0.6149,,,,,1.3765,0.2622,,0.4038,0.0252,,0.0447,,0.0087,0.1137,0.0903,0.4811,0.2644,,0.1036,,0.2244,,,0.3036,,,,0.3197,0.0852,0.0347,0.0229,1.148,1.9967,,,0.7436,0.9114,0.0267,,0.3247,,,,,,,0.2865,4.3938,37.7706,0.026,,,,,0.3364,3.0598,
IE000U7L59A3,,,,,,,,,,,,,,,,,,,,,,,,,,,,,,,,,,,,,,,,,,,,,,,,,,,,,,,0.2183,,,,,,,,,,,,,,,,,,,,,,,,,,,,,,,,,,,,,,,,,,,,,,,,,,,,,,,,,,,,,,,,,,,,,,,,0.0082,99.7733,,,,,,0.0001,,
IE000U7LIXH5,,,,,,,,,,,,,,,,,,,,,,,,,,,,,,,,,,,,,,,,,,,,,,,,,,,,,,,97.67,,,,,,,,,,,,,,,,,,0.84,,,,,,,,,,,3.28,,,,,,,,,,,,,,,,,,,,,,,,,,,,,,,,,,,,,,,,,,,,0.65,,,,,,-2.43,,
IE000U882CN5,,,,,,,,,,,,,,,,,,,,,,,,,,,,,,,,,,,,,,,,,,,,,,,,,,,,,,,,,,,,,,,,,,,,,,,,,,,,,,,,,,,,,,,,,,,,,,,,,,,,,,,,,,,,,,,,,,,,,,,,,,,,,,,,59.83,,,,,,,,40.17
IE000U9J8HX9,,,,,,,,,,,,,,,,,,,,,,,,,,,,,,,,,,,,,,,,,,,,,,,,,,,,,,,,,,,,,,,,,,,,,,,,,,,,,,,,,,,,2.31,,,,,,,,,,,,,,,,,,,,,,,,,,,,,,,,,,,,,,,,,,,1.28,91.61,,,,,,,,4.8
IE000U9ODG19,,,,,0.1003,,,,,,,,,,,,,,,1.5912,,,,,,,,,,,,,,,,,,,13.0704,,,4.2231,,,,,,,,,,,,,,,1.0128,1.2823,,,0.0772,,,,,,,,,,,,,,,,,,,,,,,,,,0.6825,,,,,,,,,,,,,,,,,,,,0.5948,,,,2.1181,,,,1.0601,,,,,,,,,,,,12.4453,61.7586,,,,,,-0.0167,,
IE000UBAW7M3,,,,,,,,,,,,,,,,,,,,,,,,,,,,,,,,,,,,,,,,,,,,,,,,,,,,,,,1.14,,,,,,,,,,,,,,,,,,,,,,,,,,,,,,,,,,,,,,,,,,,,,,,,,,,,,,,,,,,,,,,,,,,,,,,,,97.8,,,,,,,,1.06
IE000UBGUJP8,,,,,,,,,,,,,,,,,,,,,,,,,,,,,,,,,,,,,,,,,,,,,,,,,,,,,,,,,,,,,,,,,,,,,,,,,,,,,,,,,,,,,,,,,,,,,,,,,,,,,,,,,,,,,,,,,,,,,,,,,,,,,,,,,,,,,,,,
IE000UDFKE13,,,,,25.85,,,,,,,,,,7.73,,,,,15.7,,,1.46,,,,,,,,,,,,,,,,,,,,,,,,,,,,,,,,,,,,,,,,,,,,,,,,,,,,,,,,5.76,,,,,,,,,,,,,,1.32,,2.13,,,,,,,,,,,,,,,,,,,,,,,,,,,,,,,,18.23,18.28,,,,,,,,3.54
IE000UDUSCI9,,,,,,,,,,,,,,,,,,,,,,,,,,,,,,,,,,,,,,,,,,,,,,,,,,,,,,,,,,,,,,,,,,,,,,,,,,,,,,,,,,,,,,,,,,,,,,,,,,,,,,,,,,,,,,,,,,,,,,,,,,,,,,,,,,,,,,,,
IE000UDV9YG1,,,,,,2.131,,,,,,,,,,,,,,,,,,,,,,,,,,,,,,,,2.8772,17.5899,,,,,,,,,,,,,,,,,,,10.7476,,,,,,,,,,,,,,,,,,,,,,,,,,,,,8.5864,,,,,,,,,1.8532,,,,,,,,,,,,,,,,6.4132,,,0.0019,,,,,,,,,,,,49.6532,0.5323,,,,,,-0.3858,,
IE000UERNJ93,,,,,,,,,,,,,,,,,,,,,,,,,,,,,,,,,,,,,,,,,,,,,,,,,,,,,,,,,,,,,,,,,,,,,,,,,,,,,,,,,,,,,,,,,,,,,,,,,,,,,,,,,,,,,,,,,,,,,,,,,,,,,,,,,,,,,,,,
IE000UFAX9L6,,,,,1.4,,,,,,,,,,,,,,,2.68,,,,,,,,,,,,,,,,,,,3.6,,,2.84,,,,,,,,,,,,,,,,,,,6.4,,,,,,,,,,,,,,,,,,,,,,,1.31,,,,,,,,,,,,,,,,,,,,,,,,,,,,,,,1.17,1.8,,,,,,,,,,,3.08,71.45,,,,,,,,4.27
IE000UIPBPY3,,,,,,2.3236,,,,,1.0519,,0.3471,,,,,,,1.9915,,,,,,,,,,0.3592,,,,,,,,,5.8085,,,6.6547,,,,,,,,,,,,,2.3861,,,2.8384,,,2.8674,,,,,,,,,,,,3.0243,,,,,,,,,,,1.3552,,,0.3334,,,,,,,,,1.1992,,,,,,,,,,,,,,,0.3271,7.6392,,,0.2955,1.3008,,,,,,,,,,,10.6443,47.2526,,,,,,,,
IE000UJC4MR1,,,,,1.85,0.01,,,,,0.2,,,,0.62,,,0.01,,2.89,,0.07,2.62,,,,0.01,0.01,,0.35,,,,,,,,0.24,1.8,,,1.94,,0.07,,,,,0.47,0.06,0.03,1.36,0.09,,0.02,,0.32,0.65,0.01,,5.92,,,,,0.03,,,,,,,0.01,0.01,,0.2,,,0.27,,,,,1.19,0.02,,0.12,,,,,,0.05,0.02,0.08,0.03,,0.11,,0.01,,,0.28,,,,0.48,,,0.42,2.52,0.82,,,0.78,1.32,3.11,,0.13,,,0.04,,,,0.24,2.54,63.24,,,,,0.01,0.29,,
IE000UJSC3C9,,,,,0.1826,1.4571,,,,,1.5247,,,,,,,,,,,,0.2987,,,,,,,1.6859,,,,,,,,1.1522,21.1335,,,15.6446,,1.2064,,,,,,,,,,,1.7966,,,8.0392,,,5.0281,,,,,,,,,,,,2.6948,,,,,,,,,,,3.137,0.1324,,0.567,,,,,,,,,0.6881,,,,,,,,,,,,,,0.1942,,3.3141,,,3.8165,0.875,,,,,,,,,,,8.4433,16.9819,,,,,,0.0064,,
IE000UKN7GP4,,,,,,,,,,,,,,,,,,,,,,,,,,,,,,,,,,,,,,,,,,,,,,,,,,,,,,,,,,,,,,,,,,,,,,,,,,,,,,,,,,,,,,,,,,,,,,,,,,,,,,,,,,,,,,,,,,,,,,,,,,,,,,,,,,,,,,,,
IE000UL6CLP7,,,,,,,,,,,,,,,,,,,,55.09,,,,,,,,,,,,,,,,,,,,,,,,,,,,,,,,,,,,,,,,,,,,,,,,,,,,,,,,,,,10.56,,,,,,,,,,,,,,3.77,,,,,,,,,,,,,,,,,,2.42,,,,,,,,,,,,,,,,1.39,24.37,,,,,,,,2.4
IE000UL7AOT5,,,,,,,,,,,,,,,,,,,,,,,,,,,,,,,,,,,,,,,,,,,,,,,,,,,,,,,,,,,,,,,,,,,,,,,,,,,,,,,,,,,,,,,,,,,,,,,,,,,,,,,,,,,,,,,,,,,,,,,,,,,,,,,,,,,,,,,,
IE000UM3HMI5,,,,,,1.29,,,,,3.12,,,,,,,,,,,,,,,,,,,,,,,,,,,4.03,21.53,,,25.89,,,,,,,,,,,,,1.46,,,10.1,,,,,,,,,,,,,,,,,,,,,,,,,,16.56,,,,,,,,,,,,,,,,,,,,,,,,,,,,13.25,,,,,,,,,,,,,,,,,,,,,,,,2.77
IE000UOXRAM8,,,,,1.44,0.02,,,,,0.08,,,,0.11,,,0.02,,2.14,,0.05,0.03,,,,,,0.01,0.51,,,,,,,,0.25,0.84,,,0.97,,,,,,,0.08,,,,,,0.06,,,0.26,0.02,,4.7,,,,,,,,,,,,,,,,,,0.01,,,,,1.41,0.07,,0.06,,,,,,,,,,,,,,,,,,,,0.1,,,,3.37,0.22,,,0.65,1.68,,,0.02,,,0.01,,,,,1.43,79.27,,,,,,0.09,,
IE000UQLOH05,,,,,1.12,,,,,,,,,,,,,,,,,,,,,,,,,1.79,,,,,,,,,14.21,,,8.93,,,,,,,,,,,,,1.27,,,3.03,,,1.11,,,,,,,,,,,,,,,,,,,,,,,4.96,,,,,,,,,,,,,,,,,,,,,,,,,,,,4.57,,,1.83,2.98,,,,,,,,,,,6.24,14.01,,,,,,,,33.95
IE000UQND7H4,,,,,1.58,,,,,,,,,,,,,,,3.33,,,,,,,,,,,,,,,,,,,2.15,,,2.1,,,,,,,,,,,,,,,,,,,5.68,,,,,,,,,,,,,,,,,,,,,,,1.84,,,,,,,,,,,,,,,,,,,,,,,,,,,,,,,,2.69,,,,,,,,,,,3.57,70.49,,,,,,,,6.57
IE000US24HF4,,,,,,,,,,,,,,,,,,,,,,,,,,,,,,,,,,,,,,,,,,,,,,,,,,,,,,,1.52,,,,,,,,,,,,,,,,,,,,,,,,,,,,,,,,,,,,,,,,,,,,,,,,,,,,,,,,,,,,,,,,,,,,,,,,,96.18,,,,,,,,2.3
IE000USQ2N65,,,,,,,,,,,,,,,,,,,,1.27,,,,,,,,,,,,,,,,,,,,,,2.05,,,,,,,,,,,,,,,,,,,,,,,,,,,,,,,,,,,,,,,,,,1.22,,,,,,,,,,,,,,,,,,,,,,,,,,,,,,,,,,,,,,,,,,,3.5,33.83,,,,,,,,58.13
IE000UU299V4,,,,,,,,,,,,,,,,,,,,,,,,,,,,,,,,,,,,,,,,,,,,,,,,,,,,,,,,,,,,,100.0,,,,,,,,,,,,,,,,,,,,,,,,,,,,,,,,,,,,,,,,,,,,,,,,,,,,,,,,,,,,,,,,,,,,,,,,,,,
IE000UU89RZ0,,,,,3.1,,,,,,7.6,,,,,,,,,,,,,,,,,,,,,,,,,,,,2.1,,,3.72,,,,,,,,,,,,,,,,13.46,,,5.47,,,,,,,,,,,,3.13,,,,,,,,,,,1.34,,,,,,,,,,,,,,,,,,,,,,,,,,,,2.29,,,,,,,,,,,,,,,4.49,23.85,,,,,,,,29.45
IE000UWJUW87,,,,,,,,,,,,,,,,,,,,,,,,,,,,,,,,,,,,,,,,,,,,,,,,,,,,,,,,,,,,,,,,,,,,,,,,,,,,,,,,,,,,,,,,,,,,,,,,,,,,,,,,,,,,,,,,,,,,,,,,,,,,,,,,,,,,,,,,
IE000UX5WPU4,,,,,2.2046,1.4751,,,,,2.6144,,0.1033,,,,,,,1.1225,,,0.3753,,,,,0.8977,,2.3075,,,,,0.0332,,,0.6587,19.8554,,,11.4606,,0.8501,,,,,0.0628,0.1869,,,0.0275,,1.6906,,,6.3307,,,1.8747,,,,,,,,,,,,2.1638,,,,,,,,,,,5.8255,0.0321,,0.4563,,,,,,,,0.5115,0.4694,,0.048,,0.4096,,,,,,,,0.0908,0.0665,0.1361,0.0325,5.959,,,2.105,2.0062,0.0318,,,,,,,,,0.0936,9.3766,16.0768,,,,,,,,-0.0226
IE000UXDT343,,,,,,,,,,,,,,,,,,,,,,,,,,,,,,,,,,,,,,,,,,,,,,,,,,,,,,,,,,,,,,,,,,,,,,,,,,,,,,,,,,,,,,,,,,,,,,,,,,,,,,,,,,,,,,,,,,,,,,,,,,,,,,,,59.83,,,,,,,,40.17
IE000UXI85C0,,,,,,,,,,,,,,,,,,,,,,,,,,,,,,,,,,,,,,,,,,,,,,,,,,,,,,,,,,,,,,,,,,,,,,,,,,,,,,,,,,,,,,,,,,,,,,,,,,,,,,,,,,,,,,,,,,,,,,,,,,,,,,,,,,,,,,,,100.0
IE000UY6XF65,,,,,1.069,0.3346,,,,,,,0.7532,,,,,,,,,,,,,,,,,2.7846,,,,,,,,1.5666,22.4622,,,10.1093,,,,,,,,,,,,,0.0634,,,6.4565,,,3.6328,,,,,,,,,,,,1.6686,,,,,,,,,,,6.1334,,,,,,,,,,,,,,,,,,,,,,,,,,,,5.9189,,,1.6152,1.04,,,,,,,,,,,8.3009,26.0818,,,,,,0.009,,
IE000UYVEVN3,,,,,,,,,,,,,,,,,,,,0.4403,,,,,,,,,,,,,,,,,,,,,,,,,,,,,,,,,,,,,,,,,,,,,,,,,,,,,,,,,,,,,,,,,,,,,,,,,,,,,,,,,,,,,,,,,,,,,,,,,,,,,,,,,,,,99.5597,,,,,,,,
IE000UZIKD07,,,,,1.41,,,,,,,,,,,,,,,4.21,,,,,,,,,,,,,,,,,,,2.44,,,1.76,,,,,,,1.01,,,,,,1.42,,,1.11,,,5.01,,,,,,,,,,,,,,,,,,,,,,,2.44,,,,,,,,,,,,,,,,,,,,,,,,,,,,,,,,2.95,,,,,,,,,,,3.11,67.78,,,,,,,,5.35
IE000UZO4IC7,,,3.93,,,,,,,,,,,,2.77,,,,,,,2.21,,3.02,1.13,,,,,,,,1.19,,,,,,,,,,,,,1.67,,,,3.4,,,1.31,,,,,,,1.09,,1.57,,,,1.06,,,,,,,1.43,,,,,,8.39,,,,1.11,,,,,1.17,1.06,2.25,,,2.56,,1.06,,,,,1.09,,,1.06,,1.07,,,,,2.64,,,,,,,,,,,,5.3,,,,,,,,2.24,2.56,,,,,40.66
IE000UZTA1X0,,,,,,,,,,,,,,,,,,,,,,,,,,,,,,,,,,,,,,,,,,,,,,,,,,,,,,,1.64,,,,,,,,,,,,,,,,,,,,,,,,,,,,,,,,,,,,,,,,,,,,,,,,,,,,,,,,,,,,,,,,,,,,,,,,,97.94,,,,,,,,0.42
IE000UZZ5D45,,,,,3.3241,0.2065,,,,,0.5799,,,,,,,,,4.7215,,,,,,,,,,0.5322,,,,,,,,0.4681,1.1819,,,1.1007,,,,,,,0.4778,,,,,,0.0893,,1.4316,0.5233,,,11.8864,,,,,,,,,,,,,,,,,,,,,,,0.8949,0.2516,,1.4672,,,,,,,,,0.1444,,,,,,,,,,,0.884,,,,,0.3364,,,1.38,1.7968,,,,,,,,,,,4.5864,61.7352,,,,,,,,
IE000UZZ5SU2,,,,,,,,,,,,,,,,,,,,,,,,,,,,,,,,,,,,,,,,,,,,,,,,,,,,,,,,,,,,,,,,,,,,,,,,,,,,,,,,,,,,,,,,,,,,,,,,,,,,,,,,,,,,,,,,,,,,,1.65,,,,,,,,,,,93.57,,,,,,,,4.78
IE000V0Q8BV4,,,,,,,,,,,,,,,,,,,,,,,,,,,,,,,,,,,,,,,,,,,,,,,,,,,,,,,,,,,,,,,,,,,,,,,,,,,,,,,,,,,,,,,,,,,,,,,,,,,,,,,,,,,,,,,,,,,,,,,,,,,,,,,,,,,,,,,,100.0
IE000V3AQGW3,,,,,,,,,,,,,0.4204,,,,,,,0.1227,,,,,,,,,,,,,,,,,,,,,,,,,,,,,,,,,,,1.3298,,,,,,,,,,,,,,,,,,,,,,,,,,,,,,,,,,,,,,,,,,,,,,,,,,,,0.3622,,,,,,,,,0.1196,,,,,,,,,,,,97.614,,,,,,0.0313,,
IE000V4JSM06,,,,,3.26,,,,,,,,,,2.2,,,,,,,,5.28,,,,,,,,,,,,,,,,1.92,,,5.03,,,,,,,,,,,,,4.91,,,1.86,,,4.58,,,,,,,,,,,,,,,,,,,,,,,5.5,,,,,,,,,,,,,,,,,,,,,,,,,,,1.03,3.2,,,4.26,,4.71,,,,,,,,,,4.04,45.72,,,,,,,,2.5
IE000V6KDJC9,,,,,1.36,,,,,,,,,,,,,,,3.4,,,,,,,,,,,,,,,,,,,2.77,,,1.13,,,,,,,,,,,,,1.24,,,,,,5.92,,,,,,,,,,,,,,,,,,,,,,,2.47,,,,,,,,,,,,,,,,,,,,,,,,,,,,,,,,2.36,,,,,,,,,,,3.87,69.97,,,,,,,,5.51
IE000V73IL86,,,,,,,,,,,,,,,,,,,,,,,,,,,,,,,,,,,,,,,,,,,,,,,,,,,,,,,,,,,,,,,,,,,,,,,,,,,,,,,,,,,,,,,,,,,,,,,,,,,,,,,,,,,,,,,,,,,,,,,,,,,,,,,,,,,,,,,,
IE000V93BNU0,,,,,1.93,0.1,,,,,0.4,,,,1.41,,,,,3.13,,,0.53,,,,,,0.14,1.02,,,,,,,,0.46,1.91,,,1.6,,,,,,,0.98,,,,,,,,0.26,1.37,,,5.63,,,,,,,,,,,,0.11,,,,,,,,,,,0.83,0.12,,0.34,,,,,,,,0.1,,,,,,,,,,,,0.83,,,,,1.15,,,1.4,2.2,,,,,,,,,,,2.84,69.2,,,,,,,,
IE000VA628D5,,,,,,,,,,,,,,,,,,,,,,,,,,,,,,,,,,,,,,,,,,,,,,,,,,,,,,,,,,,,,,,,,,,,,,,,,,,,,,,,,,,,,,,,,,,,,,,,,,,,,,,,,,,,,,,,,,,,,,,,,,,,,,,0.0013,99.9984,,,,,,0.0003,,
IE000VAZZYM3,,,,,,,,,,,,,,,,,,,,,,,,,,,,,,,,,,,,,,,,,,,,,,,,,,,,,,,2.88,,,,,,,,,,,,,,,,,,,,,,,,,,,,,,,,,,,,,,,,,,,,,,,,,,,,,,,,,,,,,,,,,,,,,,,,,97.97,,,,,,,,
IE000VCTBRW6,,,,,0.5847,,,,,,,,,,,,,,,2.5985,,,0.166,,,,,0.0327,,0.9021,,,,,,,,0.4575,5.4696,,,5.739,,,,,,,0.4368,,,,,,4.0311,,0.2075,0.6524,,,12.0686,,,,,,,,,,,,,,,,,,,,,,,1.8492,0.0873,,0.1402,,,,,,,,0.0426,,,,,,,,,,,,0.4081,,,,,0.4343,,,3.3316,2.5043,,,,,,,,,,,4.529,53.2882,,,,,,,,0.0388
IE000VCYXLY9,,,,,,,,,,,,,,,,,,,,,,,,,,,,,,,,,,,,,,,,,,,,,,,,,,,,,,,,,,,,,,,,,,,,,,,,,,,,,,,,,,,,,,,,,,,,,,,,,,,,,,,,,,,,,,,,,,,,,,,,,,,,,,,,,,,,,,,,
IE000VDH1PG3,,,,,,,,,,,,,,,,,,,,,,,,,,,,,,,,,,,,,,,3.63,,,,,,,,,,,,,,,,,,,4.04,,,4.92,,,,,,,,,,,,1.18,,,,,,,,,,,,,,,,,,,,,,,,,,,,,,,,,,,,,,,,,,,,,,,,,,,,,,1.28,62.77,,,,,,,,22.18
IE000VDI16Q5,,,,,0.51,1.42,,,,,2.83,,,,0.2,,,,,,,0.25,0.23,,,,,0.27,,3.48,,,,,,,,3.13,12.47,,,12.56,,,,0.27,,,0.22,,,,,,1.42,,,6.47,0.25,,,,,,,,,,,,,,0.88,,,,,,0.25,,,,,5.48,,0.24,2.57,,,,,,,,0.25,1.03,,,,,,,,,,,0.2,,,0.27,0.29,5.29,,,9.16,8.47,,,,,,,,,,,14.08,5.57,,,,,,,,
IE000VG2WCW5,,,,,,,,,,,,,,,,,,,,,,,,,,,,,,,,,,,,,,,,,,,,,,,,,,,,,,,,,,,,,,,,,,,,,,,,,,,,,,,,,,,,,,,,,,,,,,,,,,,,,,,,,,,,,,,,,,,,,,,,,,,,,,,,,,,,,,,,
IE000VH3JSL8,,,,,,1.07,,,,,2.68,,,,,,,,,,,,,,,,,,,,,,,,,,,3.34,24.52,,,23.68,,,,,,,,,,,,,1.01,,,9.31,,,,,,,,,,,,,,,,,,,,,,,,,,18.89,,,,,,,,,,,,,,,,,,,,,,,,,,,,10.76,,,,,,,,,,,,,,,,,,,,,,,,4.74
IE000VJEVNM1,,,,,1.58,1.16,,,,,,,,,,,,,,3.63,,,,,,,,,,,,,,,,,,,5.21,,,11.26,,,,,,,,,,,,,,,,1.66,,,6.53,,,,,,,,,,,,,,,,,,,,,,,2.25,,,,,,,,,,,,,,,,,,,,,,,,,,,,1.55,,,,1.5,,,,,,,,,,,4.18,18.16,,,,,,,,41.33
IE000VKU6XC9,,,,,1.27,0.79,,,,,1.15,,,,,,0.05,,,1.82,,0.12,11.62,,,0.08,0.03,0.3,,0.18,,,,,0.01,,,0.41,5.54,,,4.43,,0.23,,,,,0.02,0.17,,,0.67,,0.31,,0.36,5.05,,,13.15,,,,,,,0.08,,,,0.06,0.04,,,0.76,,,0.71,,,,,0.93,0.26,,0.14,,,,,,0.14,,0.57,0.44,,,,0.2,,,,,,,0.32,0.17,0.12,,1.63,3.2,,,0.16,0.26,,,0.66,,,,,,,,5.52,34.76,,,,,,1.12,,
IE000VMAR5O6,,,,,,0.7439,,,,,1.1027,,0.0703,,,,,,,,,,0.4604,,,,,,,7.765,,,,,,,0.1213,2.483,9.8911,,,16.16,,,,,,,,,,,,,1.2694,,0.0315,4.9547,,,,,,,,,,,,,,,0.2133,,,,,,,,,,,9.3161,,,2.1618,,,,,,,,0.7053,,,,,,,,,,,,,,,,0.1315,3.6139,,,5.5096,13.6493,,,,,,,,,,,19.6493,0.005,,,,,,,,-0.0083
IE000VML2GZ3,,,,,,,,,,,,,,,,,,,,,,,,,,,,,,,,,,,,,,,,,,,,,,,,,,,,,,,1.57,,,,,,,,,,,,,,,,,,,,,,,,,,,,,,,,,,,,,,,,,,,,,,,,,,,,,,,,,,,,,,,,,,,,,,,,,96.09,,,,,,,,2.34
IE000VMQ8IH9,,,,,,,,,,,,,,,,,,,,2.6176,,,,,,,,,,,,,,,,,,,8.6968,,,6.936,,,,,,,,,,,,,,,,7.9524,,,11.145,,,,,,,,,,,,,,,,,,,,,,,,,,,,,,,,,,,,,,,,,,,,,,,,,,,,,,,0.0093,,,,,,,,,,,7.0774,55.5618,,,,,,0.0036,,
IE000VQZQ963,,,,,2.17,2.81,,,,,,,,,,,,,,1.53,,,,,,,,,,3.29,,,,,,,,2.13,14.73,,,7.99,,,,,,,,,,,,,2.99,,,2.43,,,,,,,,,,,,,,,,,,,,,,,,,,6.18,,,1.01,,,,,,,,,,,,,,,,,,,,,,,,,2.9,,,6.84,1.04,,,,,,,,,,,7.4,11.87,,,,,,,,22.69
IE000VSFIC94,,,,,0.5554,,,,,,,,,,,,,0.0362,0.0395,4.1128,0.0706,0.03,,0.1442,,,,0.0297,,0.1831,,,,,,,,0.0188,0.9057,,,0.5937,,0.038,,,,,,,,,,,0.7892,,,0.3933,,,0.7913,0.1054,,,,,,,,,,,0.7063,,,0.0856,,,0.1337,,,,0.0009,0.4232,,,0.0877,,,,,,,,,,0.0038,,,,,,,,,,,,,,,0.1459,,,0.0874,0.1993,,0.0898,,,,0.0388,,,,,1.8299,87.3302,,,,,,0.0004,,
IE000VU9AUN9,,,,,,,,,,,,,,,,,,,,,,,,,,,,,,,,,,,,,,,,,,,,,,,,,,,,,,,,,,,,,,,,,,,,,,,,,,,,,,,,,,,,,,,,,,,,,,,,,,,,,,,,,,,,,,,,,,,,,,,,,,,,,,,,,,,,,,,,
IE000VVBM1F6,,,,,0.7059,,,,,,0.5844,,,,,,,,,3.7783,,,0.3526,,,,,,,,,,,,,,,,1.0448,,,,,,,,,,,,,,,,2.7181,,,,,,2.0456,,,,,,,,,,,,0.3519,,,,,,,,,,,,,,,,,,,,,,,,,,,,,,,,,,,,,,,0.7016,,,,0.581,,,,,,,,,,,2.6922,84.4412,,,,,,0.0024,,
IE000VVC8KW9,,,,,,7.51,,,,,4.19,,,,,,,,,,,,,,,,,,,0.81,,,,,,,,,15.65,,,13.0,,2.99,,,,,,,,,,,3.42,,,18.55,,,,,,,,,,,,,,,,,,,,,,,,,,8.5,,,,,,,,,,,,,,,,,,,,,,,,,,,,21.54,,,,,,,,,,,,,,,3.45,,,,,,,0.39,,
IE000VZ8BBU9,,,,,,,,,,,,,,,,,,,,,,,,,,,,,,,,,,,,,,,,,,,,,,,,,,,,,,,,,,,,,,,,,,,,,,,,,,,,,,,,,,,,,,,,,,,,,,,,,,,,,,,,,,,,,,,,,,,,,,,,,,,,,,,,63.46,,,,,,,,36.54
IE000W080FK3,,,,,,,,,,,,,,,5.54,,,,,,,,6.48,,,,,,,,,,,,,,,,,,,,,,,,,,2.67,,,9.41,,,,,,,,,,,,,,,,,,,,,,,,3.86,,,2.02,,,,,,,,,,,,,,,,,,,,,,,,3.01,,,,,,,6.17,18.18,,,,,,32.29,,2.37,,,,,,,,,,,,,,,,,8.0
IE000W1AURU9,,,,,1.9393,,,,,,,,1.5117,,,,,,,3.571,0.9827,,,,,,,,,,,,,,,,,,0.0692,,,,,,,,,,1.6223,,,,,,1.5164,,,,,,0.1182,0.1888,,,,,,,,,,,1.1437,,,,,,,,,,,0.5885,,,,,,,,,,,,,,,,,,,,,,,0.0477,,,,,0.0118,,,,,,,,,,,,0.4938,,,0.8389,85.3559,,,,,,0.0001,,
IE000W1S2PT6,,,,,,,,,,,,,,,,,,,,,,,,,,,,,,,,,,,,,,,,,,,,,,,,,,,,,,,,,,,,,,,,,,,,,,,,,,,,,,,,,,,,,,,,,,,,,,,,,,,,,,,,,,,,,,,,,,,,,,,,,,,,,,,,,,,,,,,,
IE000W24OG76,,,,,,,,,,,,,,,,,,,,3.26,,1.41,,,,,,,,,,,,,,,,,,,,2.24,,,,,,,,,,,,,,,,,,,,,,,,,,,,,,,,,,,,,,,,,,,,,,,,,,,,,,,,,,,,,,,,,,,,,,,,,,,1.02,,,,,,,,,,4.65,62.61,,,,,,,,24.81
IE000W336086,,,,,,,,,,,,,,,,,,,,,,,99.7998,,,,,,,,,,,,,,,,,,,,,,,,,,,,,,,,,,,,,,,,,,,,,,,,,,,,,,,,,,,,,,,,,,,,,,,,,,,,,,,,,,,,,,,,,,,,,,,,,,,,,,,,0.0121,0.1746,,,,,,0.0136,,
IE000W4A2Q38,,,,,,,,,,,,,,,,,,,,,,,,,,,,,,,,,,,,,,,,,,,,,,,,,,,,,,,,,,,,,,,,,,,,,,,,,,,,,,,,,,,,,,,,,,,,,,,,,,,,,,,,,,,,,,,,,,,,,,,,,,,,,,,,,,,,,,,,
IE000W566ZX2,,,,,0.6651,,,,,,,,,,,,,,,,,,12.5523,,,,,,,,,,,,,,,,4.819,,,5.1019,,,,,,,,,,,,,,,,2.192,,,7.2287,,,,,,,,,,,,,,,0.2495,,,,,,,,0.2287,,,,,,,,,,,,,,,,,,,,,,,,,,0.4996,1.7279,1.8183,,,0.1847,0.3355,3.4448,,,,,,,,,,0.1457,56.7262,,,,0.2094,,1.8708,,
IE000W6YTDH7,,,,,1.33,0.64,,,,,1.65,,,,,,,,,0.97,,,,,,,,,,1.74,,,,,,,,0.98,18.2,,,17.35,,,,,,,,,,,,,,,,5.39,,,4.01,,,,,,,,,,,,1.42,,,,,,,,,,,5.97,,,,,,,,,,,,0.43,,,,,,,,,,,,,,,,2.97,,,3.79,2.11,,,,,,,,,,,10.16,20.87,,,,,,0.01,,
IE000W85O7M4,,,,,,,,,,,,,,,,,,,,,,,,,,,,,,,,,,,,,,,,,,,,,,,,,,,,,,,2.2,,,,,,,,,,,,,,,,,,,,,,,,,,,,,,,,,,,,,,,,,,,,,,,,,,,,,,,,,,,,,,,,,,,,,,,,,95.91,,,,,,,,1.89
IE000W8HP9L8,,,,,1.7371,0.1137,,,,,0.275,,0.0747,,,,,,,3.6159,0.0569,,,,,,,,,0.3736,,,,,,,,0.3999,2.0622,,,1.9055,,,,,,,0.5181,,,,,,1.2071,,0.2876,0.8407,,,5.8324,,,,,,,,,,,,0.1071,0.0091,,,,,,,,,,1.7502,0.1061,,0.4137,,,,,,,,,0.095,,,,,,,,,,,0.7707,,,,,1.1192,,,0.6576,2.8306,,,,,,,,,,,3.9276,68.7585,0.0977,,,,,0.0565,,
IE000W8RYVC0,,,,,,,,,,,,,,,0.0051,,,,,,,0.5879,,0.2294,,,,0.1606,,,,,0.0829,,,,,,,,,4.9433,,0.7331,,,,,,0.4566,,14.5504,0.6253,,,,,,,,,,,,,0.7163,,,,,,,,,,1.2363,,,2.15,,,,,,,,,,,,,,0.5241,0.3773,1.5238,,,0.5928,,,,,3.1999,,,,,,,4.2244,25.057,,,,,,34.5049,,1.2418,,,0.5102,,,,1.5575,0.0022,0.1965,,,,,,0.0102,,
IE000W8WMSL2,,,,,,,,,,,,,,,,,,,,,,,,,,,,,,,,,,,,,,2.03,,,,3.65,,,,,,,,,,,,,,,,,,,7.04,,,,,,,,,,,,,,,,,,,,,,,1.45,,,,,,,,,,,,,,,,,,,,,,,,,,,1.87,,,,,1.74,1.59,,,,,,,,,,,67.21,,,,,,,,13.42
IE000W95TAE6,,,,,1.88,,,,,,,,,,,,,,,4.96,,,,,,,,,,,,,,,,,,,1.44,,,1.62,,,,,,,,,,,,,,,,,,,6.39,,,,,,,,,,,,,,,,,,,,,,,2.81,,,,,,,,,,,,,,,,,,,,,,,,,,,,1.78,,,1.13,2.7,,,,,,,,,,,1.83,58.9,,,,,,,,14.56
IE000WA6L436,,,,,0.4362,1.4056,,,,,0.3815,,,,,,,,,0.7494,,,,,,,,,,0.4038,,,,,,,,,35.6154,,,19.5239,,0.3535,,,,,,,,,,,0.7989,,,3.5791,,,0.7396,,,,,,,,,,,,0.3996,,,,,,,,,,,2.9728,0.4451,,0.681,,,,,,,,,0.3882,,,,,,,,,,,,,,,,4.569,,,4.0862,2.2844,,,,,,,,,,,4.5704,15.6153,,,,,,0.0009,,
IE000WAKWCV7,,,,,,,,,,,,,,,,,,,,,,,,,,,,,,,,,,,,,,,6.82,,,7.2,,,,,,,,,,,,,1.09,,,5.24,,,,,,,,,,,,,,,,,,,,,,,,,,2.36,,,,,,,,,,,,,,,,,,,,,,,,,,,,5.31,,,,2.76,,,,,,,,,,,14.87,8.22,,,,,,,,46.13
IE000WDG5795,,,0.4754,,11.6252,,,,,,,,,,0.399,,,,,0.5792,,5.9141,17.7058,,,,,,,,,,,,,,,,0.5188,,,,,,,,,,0.0486,,,,,,,,,,,,34.0433,,,,,,,,,,,,,,,,,,,,,,,,,,,,,,,,,,,,,,,,,,,,,,,,,,16.756,,,,,,,,,,,,,,,,0.0031,11.9294,,,,,,0.0019,,
IE000WFBC0W4,,,0.0525,,,,,,,,,,,,0.1366,,,,,0.2135,,,,,,,,,,,,,,,,,,,,,,,,,,,,,,,,,,,,,0.0358,,,,,,,,,,,,,,,,,,,,,,,,,,,,,,,,,0.0521,,,,,,,,,,,,,,,,,0.0393,,,,,,,,,,,,,,,,,,,,,99.4701,,,,,,,,
IE000WGK3YY5,,,,,,,,,,,1.18,,,,,,,,,,,,,,,,,,,3.52,,,,,,,,1.11,16.41,,,15.49,,,,,,,,,,,,,1.18,,,3.68,,,,,,,,,,,,,,,,,,,,,,,,,,11.65,,,,,,,,,,,,,,,,,,,,,,,,,,,,5.14,,,3.89,12.69,,,,,,,,,,,22.54,,,,,,,,,1.52
IE000WHL2ZK1,,,,,,,,,,,,,,,,,,,,0.1837,,,,,,,,,,,,,,,,,,,,,,,,,,,,,,,,,,,2.5953,,,,,,,,,,,,,,,,,,,,,,,,,,,,,,,,,,,,,,,,,,,,,,,,,,,,,,,,,,,,0.0569,,,,,,,,,,,,0.0001,97.1637,,,,,,0.0004,,
IE000WIQIPT2,,,,,,,,,,,,,,,,,,,,,,,,,,,,,,,,,,,,,,,,,,,,,,,,,,,,,,,0.0431,,,,,,,,,,,,,,,,,,,,,,,,0.0001,,,,,,,,,,,,,,,,,,,,,,,,,,,,,,,,,,,,,,,,,,,,,,,,0.0173,99.9104,,,,,,0.0291,,
IE000WJ7OF21,,,,,,,,,,,,,,,,,,,,,,,,,,,,,,,,,,,,,,,,,,,,,,,,,,,,,,,,,,,,,,,,,,,,,,,,,,,,,,,,,,,,,,,,,,,,,,,,,,,,,,,,,,,,,,,,,,,,,,,,,,,,,,,,,,,,,,,,
IE000WJCYGB4,,,,,,,,,,,,,,,,,,,,,,,,,,,,,,,,,,,,,,,,,,,,,,,,,,,,,,,,,,,,,,,,,,,,,,,,,,,,,,,,,,,,,,,,,,,,,,,,,,,,,,,,,,,,,,,,,,,,,,,,,,,,,,,,,,,,,,,,
IE000WJJTA81,,,,,,,,,,,,,,,,,,,,,,,,,,,,,,,,,,,,,,,,,,,,,,,,,,,,,,,1.13,,,,,,,,,,,,,,,,,,,,,,,,,,,,,,,,,,,,,,,,,,,,,,,,,,,,,,,,,,,,,,,,,,,,,,,,,97.7,,,,,,,,1.17
IE000WLR06P0,,,,,3.5014,,,,,,1.7182,,,,,,,,,,,,1.1275,,,,,,,,,,,,,,,1.2388,15.8459,,,12.8666,,,,,,,,,,,,,1.3176,,,5.243,,,1.2226,,,,,,,,,,,,1.5178,,,,,,,,,,,3.2255,,,,,,,,,,,,,,,,,,,,,,,,,,,,9.3132,,,5.8939,2.5628,,,,,,,,,,,10.3432,23.0354,,,,,,0.0267,,
IE000WN3JW15,,,,,,,,,,,,,0.16,,,,,,,,,,,,,,,,,,,,,,,,,,,,,,,,,,,,,,,,,,,,,,,,,,,,,,,,,,,,,,,,,,,,,,,0.08,,,,,,,,,,,,,,,,,,,,,,,,,,,,,,,,0.17,,,,,,,,,,,0.38,99.08,,,,,,0.12,,
IE000WNEYKM1,,,,,,,,,,,,,,,,,,,,,,,,,,,,,,,,,,,,,,,,,,,,,,,,,,,,,,,,,,,,,,,,,,,,,,,,,,,,,,,,,,,,,,,,,,,,,,,,,,,,,,,,,,,,,,,,,,,,,,,,,,,,,,,,,,,,,,,,
IE000WOBV8X1,,,,,,,,,,,1.06,,,,4.57,,,,,,,,5.0,,,,,,,,,,,,,,,,3.55,,,4.65,,2.97,,,,,,,,,2.54,,,,,2.89,,,2.78,,,,,,,,,,,,,,,,,,6.05,,,,,,2.93,,,,,,,,,,,,,,,,,,,,,,,,,3.57,,,,,,,,,,,,,,,,,,28.01,,,,,,,,29.43
IE000WP7CVZ7,,,,,15.167,0.0284,,,,,0.2317,,,,,,,,,18.5113,,,,,,,,,,0.9443,,,,,,,,0.8541,4.6191,,,0.5114,,,,,,,,,,,,,,,,,,,9.1233,,,,,,,,,,,,0.4267,,,,,,,,,,,,,,0.7098,,,,,,,,,,,,,,,,,,,,,,,,,,,,1.2102,3.6352,,,,,,,,,,,7.3856,36.6417,,,,,,,,
IE000WPH0239,,,,,,,,,,,,,,,,,,,,,,,,,,,,,,,,,,,,,,,,,,,,,,,,,,,,,,,,,,,,,,,,,,,,,,,,,,,,,,,,,,,,,,,,,,,,,,,,,,,,,,,,,,,,,,,,,,,,,,,,,,,,,,,,,,,,,,,,
IE000WQ5O293,,,,,1.4913,0.0868,,,,,0.2073,,0.0655,,0.4694,,,,,3.0326,0.0718,0.0566,2.1339,0.041,,,,0.0192,,0.3641,,,0.0092,,,,,0.2836,1.906,,,1.7571,,0.0501,,,,,0.8366,0.0181,,1.2294,0.0445,,1.0306,,0.2634,0.7576,,,5.1081,,,,,0.0595,,,,,,,0.1591,0.0093,,0.1372,,,0.212,,,,,1.5366,0.0685,,0.2643,,,,,,0.047,0.0129,0.1028,0.0552,,0.0505,,,,,0.3399,,,,0.658,,,0.2992,2.3671,0.8755,,,0.5996,2.3937,2.9383,,0.103,,,0.0325,,,,0.1391,3.3581,61.6293,0.0845,,,,,0.1335,,
IE000WQJ37B1,,,,,,7.51,,,,,4.19,,,,,,,,,,,,,,,,,,,0.81,,,,,,,,,15.65,,,13.0,,2.99,,,,,,,,,,,3.42,,,18.55,,,,,,,,,,,,,,,,,,,,,,,,,,8.5,,,,,,,,,,,,,,,,,,,,,,,,,,,,21.54,,,,,,,,,,,,,,,3.45,,,,,,,0.39,,
IE000WRQ9RR1,,,,,2.67,,,,,,,,,,,,,,,,,,,,,,,,,,,,,,,,,,19.19,,,15.06,,,,,,,,,,,,,,,,,,,,,,,,,,,,,,,,,,,,,,,,,,,,,9.85,,,,,,,,,,,,,,,,,,,,,,,,5.19,,,,13.12,,,,,,,3.5,,,,,16.26,10.51,,,,,,,,4.65
IE000WUTBLT5,,,,,,,,,,,,,,,,,,,,,,,,,,,,,,,,,,,,,,,,,,,,,,,,,,,,,,,,,,,,,,,,,,,,,,,,,,,,,,,,,,,,,,,,,,,,,,,,,,,,,,,,,,,,,,,,,,,,,,,,,,,,,,,,,,,,,,,,
IE000WV38GP5,,,,,,7.0389,,,,,2.8159,,,,,,,,,,,,,,,1.2187,0.2192,,,,,,,,,,,0.7053,17.2774,,,19.5465,,0.8333,,,,,,,,,,,1.8114,,,27.139,,,,,,,,,,0.5185,,,,,,,,,,,0.0001,,,,,2.9623,,,,,,,,,,,,1.3083,,,,,,,,,,,,,,,,16.7692,,,,,,,,,,,,,,,0.0024,,,,,,,-0.1664,,
IE000WX2HZQ7,,,,,,,,,,,,,,,,,,,,,,,,,,,,,,,,,,,,,,,,,,,,,,,,,,,,,,,,,,,,,,,,,,,,,,,,,,,,,,,,,,,,,,,,,,,,,,,,,,,,,,,,,,,,,,,,,,,,,,,,,,,,,,,,,,,,,,,,
IE000WX7BVB0,,,,,,,,,,,,,,,,,,,,1.57,,,,,,,,,,,,,,,,,,,4.72,,,3.58,,,,,,,,,,,,,2.28,,,,,,10.04,,,,,,,,,,,,,,,,,,,,,,,3.21,,,,,,,,,,,,,,,,,,,,,,,1.23,,,,,1.63,,,,2.39,,,,,,,,,,,1.49,62.33,,,,,,,,5.53
IE000WXLHR76,,,,,,,,,,,,,,,,,,,,,,,,,,,,,,,,,,,,,,,,,,,,,,,,,,,,,,,,,,,,,,,,,,,,,,,,,,,,,,,,,,,,,,,,,,,,,,,,,,,,,,,,,,,,,,,,,,,,,,,,,,,,,,,,,,,,,,,,
IE000WYNFVU8,,,,,,,,,,,,,,,,,,,,,,,,,,,,,,,,,,,,,,,,,,,,,,,,,,,,,,,,,,,,,,,,,,,,,,,,,,,,,,,,,,,,,,,,,,,,,,,,,,,,,,,,,,,,,,,,,,,,,,,,,,,,,,,,,,,,,,,,
IE000WYTQSF9,,,,,,,,,,,,,,,,,,,,,,,,,,,,,,,,,,,,,,,,,,,,,,,,,,,,99.95,,,,,,,,,,,,,,,,,,,,,,,,,,,,,,,,,,,,,,,,,,,,,,,,,,,,,,,,,,,,,,,,,,,,,,,,,,,,,,,,,,,,0.05
IE000WZU35H0,,,,,1.8,,,,,,,,,,,,,,,4.83,,,,,,,,,,,,,,,,,,,2.54,,,,,,,,,,,,,,,,,,,,,,3.42,,,,,,,,,,,,,,,,,,,,,,,2.06,,,,,,,,,,,,,,,,,,,,,,,,,,,,,,,,3.31,,,,,,,,,,,2.62,71.27,,,,,,,,8.15
IE000X3D1YS5,,,,,,,,,,,,,,,,,,,,,,,,,,,,,,,,,,,,,,,,,,,,,,,,,,,,,,,,,,,,,,,,,,,,,,,,,,,,,,,,,,,,,,,,,,,,,,,,,,,,,,,,,,,,,,,,,,,,,,,,,,,,,,,,,,,,,,,,
IE000X3MDCC5,,,,,,,,,,,,,,,,,,,,,,1.54,,,,,,,,,,,,,,,,,,,,1.7,,,,,,,,,,,,,,,,,,,,,,,,,,,,,,,,,,,,,,,,,,,,,,,,,,,,,,,,,,,,,,,,,,,,,1.02,,,,,2.62,1.08,,,,,,,,,,4.44,62.27,,,,,,,,25.33
IE000X4K3704,,,,,,,,,,,,,,,,,,,,,,,,,,,,,,,,,,,,,,,,,,,,,,,,,,,,,,,,,,,,,,,,,,,,,,,,,,,,,,,,,,,,,,,,,,,,,,,,,,,,,,,,,,,,,,,,,,,,,,,,,,,,,,,,95.61,,,,,,,,4.39
IE000X59ZHE2,,,,,,,,,,,,,,,,,,,,,,,0.6594,,,,,,,,,,,,,,,,,,,,,,,,,,-0.0015,,,,,,,,,,,,2.6768,,,,,,,,,,,,,,,,,,,,,,,3.8205,,,,,,,,,,,,,,,,,,,,,,,,,,,3.8064,,,,0.494,,8.8949,,,,,,,,,,0.0014,79.7144,,,,,,-0.0664,,
IE000X5OD4M3,,,,,,,,,,,,,,,,,,,,,,,,,,,,,,,,,,,,,,,,,,,,,,,,,,,,,,,,,,,,,,,,,,,,,,,,,,,,,,,,,,,,,,,,,,,,,,,,,,,,,,,,,,,,,,,,,,,,,,,,,,,,,,,,47.03,,,,,,,,52.97
IE000X6E0QC3,,,,,,,,,,,,,,,,,,,,,,,,,,,,,,,,,,,,,,,,,,,,,,,,,,,,,,,1.14,,,,,,,,,,,,,,,,,,,,,,,,,,,,,,,,,,,,,,,,,,,,,,,,,,,,,,,,,,,,,,,,,,,,,,,,,97.44,,,,,,,,1.42
IE000X7DRW38,,,,,1.29,1.83,,,,,,,,,,,,,,2.16,,,,,,,,,,3.24,,,,,,,,,5.4,,,5.21,,,,,,,,,,,,,,,,1.52,,,20.37,,,,,,,,,,,,,,,,,,,,,,,4.57,,,,,,,,,,,,,,,,,,,,,,,,,,,,4.97,,,5.44,3.78,,,,,,,,,,,14.44,,,,,,,,,25.78
IE000X8M8M80,,,,,,,,,,,,,,,,,,,,,,,,,,,,,,,,,,,,,,,,,,,,,,,,,,,,,,,,,,,,,,,,,,,,,,,,,,,,,,,,,,,,,,,,,,,,,,,,,,,,,,,,,,,,,,,,,,,,,,,,,,,,,,,,,,,,,,,,
IE000X9TLGN8,,,,,7.62,,,,,,1.23,,,,,,,,,,,,,,,,,,,,,,,,,,,,,,,,,,,,,,,,,,,,,,,1.3,,,3.93,,,,,,,,,,,,,,,,,,,,,,,4.65,,,,,,,,,,,,,,,,,,,,,,,5.26,,,,,3.3,,,,,,,,,,,,,,,5.7,62.96,,,,,,,,4.05
IE000XAGSCY5,,,,,10.78,,,,,,,,,,,,,,,,1.44,,,,,,,,,,,,,,,,,,,,,,,,,,,,1.15,,,,,,,,2.68,,,,,,,,,,,,,,,,,,,,,,,,,,,,,,,,,,,,,,,,,,,,,,,,,,3.67,,,,,,,,,,,,,,,,,,,,,70.51,,,,,,,,9.77
IE000XC6EVL9,,,,,,,,,,,,,,,,,,,,,,,5.66,,,,,,,2.1,,,,,,,,,5.99,,,4.25,,,,,,,,,,,,,12.11,,,2.33,,,3.72,,,,,,,,,,,,,,,,,,,,,,,2.11,,,,,,,,,,,,,,,,,,,,,,,,,,,1.82,,,,,7.12,3.76,,,,,,,,,,1.18,44.01,,,,,,,,3.84
IE000XD7KCJ7,,,,,,,,,,,,,,,,,,,,,,,57.13,,,,,,,,,,,,,,,,,,,1.39,,,,,,,,,,,,,,,2.12,,,,,,,,,,,,,,,,,,,,,,,,,,,,,,1.31,,,,,,,,,,,,,,,,,,,,,,,,3.38,1.48,,,,,,,,,,,,,,,,26.24,,,,,,,,6.95
IE000XE5BZ07,,,,,2.88,,,,,,2.49,,,,,,,,,0.34,,,1.56,,,,0.34,,,4.04,,,,,,,,,14.37,,,9.64,,,,,,,,,,,,,1.17,,,5.76,,,1.43,,,,,,,0.16,,,,,1.58,,,,,,,,,,,4.94,,,1.39,,,,,,,,0.16,0.65,,0.49,,0.31,,,0.66,,,,0.48,0.17,,,,6.39,,,2.22,3.51,,,,,,,,,,0.65,11.44,20.03,,,,,,0.74,,
IE000XE6ELZ8,,,,,,,,,,,,,,,,,,,,,,,,,,,,,,,,,,,,,,,,,,,,,,,,,,,,98.83,,,,,,,,,,,,,,,,,,,,,,,,,,,,,,,,,,,,,,,,,,,,,,,,,,,,,,,,,,,,,,,,,,,,,,,,,,,,,,,,,,,,1.17
IE000XERHYF0,,,,,,,,,,,,,,,,,,,,,,,,,,,,,,,,,,,,,,,,,,,,,,,,,,,,,,,,,,,,,,,,,,,,,,,,,,,,,,,,,,,,,,,,,,,,,,,,,,,,,,,,,,,,,,,,,,,,,,,,,,,,,,,,,,,,,,,,
IE000XF8EOQ6,,,,,,,,,,,,,,,,,,,,,,,,,,,,,,,,,,,,,,,,,,,,,,,,,,,,,,,,,,,,,,,,,,,,,,,,,,,,,,,,,,,,,,,,,,,,,,,,,,,,,,,,,,,,,,,,,,,,,,,,,,,,,,,,,,,,,,,,
IE000XFORJ80,,,,,11.93,,,,,,,,,,,,,,,,,,16.89,,,,,,,,,,,,,,,,,,,,,,,,,,4.14,,,11.08,,,,,,,,,,,,,,,,,,,,,,,,,,,,,,,,,,,,,,,,,,,,,,,,,,,,,,,4.62,,,,20.9,,,,,,26.94,,,,,,,,,,,,,,,,,,,3.5
IE000XFP47S2,,,,,1.2852,0.8177,,,,,1.1157,,,,,,0.1103,,,1.8429,,0.1093,11.713,0.0017,,0.0939,0.0113,0.3092,,0.178,,,,,,,,0.3899,5.5823,,,4.4932,,0.2318,,,,,0.0128,0.1774,,,0.6867,,0.4334,,0.346,5.0559,,,13.2661,,,,,,,0.0657,,,,0.0583,0.0419,,,0.7804,,,0.717,,,,,0.9131,0.2609,,0.1382,,,,,,0.1388,,0.5845,0.4499,,,,0.217,,,,,,,0.3216,0.1853,0.0695,,1.6571,3.2213,,,0.1473,0.272,,,0.6596,,,,,,,,5.5554,35.2062,,,,,,0.0752,,
IE000XFUFRR4,,,,,,,,,,,,,,,,,,,,,,,,,,,,,,,,,,,,,,,,,,,,,,,,,,,,,,,,,,,,,,,,,,,,,,,,,,,,,,,,,,,,,,,,,,,,,,,,,,,,,,,,,,,,,,,,,,,,,,,,,,,,,,,,,,,,,,,,
IE000XFXBGR0,,,,,,,,,,,,,,,,,,,,,,,,,,,,,,,,,,,,,,,,,,,,,,,,,,,,,,,,,,,,,,,,,,,,,,,,,,,,,,,,,,,,,,,,,,,,,,,,,,,,,,,,,,,,,,,,,,,,,,,,,,,,,,,1.26,95.87,,,,,,,,2.87
IE000XG0ZRI7,,,0.24,,0.55,0.17,,,0.13,,0.66,,,,1.9,,,,,3.73,0.08,0.19,0.41,0.42,,,,0.37,0.18,0.13,,,,,,,,0.12,4.28,,,1.22,,0.49,,0.1,,,0.07,0.15,,0.2,0.05,,0.14,,0.72,2.33,0.07,,2.3,0.35,,,,,,,,,,,0.53,,,,,,0.39,,,,,2.07,,,0.14,,,0.15,,,0.15,0.2,0.04,0.43,,,,,,,,,,,,,,,,1.34,,,0.58,0.04,,0.03,0.18,,,2.14,,,,0.13,5.11,62.82,,,,,0.25,1.53,,
IE000XGNMWE1,,,,,1.43,,,,,,,,,,,,,,,3.82,,,,,,,,,,,,,,,,,,,5.02,,,4.92,,,,,,,,,,,,,,,,1.61,,,7.63,,,,,,,,,,,,,,,,,,,,,,,1.44,,,,,,,,,,,,,,,,,,,,,,,,,,,,1.16,,,1.07,,,,,,,,,,,,3.44,28.8,,,,,,,,39.66
IE000XHZP7D3,,,,,,,,,,,,,,,,,,,,,1.39,,,,,,,,,,,,,,,,,,,,,,,,,,,,,,,,,,,,,,,,3.96,,,,,,,,,,,,,,,,,,,,,,,1.48,,,,,,,,,,,,,,,,,,,,,,,,,,,8.62,,,,,,15.17,,,,,,,,,,,57.6,,,,,,,,11.78
IE000XIBT2R7,,,,,1.67,0.14,,,,,0.58,,0.18,,,,,,,2.35,,0.07,0.17,,,,,,,0.44,,,,,,,,0.92,2.67,,,1.2,,,,,,,1.42,,,,,,0.2,,0.53,0.66,,,9.1,,,,,,,,,,,,0.07,,,,,,,,,,,1.99,,,0.37,,,,,,,,,0.35,,,,,,,,,,,0.55,,,,,0.58,,,0.46,1.84,,,,,,,,,,,2.49,68.76,,,,,,0.25,,
IE000XIITCN5,,,,,,,,,,,,,,,,,,,,,,,,,,,,,,,,,,,,,,,,,,,,,,,,,,,,,,,,,,,,,,,,,,,,,,,,,,,,,,,,,,,,,,,,,,,,,,,,,,,,,,,,,,,,,,,,,,,,,,,,,,,,,,,,,,,,,,,,
IE000XJA2OU4,,,,,,,,,,,,,,,,,,,,,1.49,,,,,,,,,,,,,,,,,,,,,,,,,,,,,,,,,,,,,,,,,,,,,,,,,,,,,,,,,,,,,,,,,,,,,,,,,,,,,,,,,,,,,,,,,,,,,,,,,,,,,,,,,,1.56,96.04,,,,,,,,0.91
IE000XKK4AV2,,,,,,,,,,,,,,,,,,,,,,,,,,,,,,,,,,,,,,,,,,,,,,,,,,,,,,,,,,,,,,,,,,,,,,,,,,,,,,,,,,,,,,,,,,,,,,,,,,,,,,,,,,,,,,,,,,,,,,,,,,,,,,,,,,,,,,,,
IE000XL4IXU1,,,,,,,,,,,,,,,,,,,,,,,,,,,,,,,,,,,,,,,,,,,,,,,,,,,,,,,2.91,,,,,,,,,,,,,,,,,,,,,,,,,,,,,,,,,,,,,,,,,,,,,,,,,,,,,,,,,,,,,,,,,,,,,,,,,94.53,,,,,,,,2.56
IE000XLJ2JQ9,,,,,,,,,,,,,,,,,,,,,,,,,,,,,,,,,,,,,,,,,,,,,,,,,,,,,,,,,,,,,,,,,,,,,,,,,,,,,,,,,,,,,,,,,,,,,,,,,,,,,,,,,,,,,,,,,,,,,,,,,,,,,,,,100.0,,,,,,,,
IE000XN05VU8,,,,,98.91,,,,,,,,,,,,,,,,,,,,,,,,,,,,,,,,,,,,,,,,,,,,,,,,,,,,,,,,,,,,,,,,,,,,,,,,,,,,,,,,1.27,,,,,,,,,,,,,,,,,,,,,,,,,,,,,,,,,,,,,,,,,,,,,,,,,,,
IE000XNILW20,,,,,,,,,,,,,,,,,,,,3.29,,,,,,,,,,,,,,,,,,,3.23,,,1.29,,,,,,,,,,,,,3.05,,,,,,6.05,,,,,,,,,,,,,,,,,,,,,,,,,,,,,,,,,,,,,,,,,,,,,,,,,,,1.32,,,2.97,2.99,,,,,,,,,,,2.34,67.19,,,,,,,,6.28
IE000XOS4OJ6,,,,,0.97,1.93,,,,,1.94,,,,,,,,,,,,,,,,,,,,,,,,,,,1.92,27.81,,,17.89,,,,,,,,,,,,,,,,2.69,,,1.0,,,,,,,,,,,,,,,,,,,,,,,3.01,0.95,,,,,,,,,,,,,,,,,,,,,,,,,,,8.76,,,1.96,1.04,,,,,,,,,,,3.93,24.18,,,,,,0.02,,
IE000XPG7Q27,,,,,,0.7933,,,,,3.2327,,,,,,,,,,,,,,,,,,,,,,,,,,,,16.209,,,10.5345,,2.172,,,,,,,,,,,6.3365,,,11.5154,,,,,,,,,,,,,,,,,,,,,1.3322,,,,,8.9314,,,0.6707,,,,,,,,,,,,,,,,,,,,,,,,,11.901,,,2.0299,3.4085,,,,,,,,,,,19.7781,-2.2735,,,,,,3.4283,,
IE000XRBP9E3,,,,,,,,,,,,,,,,,,,,,,,,,,,,,,,,,,,,,,,25.5185,,,25.8011,,,,,,,,,,,,,0.3976,,,22.4881,,,,,,,,,,,,,,,,,,,,,,,,,,10.1697,,,,,,,,,,,,,,,,,,,,,,,,,,,,15.6054,,,,,,,,,,,,,,,0.018,0.0,,,,,,0.0016,,
IE000XSFZL82,,,,,,0.6385,,,,,1.803,,,,,,,,,,,,,,,,,,,2.71,,,,,,,,1.8724,15.5048,,0.0002,13.1439,,,,,,,,,,,,,0.9147,,,5.4955,,,,,,,,,,,,,,,,,,,,,,,,,,7.972,,,1.2908,,,,,,,,1.0234,0.3014,,,,,,,,,,,,,,,,6.0237,,,4.8012,13.8732,,,,,,,,,,,22.5655,0.0441,,,,,,0.0218,,
IE000XYBMEH0,,,,,,,,,,,,,,,4.18,,,,,,,,21.59,,,,,,,,,,,,,,,,,,,,,,,,,,2.42,,,14.2,,,,,,,,,,,,,,,,,,,,,,,,1.45,,,2.42,,,,,,,,,,,,,,,,,,,,,,,,3.35,,,,,,,3.59,,,,,,,37.44,,1.56,,,,,,,1.7,,,,,,,,,,6.1
IE000XZSV718,,,,,,,,,,,,,,,,,,,,,,,,,,,,,,,,,,,,,,,,,,,,,,,,,,,,,,,1.13,,,,,,,,,,,,,,,,,,,,,,,,,,,,,,,,,,,,,,,,,,,,,,,,,,,,,,,,,,,,,,,,,,,,,,,,,97.58,,,,,,,,1.29
IE000Y0DQX41,,,,,1.38,,,,,,0.31,,0.09,,,,,,,2.09,,,,,,,,,,,,,,,,,,,0.21,,,0.79,,,,,,,0.22,,,,,,0.38,,,,,,3.09,,,,,,,,,,,,,0.13,,,,,,,,,,0.31,,,,,,,,,,,,,,,,,,,,,,,,,,,,1.14,,,,,,,,,,,,,,,2.51,86.87,,,,,,0.47,,
IE000Y1595P8,,,,,,,,,,,,,,,,,,,,,,,,,,,,,,,,,,,,,,,,,,,,,,,,,,,,,,,,,,,,,,,,,,,,,,,,,,,,,,,,,,,,,,,,,,,,,,,,,,,,,,,,,,,,,,,,,,,,,,,,,,,,,,,,,,,,,,,,
IE000Y247W99,,,,,0.9437,,,,,,,,0.2445,,,,,,,3.5511,,,,,,,,,,,,,,,,,,,,,,0.3192,,,,,,,,,,,,,1.4694,,,,,,2.865,,,,,,,,,,,,0.1506,0.1247,,,,,0.2462,,,,,1.0131,,,,,,,,,,,,,,,,,,,,,,,0.2033,,,,,0.9009,,,,0.5969,0.0842,,,,,,,,,,1.8157,85.471,,,,,,0.0004,,
IE000Y2B34V0,,,,,,,,,,,,,,,,,,,,,,,,,,,,,,,,,,,,,,,,,,,,,,,,,,,,,,,,,,,,,,,,,,,,,,,,,,,,,,,,,,,,,,,,,,,,,,,,,,,,,,,,,,,,,,,,,,,,,,,,,,,,,,,,,,,,,,,,
IE000Y2BJVK9,,,,,2.7948,0.6763,,,,,1.6767,,,,,,,,,0.9703,,,,,,,,,,2.2757,,,,,,,,1.7902,16.3789,,,12.6419,,,,,,,0.2152,0.2762,,,,,0.3367,,,6.2068,,,4.2852,,,,,,,,,,,,1.4498,,,,,,0.2897,,,,,5.2444,0.448,,,,,,,,,,0.2291,0.3242,,,,,,,,,,,,,,,,5.0885,,,3.6456,4.104,,,,,,,,,,,8.3695,20.3496,,,,,,-0.0674,,
IE000Y2JPPS4,,,,,,,,,,,,,,,,,,,,,,,,,,,,,,,,,,,,,,,,,,,,,,,,,,,,,,,97.67,,,,,,,,,,,,,,,,,,0.84,,,,,,,,,,,3.28,,,,,,,,,,,,,,,,,,,,,,,,,,,,,,,,,,,,,,,,,,,,0.65,,,,,,-2.43,,
IE000Y2ZYZ66,,,,,1.663,0.0882,,,,,0.2132,,0.0775,,,,,,,3.357,0.0558,,0.0088,,,,,0.0032,,0.41,,,,,,,,0.279,2.1857,,,2.1629,,,,,,,0.4718,,,,,,1.0899,,0.2763,0.7998,,,5.7192,0.0039,,,,,,,,,,,0.1503,0.005,,,,,0.0068,,,,,1.6995,0.0541,,0.1547,,,,,,,,,0.0446,,,,,,,,,,,0.6469,,,,,0.9513,,,0.7622,2.6239,,,,,,,,,,,3.7928,70.1222,0.0959,,,,,0.0247,,
IE000Y3FZEN4,,,,,,,,,,,,,,,,,,,,,,,,,,,,,,,,,,,,,,,,,,,,,,,,,,,,,,,,,,,,,,,,,,,,,,,,,,,,,,,,,,,,,,,,,,,,,,,,,,,,,,,,,,,,,,,,,,,,,,,,,,,,,,,,,,,,,,,,
IE000Y4K4833,,,,,,,,,,,,,,,4.33,,,,,,,,19.62,,,,,,,,,,,,,,,,,,,,,1.06,,,,,,,,10.43,,,,,,,,,,,,,,,,,,,,,,,,,,,1.99,,,,,,,,,,,,,,,,,,,,,,,,1.85,,,,,,,3.36,23.72,,,,,,25.95,,,,,,,,,,,,,,,,,,,7.69
IE000Y65F5C2,,,,,,,,,,,,,,,,,,,,,,,,,,,,,,,,,,,,,,,,,,,,,,,,,,,,,,,,,,,,,,,,,,,,,,,,,,,,,,,,,,,,,,,,,,,,,,,,,,,,,,,,,,,,,,,,,,,,,,,,,,,,,,,,,,,,,,,,
IE000Y6L6LE6,,,,,0.005,1.5914,,,,,4.9772,,,,,,,,,,,,0.839,,,,,,,,,,,,,,,5.0605,21.6964,,,24.5952,,,,,,,0.3825,,,,,,2.5554,,,8.3814,,,,,,,,,,,,,,,,,,,,,,,,,,19.6772,,,,,,,,,,,,0.0026,,,,,,,,,,,0.7342,,,,,9.161,,,,0.2167,,,,,,,,,,,,0.005,,,,,,,,0.1193
IE000Y77LGG9,,,,,1.8198,0.0641,,,,,0.354,,,,,,,,,4.0635,,,,,,,,,,0.3774,,,,,,,,0.117,3.6713,,,0.6274,,,,,,,1.106,,,,,,,,0.1474,0.5596,,,6.9873,,,,,,,,,,,,,,,,,,,,,,,6.7073,0.1792,,0.2675,,,,,,,,,0.046,,,,,,,,,,,0.4522,,,,,0.4473,,,0.2183,5.2937,,,,,,,,,,0.0,2.4369,64.0567,,,,,,,,
IE000Y7V5EW2,,,,,,,,,,,,,,,,,,,,,,,,,,,,,,,,,,,,,,,,,,,,,,,,,,,,,,,,,,,,,,,,,,,,,,,,,,,,,,,0.0008,,,,,,,,,,,,,,,,,,,,,,,,,,,,,,,,,,,,,,,,,,,,,,,,-0.0047,100.0037,,,,,,0.0002,,
IE000Y83YZ44,,,,,,,,,,,,,,,,,,,,2.82,,,,,,,,,,1.04,,,,,,,,,2.41,,,1.24,,,,,,,,,,,,,,,,,,,5.51,,,,,,,,,,,,,,,,,,,,,,,1.35,,,,,,,,,,,,,,,,,,,,,,,,,,,,,,,2.01,,,,,,,,,,,,3.01,70.48,,,,,,,,10.13
IE000Y9MG996,,,,,,,,,,,,,,,,,,,,,1.9816,,,,,,,,,,,,,,,,,,,,,,,,,,,,,,,,,,1.8885,,,,,,,,,,,,,,,,,,,,,,,,,,,,,1.8392,,,,,,,,,,,,,,,,,,,,,,,0.8516,,,,,,,,,,,,,,,,,,,,1.0166,92.4224,,,,,,,,
IE000Y9XFN19,,,,,0.6645,,,,,,0.1672,,0.2545,,0.3488,,,,,2.9986,,,0.5962,,,,,,,,,,,,,,,,,,,,,,,,,,,,,,,,0.7198,,,,,,2.6164,,,,,,,,,,,,,,,,,,1.3335,,,,,0.3297,,,,,,,,,,,,,,,,,,,,,,,,,,,,1.1585,,,,0.673,,,,,,,,,,,1.0965,87.0426,,,,,,0.0003,,
IE000YARBD10,,,,,,,,,,,,,,,,,,,,,,,,,,,,,,,,,,,,,,,,,,,,,,,,,,,,,,,,,,,,,100.0151,,,,,,,,,,,,,,,,,,,,,,,,,,,,,,,,,,,,,,,,,,,,,,,,,,,,,,,,,,,,,,,,,,,,,,,,,-0.0151,,
IE000YASIPS3,,,,,,,,,,,2.29,,,,,,,,,,,,,,,,,,,3.0,,,,,,,,2.34,12.6,,,11.66,,,,,,,,,,,,,,,,4.61,,,,,,,,,,,,,,,,,,,,,,,,,,11.04,,,1.77,,,,,,,,,,,,,,,,,,,,,,,,,5.92,,,6.53,17.89,,,,,,,,,,,17.06,,,,,,,,,3.29
IE000YBGJ9I4,,,,,,,,,,,,,,,,,,,,,,,,,,,,,,,,,,,,,,,,,,,,,,,,,,,,,,,,,,,,,,,,,,,,,,,,,,,,,,,,,,,,,,,,,,,,,,,,,,,,,,,,,,,,,,,,,,,,,,,,,,,,,,,,100.0,,,,,,,,
IE000YCD1TY0,,,,,,,,,,,,,,,,,,,,,,,,,,,,,,,,,,,,,,,,,,,,,,,,,,,,,,,,,,,,,,,,,,,,,,,,,,,,,,,,,,,,,,,,,,,,,,,,,,,,,,,,,,,,,,,,,,,,,,,,,,,,,,,,99.98,,,,,,,,0.02
IE000YD0IAD2,,,,,,,,,,,,,,,,,,,,,,,,,,,,,,,,,,,,,,,,,,,,,,,,,,,,,,,1.13,,,,,,,,,,,,,,,,,,,,,,,,,,,,,,,,,,,,,,,,,,,,,,,,,,,,,,,,,,,,,,,,,,,,,,,,,97.47,,,,,,,,1.4
IE000YDDOAC3,,,,,,,,,,,,,,,,,,,,,,,,,,,,,,,,,,,,,,,,,,,,,,,,,,,,,,,1.18,,,,,,,,,,,,,,,,,,,,,,,,,,,,,,,,,,,,,,,,,,,,,,,,,,,,,,,,,,,,,,,,,,,,,,,,,96.96,,,,,,,,1.86
IE000YDZG487,,,,,,,,,,,,,,,,,,,,,,,,,,,,,,,,,,,,,,,,,,1.35,,,,,,,,,,,,,,,,,,,6.47,,,,,,,,,,,,,,,,,,,,,,,6.08,,,,,,,,,,,,,,,,,,,,,,,,,,,8.23,,,,,,13.7,,,,,,,,,,,62.21,,,,,,,,1.96
IE000YELA4E3,,,,,,,,,,,,,,,,,,,,,,,,,,,,,,,,,,,,,,,,,,,,,,,,,,,,,,,1.68,,,,,,,,,,,,,,,,,,,,,,,,,,,,,,,,,,,,,,,,,,,,,,,,,,,,,,,,,,,,,,,,,,,,,,,,1.03,97.25,,,,,,,,0.04
IE000YFGN231,,,,,,,,,,,,,,,,,,,,,,,,,,,,,,,,,,,,,,,,,,,,,,,,,,,,,,,2.59,,,,,,,,,,,,,,,,,,,,,,,,,,,,,,,,,,,,,,,,,,,,,,,,,,,,,,,,,,,,,,,,,,,,,,,,,95.79,,,,,,,,1.62
IE000YG82CF0,,,,,,,,,,,,,,,,,,,,,,,,,,,,,,,,,,,,,,,,,,,,,,,,,,,,,,,0.0216,,,,,,,,,,,,,,,,,,,,,,,,,,,,,,,,,,,,,,,,,,,,,,,,,,,,,,,,,,,,,,,,,,,,,,,,,99.9784,,,,,,0.0,,
IE000YGEAK03,,,,,,,,,,,,,,,,,,,,,,,,,,,,,,,,,,,,,,,,,,,,,,,,,,,,,,,,,,,,,,,,,,,,,,,,,,,,,,,,,,,,,,,,,,,,,,,,,,,,,,,,,,,,,,,,,,,,,,,,,,,,,,,,98.48,,,,,,,,1.52
IE000YICM5P9,,,,,2.14,,,,,,,,3.48,,17.21,,,,,,,,3.63,,,,,,,,,,,,,,,,1.94,,,,,,,,,,1.3,,,,3.65,,,,,,,,,,,,,3.14,,,,,,,,,,,,,1.03,,,,,,,,5.69,,,,,,,,,,,,,,,,,,,,,,,1.87,,1.04,,,,,,,2.73,,,,,,,,5.05,37.92,,,,,,,,8.18
IE000YIQZ0H6,,,,,,,,,,,,,,,,,,,,,,,,,,,,,,,,,,,,,,,,,,,,,,,,,,,,,,,,,,,,,,,,,,,,,,,,,,,,,,,,,,,,,,,,,,,,,,,,,,,,,,,,,,,,,,,,,,,,,,,,,,,,,,,,,,,,,,,,
IE000YIXESS9,,,,,,,,,,,,,,,,,,,,,,,,,,,,,,,,,,,,,,,,,,,,,,,,,,,,,,,,,,,,,,,,,,,,,,,,,,,,,,,,,,,,,,,,,,,,,,,,,,,,,,,,,,,,,,,,,,,,,,,,,,,,,,,0.0003,99.9917,,,,,,0.0081,,
IE000YJBT6I5,,,,,,,,,,,,,,,,,,,,,,,,,,,,,,,,,,,,,,,,,,,,,,,,,,,,,,,,,,,,,,,,,,,,,,,,,,,,,,,,,,,,,,,,,,,,,,,,,,,,,,,,,,,,,,,,,,,,,,,,,,,,,,,,,,,,,,,,
IE000YK1TO74,,,,,1.49,,,,,,,,,,2.02,,,,,,,,,,,,,,,,,,,,,,,,1.9,,,,,,,,,,,,,,,,,,1.18,2.69,,,,,,,,,,,,,,,,,,,,,,,,,,,,,,,,,,,,,,,,,,,,,,,,,,,,,,,,,,,,,,,,,,,,,2.46,35.64,,,,,,,,52.62
IE000YKHGYN2,,,,,4.5625,0.2367,,,,,0.5139,,0.0184,,1.2532,,,,,7.578,,0.2811,7.246,0.0746,,,,0.0593,,0.9324,,,0.0188,,,,,0.6475,4.9712,,,4.9263,,0.2086,,,,,1.0779,0.1335,,,0.1771,,0.5396,,0.8157,2.0116,,,15.3653,0.0291,,,,0.1712,,,,,,,0.1314,0.0358,,0.4205,,,0.5799,0.006,,,,4.0985,0.1694,,0.3684,,,,,,,0.0987,0.3285,0.1049,,0.1536,,0.0499,,,0.8427,,,,1.0528,,,1.0431,6.1089,2.2289,,,1.8621,5.4666,8.3754,,0.4183,,,0.2155,,,,0.4428,7.0088,0.4173,,,,,0.0516,,,4.0702
IE000YMBL844,,,,,,,,,,,,,,,,,,,,,,,,,,,,,,,,,,,,,,,,,,,,,,,,,,,,,,,,,,,,,,,,,,,,,,,,,,,,,,,,,,,,,,,,,,,,,,,,,,,,,,,,,,,,,,,,,,,,,,,,,,,,,,,,,,,,,,,,
IE000YMQ2SC9,,,,,,,,,,,,,,,,,,,,,,,,,,,,,,,,,,,,,,,4.62,,,7.64,,,,,,,,,,,,,,,,1.36,,,,,,,,,,,,,,,,,,,,,,,,,,1.31,,,,,,,,,,,,,,,,,,,,,,,,,,,,,,,,2.43,,,,,,,,,,,4.17,66.78,,,,,,,,11.69
IE000YNE6S57,,,,,1.7233,0.13,,,,,0.1597,,,,,,,,,3.4327,,,,,,,,,,0.4842,,,,,,,,0.4009,2.8673,,,2.1103,,,,,,,0.4268,,,,,,0.1242,,0.0621,1.0297,,,4.7606,,,,,,,,,,,,,,,,,,,,,,,1.573,0.0425,,0.218,,,,,,,,,0.0457,,,,,,,,,,,0.3201,,,,,1.1002,,,0.9368,2.705,,,,,,,,,,,4.2471,71.0812,,,,,,0.0184,,
IE000YNVI4W4,,,,,1.34,1.23,,,,,1.15,,,,0.25,,,,,,,,0.34,,,,,,,3.01,,,,,,,,1.12,13.24,,,13.33,,,,0.12,,,0.54,,,,,,1.0,,,4.68,,,,,,,,,,,,,,,0.34,,,,,,0.33,,,,,9.0,,0.21,1.19,,,,,,,,,,,,,,,,,,,,0.2,,,0.36,,6.65,,,3.97,7.9,,,,,,,,,,,15.41,13.01,,,,,,0.09,,
IE000YPOHA39,,,,,,,,,,,,,,,,,,,,,,,,,,,,,,,,,,,,,,,,,,,,,,,,,,,,,,,,,,,,,,,,,,,,,,,,,,,,,,,,,,,,,,,,,,,,,,,,,,,,,,,,,,,,,,,,,,,,,,,,,,,,,,,,,,,,,,,,
IE000YR7N5U8,,,,,,,,,,,,,,,,,,,,,,,,,,,,,,,,,,,,,,,,,,,,,,,,,,,,,,,,,,,,,,,,,,,,,,,,,,,,,,,,,,,,,,,,,,,,,,,,,,,,,,,,,,,,,,,,,,,,,,,,,,,,,,,1.1,97.83,,,,,,,,1.07
IE000YRDFNY8,,,,,1.62,,,,,,,,,,,,,,,4.07,,,2.16,,,,,,,,,,,,,,,,2.17,,,,,,,,,,,,,1.06,,,,,,,,,3.28,,,,,,,,,,,,,,,,,,,,,,,1.84,,,,,,,,,,,,,,,,,,,,,,,,,,,2.02,,,,,3.05,3.36,,,,,,,,,,2.53,63.22,,,,,,,,9.62
IE000YS5XL05,,,,,,,,,,,,,,,10.11,,,,,,,,,,,,,,,,,,,,,,,,,,,,,,,,,,3.77,,,,,,,,,,,,3.24,,,,,,,,,,,,,,,,,,,,,,,,,,,,,,,,,,,,,,,,,,,,,,,,,,,,,,,1.96,,,,,,,,,,,,72.72,,,,,,,,8.2
IE000YSJPNV8,,,,,,,,,,,,,,,,,,,,,,,,,,,,,,,,,,,,,,,9.78,,,7.42,,1.96,,,,,,,,,,,1.14,,,5.48,,,,,,,,,,,,,,,1.71,,,,,,,,,,,4.77,,,,,,,,,,,,1.27,,,,,,,,,,,,,,,,5.03,,,2.12,,,,,,,,,,,,6.21,5.04,,,,,,,,48.07
IE000YSUEJ32,,,,,,,,,,,,,,,,,,,,,,,1.45,,,,,,,,,,,,,,,,,,,,,,,,,,,,,75.05,,,,,,,,,,,,,,,,,,,,,,,,,,,,,,,,,,,,,,,,,,,,,,,,,,,,,,,,,,,,,,,,,,,,,,,,,,,1.19,3.95,,,2.53,,,,,15.83
IE000YU9K6K2,,,,,,,,,,,,,,,,,,,,6.09,,,,,,,,,,,,,,,,,,,1.84,,,,,,,,,,,,,,,,,,1.07,1.99,,,6.04,,,,,,,,,,,,4.08,,,,,,,,,,,,,,,,,,,,,,,,,,,,,,,,,,,,,,,,,,,,4.35,,,,,,,,,,4.77,69.75,,,,,,,,0.02
IE000YUTMIU2,,,,,,,,,,,,,,,,,,,,2.79,,,,,,,,,,,,,,,,,,,3.06,,,1.75,,,,,,,,,,,,,1.16,,,1.04,,,6.65,,,,,,,,,,,,,,,,,,,,,,,1.33,,,,,,,,,,,,,,,,,,,,,,,1.12,,,,,1.4,,,,4.06,,,,,,,,,,,3.44,69.24,,,,,,,,2.96
IE000YUU9UG5,,,,,,,,,,,,,,,,,,,,,,,61.57,,,,,,,,,,,,,,,,,,,,,,,,,,,,,,,,,,,,,,,,,,,,,,,,,,,,,,,,,,,,,,,,,,,,,,,,,,,,,,,,,,,,,,,,,,,,,,,,,,,,,,,,,,,,,,,,,38.43
IE000YVOQ2A3,,,,,,,,,,,,,1.81,,,,,,,,,,,,,,,,,,,,,,,,,,,,,,,,,,,,,,,,,,,,,,,,,,,,,,,,,,,,,,,,,,,,,,,,,,,,,,,,,,,,1.92,,,,,,,,,,,,,,,,,,,,,,,,,,,,,,,95.45,,,,,,,,0.82
IE000YYE6WK5,,,,,,,,,,,,,,,,,,,,,,,,,,,,,,,,,,,,,,,9.09,,,2.89,,,,,,,,,,,,,,,7.0,6.05,,,,,,,,,,,,,,,,,,,,,,,,,,,,,3.25,,,,,,,,,,,,,,,,,,,,3.42,,,,9.7,,,,4.86,,,,,,,,,,,,2.19,50.25,,,,,,,,1.3
IE000YYVSM16,,,,,,,,,,,,,,,,,,,,1.84,,,4.21,,,,,,,,,,,,,,,,11.18,,,14.53,,,,,,,,,,,,,4.36,,,3.28,,,,,,,,,,,,,,,,,,,,,,,,,,,,,,,,,,,,,,,,,,,,,,,,,,,,,6.14,,,,,6.54,5.71,,,,,,,,,,4.29,37.93,,,,,,,,
IE000YZIVX22,,,,,,,,,,,,,,,6.35,,1.56,,,,,10.57,,7.18,2.62,,,,,,6.23,,,1.23,,,,,,,,,,,,,,,,3.96,,,,,,,,,2.26,,,,,,,,,,,,,,,,,,,,,,1.18,,,,,,,,,5.54,,,4.63,8.27,12.17,,,,,9.26,,,,,2.02,,,,,4.58,1.56,,,,,,,,,,,,,,,,,,3.35,,,,,,,5.48
IE000YZLMXT9,,,,,,,,,,,,,,,,,,,,,,,,,,,,,,,,,,,,,,,,,,,,,,,,,,,,,,,2.04,,,,,,,,,,,,,,,,,,,,,,,,,,,,,,,,,,,,,,,,,,,,,,,,,,,,,,,,,,,,,1.72,,,,,,,,,,,,96.18,,,,,,,,0.06
IE000Z0FC0G5,,,,,6.4219,0.3243,,,,,0.7267,,,,0.29,,,,,11.9655,,0.1354,0.4008,,,,,0.0133,,1.472,,,,,,,,1.0021,7.7248,,,7.7971,,,,,,,1.4477,,,,,,0.8009,,1.0046,2.918,,,20.1344,0.0496,,,,,,,,,,,0.5279,0.0527,,,,,,,,,,6.6541,0.2015,,0.5367,,,,,,,,0.0189,0.1635,,,,,,,,,,,1.6911,,,,0.0281,3.3983,,,2.6875,8.4276,,,,,,,,,,,10.529,0.3676,,,,,0.086,,,0.0006
IE000Z1PCR88,,,,,1.5762,0.0977,,,,,0.2894,,,,,,,,,3.3138,,,,,,,,,,0.4332,,,,,,,,0.2822,2.2808,,,2.1246,,,,,,,0.5261,,,,,,0.1066,,0.273,0.7941,,,5.5277,,,,,,,,,,,,,,,,,,,,,,,1.2897,0.0502,,0.1525,,,,,,,,,0.0548,,,,,,,,,,,0.4402,,,,,0.9477,,,0.8076,2.2277,,,,,,,,,,,3.4115,72.9868,,,,,,0.0056,,
IE000Z3S26J2,,,,,,,,,,,,,,,,,,,,,,,,,,,,,,,,,,,,,,,,,,,,,,,,,,,,,,,1.13,,,,,,,,,,,,,,,,,,,,,,,,,,,,,,,,,,,,,,,,,,,,,,,,,,,,,,,,,,,,,,,,,,,,,,,,,97.7,,,,,,,,1.17
IE000Z4OBQK4,,,,,,,,,,,,,,,,,,,,,,,,,,,,,,,,,,,,,,,,,,,,,,,,,,,,,,,1.62,,,,,,,,,,,,,,,,,,,,,,,,,,,,,,,,,,,,,,,,,,,,,,,,,,,,,,,,,,,,,,,,,,,,,,,,,97.51,,,,,,,,0.87
IE000Z5YU8X3,,,,,,,,,,,,,,,,,,,,,,,,,,,,,,,,,,,,,,,,,,,,,,,,,,,,,,,,,,,,,,,,,,,,,,,,,,,,,,,,,,,,,,,,,,,,,,,,,,,,,,,,,,,,,,,,,,,,,,,,,,,,,,,,,,,,,,,,
IE000Z6C4D62,,,,,1.63,0.32,,,,,1.46,,,,,,,,,0.51,,,0.62,,,,,,,3.34,,,,,,,,0.5,13.75,,,10.8,,,,,,,,,,,,,1.03,,,5.91,,,1.55,,,,,,,0.33,,,,,1.74,,,,,,,,,,,4.89,0.66,,0.34,,,,,,,,0.16,1.14,,0.33,,0.5,,,0.49,,,,,0.5,,,,5.14,,,2.07,2.64,,,,,,,,,,0.32,15.32,21.29,,,,,,0.73,,
IE000Z7ELYY2,,,,,,,,,,,,,,,,,,,,,,,,,,,,,,,,,,,,,,,,,,,,,,,,,,,,,,,,,,,,,,,,,,,,,,,,,,,,,,,,,,,,,,,,,,,,,,,,,,,,,,,,,,,,,,,,,,,,,,,,,,,,,,,,,,,,,,,,
IE000Z7P04F4,,,,,,,,,,,,,,,,,,,,,,,,,,,,,,,,,,,,,,,,,,,,,,,,,,,,,,,,,,,,,,,,,,,,,,,,,,,,,,,,,,,,,,,,,,,,,,,,,,,,,,,,,,,,,,,,,,,,,,,,,,,,,,,1.36,98.6,,,,,,,,0.04
IE000Z87ZVJ8,,,,,2.21,,,,,,,,,,1.1,,,,,1.79,,0.19,0.19,0.31,,,,,,,,,,,,,,,3.71,,,2.78,,,,,,,,,,,1.49,,1.45,,,0.42,,,2.2,,,,,,,,,,,,0.11,0.26,,,,,1.08,,,,,0.15,,,,,,,,,0.41,,,,,,,,,,,,,,,,,0.19,,1.09,,,,1.47,,,0.05,,,,,,,,6.57,70.28,,,,,,0.5,,
IE000Z8F16G5,0.0024,,,,1.7802,0.5625,0.0029,,,,0.7782,,0.0158,,0.038,,0.0271,,,3.6975,,0.2125,10.5387,,,0.0283,0.0169,0.1711,,0.4575,,,,,0.0024,,,0.3739,4.9639,,,5.0757,,0.1224,,,0.0019,,0.2356,0.1874,0.0144,0.0453,0.488,,2.7511,,0.2676,2.8489,,,7.8494,,,0.017,,0.043,,0.0232,,,,0.0333,0.1224,,,0.4002,,,0.6149,,,,,1.3765,0.2622,,0.4038,0.0252,,0.0447,,0.0087,0.1137,0.0903,0.4811,0.2644,,0.1036,,0.2244,,,0.3036,,,,0.3197,0.0852,0.0347,0.0229,1.148,1.9967,,,0.7436,0.9114,0.0267,,0.3247,,,,,,,0.2865,4.3938,37.7706,0.026,,,,,0.3364,3.0598,
IE000Z8J5HD7,,,,,,,,,,,,,,,,,,,,,,,,,,,,,,,,,,,,,,,,,,,,,,,,,,,,,,,1.42,,,,,,,,,,,,,,,,,,,,,,,,,,,,,,,,,,,,,,,,,,,,,,,,,,,,,,,,,,,,,,,,,,,,,,,,,97.72,,,,,,,,0.86
IE000Z9UVQ99,,,,,62.38,,,,,,,,,,,,,,,,,,,,,,,,,,,,,,,,,,,,,,,,,,,,17.81,,,,,,,,,,,,,,,,,,,,,,,,,,,,,,,,,,,,3.85,,,,,,,,,,,,,,,,,,,,,,14.81,,,,,,,,,,,,,,,,,,,,,,,,,,,,,1.15
IE000ZAJ6XQ2,,,,,,,,,,,,,,,,,,,,,,,,,,,,,,,,,,,,,,,,,,,,,,,,,,,,98.83,,,,,,,,,,,,,,,,,,,,,,,,,,,,,,,,,,,,,,,,,,,,,,,,,,,,,,,,,,,,,,,,,,,,,,,,,,,,,,,,,,,,1.17
IE000ZBGZQM8,,,,,3.689,0.342,,,,,1.8385,,,,,,,,,0.3408,,,0.5713,,,,,,,3.6714,,,,,,,,0.5995,20.7615,,,13.0281,,,,,,,0.2866,,,,,,0.3462,,,5.8221,,,3.0218,,,,,,,,,,,,0.8048,,,,,,,,,,,4.1485,,,0.302,,,,,,,,0.5724,,,,,0.3184,,,,,,,,,,,0.3452,5.3023,,,3.2506,4.062,,,,,,,,,,,8.7047,17.9403,,,,,,-0.0702,,
IE000ZC4C5Q1,,,,,,,,,,,,,,,,,,,,1.09,,,,,,,,,,2.27,,,,,,,,1.08,18.03,,,17.21,,,,,,,,,,,,,,,,2.2,,,2.23,,,,,,,,,,,,1.61,,,,,,,,,,,2.71,2.19,,,,,,,,,,,1.16,,,,,,,,,,,,,,,,6.69,,,4.96,1.63,,,,,,,,,,,5.66,28.84,,,,,,0.45,,
IE000ZDDJWZ5,,,,,5.8122,0.3218,,,,,0.9782,,,,,,,,,12.4405,,,,,,,,,,1.4864,,,,,,,,1.0032,8.6345,,,7.8411,,,,,,,1.5603,,,,,,0.3702,,0.9844,2.9811,,,20.1487,,,,,,,,,,,,,,,,,,,,,,,5.0783,0.1597,,0.5661,,,,,,,,,0.188,,,,,,,,,,,1.6429,,,,,3.5172,,,3.0749,8.1689,,,,,,,,,,,12.6028,0.535,,,,,,-0.0966,,
IE000ZDPZL69,,,,,,,,,,,,,,,,,,,,,,,,,,,,,,,,,,,,,,,,,,,,,,,,,,,,,,,,,,,,,,,,,,,,,,,,,,,,,,,,,,,,,,,,,,,,,,,,,,,,,,,,,,,,,,,,,,,,,,,,,,,,,,,,,,,,,,,,
IE000ZEOCR03,,,,,,0.0519,,,,,1.3306,,,,,,,,,,,,,,,,,,,7.2069,,,,,,,,0.9368,14.695,,,8.2034,,,,,,,,,,,,,,,,2.3145,,,,,,,,,,,,,,,,,,,,,,,,,,10.7637,,,0.7879,,,,,,,,,,,,,,,,,,,,,,,,,2.6108,,,6.5616,17.0577,,,,,,,,,,,27.3048,0.1745,,,,,,,,
IE000ZGT8JM8,,,,,1.62,,,,,,,,,,,,,,,3.59,,,,,,,,,,,,,,,,,,,2.21,,,2.11,,,,,,,,,,,,,1.92,,,,,,6.27,,,,,,,,,,,,,,,,,,,,,,,1.44,,,,,,,,,,,,,,,,,,,,,,,,,,,3.34,,,,,2.54,,,,,,,,,,,3.99,65.31,,,,,,,,5.66
IE000ZH72RF4,,,,,0.5554,,,,,,,,,,,,,0.0362,0.0395,4.1128,0.0706,0.03,,0.1442,,,,0.0297,,0.1831,,,,,,,,0.0188,0.9057,,,0.5937,,0.038,,,,,,,,,,,0.7892,,,0.3933,,,0.7913,0.1054,,,,,,,,,,,0.7063,,,0.0856,,,0.1337,,,,0.0009,0.4232,,,0.0877,,,,,,,,,,0.0038,,,,,,,,,,,,,,,0.1459,,,0.0874,0.1993,,0.0898,,,,0.0388,,,,,1.8299,87.3302,,,,,,0.0004,,
IE000ZI3FFP9,,,,,,,,,,,,,,,,,,,,,,,,,,,,,,,,,,,,,,,,,,,,,,,,,,,,,,,,,,,,,,,,,,,,,,,,,,,,,,,,,,,,,,,,,,,,,,,,,,,,,,,,,,,,,,,,,,,,,,,,,,,,,,,,,,,,,,,,
IE000ZIJ5B20,,,,,0.1949,,,,,,1.2504,,,,,,,,,1.1391,,,,,,,,,,0.3858,,,,,,,,0.424,7.7893,,,0.8132,,,,,,,,,,,,,0.2733,,0.0449,0.199,,,4.9425,,,,,,,,,,,,,,,,,,,,,,,1.2022,0.0384,,0.8255,,,,,,,,,0.0506,,,,,,,,,,,,,,,,,,,0.095,10.5954,,,,,,,,,,,11.5782,58.1582,,,,,,,,
IE000ZME9TM4,,,,,,,,0.046,,,,,1.0325,,,,,,,0.2079,0.0622,,,,0.0286,,,,,,,,,,,,,,0.0652,,,,,,,,0.0176,,,,,,,,0.4078,,0.0964,,,,,0.024,,,,,,,,,,,,,,,,,,,,,,0.149,,,,,,,,,,,,,0.4481,,,,,,,,,,0.097,,,,,,,,0.0848,0.1816,,,,,,,,,,,0.7745,96.2648,,,,,,0.0119,,
IE000ZMFFPP4,,,,,,,,,,,,,,,,,,,,,,,,,,,,,,,,,,,,,,,,,,,,,,,,,,,,,,,,,,,,,,,,,,,,,,,,,,,,,,,,,,,,,,,,,,,,,,,,,,,,,,,,,,,,,,,,,,,,,,,,,,,,,,,,99.9927,,,,,,,,
IE000ZO4CUT7,,,,,,,,,,,,,,,6.08,,,,,,,3.42,2.62,2.14,,,,,,,,,,,,,,,,,,,,,,,,,9.09,,,2.84,,,,,1.47,,,,,,,,,1.28,,,,,,,1.84,,,,,,5.41,,,,,,,,,,,,,,1.71,,,,,1.33,,,,,2.77,,,,2.08,,,1.45,4.16,,,,,,,,,,,2.24,,,,6.16,5.21,3.07,,,,,,,,33.63
IE000ZOI8OK5,,,,,1.772,1.3131,,,,,1.1419,,,,,,,,,1.2544,,,,,,,,,,1.7498,,,,,,,,2.427,20.1924,,,17.7669,,,,,,,,0.2343,,,,,0.4915,,,5.5311,,,2.3897,,,,,,,,,,,,0.4089,,,,,,0.2879,,,,,3.6929,0.7284,,0.5664,,,,,,,,,0.5829,,,,,,,,,,,,,,,,6.0394,,,3.9404,3.2273,,,,,,,,,,,8.2989,15.9705,,,,,,-0.0082,,
IE000ZOKLHY7,,,,,1.52,,,,,,,,,,,,,,,,,,,,,,,,,,,,,,,,,1.51,3.83,,,3.88,,,,,,,,,,,,,,,1.51,,,,12.49,,,,,,,,,,,,1.02,,,,,,,,,,,,,,4.25,,,,,,,,,,,,,,,,,,,,,,,,,,,,,5.87,,,,,,,,,,,8.84,53.65,,,,,,,,1.63
IE000ZPUEP93,,,,,,,,,,,,,,,,,,,,,,,,,,,,,,,,,,,,,,,,,,,,,,,,,,,,,,,0.027,,,,,,,,,,,,,,,,,,,,,,,,,,,,,,,,,,,,,,,,,,,,,,,,,,,,,,,,,,,,,,,,,,,,,,,,0.0079,99.948,,,,,,0.0171,,
IE000ZQF1PE1,,,,,,0.7455,,,,,1.1142,,,,,,,,,,,,,,,,,,,3.1249,,,,,,,,2.5243,16.2808,,,12.6036,,,,,,,,,,,,,0.9745,,,4.1287,,,,,,,,,,,,,,,,,,,,,,,,,,10.0133,,,1.2185,,,,,,,,,0.2877,,,,,,,,,,,,,,,,4.7875,,,5.746,14.7676,,,,,,,,,,,21.3859,0.0222,,,,,,0.2749,,
IE000ZQOIPB1,,,,,,,,,,,1.37,,,,,,,,,,,,,,,,,,,2.6,,,,,,,,1.87,13.61,,,13.36,,,,,,,,,,,,,,,,4.82,,,,,,,,,,,,,,,,,,,,,,,,,,11.13,,,,,,,,,,,,,,,,,,,,,,,,,,,,5.85,,,5.15,15.67,,,,,,,,,,,20.76,,,,,,,,,3.81
IE000ZUAJ6B7,,,,,0.62,,,,,,,,,,,,,,,5.58,,,,,,,,,,,,,,,,,,,0.53,,,,,,,,,,,,,,,,,,,,,,2.39,,,,,,,,,,,,,,,,,,,,,,,0.32,,,,,,,,,,,,,,,,,,,,,,,,,,,,,,,,,,,,,,,,,,,1.58,71.96,,,,,,17.03,,
IE000ZURGSV2,,,,,,,,,,,,,,,,,,,,,,,,,,,,,,,,,,,,,,,,,,,,,,,,,,,,,,,,,,,,,,,,,,,,,,,,,,,,,,,,,,,,,,,,,,,,,,,,,,,,,,,,,,,,,,,,,,,,,,,,,,,,,,,,,,,,,,,,
IE000ZUTO1I5,,,,,,,,,,,,,,,,,,,,,,,,,,,,,,,,,,,,,,,,,,,,,,,,,,,,,,,,,,,,,99.89,,,,,,,,,,,,,,,,,,,,,,,,,,,,,,,,,,,,,,,,,,,,,,,,,,,,,,,,,,,,,,,,,,,,,,,,,,,0.11
IE000ZWSN3F7,,,0.24,,0.55,0.17,,,0.13,,0.67,,,,1.9,,,,,3.73,0.08,0.19,0.41,0.43,,,,0.37,0.18,0.13,,,,,,,,0.12,4.28,,,1.23,,0.49,,0.1,,,0.07,0.15,,0.2,0.05,,0.14,,0.73,2.33,0.07,,2.3,0.35,,,,,,,,,,,0.53,,,,,,0.39,,,,,2.07,,,0.14,,,0.15,,,0.15,0.2,0.04,0.43,,,,,,,,,,,,,,,,1.34,,,0.58,0.04,,0.03,0.18,,,2.14,,,,0.13,5.11,63.0,,,,,0.25,1.33,,
IE000ZX8CQG2,,,,,2.6101,1.6588,,,,,2.5755,,,,0.0096,,,,,1.3051,,,0.1908,,,,,0.0188,,2.126,,,,,,,,1.3695,17.2325,,,11.8146,,0.0721,,,,,0.2124,0.0279,,,,,0.8483,,,5.3301,,,2.5596,,,,,,,,,,,,1.0118,,,,,,0.0092,,,,,7.1494,0.0491,,0.9764,,,,,,,,0.0283,1.2338,,,,0.3041,,,,,,,,,,0.0171,,4.9152,,,2.4564,4.1646,,,,,,,,,,,10.7473,17.0103,,,,,,-0.0351,,
IE000ZYE17Z0,,,,,1.6867,0.0229,,,,,0.1931,,,,,,,,,3.087,,,,,,,,,,0.5044,,,,,,,,0.2208,2.4782,,,2.4028,,,,,,,0.4401,,,,,,,,0.1841,0.9721,,,5.5288,,,,,,,,,,,,,,,,,,,,,,,1.5417,0.0001,,0.1547,,,,,,,,,0.1585,,,,,,,,,,,0.363,,,,,0.89,,,0.563,2.2547,,,,,,,,,,,3.4706,72.8962,,,,,,-0.0135,,
IE000ZZJ48Q0,,,,,6.51,,,,,,,,,,1.06,,,,,6.3,,,,,,,,,,,,,,,,,,1.58,,,,2.86,,,,,,,,,,1.94,,,,,,,,,8.85,,,,,,,,,,,,,,,,,,,,,,,,,,,,,,,,,,,,,,,,,,2.48,,,,1.62,,,1.16,,2.23,,,,15.23,,,,,,,,,,,,43.57,,,,,,,,4.61
IE0031442068,,,,,,,,,,,,,,,,,,,,,,,,,,,,,,,,,,,,,,,,,,,,,,,,,,,,,,,,,,,,,,,,,,,,,,,,,,,,,,,,,,,,,,,,,,,,,,,,,,,,,,,,,,,,,,,,,,,,,,,,,,,,,,,0.0052,99.9947,,,,,,0.0001,,
IE0032077012,,,,,,,,,,,,,,,0.43,,,,,0.97,,,0.26,,,,,,,,,,,,,,,,,,,,,,,,,,,,,,,,,,,,,,,,,,,,,,,,,,,,,,,,,,,,,1.17,,,,,,,,,,,,,,,,,,,,,,,,,,,,,,,,,,,,,,,,,,,0.21,96.73,,,,,,0.22,,
IE00B00FV128,,,,,,,,,,,,,0.2251,,,,,,,,0.2402,,,,,,,,,,,,,,,,,,,,0.0068,,,,,,4.2641,,,,,,,,0.6525,,,,,,,1.1563,,,,,,,,,,,,,,,,,,,,,,,,,,,,,,,,,,,,,,,,,,,,,,,,,,,,,,,,,,,,,,,,,90.2476,3.1994,,,,,,0.0079,,
IE00B02KXH56,,,,,,,,,,,,,,,,,,,,,,,,,,,,,,,,,,,,,,,,,,,,,,,,,,,,,,,,,,,,,99.6877,,,,,,,,,,,,,,,,,,,,,,,,,,,,,,,,,,,,,,,,,,,,,,,,,,,,,,,,,,,,,,,,,,0.0047,0.3075,,,,,,0.0001,,
IE00B02KXK85,,,,,,,,,,,,,,,,,,,,,,,99.1892,,,,,,,,,,,,,,,,,,,,,,,,,,0.693,,,,,,,,,,,,,,,,,,,,,,,,,,,,,,,,,,,,,,,,,,,,,,,,,,,,,,,,,,,,,,,,,,,,,,,,,,,,,,0.0001,0.1173,,,,,,0.0006,,
IE00B02KXL92,,,,,,4.4992,,,,,5.4653,,,,,,,,,,,,,,,,,,,,,,,,,,,8.0876,22.4753,,,19.6796,,,,,,,,,,,,,2.4181,,,15.8296,,,,,,,,,,,,,,,,,,,,,,,,,,9.2025,,,,,,,,,,,,4.5857,,,,,,,,,,,,,,,,7.1363,,,,,,,,,,,,,,,0.0034,0.0107,,,,,,0.6065,,
IE00B02KXM00,,,,,,5.0558,,,,,8.8738,,,,,,,,,,,,,,,,,,,,,,,,,,,4.9699,20.5208,,,17.6248,,,,,,,,,,,,,1.5046,,,17.4854,,,,,,,,,,,,,,,,,,,,,,,,,,12.31,,,,,,,,,,,,1.4208,,,,,,,,,,,,,,,,8.5517,,,,,,,,,,,,,,,1.0995,0.0012,,,,,,0.5816,,
IE00B0M62Q58,,,,,1.624,0.0932,,,,,0.2701,,,,,,,,,3.4615,,,,,,,,,,0.4249,,,,,,,,0.2731,2.4028,,,2.1791,,,,,,,0.4421,,,,,,0.1143,,0.2796,0.8238,,,5.6132,,,,,,,,,,,,,,,,,,,,,,,1.4134,0.039,,0.1575,,,,,,,,,0.0465,,,,,,,,,,,0.4573,,,,,0.986,,,0.8427,2.2828,,,,,,,,,,,3.5427,72.1976,,,,,,0.0329,,
IE00B0M62S72,,,,,,5.2876,,,,,6.4785,,,,,,,,,,,,,,,,,,,,,,,,,,,4.343,20.5351,,,15.5864,,,,,,,,,,,,,0.224,,,9.0822,,,,,,,,,,,,,,,,,,,,,,,,,,28.9611,,,,,,,,,,,,2.6605,,,,,,,,,,,,,,,,6.1267,,,,,,,,,,,,,,,0.0063,,,,,,,0.7085,,
IE00B0M62V02,,,,,,,,,,,2.6138,,,,,,,,,,,,,,,,,,,,,,,,,,,2.9378,33.0775,,,25.8964,,,,,,,,,,,,,0.6835,,,3.3088,,,,,,,,,,,,,,,,,,,,,,,,,,23.1272,,,,,,,,,,,,,,,,,,,,,,,,,,0.0001,,8.0831,,,,,,,,,,,,,,,-0.0029,0.0088,,,,,,0.266,,
IE00B0M62X26,,,,,,,,,,,,,,,,,,,,,,,,,,,,,,,,,,,,,,,41.1168,,,9.0752,,,,,,,,,,,,,0.0682,,,34.0466,,,,,,,,,,,,,,,,,,,,,,,,,,,,,,,,,,,,,,,,,,,,,,,,,,,,,,15.6798,,,,,,,,,,,,,,,0.012,,,,,,,0.0015,,
IE00B0M62Y33,,,,,,,,,,,0.4019,,,,,,,,,,,,,,,,,,,,,,,,,,,,2.7335,,,,,,,,,,,,,,,,0.4845,,,,,,,,,,,,,,,,,,,,,,,,,,,,,61.297,,,,,,,,,,,,,,,,,,,,,,,,,,,,,,,,,,,,,,,,,,,34.442,0.1395,,,,,,0.5016,,
IE00B0M63060,,,,,0.005,,,,,,,,,,,,,,,,,,,,,,,,,,,,,,,,,,,,0.0095,,,,,,,,,,,,,,0.0053,,,,,,,,,,,,,,,,,,,,,,,,,,,,,,,,,,,,,,,,,,,,,,,,,,,,,,,,,,,,,,,,,,,,,,,,99.8623,0.1178,,,,,,0.0002,,
IE00B0M63177,,,,,,,,,,,,,,,2.5152,,,,,,,0.4566,21.0006,0.1915,,,,0.1215,,,,,0.072,,,,,,,,,1.4162,,0.5706,,,,,0.0662,0.3622,,11.4584,0.4931,,0.6423,,,,,,,,,,,0.5598,,,,,,,,,,0.9553,,,1.6836,,,,,,,,,,,,,,0.398,0.2983,1.1972,,,0.491,,,0.0,,1.9266,,,,,,,3.3168,19.7454,,,,,,27.1973,,0.9867,,,0.4064,,,,1.2272,0.0001,0.2375,,,,,,0.0063,,
IE00B0M63284,,,,,,0.4738,,,,,12.5972,,,,,,,,,,,,,,,,,,,,,,,,,,,0.9983,25.0243,,,18.9631,,,,,,,,,,,,,0.4395,,,0.1682,,,,,,,,,,,,,,,,,,,,,,,,,,1.6408,,,0.5773,,,,,,,,,,,,,,,,,,,,,,,,,6.2552,,,12.6098,19.4833,,,,,,,,,,,0.0061,0.0003,,,,,,0.763,,
IE00B0M63391,,,,,,,,,,,,,,,,,,,,,,,,,,,,,,,,,,,,,,,,,,,,,,,,,,,,,,,,,,,,,,,,,,,,,,,,,,,,,,,,,,,,,,,,,,,,,,,,,,,,,,,,,,,,,,,99.9796,,,,,,,,,,,,,,,,,0.0204,,,,,,,,
IE00B0M63516,,,,,,,,,,,,,,,99.8936,,,,,,,,,,,,,,,,,,,,,,,,,,,,,,,,,,,,,,,,,,,,,,,,,,,,,,,,,,,,,,,,,,,,,,,,,,,,,,,,,,,,,,,,,,,,,,,,,,,,,,,,,,,,,,,,0.0002,0.1055,,,,,,0.0006,,
IE00B0M63730,,,,,,,,,,,,,,,,,,,,,,,22.3813,,,,,,,,,,,,,,,,,,,,,,,,,,4.5354,,,,0.6264,,4.5996,,,,,,,,,,,,,,,,,,,,,1.2552,,,,,,,,,,,,,,,,,,0.3909,,,,,,,,,,,,,4.4763,,,,25.6051,,,,,,35.1079,,1.2845,,,,,,,,0.0056,-0.269,,,,,,0.0007,,
IE00B14X4M10,,,,,,,,,,,,,,,,,,,,4.5689,,,,,,,,,,,,,,,,,,,,,,,,,,,,,,,,,,,0.0143,,,,,,,,,,,,,,,,,,,,,,,,,,,,,,,,,,,,,,,,,,,,,,,,,,,,,,,,,,,,,,,,,,,,,,,,0.0043,95.4116,,,,,,0.0008,,
IE00B14X4N27,,,,,,0.7275,,,,,2.1979,,,,,,,,,,,,,,,,,,,3.354,,,,,,,,2.2672,19.4551,,,17.671,,,,,,,,,,,,,0.8296,,,6.6423,,,,,,,,,,,,,,,,,,,,,,,,,,11.4851,,,1.2782,,,,,,,,,0.4179,,,,,,,,,,,,,,,,7.939,,,6.8317,18.3774,,,,,,,,,,,0.0115,0.0071,,,,,,0.5074,,
IE00B14X4Q57,,,,,,,,,,,,,,,,,,,,,,,,,,,,,,,,,,,,,,,28.1078,,,28.3411,,,,,,,,,,,,,0.0318,,,31.5466,,,,,,,,,,,,,,,,,,,,,0.0001,,,,,,,,,,,,,,,,,,,,,,,,,,,,,,,,,11.9566,,,,,,,,,,,,,,,0.015,,,,,,,0.001,,
IE00B14X4S71,,,,,,,,,,,,,,,,,,,,,,,,,,,,,,,,,,,,,,,,,,,,,,,,,,,,,,,,,,,,,,,,,,,,,,,,,,,,,,,0.0028,,,,,,,,,,,,,,,,,,,,,,,,,,,,,,,,,,,,,0.0073,,,,,,,,,,,0.0192,99.9692,,,,,,0.0015,,
IE00B14X4T88,,,,,42.6427,,,,,,,,,,,,,,,,,,0.922,,,,,,,,,,,,,,,,,,,,,,,,,,24.434,,,,,,,,,,,,8.8759,,,,,,,,,,,,,,,,,,,,,,,,3.7404,,,,,,,,,,,,,,,,,,,,,,19.3398,,,,,,,,,,,,,,,,,,,,0.0065,0.0383,,,,,,0.0004,,
IE00B1FZS244,,,,,21.8261,,,,,,,,,,,,,,,,,,,,,,,,,,,,,,,,,,,,,,,,,,,,19.8582,,,,,,,,,,,,38.5332,,,,,,,,,,,,,,,,,,,,,,,,1.2631,,,,,,,,,,,,,,,,,,,,,,18.5418,,,,0.6877,,,,,,,,,,,,,,,,0.0031,-0.7142,,,,,,0.0009,,
IE00B1FZS350,,,,,3.945,0.0469,,,,,1.0702,,,,,,,,,2.2556,,,,,,,,,,0.0,,,,,,,,0.0835,2.1188,,,1.605,,,,,,,3.5871,,,,,,0.0524,,0.5841,0.0202,,,6.9722,,,,,,,,,,,,,,,,,,,,,,,0.144,0.2412,,0.0596,,,,,,,,,,,,,,,,,,,,3.3355,,,,0.1323,0.5309,,,1.0868,1.6536,,,,,,,,,,,4.0862,66.324,,,,,,0.0648,,
IE00B1FZS467,,,,,1.511,0.0357,,,,,0.1898,,,,1.5044,,,,,13.0831,,0.1217,1.1513,0.1254,,,,,,0.0014,,,,,,,,,0.4265,,,0.0824,,0.3274,,,,,1.5078,,,1.8401,0.0694,,0.1721,,,1.1787,,,3.6737,,,,,0.0,,,,,,,,,,0.5854,,,0.5708,,,,,,0.3561,,,,,,,,,0.5647,0.0013,0.0434,,,,,0.0001,,0.0999,,,,0.0986,,,,0.1684,1.9528,,,,0.165,0.0524,,0.3769,,,0.0477,,,,0.3279,3.7041,63.8372,,,,,,0.0458,,
IE00B1FZS574,,,,,,,,,,,,,,,,,,,,,,,,,,,,,,,,,,,,,,,,,,,,,,,,,,,,,,,,,,,,,,,,,,,,,,,,,,,,,,,,,,,,,,,,,,,,,,,,,,,,,,,,,,,,,,,,,,,,,,,,,,99.9867,,,,,0.0072,0.0058,,,,,,0.0003,,
IE00B1FZS681,,,,,,,,,,,,,,,,,,,,,,,,,,,,,,,,,,,,,,,30.6573,,,32.5455,,,,,,,,,,,,,0.148,,,23.9157,,,,,,,,,,,,,,,,,,,,,,,,,,3.3561,,,,,,,,,,,,,,,,,,,,,,,,,,,,9.464,,,,,,,,,,,,,,,0.0053,0.0,,,,,,-0.0918,,
IE00B1FZS798,,,,,,,,,,,,,,,,,,,,,,,,,,,,,,,,,,,,,,,,,,,,,,,,,,,,,,,,,,,,,,,,,,,,,,,,,,,,,,,0.0034,,,,,,,,,,,,,,,,,,,,,,,,,,,,,,,,,,,,,0.0005,,,,,,,,,,,0.0214,99.974,,,,,,0.0007,,
IE00B1FZS806,,,,,,,,,,,,,,,,,,,,,,,,,,,,,,,,,,,,,,,27.5756,,,26.3991,,,,,,,,,,,,,0.3498,,,20.886,,,,,,,,,,,,,,,,,,,,,,,,,,5.0126,,,,,,,,,,,,,,,,,,,,,,,,,,,,19.7495,,,,,,,,,,,,,,,0.0258,0.0001,,,,,,0.0016,,
IE00B1FZS913,,,,,,,,,,,,,,,,,,,,,,,,,,,,,,,,,,,,,,,25.5185,,,25.8011,,,,,,,,,,,,,0.3976,,,22.4881,,,,,,,,,,,,,,,,,,,,,,,,,,10.1697,,,,,,,,,,,,,,,,,,,,,,,,,,,,15.6054,,,,,,,,,,,,,,,0.018,0.0,,,,,,0.0016,,
IE00B1FZSB30,,,,,,,,,,,,,,,,,,,,,,,,,,,,,,,,,,,,,,,,,,,,,,,,,,,,,,,0.0313,,,,,,,,,,,,,,,,,,,,,,,,,,,,,,,,,,,,,,,,,,,,,,,,,,,,,,,,,,,,,,,,,,,,,,,,99.5316,0.0005,,,,,,0.4366,,
IE00B1FZSC47,,,,,,,,,,,,,,,,,,,,,,,,,,,,,,,,,,,,,,,,,,,,,,,,,,,,,,,,,,,,,,,,,,,,,,,,,,,,,,,,,,,,,,,,,,,,,,,,,,,,,,,,,,,,,,,,,,,,,,,,,,,,,,,-0.2951,100.2947,,,,,,0.0004,,
IE00B1FZSD53,,,,,,,,,,,,,,,,,,,,,,,,,,,,,,,,,,,,,,,,,,,,,,,,,,,,,,,0.0555,,,,,,,,,,,,,,,,,,,,,,,,,,,,,,,,,,,,,,,,,,,,,,,,,,,,,,,,,,,,,,,,,,,,,,,,99.9435,,,,,,,0.001,,
IE00B1TXHL60,,,,,4.3268,,,,,,0.4787,,0.4478,,0.0847,,,,,13.2336,,,,,,,,,,,,,,,,,,,1.9985,,,0.1628,,,,,3.2212,,0.0,,,,,,0.0386,,,,,,0.3683,1.2946,,,,,,,,,,,,,,,,,,,,,,,,,,,,,,,,,,,,,,,,,,,,,,,,,0.2683,,,,6.0475,3.8311,,,,,,,,,,,14.3108,49.8651,,,,,,0.0215,,
IE00B1TXK627,,,,,0.0018,0.4099,,,,,,,,,9.1736,,,,,0.0016,,,1.3002,,,,,,,0.0019,,,,,,,,0.3887,,,,,,,,,,,0.001,,,1.6442,,,0.0001,,0.0006,0.5659,,,3.6955,,,,,,,,,,,,,,,1.1267,,,0.0029,,,,,1.2411,,,,,,,,,,,,,,,,,,,0.5046,,,,0.0017,,,,0.5725,,,,0.0014,6.7908,0.126,,0.1793,,,,,,,,12.585,59.6725,,,,,,0.0106,,
IE00B1TXLS18,,,,,,,,,,,,,,,,,,,,,,,,,,,,,,,,,,,,,,,,,,,,,,,,,,,,,,,0.0043,,,,,,,,,,,,,,,,,,,,,,,,,,,,,,,,,,,,,,,,,,,,,,,,,,,,,,,,,,,,,,,,,,,,,,,,99.9233,0.0,,,,,,0.0724,,
IE00B1W57M07,,,,,,,,,,,,,,,10.1211,,,,,,,,82.8399,,,,,,,,,,,,,,,,,,,,,,,,,,0.354,,,6.3256,,,0.0392,,,,,,,,,,,,,,,,,,,,,,,,,,,,,,,,,,,,,,,,,,,,,,0.0003,,,,,,,,,,,,,,,,,,,,,,,,,,0.0004,0.3194,,,,,,0.0001,,
IE00B1XNH568,,,,,,,,,,,,,,,,,,,,,,,,,,,,,,,,,,,,,,,3.7358,,,,,,,,,,,,,,,,0.3469,,,95.6945,,,,,,,,,,,,,,,,,,,,,,,,,,,,,,,,,,,,,,,,,,,,,,,,,,,,,,,,,,,,,,,,,,,,,0.012,0.0085,,,,,,0.2023,,
IE00B1XNHC34,,,,,,0.5602,,,,,,,,,5.9903,,,,,1.2365,,0.3286,22.5295,,,,,,,5.8788,,,,,,,,,0.0272,,,2.2124,,,,,,,0.0285,,,5.2409,0.4277,,,,3.2568,0.3727,,,2.7945,,,,,,,,,,,,,,,,,,,,,,,,0.5524,,0.0018,,,,,,,,,3.6188,,,,,,,,,,,,,,,1.8033,1.3772,,,0.0004,0.0032,1.6662,,0.2535,,,0.767,,,,,0.9103,38.1621,,,,,,-0.001,,
IE00B1YZSC51,,,,,0.0002,0.5635,,,,,1.7091,,,,,,,,,,,,,,,,,,,2.6136,,,,,,,,1.7588,15.15,,,13.7571,,,,,,,,,,,,,0.6438,,,5.1716,,,,,,,,,,,,,,,,,,,,,0.0012,,,,,8.9227,,,0.9831,,,,,,,,,0.322,,,,,,,,,,,,,,,,6.1627,,,5.3561,14.3947,,,,,,,,,,,22.2287,0.0454,,,,,,0.2156,,
IE00B23D8S39,,,,,,,,,,,0.03,,,,,,,,,,,,,,,,,,,,,,,,,,,,,,,,,,,,,,,,,,,,0.03,,,,,,,,,,,,,,,,,,,,,,,,0.02,,,,,,,,,,,,,,,,,,,,,,,,,,,,,,,,,,,,,0.1,,,,,,,,,,,,99.84,,,,,,-0.01,,
IE00B23D8X81,,,,,3.11,1.09,,,,,1.48,,,,0.16,,,,,,,0.07,0.12,,,,,,,1.8,,,,,,,,2.39,13.77,,,15.24,,,,,,,0.17,,,,,,0.43,,,4.97,,,,,,,,,,,,,,,0.64,,,,,,,,,,,3.92,,0.03,2.06,,,,,,,,,0.37,,,,,,,,,,,0.35,,,0.64,,5.37,,,4.22,5.58,,,,,,,,,,,16.92,15.11,,,,,,,,
IE00B23D9570,,,,,,,,,,,,,,,7.32,,,,,,,0.58,26.01,,,,,,,,,,,,,,,,,,,,,0.73,,,,,0.1,,,8.47,0.75,,,,,,,,,,,,,0.42,,,,,,,,,,0.98,,,2.3,,,,,,,,,,,,,,,0.12,1.18,,,0.27,,0.07,,,1.66,,,,,,,3.48,22.87,,,,,,17.74,,2.77,,,1.36,,,,0.67,,0.23,,,,,,-0.08,,
IE00B23LNQ02,,,,,2.31,0.2,,,,,0.3,,,,1.17,,,,,3.59,,0.07,3.69,,,,,,,0.32,,,,,,,,0.44,2.7,,,2.81,,,,,,,0.39,,,1.14,0.05,,0.17,,0.36,1.03,,,8.39,,,,,0.01,,,,,,,0.13,0.02,,0.07,,,0.32,,,,,0.84,,,0.35,,,,,,,,0.16,0.08,,,,,,,0.21,,,,0.49,,,0.63,3.65,1.08,,,0.79,1.43,2.56,,0.34,,,0.23,,,,0.08,3.36,53.94,,,,,0.05,0.05,,
IE00B27YCF74,,,,,,,,,,,,,,,12.9328,,,,,4.3574,,1.9145,7.0615,,,,,,,,,,,,,,,9.6548,,,,,,,,,,,0.0029,,,,2.2588,,,,,,,,11.7696,,,,,,,,,,,,,,,,,,,,,,,,,,,,,,,,,,,1.4634,,,,,,,,,,,,,,1.7738,,,,,10.4661,,0.0034,,2.7701,,,,,,,,6.9406,26.7671,,,,,,-0.1368,,
IE00B27YCK28,,,,,,,,,,,,,,,50.944,,,,,,,7.0177,,2.7259,,,,,,,,,,,,,,,,,,7.8194,,,,,,,,,,,,,,,,,,,,,,,,,,,,,,,,,,,,,25.388,,,,,,,,,,,,,,6.0557,,,,,,,,,,,,,,,,,,,,,,,,,,,,,,,,,,0.0014,0.047,,,,,,0.0007,,
IE00B27YCN58,,,,,1.7918,0.0664,,,,,0.1653,,,,,,,,,4.0642,,,,,,,,,,0.7864,,,,,,,,0.3122,3.8853,,,2.7808,,,,,,,0.4016,,,,,,0.1748,,,0.4845,,,6.9334,,,,,,,,,,,,,,,,,,,,,,,2.926,0.0728,,0.3096,,,,,,,,,,,,,,,,,,,,0.1363,,,,,0.3019,,,1.1809,2.833,,,,,,,,,,,3.8596,66.5097,,,,,,0.0235,,
IE00B27YCP72,,,,,,,,,,,,,,,3.9567,,,,,,,0.1368,12.7959,0.0003,,,,0.1977,,,,,,,,,,,,,,,,0.2467,,,,,0.0767,0.2757,,11.3019,0.2683,,,,,,,,,,,,,0.8135,,,,,,,,,,1.0546,,,1.8962,,,,,,,,,,,,,,0.1323,0.0384,0.994,,,0.6124,,,0.0,,4.3421,,,,,,,3.7415,37.3456,,,,,,17.2555,,1.0485,,,0.4366,,,,0.9178,0.0,0.1116,,,,,,0.0029,,
IE00B296QM64,,,,,,,,,,,,,,,,,,,,,,,,,,,,,,,,,,,,,,,,,,,,,,,,,,,,,,,,,,,,,,,,,,,,,,,,,,,,,,,,,,,,,,,,,,,,,,,,,,,,,,,,,,,,,,,,,,,,,,,,,,,,,,,0.0,99.9998,,,,,,0.0002,,
IE00B2NPKV68,,1.7138,3.2814,,,,0.1464,,3.2417,,,0.1711,,0.1471,3.8767,,0.2056,,,,,3.3868,3.2762,3.3775,1.017,,,,,,3.4669,1.862,3.1738,0.3184,,,,,,,,,0.8568,,,0.3414,,,,3.3855,,0.6885,4.2954,,0.8666,,,,1.0476,0.533,,,0.5179,1.1561,0.9447,,,0.1798,0.3421,,,,,,,2.0262,,,6.2409,,,,0.6344,,,2.6512,,2.712,0.5447,3.1794,,0.2929,3.034,3.4661,3.6238,,,,,3.3296,,,6.3094,0.2364,0.693,,-0.0,,,3.315,,,0.9338,0.2009,,0.0003,,,,,0.1426,4.9097,,,1.797,,0.0113,-0.2424,2.1384,,,,,0.0014,,
IE00B2QWCY14,,,,,,,,,,,,,,,,,,,,,,,,,,,,,,,,,,,,,,,,,,,,,,,,,,,,,,,1.7795,,,,,,,,,,,,,,,,,,,,,,,,,,,,,,,,,,,,,,,,,,,,,,,,,,,,,,,,,,,,,,,,,,,,,,,,0.005,98.2155,,,,,,0.0002,,
IE00B2QWDR12,,,,,,,,,,,,,,,,,,,,,,,13.4418,,,,,,,,,,,,,,,,,,,,,,,,,,5.2588,,,,1.9032,,0.053,,,,,,,,,,,,,,,,,,,,,4.3646,,,,,,,,,,,0.0023,,,,,,,1.1979,,,,,,,,,,,,,7.2568,,,,21.8132,,,,,,40.5919,,3.9114,,,,,,,,0.0014,0.2038,,,,,,0.0,,
IE00B2QWDY88,,,,,,,,,,,,,,,,,,,,,,,,,,,,,,,,,,,,,,,,,,,,,,,,,,,,,,,,,,,,,99.9715,,,,,,,,,,,,,,,,,,,,,,,,,,,,,,,,,,,,,,,,,,,,,,,,,,,,,,,,,,,,,,,,,,0.0225,0.0056,,,,,,0.0005,,
IE00B3B8PX14,,,,,1.0694,,,,,,,,,,,,,,,1.3093,,,,,,,,,,0.223,,,,,,,,,8.7359,,,1.881,,,,,,,,,,,,,,,,7.2004,,,1.5349,,,,,,,,,,,,,,,,,,,,,,,,0.4481,,,,,,,,,,,,,,,,,,,,,,,,,,,3.3197,,,0.5162,,,,,,,,,,,,21.9703,51.7375,,,,,,0.0544,,
IE00B3BPCH51,,,,,,,,,,,8.72,,,,,,,,,,,,,,,,,,,,,,,,,,,,34.49,,,15.95,,,,,,,,,,,,,,,,20.98,,,,,,,,,,,,,,,,,,,,,,,,,,5.83,,,,,,,,,,,,1.56,,,,,,,,,,,,,,,,12.47,,,,,,,,,,,,,,,,,,,,,,,,
IE00B3CNHG25,,,,,17.37,,,,,,,,,,,,,,,41.6,,,,,,,,,,,,,,,,,,,,,,,,,,,,,,,,,,,,,,,,,,,,,,,,,,,,,,,,,,,,,,,,,,,,,,,,,,,,,,,,,,,,,,,,,,12.48,,,,,,,,,,,,,,,,,,27.72,,,,,,,,0.83
IE00B3CNHJ55,,,,,,,,,,,,,1.59,,,,,,,,1.58,,,,,,,,,,,,,,,,,,,,,,,,,,,,,,,,,,,,,,,,,,,,,,,,,,,,,,,,,,,,,,,,,,,,,,,,,,,,,,,,,,,,,,,,,,,,,,,,,,,,,,,,,,,93.97,,,,,,,,2.86
IE00B3DKXQ41,0.0054,,,,0.5668,2.44,,,,,3.5823,,,,0.0061,,,,,1.1918,,0.1323,0.1631,,,,0.0766,0.0487,,0.5924,,,,,0.029,,,1.5151,20.3823,,,18.4406,,0.7123,,,,,0.133,0.2304,,,0.053,,1.0875,,0.0463,12.7943,,,0.4736,,,0.005,,,,0.086,,,,0.1381,0.22,,,,,,0.1579,,,,,4.7133,0.1212,,0.6826,,,,,,0.0099,,0.3769,1.0972,,0.0118,,0.4044,,,0.0408,,,,0.0716,0.4826,0.1947,0.0055,0.0712,9.1291,,,0.9814,0.9194,0.0059,,,,,,,,,0.0341,2.1273,4.4195,,,,,,0.1304,8.6588,
IE00B3DWVS88,,,,,0.3,,,,,,,,,,3.8,,,,,,,0.5,19.5,0.2,,,,0.1,,,,,0.1,,,,,,,,,,,0.5,,,,,0.1,0.3,,11.5,0.5,,,,,,,,,,,,,0.5,,,,,,,0.03,,,0.9,,,1.8,,,,,,,,,,,,,,0.3,0.3,1.1,,,0.5,,0.05,,,2.5,,,,,,,2.6,21.9,,,,,,27.3,,1.0,,,0.4,,,,1.2,,0.2,,,,,,0.02,,
IE00B3F81G20,,,,,,,,,,,,,,,3.1161,,,,,0.0039,,0.8292,8.87,0.2826,,,,0.0683,,,,,0.2575,,,,,,,,,,,1.0896,,,,,0.0759,0.1597,,21.4473,1.2411,,0.0432,,,,,,,,,,,0.8617,,,,,,,,,,2.8848,,,1.5687,,,,,,,,,,,,,,0.1299,0.7828,1.8404,,,0.6553,,,0.0009,,3.0805,,,,,,,3.638,14.3814,,,,,,26.7565,,2.5957,,,1.9055,,,,1.1899,0.0046,0.2316,,,,,,0.0074,,
IE00B3F81K65,,,,,,,,,,,,,,,,,,,,2.6176,,,,,,,,,,,,,,,,,,,8.6968,,,6.936,,,,,,,,,,,,,,,,7.9524,,,11.145,,,,,,,,,,,,,,,,,,,,,,,,,,,,,,,,,,,,,,,,,,,,,,,,,,,,,,,0.0093,,,,,,,,,,,7.0774,55.5618,,,,,,0.0036,,
IE00B3FH7618,,,,,,7.0389,,,,,2.8159,,,,,,,,,,,,,,,1.2187,0.2192,,,,,,,,,,,0.7053,17.2774,,,19.5465,,0.8333,,,,,,,,,,,1.8114,,,27.139,,,,,,,,,,0.5185,,,,,,,,,,,0.0001,,,,,2.9623,,,,,,,,,,,,1.3083,,,,,,,,,,,,,,,,16.7692,,,,,,,,,,,,,,,0.0024,,,,,,,-0.1664,,
IE00B3Q19T94,,,,,,3.4,,,,,1.8,,,,,,,,,,,,,,,,,,,,,,,,,,,3.3,16.4,,,7.0,,,,,,,,,,,,,3.5,,,27.6,,,,,,,,,,,,,,,,,,,,,,,,,,9.9,,,,,,,,,,,,0.8,,,,,,,,,,,,,,,,26.4,,,,,,,,,,,,,,,,,,,,,,,,
IE00B3RBWM25,,,,,1.51,,,,,,,,,,,,,,,2.85,,,2.4,,,,,,,,,,,,,,,,1.86,,,1.81,,,,,,,,,,1.59,,,,,,,,,5.88,,,,,,,,,,,,,,,,,,,,,,,1.53,,,,,,,,,,,,,,,,,,,,,,,,,,,2.89,,,,,2.34,3.37,,,,,,,,,,3.2,59.67,,,,,,,,9.1
IE00B3S1J086,,,,,,,,,,,,,,,,,,,,,,,,,,,,,,,,,,,,,,,,,,,,,,,,,,,,,,,,,,,,,,,,,,,,,,,,,,,,,,,,,,,,,,,,,,,,,,,,,,,,,,,,,,,,,,,,,,,,,100.0,,,,,,,,,,,,,,,,,,,
IE00B3S5XW04,,,,,,3.4131,,,,,4.917,,,,,,0.295,,,,,,,,,0.325,0.0989,,,,,,,,0.0412,,,1.7559,23.9942,,,19.1848,,1.0441,,,,,,,,,,,1.346,,,21.8604,,,,,,,,,,0.1417,,,,0.2693,0.2033,,,,,,,,,,,3.9963,,,,,,,,,,,,1.9248,,,,,,,,,,,,0.7992,0.3544,,,13.887,,,,,,,,,,,,,,,,,,,,,,,0.1457,
IE00B3SC9K16,,,,,,,,,,,,,,,,,,,,,,,,,,,,,,,,,,,,,,,,,,,,,,,,,,,,,,,1.13,,,,,,,,,,,,,,,,,,,,,,,,,,,,,,,,,,,,,,,,,,,,,,,,,,,,,,,,,,,,,,,,,,,,,,,,,97.47,,,,,,,,1.4
IE00B3T9LM79,,,,,1.8817,1.3438,,,,,1.9157,,0.0821,,0.0273,,,,,1.056,,,0.143,,,0.0676,0.0137,0.2471,,2.1389,,,,,0.0341,,,1.1608,18.0194,,,12.7842,,0.5544,,,,,0.0253,0.081,0.0746,,,,0.558,,,5.6654,,,2.1743,,,,,,,,,,,,0.8849,,,,,,0.1194,,,,,4.7427,0.2586,,0.6464,,,,,,,,0.307,0.4904,,,,0.1202,,,,,,,,0.0138,0.027,0.1043,0.0662,5.7414,,,2.8384,2.1442,0.0653,,,,,,,,,,8.4579,22.7139,,,,,,,0.2098,
IE00B3VPKB53,,,,,,,,,,,,,,,,,,,,,,,,,,,,,,,,,,,,,,,,,,,,,,,,,,,,,,,,,,,,,,,,,,,,,,,,,,,,,,,,,,,,,,,,,,,,,,,,,,,,,,,,,,,,,,,,,,,,,,,,,,,,,,,,100,,,,,,,,
IE00B3VSSL01,,,,,,,,,,,,,,,,,,,,,,,,,,,,,,,,,,,,,,,,,,,,,,,,,,,,,,,,,,,,,,,,,,,,,,,,,,,,,,,,,,,,0.3,,,,,,,,,,,,,,,,,,,,,,,,,,,,,,,,0.2,,,,,,,,,,,,99.5,,,,,,,,
IE00B3VTMJ91,,,,,,,,,,,,,,,,,,,,,,,,,,,,,,,,,,,,,,,28.1092,,,28.3418,,,,,,,,,,,,,0.0276,,,31.5319,,,,,,,,,,,,,,,,,,,,,,,,,,,,,,,,,,,,,,,,,,,,,,,,,,,,,,11.9517,,,,,,,,,,,,,,,0.037,,,,,,,0.0008,,
IE00B3VTML14,,,,,,,,,,,,,,,,,,,,,,,,,,,,,,,,,,,,,,,24.4063,,,26.4732,,,,,,,,,,,,,0.1695,,,27.8189,,,,,,,,,,,,,,,,,,,,,,,,,,4.7295,,,,,,,,,,,,,,,,,,,,,,,,,,,,16.4466,,,,,,,,,,,,,,,0.0283,,,,,,,-0.0723,,
IE00B3VTN290,,,,,,,,,,,,,,,,,,,,,,,,,,,,,,,,,,,,,,,27.5674,,,26.4278,,,,,,,,,,,,,0.3959,,,20.8509,,,,,,,,,,,,,,,,,,,,,,,,,,5.026,,,,,,,,,,,,,,,,,,,,,,,,,,,,19.7227,,,,,,,,,,,,,,,0.0084,,,,,,,0.0009,,
IE00B3VVMM84,,,,,,,,,,,,,,,4.17,,,,,,,,23.63,,,,,,,,,,,,,,,,,,,,,,,,,,1.16,,,15.82,,,,,,,,,,,,,,,,,,,,,,,,1.51,,,2.22,,,,,,,,,,,,,,,,,,,,,,,,3.16,,,,,,,3.2,,,,,,,33.37,,1.51,,,1.01,,,,1.59,,,,,,,,,,7.65
IE00B3VWLG82,,,,,,,,,,,,,,,,,,,,,,,,,,,,,,,,,,,,,,,,,0.0056,,,1.1273,,,,,,,,,,,,,,,,,,,,,,,,,,,,,,,,,,,,,,,,,,,,,,,,,,,,,,,,,,,,,,,,,,,,,,,,,,,,,,,,,,,98.8302,0.036,,,,,,0.0008,,
IE00B3VWM098,,,,,,,,,,,,,,,,,,,,,,,,,,,,,,,,,,,,,,,,,,,,,,,,,,,,,,,0.0733,,,,,,,,,,,,,,,,,,,,,,,,,,,,,,,,,,,,,,,,,,,,,,,,,,,,,,,,,,,,,,,,,,,,,,,,0.0071,99.9192,,,,,,0.0003,,
IE00B3VWMM18,,,,,,5.0556,,,,,8.6601,,,,,,,,,,,,,,,,,,,,,,,,,,,6.1093,22.0635,,,21.6829,,,,,,,,,,,,,1.7058,,,15.0196,,,,,,,,,,,,,,,,,,,,,,,,,,8.8344,,,0.0,,,,,,,,,1.0919,,,,,,,,,,,,,,,,8.4682,,,,,,,,,,,,,,,0.6538,0.0117,,,,,,0.6431,,
IE00B3VWN179,,,,,,,,,,,,,,,,,,,,,,,,,,,,,,,,,,,,,,,,,,,,,,,,,,,,,,,0.1754,,,,,,,,,,,,,,,,,,,,,,,,,,,,,,,,,,,,,,,,,,,,,,,,,,,,,,,,,,,,,,,,,,,,,,,,0.0326,99.7902,,,,,,0.0018,,
IE00B3VWN393,,,,,,,,,,,,,,,,,,,,,,,,,,,,,,,,,,,,,,,,,,,,,,,,,,,,,,,0.1962,,,,,,,,,,,,,,,,,,,,,,,,0.0005,,,,,,,,,,,,,,,,,,,,,,,,,,,,,,,,,,,,,,,,,,,,,,,,-0.0681,100.1086,,,,,,-0.2372,,
IE00B3VWN518,,,,,,,,,,,,,,,,,,,,,,,,,,,,,,,,,,,,,,,,,,,,,,,,,,,,,,,1.0569,,,,,,,,,,,,,,,,,,,,,,,,,,,,,,,,,,,,,,,,,,,,,,,,,,,,,,,,,,,,,,,,,,,,,,,,0.0412,98.9015,,,,,,0.0004,,
IE00B3W74078,,,,,,,,,,,,,,,,,,,,,,,,,,,,,,,,,,,,,,,,,,,,,,,,,,,,,,,,,,,,,,,,,,,,,,,,,,,,,,,,,,,,,,,,,,,,,,,,,,,,,,,,,,,,,,,,,,,,,,,,,,,,,,,99.9998,,,,,,,,,
IE00B3WJKG14,,,,,,,,,,,,,,,,,,,,,,,,,,,,,,,,,,,,,,,,,,,,,,,,,,,,,,,0.031,,,,,,,,,,,,,,,,,,,,,,,,,,,,,,,,,,,,,,,,,,,,,,,,,,,,,,,,,,,,,,,,,,,,,,,,0.0026,99.9663,,,,,,0.0001,,
IE00B3WMTH43,,,,,,,,,,,,,,,,,,,,,,,,,,,,,,,,,,,,,,,,,,,,,,,,,,,,,,,,,,,,,,,,,,,,,,,,,,,,,,,,,,,,,,,,,,,,,,,,,,,,,,,,,,,,,,,,,,,,,,,,,,,,,,,,100,,,,,,,,
IE00B3XM3R14,,,,,,,,,,,,,,,,,,,,,,,,,,,,,,,,,,,,,,,,,,,,,,,,,,,,,,,,,,,,,,,,,,,,,,,,,,,,,,,,,,,,,,,,,,,,,,,,,,,,,,,,,,,,,,,,,,,,,,,,,,,,,,,,100,,,,,,,,
IE00B3XXRP09,,,,,,,,,,,,,,,,,,,,,,,,,,,,,,,,,,,,,,,,,,,,,,,,,,,,,,,1.12,,,,,,,,,,,,,,,,,,,,,,,,,,,,,,,,,,,,,,,,,,,,,,,,,,,,,,,,,,,,,,,,,,,,,,,,,97.09,,,,,,,,1.79
IE00B3Y8D011,,,,,,,,,,,,,,,,,,,,,,,,,,,,,,,,,,,,,,,,,,,,,,,,,,,,,,,,,,,,,,,,,,,,,,,,,16.1235,,,,,,,,,,,,,,,,,,,,,,,,,,,,,,,,,,,,,,,,,,,,,,,,,,,,,,0.0,0.0192,,,,,,,,83.8572
IE00B3YC1100,,,,,,,,,,,,,,,,,,,,,,,,,,,,,,,,,,,,,,,,,,,,,,,,,,,,,,,,,,,,,,,,,,,,,,,,,,,,,,,,,,,,,,,,,,,,,,,,,,,,,,,,,,,,,,,,,,,,,,,,,,,,,,,,100,,,,,,,,
IE00B3YCGJ38,,,,,,,,,,,,,,,,,,,,,,,,,,,,,,,,,,,,,,,,,,,,,,,,,,,,,,,,,,,,,,,,,,,,,,,,,,,,,,,,,,,,0.1,,,,,,,,,,,,,,,,,,,,,,,,,,,,,,,,0.1,,,,,,,,,,,,99.8,,,,,,,,
IE00B3YLTY66,,,,,1.5421,0.0288,,,,,0.303,,,,0.4618,,,,,3.2652,,0.0362,2.1938,0.0194,,,,0.0593,,0.4513,,,,,,,,0.1786,2.1069,,,1.9096,,0.035,,,,,0.3954,0.0116,,1.5374,0.0559,,0.024,,0.3388,0.7027,,,5.6042,,,,,0.0798,,,,,,,,,,0.1566,,,0.2099,,,,,1.1217,0.1123,,0.1387,,,,,,,0.0169,0.1401,0.0646,,0.0647,,,,,0.2708,,,,0.5121,,,0.378,2.2457,0.7831,,,0.7715,1.966,3.1545,,0.1115,,,0.061,,,,0.172,3.386,62.8159,,,,,,,,
IE00B3Z0X395,,,,,,,,,,,,,,,,,,,,,,,,,,,,,,,,,,,,,,,,,,,,,,,,,,,,,,,,,,,,,,,,,,,,,,,,,,,,,,,,,,,,,,,,,,,,,,,,,,,,,,,,,,,,,,,100.0,,,,,,,,,,,,,,,,,,,,,,,,,
IE00B3Z3FS74,,,,,,,,,,,,,,,3.68,,,,,,,,17.1,,,,,,,,,,,,,,,,,,,,,,,,,,1.05,,,11.04,,,,,,,,,,,,,,,,,,,,,,,,,,,1.64,,,,,,,,,,,,,,,,,,,,,,,,2.38,,,,,,,2.48,23.61,,,,,,27.19,,,,,,,,,1.12,,,,,,,,,,8.71
IE00B3ZW0K18,,,,,,,,,,,,,,,,,,,,,,,,,,,,,,,,,,,,,,,,,,,,,,,,,,,,,,,1.2789,,,,,,,,,,,,,,,,,,,,,,,,,,,,,,,,,,,,,,,,,,,,,,,,,,,,,,,,,,,,,,,,,,,,,,,,0.0026,97.4875,,,,,,1.231,,
IE00B40B8R38,,,,,,,,,,,,,,,,,,,,,,,,,,,,,,,,,,,,,,,,,,,,,,,,,,,,,,,,,,,,,,,,,,,,,,,,,,,,,,,,,,,,,,,,,,,,,,,,,,,,,,,,,,,,,,,,,,,,,,,,,,,,,,,0.0031,99.9932,,,,,,0.0037,,
IE00B40QP990,,,,,,,,,,,,,,,,,,,,,,,,,,,,,,,,,,,,,,,,,,,,,,,,,,,,,,,,,,,,,,,,,,,,,,,,,,,,,,,,,,,,,,,,,,,,,,,,,,,,,,,,,,,,,,,,,,,,,,,,,,,,,,,,,,,,,,,,
IE00B41RYL63,0.0153,,,,0.5927,2.502,,,,,3.8926,,0.0269,,,,0.1453,,,1.177,,0.1005,0.1404,,,0.1962,0.0774,0.087,,0.5716,,,,,0.0472,,,1.5709,20.6387,,,18.4993,,0.6656,,,,,0.069,0.1127,0.0504,,0.0657,,0.9309,,0.0403,13.2563,,,0.4585,,,0.0142,,,,0.0767,,,,0.1483,0.4274,,,,0.0254,,0.2114,,,,,4.4313,0.1471,,0.5827,,,,,,0.0318,0.0275,0.3609,1.1143,,,,0.3761,,,0.0451,,,,0.0475,0.4962,0.2495,0.0181,0.0841,9.2051,,,0.8293,0.5676,,,,,,,,,,0.0136,1.8057,4.5132,,,,,,,8.2193,
IE00B428Z604,,,,,,,,,,,,,,,,,,,,,,,,,,,,,,,,,,,,,,,,,,,,,,,,,,,,,,,0.071,,,,,,,,,,,,,,,,,,,,,,,,,,,,,,,,,,,,,,,,,,,,,,,,,,,,,,,,,99.9155,,,,,,,,,,,,,,,0.001,0.0099,,,,,,0.0026,,
IE00B42NKQ00,,,,,,,,,,,,,,,,,,,,,,,,,,,,,,,,,,,,,,,,,,,,,,,,,,,,,,,0.0432,,,,,,,,,,,,,,,,,,,,,,,,,,,,,,,,,,,,,,,,,,,,,,,,,,,,,,,,,,,,,,,,,,,,,,,,0.0027,99.9531,,,,,,0.0011,,
IE00B42Q4896,,,,,,,,,,,,,,,,,,,,,,,,,,,,,,,,,,,,,,,,,,,,,,,,,,,,,,,,,,,,,,,,,,,,,,,,,,,,,,,,,,,,,,,,,,,,,,,,,,,,,,,,,,,,,,,,,,,,,,,,,,,,,,,,100,,,,,,,,
IE00B42TW061,,,,,,,,,,,,,,,,,,,,,,,,,,,,,,,,,,,,,,,,,,,,,,,,,1.01,,,,,,1.13,,,,,,,,,,,,,,,,,,,,,,,,,,,,,,,,,,,,,,,,,,,,,,,,,,,,,,,,,,,,,2.47,,,,,,,,,,,94.52,,,,,,,,,0.87
IE00B42WWV65,,,,,,,,,,,,,,,,,,,,,,,,,,,,,,,,,,,,,,,,,,,,,,,,,,,,,,,,,,,,,,,,,,,,,,,,,,,,,,,,,,,,,,,,,,,,,,,,,,,,,,,,,,,,,,,,,,,,,,,,,,,,,,,85.24,,,,,,,,,14.76
IE00B42YS929,,,,,1.6077,0.0845,,,,,0.2624,,,,,,,,,3.4332,,,,,,,,,,0.4147,,,,,,,,0.2728,2.3682,,,2.1514,,,,,,,0.4359,,,,,,0.5307,,0.27,0.8075,,,5.5534,,,,,,,,,,,,,,,,,,,,,,,1.3971,0.0469,,0.1618,,,,,,,,,0.0501,,,,,,,,,,,0.4484,,,,,0.9709,,,0.8407,2.2604,,,,,,,,,,,4.2763,71.3051,,,,,,0.05,,
IE00B42Z5J44,,,,,,,,,,,,,,,,,,,,,,,,,,,,,,,,,,,,,,,,,,,,,,,,,,,,,,,,,,,,,97.2798,,,,,,,,,,,,,,,,,,,,,,,,,,,,,,,,,,,,,,,,,,,,,,,,,,,,,,,,,,,,,,,,,,0.0097,0.0,,,,,,2.7105,,
IE00B435BG20,,,,,,,,,,,,,,,,,,,,,,,,,,,,,,,,,,,,,,,,,,,,,,,,,,,,,,,,,,,,,,,,,,,,,,,,,,,,,,,,,,,,,,,,,,,,,,,,,,,,,,,,,,,,,,,,,,,,,,,,,,,,,,,,100,,,,,,,,
IE00B435CG94,,,,,,,,,,,,,,,,,,,,,,,,,,,,,,,,,,,,,,,,,,,,,,,,,,,,,,,,,,,,,,,,,,,,,,,,,,,,,,,,,,,,,,,,,,,,,,,,,,,,,,,,,,,,,,,,,,,,,,,,,,,,,,,,100,,,,,,,,
IE00B43HR379,,,,,,,,,,,,,,,,,,,,,,,,,,,,,,,,,,,,,,,,,,,,,,,,,,,,,,,0.0486,,,,,,,,,,,,,,,,,,,,,,,,,,,,,,,,,,,,,,,,,,,,,,,,,,,,,,,,,,,,,,,,,,,,,,,,0.0057,99.9438,,,,,,0.0019,,
IE00B43QJJ40,,,,,1.8618,0.6497,,,,,0.96,,0.0256,,0.0363,,0.0306,,,3.5185,,0.1934,10.8536,,,0.0182,0.0169,0.2233,,0.3806,,,,,,,,0.403,5.3206,,,4.6441,,0.1512,,,,,0.0475,0.1909,0.015,0.0334,0.6273,,0.2542,,0.2926,3.1593,,,7.9617,,,0.0226,,0.0691,,,,,,0.0508,0.1281,0.01,,0.5114,,,0.6675,,,,,1.0456,0.1954,,0.2778,0.0201,,0.0631,,,0.124,0.0636,0.492,0.2834,,0.0894,,0.2915,,,0.423,,,,0.2586,0.1227,0.0502,0.012,1.24,2.1162,,,0.6063,0.6944,0.0177,,0.3889,,,,,,,0.4073,4.6508,40.3742,0.0204,,,,,,2.3253,
IE00B43VDT70,,,,,,,,,,,,,,,,,,,,,,,,,,,,,,,,,,,,,,,,,,,,,,,,,,,,,,,,,,,,,,,,,,,,,,,,,,,,,,,,,,,,,,,,,,,,,,,,,,,,,,,,,,,,,,,,,,,,,,,,,,,,,,,,,,,,,,,,
IE00B441G979,,,,,1.6029,0.0878,,,,,0.2615,,,,,,,,,3.4171,,,,,,,,,,0.4119,,,,,,,,0.2733,2.3628,,,2.1471,,,,,,,0.4324,,,,,,0.5677,,0.2757,0.8049,,,5.537,,,,,,,,,,,,,,,,,,,,,,,1.3907,0.0465,,0.1643,,,,,,,,,0.052,,,,,,,,,,,0.4525,,,,,0.9632,,,0.8344,2.2582,,,,,,,,,,,3.4754,71.2164,,,,,,0.9639,,
IE00B449XP68,,,,,,,,,,,,,,,,,,,,,,,,,,,,,,,,,,,,,,,,,,,,,,,,,,,,,,,,,,,,,,,,,,,,,,,,,,,,,,,,,,,,,,,,,,,,,,,,,,,,,,,,,,,,,,,,,,,,,,,,,,,,,,,,100,,,,,,,,
IE00B44CGS96,,,,,0.2134,0.0219,,,,,0.1246,,0.0162,,0.0833,,,,,1.021,,0.0791,0.0554,,,,,,,,,,,,,,,0.0017,0.0647,,,0.1999,,,,,,,0.009,0.0063,,,0.1164,,4.5997,,0.0944,0.0247,,,0.5248,,,,,,,,,,,,0.0185,0.0109,,,,,0.3769,,,,,0.085,,,0.0317,,,0.098,,,0.096,0.1379,0.0952,,,,,,,,,,,,0.0057,,,0.0031,0.0875,0.1257,,,0.0069,0.1188,0.0125,,,,,,,,,,1.0145,89.2154,0.0628,,,,,0.009,1.1325,
IE00B44CND37,,,,,,,,,,,,,,,,,,,,,,,,,,,,,,,,,,,,,,,,,,,,,,,,,,,,,,,,,,,,,,,,,,,,,,,,,,,,,,,,,,,,,,,,,,,,,,,,,,,,,,,,,,,,,,,,,,,,,,,,,,,,,,,,99.9957,,,,,,,,
IE00B44T3H88,,,,,,,,,,,,,,,,,,,,,,,90.48,,,,,,,,,,,,,,,,,,,,,,,,,,5.46,,,,,,1.82,,,,,,,,,,,,,,,,,,,,,,,,,,,,,,,,,,,,,,,,,,,,,,,,,,,,1.08,,,,,,,,,,,,,,,,,,,,,,,,,,,,,1.16
IE00B44Z5B48,,,,,1.4407,0.0828,,,,,0.2226,,,,0.4438,,,,,3.0677,,0.0587,2.4085,0.0078,,,,0.0194,,0.3644,,,,,,,,0.2385,2.1387,,,1.9378,,0.0708,,,,,0.3868,0.0404,,1.3278,0.058,,0.0917,,0.2536,0.7213,,,4.9693,,,,,0.0507,,,,,,,,,,0.111,,,0.1879,,,,,1.2353,0.0285,,0.1347,,,,,,0.0474,0.0238,0.1295,0.0466,,0.055,,,,,0.29,,,,0.3953,,,0.3749,2.2776,0.8516,,,0.764,2.0242,3.0866,,0.1501,,,0.0359,,,,0.1492,3.13,64.0674,,,,,,,,
IE00B4556L06,,,,,,,,,,,,,,,,,,,,,,,,,,,,,,,,,,,,,,,,,,,,,,,,,,,,,,,,,,,,,,,,,,,,,,,,,,,,,,,,,,,,,,,,,,,,,,,,,,,,,,,,,,,,,,,,,,,,,,,,,,,,,,,,,,,,,,,,
IE00B459R192,,,,,0.2757,0.0319,,,,,0.1251,,0.027,,0.0768,,,,,1.4314,,0.0763,0.1237,,,,,,,,,,,,,,,,0.0773,,,0.3111,,,,,,,0.015,0.0188,,,0.1285,,0.0725,,0.104,0.0279,,,0.4338,,,,,,,,,,,,0.0087,0.012,,,,,0.4269,,,,,0.0777,,,0.0494,,,0.0929,,,0.086,0.1098,0.1013,,,,,,,,,,,,,,,,0.1667,0.1226,,,0.0476,0.0552,0.0239,,,,,,,,,,0.8737,93.0398,0.0348,,,,,,1.3142,
IE00B4613386,,,,,,,,,,,,,,,6.3106,,,,,,,1.2295,9.9462,3.8814,,,,3.1897,,,,,,,,,,,,,,,,,,,,,,1.8612,,9.054,7.1623,,,,3.7418,,,,,,,,,,,,,,,,,,,7.9875,,,8.441,,,,,,,,,,,,,,1.3645,3.067,5.9726,,,,,2.0303,,,,,,,,,,5.3328,9.9837,,,,,,,,6.899,,,1.284,,,,,,0.2004,,,,,,,1.0603,
IE00B466KX20,,,,,,,,,,,,,,,,,,,,,,,25.4822,,,,,,,,,,,,,,,,,,,,,,,,,,0.1204,,,13.8735,0.5893,,,,,,,,,,,,,,,,,,,,,,,1.1603,,,,,,,,,,,,,,,,,,0.3662,,,,,,,,,,,,,,,,,23.9707,,,,,,33.1898,,1.2475,,,,,,,,,,,,,,,,,
IE00B4694Z11,,,,,1.3269,,,,,,0.6539,,,,,,,,,1.4489,,,,,,,,,,0.346,,,,,,,,0.2759,7.3475,,,4.6007,,,,,,,0.1549,,,,,,0.3252,,,1.9975,,,1.1948,,,,,,,,,,,,0.2576,,,,,,0.3899,,,,,2.1975,,,0.1947,,,,,,,,,,,,,,,,,,,,,,,0.0959,,2.2164,,,1.0157,0.6608,,,,,,,,,,,53.1861,20.1055,,,,,,,0.0076,
IE00B469F816,,,,,,,,,,,,,,,3.8263,,,,,,,0.4058,21.1233,0.1395,,,,0.144,,,,,0.0463,,,,,,,,,,,0.5386,,,,,0.0603,0.3533,,11.5336,0.5047,,,,,,,,,,,,,0.4542,,,,,,,,,,0.9913,,,1.7132,,,,,,,,,,,,,,0.428,0.2795,1.1848,,,0.5666,,,,,2.5805,,,,,,,3.3343,19.9024,,,,,,27.2704,,0.9764,,,0.3878,,,,1.2295,,0.0256,,,,,,,,
IE00B46G8275,,,,,,,,,,,,,,,,,,,,,,,,,,,,,,,,,,,,,,,,,,,,,,,,,,,,,100.0,,,,,,,,,,,,,,,,,,,,,,,,,,,,,,,,,,,,,,,,,,,,,,,,,,,,,,,,,,,,,,,,,,,,,,,,,,,,,,,,,,,
IE00B48X4842,,,,,,,,,,,,,,,3.1047,,,,,,,0.8234,8.7324,0.3156,,,,0.0844,,,,,0.2251,,,,,,,,,,,1.0556,,,,,0.2288,0.1605,,21.5519,1.262,,,,,,,,,,,,,0.8738,,,,,,,,,,2.8694,,,1.6004,,,,,,,,,,,,,,0.1125,0.757,1.7969,,,0.6688,,,,,3.1423,,,,,,,3.6102,14.5195,,,,,,26.7422,,2.5645,,,1.9873,,,,1.2109,,,,,,,,,,
IE00B4JNQZ49,,,,,,,,,,,,,,,,,,,,,,,,,,,,,,,,,,,,,,,,,,,,,,,,,,,,,,,0.1327,,,,,,,,,,,,,,,,,,,,,,,,,,,,,,,,,,,,,,,,,,,,,,,,,,,,,,,,,,,,,,,,,,,,,,,,0.0019,99.8636,,,,,,0.0018,,
IE00B4JY5R22,,,,,,,,,,,,,,,,,,,,,,,,,,,,,,,,,,,,,,,,,,,,,,,,,,,,,,,1.13,,,,,,,,,,,,,,,,,,,,,,,,,,,,,,,,,,,,,,,,,,,,,,,,,,,,,,,,,,,,,,,,,,,,,,,,,97.7,,,,,,,,1.17
IE00B4K48X80,,,,,,0.5594,,,,,1.7049,,,,,,,,,,,,,,,,,,,2.6179,,,,,,,,1.7494,15.1491,,,13.7534,,,,,,,,,,,,,0.9798,,,5.1618,,,,,,,,,,,,,,,,,,,,,,,,,,8.9284,,,0.9921,,,,,,,,,0.3331,,,,,,,,,,,,,,,,6.1513,,,5.3484,14.3027,,,,,,,,,,,22.1258,0.0428,,,,,,0.0997,,
IE00B4K6B022,,,,,,,,,,,1.7,,,,,,,,,,,,,,,,,,,,,,,,,,,1.28,29.66,,,28.88,,,,,,,,,,,,,,,,8.39,,,,,,,,,,,,,,,,,,,,,,,,,,18.73,,,,,,,,,,,,,,,,,,,,,,,,,,,,11.36,,,,,,,,,,,,,,,,,,,,,,,,
IE00B4KBBD01,,,,,,,,,,,,,,,,,,,,,,,,,,,,,,,,,,,,,,,,,,,,,,,,,,,,,,,0.0383,,,,,,,,,,,,,,,,,,,,,,,,,,,,,,,,,,,,,,,,,,,,,,,,,,,,,,,,,,,,,,,,,,,,,,,,0.0061,99.9552,,,,,,0.0004,,
IE00B4L5Y983,,,,,1.6066,0.0881,,,,,0.2738,,,,,,,,,3.4599,,,,,,,,,,0.4247,,,,,,,,0.2803,2.3924,,,2.1701,,,,,,,0.4408,,,,,,0.1689,,0.2578,0.8175,,,5.6383,,,,,,,,,,,,,,,,,,,,,,,1.4275,0.0425,,0.1592,,,,,,,,,0.0521,,,,,,,,,,,0.4482,,,,,0.976,,,0.8632,2.2586,,,,,,,,,,,3.5265,72.2045,,,,,,0.0224,,
IE00B4L5YC18,,,,,,,,,,,,,,,2.0432,,,,,,,0.4655,17.4477,0.1874,,,,0.1185,,,,,0.0619,,,,,,,,,1.8702,,0.5777,,,,,-0.0226,0.3692,,11.4792,0.4916,,3.5866,,,,,,,,,,,0.5579,,,,,,,,,,0.9661,,,1.6971,,,,,,,,,,,,,,0.4047,0.3072,1.1876,,,0.476,,,0.0,,2.5078,,,,,,,3.2988,19.6617,,,,,,27.1072,,0.9877,,,0.4108,,,,1.199,,0.5521,,,,,,0.0023,,
IE00B4L5YX21,,,,,,,,,,,,,,,,,,,,,,,,,,,,,,,,,,,,,,,,,,,,,,,,,,,,,,,,,,,,,99.9855,,,,,,,,,,,,,,,,,,0.0002,,,,,,,,,,,,,,,,,,,,,,,,,,,,,,,,,,,,,,,,,,,,,,,,0.0022,0.011,,,,,,0.0009,,
IE00B4L5ZG21,,,,,1.582,0.5124,,,,,1.861,,,,0.0535,,,,,0.2015,,,0.2664,,,,,0.2737,,2.5285,,,,,,,,0.7125,16.1507,,,16.4492,,,,,,,0.1286,0.0516,,,,,0.7843,,,5.2144,,,2.0932,,,,,,,,,,,,0.5893,,,,,,0.0753,,,,,2.9699,0.0738,,0.2506,,,,,,,,0.1215,0.5409,,,,0.0315,,,,,,,,0.0368,,0.1927,0.0416,4.4596,,,1.5957,3.6229,0.0333,,,,,,,,,,10.2572,26.307,,,,,,-0.0631,,
IE00B4L5ZY03,,,,,1.1439,0.1458,,,,,1.1016,,,,0.0919,,,,,,,,0.4048,,,,,,,2.8752,,,,,,,,0.8877,16.9989,,,15.8303,,,,,,,,,,,,,0.8436,,,2.3127,,,2.1483,,,,,,,,,,,,0.8933,,,,,,0.2235,,,,,2.8838,0.096,,0.0431,,,,,,,,,0.8712,,,,,,,,,,,,,,,,4.4179,,,2.9406,5.4487,,,,,,,,,,,8.9778,28.3465,,,,,,0.0728,,
IE00B4LHWP62,,,,,,,,,,,,,,,,,,,,,,,,,,,,,,,,,,,,,,,,,,,,,,,,,,,,,,,,,,,,,,,,,,,,,,,,,,,,,,,,,,,,,,,,,,,,,,,,,,,,,,,,,,,,,,,,,,,,,,,,,,,,,,,,,,,,,,,,
IE00B4LJS984,,,,,,,,,,,,,,,,,,,,,,,,,,,,,,,,,,,,,,,,,,,,,,,,,,,,,,,,,,,,,,,,,,,,,,,,,,,,,,,,,,,,,,,,,,,,,,,,,,,,,,,,,,,,,,,,,,,,,,,,,,,,,,,,,,,,,,,,
IE00B4LN9N13,,,,,,,,,,,,,,,,,,,,,,,,,,,,,,,,,,,,,,,,,,,,,,,,,,,,,,,,,,,,,,,,,,,,,,,,,,,,,,,,,,,,,,,,,,,,,,,,,,,,,,,,,,,,,,,,,,,,,,,,,,,,,,,0.0045,99.9943,,,,,,0.0013,,
IE00B4M7GH52,,,,,,,,,,,,,,,,,,,,,,,,,,,,,,,,,,,,,,,,,,,,,,,,,,,,,,,,,,,,,,,,,,,,,,,,,,,,,,,,,,,,,,,,,,,,,,,99.9759,,,,,,,,,,,,,,,,,,,,,,,,,,,,,,,,0.0022,0.0218,,,,,,0.0001,,
IE00B4MCHD36,,,,,,,,,,,,,,,,,,,,,,,,,,,,,,,,,,,,,,,,,,,,,,,,,,,,,,,0.0356,,,,,,,,,,,,,,,,,,,,,,,,,,,,,,,,,,,,,,,,,,,,,,,,,,,,,,,,,,,,,,,,,,,,,,,,0.0027,99.9599,,,,,,0.0017,,
IE00B4MKCJ84,,,,,,,,,,,,,,,,,,,,,,,,,,,,,,,,,,,,,,,,,,,,,,,,,,,,,,,,,,,,,,,,,,,,,,,,,,,,,,,,,,,,,,,,,,,,,,,,,,,,,,,,,,,,,,,,,,,,,,,,,,,,,,,0.0041,99.9921,,,,,,0.0038,,
IE00B4NCWG09,,,,,,,,,,,,,,,,,,,,,,,,,,,,,,,,,,,,,,,,,,,,,,,,,,,,,,,,,,,,,,,,,,,,,,,,,,,,,,,,,,,,,,,,,,,,,,,,,,,,,,,,,,,,,,,,,,,,,,,,,,,,,,,,,,,,,,,,
IE00B4ND3602,,,,,,,,,,,,,,,,,,,,,,,,,,,,,,,,,,,,,,,,,,,,,,,,,,,,,,,,,,,,,,,,,,,,,,,,,,,,,,,,,,,,,,,,,,,,,,,,,,,,,,,,,,,,,,,,,,,,,,,,,,,,,,,,,,,,,,,,
IE00B4P11460,,,,,,,,,,,,,,,,,,,,,,4.82,12.38,4.2,,,,,,,1.26,,,,,,,,,,,,,,,,,,,,,12.15,5.88,,,,,,,,,,,,,,,,,,,,,,,3.27,,,12.85,,,,,,,,,,,,,,,1.37,4.1,,,,,,,,,,,,,,,2.59,,,,,,,,,2.42,,,4.95,,,,,,,,,,,,,,27.76
IE00B4QNHH68,,,,,,,,,,,,,,,,,,,,,,,,,,,,,,,,,,,,,,,,,,,,,,,,,,,,,,,,,,,,,,,,,,,,,,,,,,,,,,,,,,,,,,,,,,,,,,,,,,,,,,,,,,,,,,,,,,,,,,,,,,,,,,,,,,,,,,,,
IE00B4QNHZ41,,,,,,,,,,,,,,,,,,,,,,,,,,,,,,,,,,,,,,,,,,,,,,,,,,,,,,,,,,,,,,,,,,,,,,,,,,,,,,,,,,,,,,,,,,,,,,,,,,,,,,,,,,,,,,,,,,,,,,,,,,,,,,,,,,,,,,,,
IE00B4QNJJ23,,,,,,,,,,,,,,,,,,,,,,,,,,,,,,,,,,,,,,,,,,,,,,,,,,,,,,,,,,,,,,,,,,,,,,,,,,,,,,,,,,,,,,,,,,,,,,,,,,,,,,,,,,,,,,,,,,,,,,,,,,,,,,,,,,,,,,,,
IE00B4QNK008,,,,,,,,,,,,,,,,,,,,,,,,,,,,,,,,,,,,,,,,,,,,,,,,,,,,,,,,,,,,,,,,,,,,,,,,,,,,,,,,,,,,,,,,,,,,,,,,,,,,,,,,,,,,,,,,,,,,,,,,,,,,,,,,,,,,,,,,
IE00B4WPHX27,,,,,,,,,,,,,,,,,,,,,,,,,,,,,,,,,,,,,,,,,,,,,,,,,,,,,,,,,,,,,,,,,,,,,,,,,,,,,,,,,,,,,,,,,,,,,,,,,,,,,,,,,,,,,,,,,,,,,,,,,,,,,,,,,,,,,,,,
IE00B4WXJD03,,,,,63.4064,,,,,,,,,,,,,,,,,,,,,,,,,,,,,,,,,,,,,,,,,,,,16.9484,,,,,,0.0087,,,,,,,,,,,,,,,,,,,,,,,,,,,,,,1.7689,,,,,,,,,,,,,,,,,,,,,,17.6823,,,,,,,,,,,,,,,,,,,,0.0071,0.1759,,,,,,0.0022,,
IE00B4WXJG34,,,,,,,,,,,,,,,,,,,,,,,,,,,,,,,,,,,,,,,29.8587,,,22.7216,,,,,,,,,,,,,0.1037,,,26.9079,,,,,,,,,,,,,,,,,,,,,,,,,,3.5295,,,,,,,,,,,,,,,,,,,,,,,,,,,,16.8742,,,,,,,,,,,,,,,0.0034,0.0002,,,,,,0.0006,,
IE00B4WXJH41,,,,,,,,,,,,,,,,,,,,,,,,,,,,,,,,,,,,,,,23.7388,,,19.0998,,,,,,,,,,,,,0.1945,,,30.2991,,,,,,,,,,,,,,,,,,,,,,,,,,5.5632,,,,,,,,,,,,,,,,,,,,,,,,,,,,21.0973,,,,,,,,,,,,,,,0.0042,,,,,,,0.0031,,
IE00B4WXJJ64,,,,,,3.4189,,,,,4.9135,,,,,,0.2744,,,,,,,,,0.3732,0.116,,,,,,,,0.042,,,1.7465,24.0484,,,19.1004,,1.0184,,,,,,,,,,,1.6351,,,21.8355,,,,,,,,,,0.1684,,,,0.2468,0.1798,,,,,,,,,,,3.9716,,,,,,,,,,,,1.924,,,,,,,,,,,,0.7689,0.3762,,,13.8571,,,,0.0003,,,,,,,,,,,0.0042,0.0001,,,,,,-0.0198,,
IE00B4X9L533,,,,,1.58,,,,,,,,,,,,,,,3.33,,,,,,,,,,,,,,,,,,,2.15,,,2.1,,,,,,,,,,,,,,,,,,,5.68,,,,,,,,,,,,,,,,,,,,,,,1.84,,,,,,,,,,,,,,,,,,,,,,,,,,,,,,,,2.69,,,,,,,,,,,3.57,70.49,,,,,,,,6.57
IE00B4YBJ215,,,,,,,,,,,,,,,,,,,,0.4403,,,,,,,,,,,,,,,,,,,,,,,,,,,,,,,,,,,,,,,,,,,,,,,,,,,,,,,,,,,,,,,,,,,,,,,,,,,,,,,,,,,,,,,,,,,,,,,,,,,,,,,,,,,,99.5597,,,,,,,,
IE00B50XJX92,,,,,,,,,,,,,,,,,,,,,,,,,,,,,,,,,,,,,,,,,,,,,,,,,,,,,,,,,,,,,,,,,,,,,,,,,,,,,,,,,,,,,,,,,,,,,,,,,,,,,,,,,,,,,,,,,,,,,,,,,,,,,,,,,,,,,,,,
IE00B51B7Z02,,,,,,,,,,,,,,,,,,,,97.52,,,,,,,,,,,,,,,,,,,,,,,,,,,,,,,,,,,,,,,,,,,,,,,,,,,,,,,,,,,,,,,,,,,,,,,,,,,,,,,,,,,,,,,,,,,,,,,,,,,,,,,,,,,,2.48,,,,,,,,
IE00B52MJD48,,,,,,,,,,,,,,,,,,,,,,,,,,,,,,,,,,,,,,,,,,,,,,,,,,,,,,,,,,,,,99.9906,,,,,,,,,,,,,,,,,,,,,,,,,,,,,,,,,,,,,,,,,,,,,,,,,,,,,,,,,,,,,,,,,,0.0078,,,,,,,0.0017,,
IE00B52SF786,,,,,,,,,,,,,,,,,,,,99.976,,,,,,,,,,,,,,,,,,,,,,,,,,,,,,,,,,,,,,,,,,,,,,,,,,,,,,,,,,,,,,,,,,,,,,,,,,,,,,,,,,,,,,,,,,,,,,,,,,,,,,,,,,,0.009,0.0145,,,,,,0.0005,,
IE00B52SFT06,,,,,,,,,,,,,,,,,,,,0.0,,,,,,,,,,,,,,,,,,,,,,,,,,,,,,,,,,,0.0259,,,,,,,,,,,,,,,,,,,,,,,,,,,,,,,,,,,,,,,,,,,,,,,,,,,,,,,,,,,,,,,,,,,,,,,,0.0029,99.971,,,,,,0.0001,,
IE00B52VJ196,,,,,,0.1854,,,,,1.2129,,,,,,,,,,,,,,,,,,,3.6994,,,,,,,,2.5795,18.2402,,,10.4098,,,,,,,,,,,,,0.7578,,,2.1215,,,,,,,,,,,,,,,,,,,,,,,,,,16.0109,,,1.6488,,,,,,,,,0.8362,,,,,,,,,,,,,,,,3.2073,,,4.4151,22.0882,,,,,,,,,,,12.7303,0.018,,,,,,-0.1613,,
IE00B52XQP83,,,,,,,,,,,,,,,,,,,,,,,,,,,,,,,,,,,,,,,,,,,,,,,,,,,,,,,0.0612,,,,,,,,,,,,,,,,,,,,,,,,,,,,,,,,,,,,,,,,,,,,,,,,,,,,,,,99.844,,,,,,,,,,,,,,,,,0.0061,0.0887,,,,,,0.0,,
IE00B5377D42,,,,,99.9965,,,,,,,,,,,,,,,,,,,,,,,,,,,,,,,,,,,,,,,,,,,,,,,,,,,,,,,,,,,,,,,,,,,,,,,,,,,,,,,,,,,,,,,,,,,,,,,,,,,,,,,,,,,,,,,,,,,,,,,,,,,0.0035,,,,,,,,
IE00B539F030,,,,,,,,,,,,,,,,,,,,,,,,,,,,,,,,,,,,,,,,,,,,,,,,,,,,,,,0.5465,,,,,,,,,,,,,,,,,,,,,,,,,,,,,,,,,,,,,,,,,,,,,,,,,,,,,,,,,,,,,,,,,,,,,,,,99.2499,0.1896,,,,,,0.014,,
IE00B53H0131,,,,,,,,,,,,,,,,,,,,,,,,,,,,,,,,,,,,,,,,,,,,,,,,,,,,,,,,,,,,,,,,,,,,,,,,,,,,,,,,,,,,,,,,,,,,,,,,,,,,,,,,,,,,,,,,,,,,,,,,,,,,,,,,,,,,,,,,
IE00B53HP851,,,,,0.0002,,,,,,,,,,,,,,,,,,,,,,,,,,,,,,,,,,,,,,,0.1768,,,0.1895,,,,,,,,0.2452,,,,,,,,,,,,,,,,,,,,,,,,,,,,,0.6095,,,,,,,,,,,,,,,,,,,,,,,,,,,,0.5499,,,,,,,,,,,,,,,98.0533,0.1647,,,,,,0.011,,
IE00B53L3W79,,,,,,,,,,,2.7304,,,,,,,,,,,,,,,,,,,,,,,,,,,1.294,32.0839,,,29.5996,,,,,,,,,,,,,0.2,,,8.7498,,,,,,,,,,,,,,,,,,,,,,,,,,13.6691,,,,,,,,,,,,,,,,,,,,,,,,,,,,11.3329,,,0.0016,,,,,,,,,,,,0.0029,0.0001,,,,,,0.3356,,
IE00B53L4350,,,,,,,,,,,,,,,,,,,,,,,,,,,,,,,,,,,,,,,,,,,,,,,,,,,,,,,,,,,,,,,,,,,,,,,,,,,,,,,,,,,,,,,,,,,,,,,,,,,,,,,,,,,,,,,,,,,,,,,,,,,,,,,0.0117,99.9882,,,,,,0.0001,,
IE00B53L4X51,,,,,,,,,,,,,,,,,,,,,,,,,,,,,,,,,,,,,,,3.7374,,,,,,,,,,,,,,,,0.2859,,,95.7562,,,,,,,,,,,,,,,,,,,,,,,,,,,,,,,,,,,,,,,,,,,,,,,,,,,,,,,,,,,,,,,,,,,,,0.0102,0.0065,,,,,,0.2038,,
IE00B53QDK08,,,,,,,,,,,,,,,,,,,,,,,,,,,,,,,,,,,,,,,,,,,,,,,,,,,,,,,,,,,,,99.993,,,,,,,,,,,,,,,,,,,,,,,,,,,,,,,,,,,,,,,,,,,,,,,,,,,,,,,,,,,,,,,,,,0.0013,0.0055,,,,,,0.0002,,
IE00B53QG562,,,,,,1.047,,,,,3.1296,,,,,,,,,,,,,,,,,,,,,,,,,,,3.2401,27.8353,,,25.3136,,,,,,,,,,,,,1.2048,,,9.5038,,,,,,,,,,,,,,,,,,,,,0.0001,,,,,16.3926,,,,,,,,,,,,0.5957,,,,,,,,,,,,,,,,11.3322,,,,,,,,,,,,,,,0.004,0.0127,,,,,,0.3886,,
IE00B53SZB19,,,,,,,,,,,,,,,,,,,,0.9643,,,0.267,,,,,,,,,,,,,,,,,,,,,,,,,,,,,,,,0.1883,,,,,,,,,,,,,,,,,,,,,,,,,,,,,1.1274,,,,,,,,,,,,,,,,,,,,,,,,,,,,0.2048,,,,,,,,,,,,,,,0.4669,96.7802,,,,,,0.0012,,
IE00B579F325,,,,,,,,,,,,,,,,,,,,,,,,,,,,,,,,,,,,,,,,,,,,,,,,,,,,,,,,,,,,,,,,,,,,,,,,,,,,,,,,,,,,,,,,,,,,,,,,,,,,,,,,,,,,,,,,,,,,,,,,,,,,,,,,,,,,,,,,
IE00B57X3V84,,,,,2.0945,0.0471,,,,,0.1802,,,,0.8473,,,,,3.0208,,0.1429,2.5381,0.0564,,,,,,0.3181,,,,,,,,0.6726,3.4764,,,3.8261,,0.0234,,,,,0.6861,0.0009,,1.2732,0.0498,,0.1877,,0.0,1.903,,,7.7431,,,,,,,,,,,,,,,0.0859,,,0.4633,,,,,3.3732,0.116,,0.1125,,,,,,0.0685,0.0004,,0.1364,,,,,,,,,,,0.1077,,,0.9391,2.2555,2.8289,,,0.57,1.8975,11.1956,,0.5057,,,0.0391,,,,,3.1073,43.0575,,,,,,0.0522,,
IE00B58FQX63,,,,,,,,,,,,,,,,,,,,,,,,,,,,,,,,,,,,,,,,,,,,,,,,,,,,,,,,,,,,,,,,,,,,,,,,,,,,,,,,,,,,,,,,,,,,,,,,,,,,,,,,,,,,,,,,,,,,,,,,,,,,,,,,,,,,,,,,
IE00B58HMN42,,,,,,,,,,,,,,,,,,,,,,,,,,,,,,,,,,,,,,,,,,,,,,,,,,,,,,,,,,,,,,,,,,,,,,,,,,,,,,,,,,,,,,,,,,,,,,,,,,,,,,,,,,,,,,,,,,,,,,,,,,,,,,,,,,,,,,,,
IE00B58ZM503,,,,,,,,,,,,,,,,,,,,,,,,,,,,,,,,,,,,,,,,,,,,,,,,,,,,,,,,,,,,,,,,,,,,,,,,,,,,,,,,,,,,,,,,,,,,,,,,,,,,,,,,,,,,,,,,,,,,,,,,,,,,,,,,,,,,,,,,
IE00B598DX38,,,,,,,,,,,,,,,,,,,,,,,,,,,,,,,,,,,,,,,,,,,,,,,,,,,,,,,,,,,,,,,,,,,,,,,,,,,,,,,,,,,,,,,,,,,,,,,,,,,,,,,,,,,,,,,,,,,,,,,,,,,,,,,,,,,,,,,,
IE00B5993T22,,,,,,,,,,,,,,,,,,,,,,,,,,,,,,,,,,,,,,,,,,,,,,,,,,,,,,,,,,,,,,,,,,,,,,,,,,,,,,,,,,,,,,,,,,,,,,,,,,,,,,,,,,,,,,,,,,,,,,,,,,,,,,,,,,,,,,,,
IE00B5B3W843,,,,,,,,,,,,,,,,,,,,,,,,,,,,,,,,,,,,,,,,,,,,,,,,,,,,,,,,,,,,,,,,,,,,,,,,,,,,,,,,,,,,,,,,,,,,,,,,,,,,,,,,,,,,,,,,,,,,,,,,,,,,,,,,,,,,,,,,
IE00B5B5TG76,,,,,,,,,,,1.6,,,,,,,,,,,,1.1,,,,,,,,,,,,,,,1.3,26.7,,,29.5,,,,,,,,,,,,,,,,8.8,,,,,,,,,,,,,,,,,,,,,,,,,,13.7,,,,,,,,,,,,,,,,,,,,,,,,,,,,11.5,,,,,,,,,,,,,,,,5.7,,,,,,,,
IE00B5BD5K76,,,,,,,,,,,1.37,,,,,,,,,,,,,,,,,,,2.6,,,,,,,,1.87,13.61,,,13.36,,,,,,,,,,,,,,,,4.82,,,,,,,,,,,,,,,,,,,,,,,,,,11.13,,,,,,,,,,,,,,,,,,,,,,,,,,,,5.85,,,5.15,15.67,,,,,,,,,,,20.76,,,,,,,,,3.81
IE00B5BMR087,,,,,,,,,,,,,,,,,,,,,,,,,,,,,,,,,,,,,,,,,,,,,,,,,,,,,,,,,,,,,,,,,,,,,,,,,,,,,,,0.0008,,,,,,,,,,,,,,,,,,,,,,,,,,,,,,,,,,,,,,,,,,,,,,,,-0.0047,100.0037,,,,,,0.0002,,
IE00B5KQNG97,,,,,,,,,,,,,,,,,,,,,,,,,,,,,,,,,,,,,,,,,,,,,,,,,,,,,,,1.14,,,,,,,,,,,,,,,,,,,,,,,,,,,,,,,,,,,,,,,,,,,,,,,,,,,,,,,,,,,,,,,,,,,,,,,,,97.58,,,,,,,,1.28
IE00B5L01S80,,,,,5.88,,,,,,,,,,,,,,,2.09,,,,,,,,,,,,,,,,,,,1.8,,,1.36,,,,,,,2.51,,,,,,,,,,,,8.1,,,,,,,,,,,,,,,,,,,,,,,,,,,,,,,,,,,,,,,,,,,,,,3.02,,,,,,,,1.47,1.52,,,,,,,,,,,3.39,65.8,,,,,,,,3.06
IE00B5L8K969,,,,,,,,,,,,,,,,,,,,,,,21.1296,,,,,,,,,,,,,,,,,,,,,,,,,,0.0949,,,13.9205,0.5904,,4.4458,,,,,,,,,,,,,,,,,,,,,1.1499,,,,,,,,,,,,,,,,,,0.344,,,,,,,,,,,,,,,,,23.9586,,,,,,32.9125,,1.2051,,,,,,,,0.0205,0.2279,,,,,,0.0004,,
IE00B5M1WJ87,,,,,,5.4933,,,,,5.9189,,,,,,,,,,,,,,,,,,,,,,,,,,,17.1453,12.3375,,,20.9029,,,,,,,,,,,,,,,,19.6065,,,,,,,,,,,,,,,,,,,,,,,,,,11.8866,,,,,,,,,,,,2.8546,,,,,,,,,,,,,,,,3.8544,,,,,,,,,,,,,,,,,,,,,,,,
IE00B5M4WH52,,,0.0008,,,,,,,,,,,,3.2913,,,,,,,1.664,9.8856,5.4927,,,,4.5287,,,,,,,,,,,,,,3.352,,,,,,,,2.6343,,9.8542,9.1704,,,,,,,,,,,,,,,,,,,,,,,9.4605,,,10.1459,,,,,,,,,,,,,,2.0526,,8.6768,,,,,3.1869,0.0003,,,,,,,,,7.4826,,,,,,,,,7.9043,,,1.0988,,,,,0.0004,0.1138,,,,,,0.0032,,
IE00B5MJYB88,,,,,,,,,,,,,,,,,,,,,,,,,,,,,,,,,,,,,,15.3,8.0,,,21.4,,,,,,,,,,,,,,,,4.1,,,,,,,,,,,,,,,,,,,,,,,,,,4.9,,0.9,2.2,,,,,,,,,,,,,,,,,,,,,,,,,8.4,,,13.4,7.4,,,,,,,,,,,14.0,,,,,,,,,
IE00B5MJYC95,,,,,,,,,,,,,,,,,,,,,,,,,,,,,,,,,,,,,,,16.2,,,9.9,,,,,,,,,,,,,,,,23.5,,,,,,,,,,,,,,,,,,,,,,,,,,,,,,,,,,,,,,,,,,,,,,,,,,,,,,,,,10.3,,,,,,,,,,,,24.9,15.2,,,,,,,,
IE00B5MJYX09,,,,,,0.4,,,,,,,,,,,,,,,,,,,,,,0.1,,2.3,,,,,,,,3.4,19.2,,,17.1,,,,,,,,,,,,,,,,3.6,,,,,,,,,,,,,,,,,,,,,,,,,,2.7,,,1.1,,,,,,,,0.2,,,,,,,,,,,,,,,,,1.1,,,10.8,8.7,,,,,,,,,,,20.1,9.1,,,,,,,,
IE00B5MJYY16,,,,,,,,,,,2.5,,,,,,,,,,,,,,,,,,,14.3,,,,,,,,0.7,5.9,,,8.9,,,,,,,,,,,,,,,,0.5,,,,,,,,,,,,,,,0.6,,,,,,,,,,,4.6,,,,,,,,,,,,,,,,,,,,,,,,,,,,,,,1.1,10.7,,,,,,,,,,,17.0,33.2,,,,,,,,
IE00B5MTWD60,,,,,,2.8,,,,,1.5,,,,,,,,,,,,,,,,,,,1.3,,,,,,,,3.2,10.7,,0.3,4.3,,,,,,,,,,,,,2.2,,,17.1,,,,,,,,,,,,,,,,,,,,,,,,,,6.2,,,0.9,,,,,,,,1.9,0.5,,,,,,,,,,,,,,,,21.7,,,3.4,0.2,,,,,,,,,,,21.8,,,,,,,,,
IE00B5MTWH09,,,,,,1.3,,,,,,,,,,,,,,,,,,,,,,,,3.3,,,,,,,,1.8,19.4,,,18.6,,,,,,,,,,,,,,,,8.4,,,,,,,,,,,,,,,,,,,,,,,,,,1.0,,,6.1,,,,,,,,2.9,1.1,,,,,,,,,,,,,,,,4.6,,,,,,,,,,,,,,,0.8,30.6,,,,,,,,
IE00B5MTWY73,,,,,34.9,1.2,,,,,1.5,,,,,,,,,,,6.5,,,,,,,,,,,,,,,,2.8,,,,,,,,,,,,,,,,,,,,,,,,,,,,,,,,,,,9.9,,,,,,2.2,,,,,,,,3.5,,,,,,0.7,,4.1,,,,,,,,,,,,,,,19.2,,,,,12.4,,,,,,,,,,,,,1.2,,,,,,,,
IE00B5MTWZ80,,,,,,,,,,,,,,,,,,,,,,,7.8,,,,,,,,,,,,,,,,6.1,,,33.7,,,,,,,,,,,,,,,,1.1,,,,,,,,,,,,,,,,,,,,,,,,,,23.5,,,1.0,,,,,,,,,,,,,,,,,,,,4.7,,,,,4.6,,,3.3,3.0,,,,,,,,,,,11.3,,,,,,,,,
IE00B5MTXJ97,,,,,,,,,,,1.5,,,,,,,,,,,,,,,,,,,0.9,,,,,,,,2.7,11.9,,,27.8,,,,,,,4.2,,,,,,,,,8.3,,,,,,,,,,,,,,,,,,,,,,,,,,4.4,,,1.3,,,,,,,,1.4,,,,,,,,,,,,,,,,,0.6,,,,16.4,,,,,,,,,,,11.1,7.5,,,,,,,,
IE00B5MTXK03,,,,,,0.7,,,,,1.1,,,,,,,,,,,,,,,,,,,1.6,,,,,,,,1.6,12.8,,,13.2,,,,,,,,,,,,,,,,18.9,,,,,,,,,,,,,,,,,,,,,,,,,,,,,,,,,,,,,,2.5,,,,,,,,,,,,,,,,21.0,,,,0.5,,,,,,,,,,,26.1,,,,,,,,,
IE00B5MTY077,,,,,,,,,,,3.0,,,,3.7,,,,,,,,,,,,,,,,,,,,,,,,20.0,,,38.8,,,,,,,,,,,,,,,,,,,,,,,,,,,,,,,,,,,,,,,,,,9.5,,,,,,,,,,,,,,,,,,,,,,,,,,,,,,,,19.5,,,,,,,,,,,5.5,,,,,,,,,
IE00B5MTY309,,,,,,0.6,,,,,1.1,,,,,,,,,,,,,,,,,,,1.4,,,,,,,,,31.6,,,7.7,,,,,,,,,,,,,3.7,,,,,,,,,,,,,,,,,,,,,,,,,,,,,1.5,,,,,,,,,,,,,,,,,,,,,,,,,,,,6.1,,,12.6,16.7,,,,,,,,,,,1.2,15.7,,,,,,,,
IE00B5MTYK77,,,,,,,,,,,1.4,,,,,,,,,,,,,,,,,,,,,,,,,,,0.7,1.4,,,11.9,,,,,,,,,,,,,,,0.6,4.9,,,,,,,,,,,,,,,0.8,,,,,,,,,,,4.2,,,0.7,,,,,,,,,,,,,,,,,,,,,,,,,,,,20.6,24.3,,,,,,,,,,,28.6,,,,,,,,,
IE00B5MTYL84,,,,,,,,,,,18.0,,,,,,,,,,,,,,,,,,,3.7,,,,,,,,,15.0,,,,,,,,,,,,,,,,4.7,,,4.0,,,,,,,,,,,,,,,,,,,,,,,,,,9.8,,,4.1,,,,,,,,,,,,,,,,,,,,,,,,,,,,0.9,25.0,,,,,,,,,,,14.9,,,,,,,,,
IE00B5MTZ488,,,,,,,,,,,,,,,,,,,,,,,,,,,,,,,,,,,,,,,24.4,,,7.1,,,,,,,,,,,,,,,,,,,,,,,,,,,,,,,,,,,,,,,,,,14.5,,,,,,,,,,,,,,,,,,,,,,,,,,,,,,,,,,,,,,,,,,,54.0,,,,,,,,,
IE00B5MTZ595,,,,,,,,,,,,,,,,,,,,,,,,,,,,,,1.1,,,,,,,,,35.6,,,5.5,,,,,,,,,,,,,,,,2.4,,,,,,,,,,,,,,,,,,,,,,,,,,,,,,,,,,,,,1.5,,,,,,,,,,,,,,,,,,,,2.0,10.1,,,,,,,,,,,41.7,,,,,,,,,
IE00B5MTZM66,,,,,,,,,,,,,,,,,,,,,,,,,,,,,,,,,,,,,,,4.6,,,9.5,,,,,,,,,,,,,,,,,,,,,,,,,,,,,,,,,,,,,,,,,,,,,,,,,,,,,,,,,,,,,,,,,,,,,,18.1,,,12.0,7.8,,,,,,,,,,,48.0,,,,,,,,,
IE00B5NLX835,,,,,,,,,,,2.4,,,,,,,,,,,,,,,,,,,,,,,,,,,,16.3,,,51.9,,,,,,,,,,,,,,,,22.4,,,,,,,,,,,,,,,,,,,,,,,,,,,,,,,,,,,,,,,,,,,,,,,,,,,,,,,,,,,,,,,,,,,,,,7.1,,,,,,,,
IE00B5SG8Z57,,,,,64.16,,,,,,,,,,,,,,,,,,,,,,,,,,,,,,,,,,,,,,,,,,,,16.3,,,,,,,,,,,,,,,,,,,,,,,,,,,,,,,,,,,,2.14,,,,,,,,,,,,,,,,,,,,,,16.33,,,,,,,,,,,,,,,,,,,,,,,,,,,,,1.07
IE00B5SSQT16,,,,,,,,,,,,,,,3.72,,,,,,,,17.24,,,,,,,,,,,,,,,,,,,,,,,,,,1.06,,,11.12,,,,,,,,,,,,,,,,,,,,,,,,,,,1.64,,,,,,,,,,,,,,,,,,,,,,,,2.37,,,,,,,2.49,23.72,,,,,,27.38,,,,,,,,,1.13,,,,,,,,,,8.13
IE00B5V94313,,,,,,,,,,,,,,,,,,,,,,,,,,,,,,,,,,,,,,,,,,99.4085,,,,,,,,,,,,,0.5796,,,,,,,,,,,,,,,,,,,,,,,,,,,,,,,,,,,,,,,,,,,,,,,,,,,,,,,,,,,,,,,,,,,,,,,,0.0058,0.0005,,,,,,0.0057,,
IE00B5VX7566,,,,,,,,,,,,,,,,,,,,,,,,,,,,,,,,,,,,,,,,,,,,,,,,,,,,,,,,,,,,,100.0,,,,,,,,,,,,,,,,,,,,,,,,,,,,,,,,,,,,,,,,,,,,,,,,,,,,,,,,,,,,,,,,,,,,,,,,,,,
IE00B5W4TY14,,,,,,,,,,,,,,,,,,,,,,,,,,,,,,,,,,,,,,,,,,,,,,,,,,,,,,,,,,,,,,,,,,,,,,,,,,,,,,,,,,,,,,,,,,,,,,,,,,,,,,,,,,,,,,,99.6953,,,,,,,,,,,,,,,,,0.3046,,,,,,0.0001,,
IE00B5WFQ436,,,,,,,,,,,,,,,,,,,,,,,,,,,,,,,,,,,,,,,,,,,,,,,,,,,,,,,1.43,,,,,,,,,,,,,,,,,,,,,,,,,,,,,,,,,,,,,,,,,,,,,,,,,,,,,,,,,,,,,1.06,,,,,,,,,,,1.17,95.89,,,,,,,,0.45
IE00B5WHFQ43,,,,,,,,,,,,,,,,,,,,,,,,,,,,,,,,,,,,,,,,,,,,,,,,,,,,,,,,,,,,,,,,,,,,,,,,,,,,,,,100.0284,,,,,,,,,,,,,,,,,,,,,,,,,,,,,,,,,,,,,,,,,,,,,,,,,-0.0295,,,,,,0.0011,,
IE00B5ZR2157,,,,,,,,,,,,,,,,,,,,,,,,,,,,,,,,,,,,,,,,,,,,,,,,,,,,,,,,,,,,,,,,,,,,,,,,,,,,,,,,,,,,,,,,,,,,,,,,,,,,,,,,,,,,,,,,,,,,,,,,,,,,,,,,,,,,,,,,
IE00B60SWT88,,,,,5.4,,,,,,,,,,,,,,,,,0.5,,,,,,,,,,,,,,,,,,,0.2,,,0.2,,,,,1.0,,,,,,,,,0.3,0.4,,,,,,,,,,,,,,,,,,,,0.2,,,,,,,0.1,,,,,,,,,,,,,,,,,,,,,,,,1.7,,,,,,,,,,,,,,,,,76.0,14.1,,,,,,,,
IE00B60SWW18,,,,,1.2,0.7,,,,,1.5,,,,0.05,,,,,,,0.1,0.4,,,,,0.02,,2.6,,,,,,,0.02,1.8,13.2,,0.1,13.1,,,,,,,0.2,,,,,,0.5,,0.02,5.6,,,,,,,,,,,,,,,0.3,,,,,,0.05,,,,,7.9,,0.02,1.2,,,,,,0.01,,1.0,0.3,,,,,,,,,,,0.2,,,0.4,0.1,5.8,,,4.8,9.2,,,,,,,,,,,17.5,10.3,,,,,,,,
IE00B60SWX25,,,,,,,,,,,1.6,,,,,,,,,,,,1.1,,,,,,,,,,,,,,,1.3,26.7,,,29.5,,,,,,,,,,,,,,,,8.8,,,,,,,,,,,,,,,,,,,,,,,,,,13.7,,,,,,,,,,,,,,,,,,,,,,,,,,,,11.5,,,,,,,,,,,,,,,,5.7,,,,,,,,
IE00B60SWY32,,,,,1.1,0.6,,,,,1.3,,,,0.05,,,,,,,0.1,0.4,,,,,0.02,,2.6,,,,,,,,1.8,12.7,,,13.5,,,,0.1,,,0.2,,,,,,0.7,,,5.2,0.1,,,,,,,,,,,,,,0.3,,,,,,0.05,,,,,8.5,,0.02,0.9,,,,,,,,0.03,0.3,,,,,,,,,,,0.3,,,0.4,0.05,5.9,,,4.7,9.7,,,,,,,,,,,17.2,11.4,,,,,,,,
IE00B60SX170,,,,,0.02,,,,,,,,,,0.1,,,,,,,,,,,,,,,,,,,,,,,,,,,,,,,,,,,,,,,,,,,,,,,,,,,,,,,,,,,,,,,,,,,,,0.1,,,,,,,,,,,,,,,,,,,,,,,,,,,,,,,,0.1,,,0.03,,,,,,,,0.04,99.6,,,,,,,,
IE00B60SX287,,,,,,,,,,,,,,,,,,,,,,,,,,,,,,,,,,,,,,,,,,,,,,,,,,,,,,,,,,,,,100,,,,,,,,,,,,,,,,,,,,,,,,,,,,,,,,,,,,,,,,,,,,,,,,,,,,,,,,,,,,,,,,,,,,,,,,,,,
IE00B60SX394,,,,,1.8,0.1,,,,,0.2,,,,0.2,,,,,3.3,,0.04,0.1,,,,,,0.01,0.4,,,,,,,,0.3,2.0,,,2.1,,,,0.01,,,0.4,,,,0.01,,0.1,,0.3,0.8,0.01,,5.8,,,,,,,,,,,,0.04,0.01,,,,,0.01,,,,,1.4,0.1,,0.1,,,,,,,,,0.04,,,,,,,,,,,0.5,,,0.1,0.01,0.9,,,0.7,1.6,,,0.02,,,,,,,,2.8,73.8,,,,,0.02,,,
IE00B60SX402,,,,,0.01,0.01,,0.1,,,0.01,,0.3,,0.1,,,,0.2,1.3,0.2,,0.2,,0.1,,,,,,,,,,,,,,,,,0.01,0.1,,,,0.1,,,,,,,,0.1,,0.05,0.02,,,,,,,,,,,,,,,,,,,,,0.03,0.2,,,,,,,0.2,,,0.05,,,,,,,0.3,,,,,,,,,,0.2,,,0.01,0.01,,,,,0.3,,,0.03,,,,,,,,0.1,95.8,0.04,,,,,0.01,,
IE00B622SG73,,,,,,,,,,,,,,,,,,,,,,,,,,,,,,,,,,,,,,,,,,,,,,,,,,,,,,,,,,,,,,,,,,,,,,,,,,,,,,,,,,,,,,,,,,,,,,,,,,,,,,,,,,,,,,,,,,,,,,,,,,,,,,,,,,,,,,,,
IE00B652H904,,,,,,,,,,,,,,,22.0117,,,,,,,0.003,23.2322,3.3799,,,,2.0083,,,,,0.0001,,,,,,,,,,,1.1303,,,,,2.0913,,,1.5717,8.8225,,,,,,,,,,,,,0.0026,,,,,,,0.9904,,,1.2172,,,3.3016,,,,,,,,,,,,,,,0.0014,5.9858,,,0.6304,,,0.0021,,,,,,0.0006,,,2.901,0.0029,,,,,,15.8968,,3.273,,,0.9158,,,,0.5631,0.003,0.0582,,,,,,0.003,,
IE00B67B7N93,,,,,,,,,,,,,,,,,,,,,,,,,,,,,,,,,,,,,,,,,,,,,,,,,,,,,,,,,,,,,,,,,,,,,,,,,,,,,,,,,,,,,,,,,,,,,,,,,,,,,,,,,,,,,,,,,,,,,,,,,,,,,,,,,,,,,,,,
IE00B6QGFW01,,,,,,,,,,,,,,,,,,,,,,,19.9566,,,,,,,,,,,,,,,,,,,,,,,,,,,,,19.8896,11.9997,,,,,,,,,,,,,,,,,,,,,,,12.6612,,,,,,,,,,,,,,,,,,5.6303,,,,,,,,,,,,,,,,,20.0199,,,,,,,,9.8164,,,,,,,,0.0003,0.0175,,,,,,0.0086,,
IE00B6R51Z18,,,0.6269,,8.6252,,,,,,,,,,,,,,,21.8574,,,,,,,,,,,,,,,,,,,,,,,,,,,,,0.0016,,,,,,,,0.3773,,,,3.1819,,,,,,,,,,,,,,,,,,,,,,,,,,2.545,,,,,,,,,,,,,,0.0,,,,,,,,,,,,,,0.0027,,,,,,,,,,,,0.4962,62.2854,,,,,,0.0004,,
IE00B6R52036,,,,,10.4677,,,,,,,,,,0.3224,,,,,55.2493,,,5.4381,,,,,,,,,,,,,,,,,,,,,,,,,,0.04,,,,,,,,,,,,0.2019,,,,,,,,,,,,,,,,,,,,,,,,,,,,,,,,,,,,,,,,,,,,,,,,,10.9212,,,,,,,,,,,,,,,,,1.8902,15.469,,,,,,0.0002,,
IE00B6R52143,,,,,0.7321,,,,,,,,,,1.2607,,,,,6.7872,,,4.9766,,,,,,,0.0016,,,,,,,,,,,,,,,,,,,2.8605,,,3.476,0.241,,,,0.0009,,,,8.2497,,,,,,,,,,,,,,,0.5231,,,0.6883,,,,,0.1918,,,6.4575,,,,,,,,,,,0.0016,,,,,4.7659,,,,1.8991,,,,0.1199,0.4625,,,0.0006,0.0007,0.4893,,1.3096,,,0.5961,,,,0.2921,1.0822,52.5327,,,,,,0.0007,,
IE00B6R52259,,,,,1.414,0.0795,,,,,0.2536,,,,0.0006,,,,,3.0594,,0.0432,2.0196,0.0282,,,,0.0102,,0.3745,,,0.0036,,,,,0.2562,2.1268,,,2.3891,,0.0593,,,,,0.3694,0.0436,,0.0001,0.0708,,2.269,,0.2393,0.7006,,,4.9773,,,,,0.054,,,,,,,,,,0.1235,,,0.1907,,,,,1.2421,0.0407,,0.1492,,,,,,0.0513,0.042,0.1224,0.0452,,0.048,,,,,,,,,0.3973,,,0.3807,2.2836,0.8694,,,0.7598,1.9977,3.1043,,0.1159,,,0.0634,,,,0.1294,3.0863,63.935,,,,,,-0.0196,,
IE00B6S2Z822,,,,,,,,,,,,,2.08,,,,,,,,,,,,,,,,,,,,,,,,,,,,,,,,,,,,,,,,,,1.42,,,,,,,,,,,,,,,,,,,,,,,,,,,,,,,,,,,,,,,,,,,,,,,,,,,,,,,,,,,,,,,,,,,,,,,,96.51,,,,,,,,,
IE00B6SPMN59,,,,,,,,,,,,,,,,,,,,,,,,,,,,,,,,,,,,,,,,,,,,,,,,,,,,,,,0.001,,,,,,,,,,,,,,,,,,,,,,,,,,,,,,,,,,,,,,,,,,,,,,,,,,,,,,,,,,,,,,,,,,,,,,,,0.0032,99.9888,,,,,,0.007,,
IE00B6TLBW47,,0.504,2.8456,0.1117,,,,,0.1763,0.0993,,,,,5.1819,,,0.089,0.0936,,0.0308,3.6378,6.2458,4.1922,,,,0.3036,0.1407,,0.1342,,,,,,,,,,,,0.299,,,0.8092,,,5.9752,0.267,,3.7856,2.2278,,,,3.0063,,,0.3718,,,0.0923,1.1197,,1.9748,,,,,,,0.3104,2.5158,0.1068,0.8656,,,5.3012,,0.0884,,1.4061,,,1.1071,,0.3591,0.2444,0.839,,,2.1048,1.0426,0.4932,,,3.3414,,,,,6.3328,,0.4158,,3.7656,,,3.33,3.936,,,,,,2.4262,0.2558,2.3045,0.1051,0.2063,3.9623,,,0.1914,5.3788,0.1891,1.8234,,,,,0.8979,0.0056,0.6324,
IE00B6X2VY59,,,,,1.6857,0.9734,,,,,1.3318,,,,0.0459,,,,,1.2874,,,0.1962,,,,0.0466,0.1387,,2.335,,,,,0.0451,,,1.3394,18.4041,,,10.7811,,0.6017,,,,,,0.1858,,,,,1.7884,,,3.7587,,,2.6651,,,,,,,,,,,,0.4444,,,,,,,,,,,4.6288,0.2664,,0.771,,,,,,,,0.3696,0.4963,,,,0.1348,,,,,,,0.057,,,0.0619,,5.8019,,,2.7901,3.8545,0.0444,,,,,,,,,,9.1443,22.6146,,,,,,0.9092,,
IE00B6X4BP29,,,,,,,,,,,,,,,,,,,,,,,,,,,,,,,,,,,,,,,,,,,,,,,,,,,,,,,,,,,,,,,,,,,,,,,,,,,,,,,,,,,,,,,,,,,,,,,,,,,,,,,,,,,,,,,,,,,,,,,,,,,,,,,,,,,,,,,,
IE00B6YX5B26,,,,,,,,,,,,,,,,,,,,,,,29.18,,,,,,,,,,,,,,,,,,,,,,,,,,6.81,,,,3.6,,,,,,,,,,,,,,,,,,,,,,,7.46,,,,,,,,4.09,,,,,,,,,,,,,,1.72,,,,,8.6,,,,,,,4.04,4.82,,,,,,9.06,,11.91,,,2.81,,,,5.35,,,,,,,,,,0.55
IE00B6YX5C33,,,,,,,,,,,,,,,,,,,,,,,,,,,,,,,,,,,,,,,,,,,,,,,,,,,,,,,1.13,,,,,,,,,,,,,,,,,,,,,,,,,,,,,,,,,,,,,,,,,,,,,,,,,,,,,,,,,,,,,,,,,,,,,,,,,97.58,,,,,,,,1.29
IE00B6YX5D40,,,,,,,,,,,,,,,,,,,,,,,,,,,,,,,,,,,,,,,,,,,,,,,,,,,,,,,2.7,,,,,,,,,,,,,,,,,,,,,,,,,,,,,,,,,,,,,,,,,,,,,,,,,,,,,,,,,,,,,1.45,,,,,,,,,,,1.01,94.61,,,,,,,,0.23
IE00B6YX5F63,,,,,,2.5373,,,,,3.5402,,,,,,0.0672,,,,,,,,,0.2975,,,,,,,,,,,,1.4509,25.9837,,,21.7045,,0.7942,,,,,,,,,,,0.9646,,,21.5817,,,,,,,,,,0.1778,,,,0.1175,0.0055,,,,,,,,,,,3.2627,,,,,,,,,,,,1.9721,,,,,,,,,,,,0.4918,0.2615,,,14.7299,,,,,,,,,,,,,,,,,,,,,,,0.059,
IE00B6YX5H87,,,,,0.6726,3.9794,,,,,1.9397,,,,,,,,,1.7201,,,,,,,,1.0842,,1.0544,,,,,,,,1.7989,19.062,,,13.0611,,0.4562,,,,,,,,,,,1.2624,,,7.1787,,,0.901,,,,,,,,,,,,0.0491,,,,,,,,,,,5.1947,0.748,,0.7813,,,,,,,,0.051,1.0158,,,,0.4551,,,,,,,,0.4433,0.532,0.1465,,8.6702,,,2.5611,1.6807,,,,,,,,,,,6.362,16.2833,,,,,,,0.8549,
IE00B6YX5K17,,,,,,,,,,,,,,,,,,,,,,,,,,,,,,,,,,,,,,,,,,,,,,,,,,,,,,,,,,,,,,,,,,,,,,,,,,,,,,,,,,,,,,,,,,,,,,,,,,,,,,,,,,,,,,,,,,,,,,,,,,,,,,,99.9951,,,,,,,,,
IE00B6YX5L24,,,,,,,,,,,,,,,,,,,,,,,,,,,,,,,,,,,,,,,,,,,,,,,,,,,,,,,,,,,,,,,,,,,,,,,,,,,,,,,,,,,,,,,,,,,,,,,,,,,,,,,,,,,,,,,,,,,,,,,,,,,,,,,99.9973,,,,,,,,,
IE00B6YX5M31,,,,,,1.1847,,,,,0.6495,,,,,,,,,0.0987,,,,,,,,,,0.1543,,,,,,,,0.7827,22.7524,,,11.5339,,1.2461,,,,,,,,,,,0.851,,,13.0413,,,3.1195,0.2526,,,,,,,,,,0.1365,7.0155,,,,,,,,,,,4.7695,,,0.0379,,,,,,,,,,,,,,,,,,,,,,0.9046,,,2.4763,,,3.5851,0.7922,,,,,,,,,,,9.2519,14.945,,,,,,,0.4188,
IE00B77D4428,,,,,,,,,,,,,,,,,,,,,,,,,,,,,,,,,,,,,,,,,,,,,,,,,,,,,,,1.12,,,,,,,,,,,,,,,,,,,,,,,,,,,,,,,,,,,,,,,,,,,,,,,,,,,,,,,,,,,,,,,,,,,,,,,,,96.95,,,,,,,,1.93
IE00B78JSG98,,,,,,,,,,,,,,,,,,,,,,,,,,,,,,,,,,,,,,,,,,,,,,,,,,,,,,,1.69,,,,,,,,,,,,,,,,,,,,,,,,,,,,,,,,,,,,,,,,,,,,,,,,,,,,,,,,,,,,,,,,,,,,,,,,,95.31,,,,,,,,3.0
IE00B7K93397,,,,,,,,,,,,,,,,,,,,,,,,,,,,,,,,,,,,,,,,,,,,,,,,,,,,,,,1.13,,,,,,,,,,,,,,,,,,,,,,,,,,,,,,,,,,,,,,,,,,,,,,,,,,,,,,,,,,,,,,,,,,,,,,,,,96.85,,,,,,,,2.02
IE00B7KMNP07,,,,,24.09,,,,,,,,,,,,,,,57.36,,,2.59,,,,,,,,,,,,,,,,,,,,,,,,,,,,,,,,,,,,,,,,,,,,,,,,,,,,,,,,,,,,,,,,,,,,,,,,,,,,,,,,,,,,,,,5.71,,,,,,,,,,,,,,,,,5.35,4.91,,,,,,,,
IE00B7KQ7B66,,,,,1.57,,,,,,,,,,,,,,,3.3,,,,,,,,,,,,,,,,,,,2.11,,,2.11,,,,,,,,,,,,,,,,,,,5.49,,,,,,,,,,,,,,,,,,,,,,,1.84,,,,,,,,,,,,,,,,,,,,,,,,,,,,,,,,2.69,,,,,,,,,,,3.52,70.25,,,,,,,,7.12
IE00B7LGZ558,,,,,,,,,,,,,,,,,,,,,,,,,,,,,,,,,,,,,,,99.9292,,,,,,,,,,,,,,,,0.0415,,,,,,,,,,,,,,,,,,,,,,,,,,,,,,,,,,,,,,,,,,,,,,,,,,,,,,,,,,,,,,,,,,,,,,,,0.013,0.0069,,,,,,0.0094,,
IE00B7LW6Y90,,,,,,,,,,,,,,,,,,,,,,,,,,,,,,,,,,,,,,,,,,,,,,,,,,,,,,,0.1147,,,99.8776,,,,,,,,,,,,,,,,,,,,,,,,,,,,,,,,,,,,,,,,,,,,,,,,,,,,,,,,,,,,,,,,,,,,,0.0025,0.0034,,,,,,0.0017,,
IE00B7N3YW49,,,,,,,,,,,,,,,,,,,,2.44,,,,,,,,,,,,,,,,,,,,,,,,,,,,,,,,,,,,,,,,,1.4,,,,,,,,,,,,,,,,,,,,,,,,,,,,,,,,,,,,,,,,,,,,,,,,,,,,,,,,,,,,,,,,,,1.94,56.74,,,,,,,,37.48
IE00B7WK2W23,,,,,,,,,,,,,,,,,,,,,,,19.2,,,,,,,,,,,,,,,,,,,,,,,,,,4.33,,,12.34,,,,,,,,,,,,,,,,,,,,,,,,,,,,,,,,,,,,,,,,,,,,,,,,,,,,,,,3.42,,,,26.39,,,,,,30.47,,1.06,,,,,,,,,,,,,,,,,2.79
IE00B7Y34M31,,,,,,,,,,,,,,,,,,,,,,,,,,,,,,,,,,,,,,,,,,,,,,,,,,,,,,,,,,,,,,,,,,,,,,,,,,,,,,,,,,,,,,,,,,,,,,,,,,,,,,,,,,,,,,,,,,,,,,,,,,,,,,,,,,,,,,,,
IE00B802KR88,,,,,,,,,,,,,,,,,,,,,,,,,,,,,,,,,,,,,,,,,,,,,,,,,,,,,,,,,,,,,,,,,,,,,,,,,,,,,,,,,,,,,,,,,,,,,,,,,,,,,,,,,,,,,,,,,,,,1.13,,,,,,,,,,,1.18,95.39,,,,,,,,2.3
IE00B810Q511,,,,,,,,,,,,,,,,,,,,,,,,,,,,,,,,,,,,,,,,,,,,,,,,,1.01,,,,,,1.12,,,,,,,,,,,,,,,,,,,,,,,,,,,,,,,,,,,,,,,,,,,,,,,,,,,,,,,,,,,,,2.46,,,,,,,,,,,94.0,,,,,,,,,1.41
IE00B86MWN23,,,,,,1.5345,,,,,4.2671,,,,,,,,,,,,,,,,,,,4.2222,,,,,,,,5.4023,13.3077,,,9.6897,,,,,,,,,,,,,1.6967,,,7.9368,,,,,,,,,,,,,,,,,,,,,,,,,,5.1198,,,3.0874,,,,,,,,,0.9863,,,,,,,,,,,,,,,,7.2561,,,1.8423,15.6271,,,,,,,,,,,17.6073,0.0358,,,,,,0.3807,,
IE00B87G8S03,,,,,11.0481,6.8239,,,,,,,,,,,,,,15.8706,,,,,,,,,,1.5203,,,,,,,,3.4802,,,,20.0269,,,,,,,0.2134,,,,,,2.7698,,,,,,,,,,,,,,,,,,0.3403,,,,,,,,,,,7.9409,2.2072,,1.1958,,,,,,,,,,,,,,,,,,,,2.8389,,,,,,,,1.4192,2.2312,,,,,,,,,,,10.0359,9.8486,,,,,,0.1889,,
IE00B87RLX93,,,,,1.6197,2.1144,,,,,2.029,,0.1704,,,,,,,2.1294,,,,,,0.061,0.0411,0.3277,,1.9312,,,,,0.0823,,,1.9573,20.9957,,,8.2114,,1.103,,,,,0.0541,0.4329,,,,,0.9603,,,5.9264,,,2.6152,,,,,,,0.0205,,,,0.0675,1.4655,,,,0.0204,,,,,,,7.1235,0.4913,,1.303,,,,,,,,0.7601,0.5115,,,,0.3177,,,,,,,0.0256,0.0426,0.0826,,,7.392,,,4.2065,3.203,,,,,,,,,,,7.9428,12.6285,,,,,,-0.3669,,
IE00B88DZ566,,,,,,,,,,,,,,,50.944,,,,,,,7.0177,,2.7259,,,,,,,,,,,,,,,,,,7.8194,,,,,,,,,,,,,,,,,,,,,,,,,,,,,,,,,,,,,25.388,,,,,,,,,,,,,,6.0557,,,,,,,,,,,,,,,,,,,,,,,,,,,,,,,,,,0.0014,0.047,,,,,,0.0007,,
IE00B8CJW150,,,,,,,,,,,,,,,,,,,,,,,,,,,,,,,,,,,,,,,,,,,,,,,,,,,,,,,,,,,,,,,,,,,,,,,,,,,,,,,,,,,,,,,,,,,,,,,,,,,,,,,,,,,,,,,,,,,,,,,,,,,,,,,,100,,,,,,,,
IE00B8FHGS14,,,,,0.2937,0.0466,,,,,0.7434,,,,,,,,,3.7717,,,,,,,,,,0.1681,,,,,,,,0.832,2.4975,,,1.6685,,,,,,,1.4049,,,,,,0.354,,0.8528,0.5643,,,10.5607,,,,,,,,,,,,,,,,,,,,,,,1.1836,0.1271,,,,,,,,,,,0.1309,,,,,,,,,,,1.2517,,,,,1.2268,,,0.1332,3.066,,,,,,,,,,,1.4247,67.6441,,,,,,0.0536,,
IE00B8GF1M35,,,,,2.2515,,,,,,0.6865,,,,0.2212,,,,,0.7372,,0.3596,,,,,,,,,,,,,,,,0.1021,1.8734,,,0.396,,,,,,,1.6473,,,,,,,,0.7705,,,,6.9752,,,,,,,,,,,,,,,,,,0.753,,,,,,,,,,,,,,,,,,,,,,,,0.0574,,,,2.545,,,0.7069,,0.536,,,0.9865,1.2224,,,0.1688,,,,,,,,3.9632,73.0403,,,,,,,,
IE00B8GKDB10,,,,,3.27,,,,,,,,,,,,,,,4.41,,,2.76,,,,,,,,,,,,,,,,3.91,,,3.03,,,,,,,1.27,,,,,,,,,1.44,,,9.2,,,,,,,,,,,,,,,,,,,,,,,1.39,,,,,,,,,,,,,,,,,,,,,,,,,,,1.16,1.92,,,1.33,4.7,3.26,,,,,,,,,,6.41,37.56,,,,,,,,12.98
IE00B8HGT870,,,,,,,,,,,,,,,,,,,,,,,,,,,,,,,,,,,,,,,,,,,,,,,,,,,,,,,,,,,,,,,,,,,,,,,,,,,,,,,,,,,,,,,,,,,,,,,,,,,,,,,,,,,,,,,,,,,,,,,,,,,,,,,,,,,,,,,,
IE00B8J37J31,,,,,,,,,,,,,,,,,,,,,,,,,,,,,,,,,,,,,,,,,,,,,,,,,,,,,,,,,,,,,99.6767,,,,,,,,,,,,,,,,,,,,,,,,,,,,,,,,,,,,,,,,,,,,,,,,,,,,,,,0.3111,,,,,,,,,,,0.0109,0.0,,,,,,0.0013,,
IE00B8K7KM88,,,,,,,,,,,,,,,,,,,,,,,,,,,,,,,,,,,,,,,,,,,,,,,,,,,,,,,,,,,,,,,,,,,,,,,,,,,,,,,,,,,,,,,,,,,,,,,,,,,,,,,,,,,,,,,,,,,,,,,,,,,,,,,,,,,,,,,,
IE00B8KGV557,,,,,,,,,,,,,,,1.6505,,,,,,,1.177,19.0337,,,,,0.3709,,,,,0.2,,,,,,,,,,,0.6982,,,,,0.1181,0.409,,16.1959,0.063,,0.0611,,,,,,,,,,,1.6218,,,,,,,,,,2.5386,,,0.5634,,,,,,,,,,,,,,1.1592,0.8259,0.1577,,,1.3665,,,0.0001,,6.4759,,,,,,,0.3598,15.9888,,,,,,22.2679,,1.801,,,1.1039,,,,3.55,0.0101,0.2268,,,,,,0.005,,
IE00B8NB3063,,,,,,,,,,,,,,,,,,,,,,,,,,,,,,,,,,,,,,,,,,,,,,,,,,,,,,,,,,,,,,,,,,,,,,,,,,,,,,,,,,,,,,,,,,,,,,,,,,,,,,,,,,,,,,,,,,,,,,,,,,,,,,,,,,,,,,,,
IE00B8X9NW27,,,,,,,,,,,,,,,,,,,,,,,,,,,,,,,,,,,,,,,,,,,,,,,,,,,,,,,1.53,,,,,,,,,,,,,,,,,,,,,,,,,,,,,,,,,,,,,,,,,,,,,,,,,,,,,,,,,,,,,,,,,,,,,,,,,96.29,,,,,,,,2.18
IE00B8X9NX34,,,,,,,,,,,,,,,8.36,,,,,,,1.44,19.02,,,,,,,,,,,,,,,,,,,,,,,,,,,2.55,,6.37,3.35,,,,,,,,,,,,,,,,,,,,,,,1.2,,,3.61,,,,,,,,,,,,,,,1.72,1.88,,,,,,,,,,,,,,,2.33,,,,,,,34.13,,3.84,,,7.74,,,,,,,,,,,,,,2.46
IE00B8X9NY41,,,,,,4.2,,,,,4.98,,,,,,,,,,,,,,,,,,,,,,,,,,,4.5,20.21,,,21.62,,4.09,,,,,,,,,,,2.42,,,14.45,,,,,,,,,,,,,,,2.87,,,,,,,,,,,9.26,,,,,,,,,,,,1.33,,,,,,,,,,,,,,,,9.06,,,,,,,,,,,,,,,,,,,,,,,,1.01
IE00B8X9NZ57,,,,,,,,,,,,,1.65,,,,,,,,,,,,,,,,,,,,,,,,,,,,,,,,,,,,1.48,,,,,,,,,,,,,,,,,,,,,,,,,,,,,,1.74,,,,,,,,,,,,,,,,,,,,,,,,,,,,,,,,,,,,,3.22,,,,,,,,,,,88.46,2.52,,,,,,,,0.93
IE00B910VR50,,,,,,1.0619,,,,,3.1671,,,,,,,,,,,,,,,,,,,,,,,,,,,3.2787,28.1347,,,25.542,,,,,,,,,,,,,1.1579,,,9.6005,,,,,,,,,,,,,,,,,,,,,,,,,,16.0067,,,,,,,,,,,,0.5906,,,,,,,,,,,,,,,,11.4599,,,,,,,,,,,,,,,,,,,,,,,,
IE00B945VV12,,,,,,,,,,,1.44,,,,,,,,,,,,,,,,,,,2.5,,,,,,,,1.83,13.42,,,12.97,,,,,,,,,,,,,,,,5.1,,,,,,,,,,,,,,,,,,,,,,,,,,10.34,,,,,,,,,,,,,,,,,,,,,,,,,,,,5.89,,,4.92,15.32,,,,,,,,,,,20.89,,,,,,,,,5.38
IE00B94ZB998,,,,,,,,,,,,,,,,,,,,,,,,,,,,,,,,,,,,,,,,,,,,,,,,,,,,,,,,,,,,,,,,,,,,,,,,,,,,,,,,,,,,,,,,,,,,,,,,,,,,,,,,,,,,,,,,,,,,,,,,,,,,,,,,100,,,,,,,,
IE00B95PGT31,,,,,,,,,,,,,,,,,,,,,,,,,,,,,,,,,,,,,,,,,,,,,,,,,,,,,,,,,,,,,99.15,,,,,,,,,,,,,,,,,,,,,,,,,,,,,,,,,,,,,,,,,,,,,,,,,,,,,,,,,,,,,,,,,,,,,,,,,,,0.85
IE00B979GK47,,,,,,,,,,,,,,,,,,,,,,,,,,,,,,,,,,,,,,,,,,,,,,,,,,,,,,,2.7,,,,,,,,,,,,,,,,,,,,,,,,,,,,,,,,,,,,,,,,,,,,,,,,,,,,,,,,,,,,,1.45,,,,,,,,,,,1.01,94.61,,,,,,,,0.23
IE00B99FL386,,,,,1.383,,,,,,,,,,,,,,,8.0036,,,,,,,,,,,,,,,,,,,1.1249,,,0.1488,,,,,,,1.6983,,,,,,0.0097,,,0.3374,,,2.0705,0.077,,,,,,,,,,,,1.2327,,,,,,,,,,,,,0.7797,,,,,,,,,,,,,,,,,,,,,,,,,1.013,,,,,,,,,,,,,,,1.9223,80.0443,,,,,,,0.1548,
IE00B9CQXS71,,,,,1.4333,,,,,,0.967,,,,,,,,,9.5309,,,3.7815,,,,,,,,,,,,,,,1.976,3.3251,,,,,,,,,,2.2702,,,,,,,,,3.0905,,,2.5082,,,,,,,,,,,,,,,,,,0.9041,,,,,,,,1.058,,,,,,,,,1.0642,,,,,,,0.9601,,,,,,,,2.7034,,,,,2.4696,0.9444,,,,,,,,,0.9677,5.6004,54.4455,,,,,,,,
IE00B9F5YL18,,,,,28.23,,,,,,,,,,,,,,,,,,,,,,,,,,,,,,,,,,,,,,,,,,,,7.37,,,,,,,,,,,,,,,,,,,,,,,,,,,,,,,,,,,,1.06,,,,,,,,,,,,,,,,,,,,,,6.33,,,,53.41,,,,,,,,,,,,,,,,,,,,,,,,,3.6
IE00B9KNR336,,,,,25.7776,,,,,,,,,,,,,,,,,,28.3343,,,,,,,,,,,,,,,,,,,,,,,,,,5.7184,,,1.7427,1.7033,,,,,,,,29.6508,,,,,,,,,,,,,,,,,,,,,,,,,,,,,,,,,,,,,,,,,,,,,,,,,,,,,,,,3.3375,,3.7354,,,,,,,,,,,,,,,,,
IE00B9M04V95,,1.6926,3.2638,,,,0.1521,,3.2587,,,0.1704,,0.1117,3.855,,0.2147,,,,,3.3408,3.3217,3.3664,1.0366,,,,,,3.4655,1.8519,3.2056,0.3345,,,,,,,,,0.8706,,,0.3797,,,,3.3781,,0.6805,4.2813,,0.0,,,,1.049,0.5175,,,0.4906,1.1362,0.9765,,,0.1598,0.3529,,,,,,,2.042,,,6.2347,,,,0.6163,,,2.6211,,2.7026,0.5804,3.1843,,0.2816,3.0248,3.4307,3.5961,,,,,3.3101,,,6.3281,0.2495,0.6992,,,,,3.2972,,,0.9316,0.1768,,2.3756,,,,,0.1631,4.9083,,,1.7961,,0.0032,-1.5723,2.1027,,,,,0.0014,,
IE00B9M6RS56,,1.6971,3.2472,,,,0.1422,,3.1873,,,0.1632,,0.1459,3.8245,,0.2137,,,,,3.3664,3.2562,3.3797,1.0059,,,,,,3.4135,1.8444,3.1473,0.3239,,,,,,,,,0.8708,,,0.3446,,,,3.3178,,0.6831,4.2819,,,,,,1.0519,0.5244,,,0.5051,1.1429,0.9395,,,0.1749,0.351,,,,,,,1.9938,,,6.2041,,,,0.6373,,,2.6313,,2.6768,0.5654,3.1516,,0.2929,3.0034,3.4607,3.5603,,,,,3.2809,,,6.2777,0.2416,0.7131,,,,,3.2595,,,0.9341,0.2054,,,,,,,0.142,4.8677,,,1.7859,,0.0029,1.1204,2.0957,,,,,0.3492,,
IE00B9MRJJ36,,,,,,,,,,,,,,,,,,,,,,,,,,,,,,,,,,,,,,,,,,94.9352,,,,,,,,,,,,,0.0608,,,,,,,,,,,,,,,,,,,,,,,,,,,,,,,,,,,,,,,,,,,,,,,,,,,,,,,,4.9824,,,,,,,,,,,,,,,,,0.0002,,,,,,,,0.0214
IE00BBQ2W338,,,,,,,,,,,,,,,,,,,,,,,21.99,,,,,,,,,,,,,,,,,,,,,,,,,,4.96,,,,,,,,,,,,,,,,,,,,,,,,,,,1.15,,,,,,,,,,,,,,,,,,,,,,,,,,,,,,,3.92,,,,30.17,,,,,,34.8,,1.22,,,,,,,,,,,,,,,,,1.79
IE00BC7GZJ81,,,,,,,,,,,,,,,,,,,,,,,,,,,,,,,,,,,,,,,,,,,,,,,,,,,,,,,,,,,,,,,,,,,,,,,,,,,,,,,,,,,,,,,,,,,,,,,,,,,,,,,,,,,,,,,,,,,,,,,,,,,,,,,,99.9927,,,,,,,,
IE00BC7GZW19,,,,,1.6117,1.6087,,,,,1.7825,,0.1228,,0.0476,,,,,1.2079,,,0.0443,,,0.0938,0.0398,0.2038,,2.0566,,,,,0.0317,,,1.5414,17.4841,,,12.8275,,0.8306,,,,,0.0661,0.2761,0.0162,,,,0.5381,,,6.5095,,,1.542,,,,,,,,,,,0.0637,0.6966,,,,0.0167,,0.1363,,,,,4.7575,0.4803,,1.1936,,,,,,,,0.5693,0.5439,,,,0.0331,,,,,,,0.0293,0.113,0.1576,0.0821,0.0615,6.8326,,,4.1091,1.9942,,,,,,,,,,,6.9311,20.2841,,,,,,,0.4318,
IE00BC7GZX26,,,,,1.6439,,,,,,0.0975,,0.0964,,0.0989,,,,,4.3599,,0.0098,0.1925,,,,,,,,,,,,,,,0.0292,0.1445,,,0.6093,,,,,,,,,,,,,0.6743,,,,,,2.7855,,,,,,,,,,,,0.0502,0.1859,,,,,,,,,,0.9809,,,,,,,,,,,,,,,,,,,,,,,,,,,,0.9821,,,,0.2682,,,,,,,,,,,5.4287,81.3618,,,,,,,,
IE00BCBJF711,,,,,1.6097,,,,,,0.9597,,,,,,,,,3.2903,,,,,,,,,,0.6973,,,,,,,,0.6778,10.087,,,5.2696,,,,,,,0.1021,,,,,,0.1968,,,1.5687,,,0.9208,,,,,,,,,,,,0.1978,,,,,,0.5251,,,,,3.5857,,,0.2939,,,,,,,,,,,,,,,,,,,,,,,0.1448,,3.7134,,,1.6903,1.1524,,,,,,,,,,,40.3732,22.9339,,,,,,,0.0097,
IE00BCBJG560,,,,,3.4286,0.2773,,,,,0.5154,,,,,,,,,4.3544,,,,,,,,,,0.6537,,,,,,,,0.3595,1.2903,,,1.2772,,,,,,,0.51,,,,,,0.0959,,1.4022,0.8606,,,12.1592,,,,,,,,,,,,,,,,,,,,,,,0.5008,0.1301,,0.8199,,,,,,,,,0.0711,,,,,,,,,,,0.7212,,,,,0.4938,,,1.6341,1.4187,,,,,,,,,,,4.494,62.5318,,,,,,,,
IE00BCHWNS19,,,,,,,,,,,,,,,,,,,,,,,,,,,,,,,,,,,,,,,,,,,,,,,,,,,,,,,0.9821,,,,,,,,,,,,,,,,,,,,,,,,,,,,,,,,,,,,,,,,,,,,,,,,,,,,,,,,,,,,,,,,,,,,,,,,1.293,97.7248,,,,,,,,0.0001
IE00BCHWNV48,,,,,,,,,,,,,,,,,,,,,,,,,,,,,,,,,,,,,,,,,,,,,,,,,,,,,,,6.6463,,,,,,,,,,,,,,,,,,,,,,,,,,,,,,,,,,,,,,,,,,,,,,,,,,,,,,,,,,,,,,,,,,,,,,,,0.3324,93.0208,,,,,,,,0.0006
IE00BCHWNW54,,,,,,,,,,,,,,,,,,,,,,,,,,,,,,,,,,,,,,,,,,,,,,,,,,,,,,,2.8826,,,,,,,,,,,,,,,,,,,,,,,,,,,,,,,,,,,,,,,,,,,,,,,,,,,,,,,,,,,,,,,,,,,,,,,,,97.1157,,,,,,,,0.0017
IE00BCLWRD08,,,,,,2.6925,,,,,3.8077,,,,,,,,,,,,,,,,,,,,,,,,,,,7.3524,16.6583,,,14.1575,,,,,,,,,,,,,6.1596,,,18.77,,,,,,,,,,,,,,,,,,,,,,,,,,16.287,,,,,,,,,,,,3.499,,,,,,,,,,,,,,,,10.0846,,,,,,,,,,,,,,,0.0168,0.0235,,,,,,0.4911,,
IE00BCLWRF22,,,,,,0.7127,,,,,2.9994,,,,,,,,,,,,,,,,,,,,,,,,,,,2.414,30.0922,,,27.5404,,,,,,,,,,,,,0.2552,,,7.6367,,,,,,,,,,,,,,,,,,,,,,,,,,16.4255,,,,,,,,,,,,,,,,,,,,,,,,,,,,11.5951,,,,,,,,,,,,,,,0.0068,0.0057,,,,,,0.3165,,
IE00BCLWRG39,,,,,,,,,,,,,,,,,,,,,,,,,,,,,,,,,,,,,,,,,,,,,,,,,,,,,,,,,,,,,100.4213,,,,,,,,,,,,,,,,,,,,,,,,,,,,,,,,,,,,,,,,,,,,,,,,,,,,,,,,,,,,,,,,,,0.0069,-0.4284,,,,,,0.0003,,
IE00BD0B9B76,,,,,4.623,,,,,,,,,,0.8613,,,,,4.637,,,,,,,,,,0.0023,,,,,,,,,7.1899,,,3.9203,,1.7467,,,,,0.0016,,,0.567,,,0.0442,,,6.2126,,,2.6039,,,,,,,,,,,,,,,,,,,,,,,0.8952,0.0001,,1.0527,,,,,,,,,2.2704,,,,,,,,,,,0.0002,,,2.2379,10.7237,1.2211,,,0.0019,3.1152,11.9169,,0.7796,,,,,,,,6.7524,26.2978,,,,,,0.3251,,
IE00BD0Q9673,,,,,,,,,,,,,,,,,,,,,,,,,,,,,,,,,,,,,,,,,,,,,,,,,,,,,,,,,,,,,3.26,,,,,,,,,,,,,,,,,,,,,,,,,,,,,,,,,,,,,,,,,,,,,,,,,,,,,,,,,,,,,,,,,,,95.3,,,,,,1.44,,
IE00BD1F4K20,,,,,,,,,,,,,,,,,,,,,,,,,,,,,,,,,,,,,,,,,,,,,,,,,,,,,,,1.15,,,,,,,,,,,,,,,,,,,,,,,,,,,,,,,,,,,,,,,,,,,,,,,,,,,,,,,,,,,,,1.09,,,,,,,,,,,1.25,93.09,,,,,,,,3.42
IE00BD1F4L37,,,,,,,,,,,,,,,,,,,,,,,,,,,,,,,,,,,,,,,,,,,,,,,,,,,,,,,0.0921,,,,,,,,,,,,,,,,,,,,,,,,,,,,,,,,,,,,,,,,,,,,,,,,,,,,,,,,,,,,,,,,,,,,,,,,0.0005,99.9062,,,,,,0.0011,,
IE00BD1F4M44,,,,,,,,,,,,,,,,,,,,,,,,,,,,,,,,,,,,,,,,,,,,,,,,,,,,,,,0.0057,,,,,,,,,,,,,,,,,,,,,,,,,,,,,,,,,,,,,,,,,,,,,,,,,,,,,,,,,,,,,,,,,,,,,,,,0.0065,99.9861,,,,,,0.0015,,
IE00BD1F4N50,,,,,,,,,,,,,,,,,,,,,,,,,,,,,,,,,,,,,,,,,,,,,,,,,,,,,,,,,,,,,,,,,,,,,,,,,,,,,,,,,,,,,,,,,,,,,,,,,,,,,,,,,,,,,,,,,,,,,,,,,,,,,,,0.0042,99.9924,,,,,,0.0034,,
IE00BD26N851,,,,,,,,,,,,,,,,,,,,2.44,,,,,,,,,,,,,,,,,,,,,,,,,,,,,,,,,,,,,,,,,1.4,,,,,,,,,,,,,,,,,,,,,,,,,,,,,,,,,,,,,,,,,,,,,,,,,,,,,,,,,,,,,,,,,,1.94,56.74,,,,,,,,37.48
IE00BD34DB16,,,,,,,,,,,,,,,,,,,,,,,,,,,,,,,,,,,,,,,,,,,,,,,,,,,,,,,1.13,,,,,,,,,,,,,,,,,,,,,,,,,,,,,,,,,,,,,,,,,,,,,,,,,,,,,,,,,,,,,,,,,,,,,,,,,96.85,,,,,,,,2.02
IE00BD34DK07,,,,,,,,,,,,,,,,,,,,,,,,,,,,,,,,,,,,,,,,,,,,,,,,,,,,,,,1.13,,,,,,,,,,,,,,,,,,,,,,,,,,,,,,,,,,,,,,,,,,,,,,,,,,,,,,,,,,,,,,,,,,,,,,,,,96.85,,,,,,,,2.02
IE00BD34DL14,,,,,,,,,,,,,,,,,,,,,,,,,,,,,,,,,,,,,,,,,,,,,,,,,,,,,,,1.13,,,,,,,,,,,,,,,,,,,,,,,,,,,,,,,,,,,,,,,,,,,,,,,,,,,,,,,,,,,,,,,,,,,,,,,,,96.85,,,,,,,,2.02
IE00BD3RYZ16,,,,,,,,,,,,,,,,,,,,0.1369,,,,,,,,,,,,,,,,,,1.1137,,,,,,,,,,,,,,,,,,,,,,,,,,,,,,,,,,,,,,,,,,,,,,,,,,,,,,,,,,,,,,,,,,,,,,,,,,,,,91.2811,4.0819,,,,,,,,,,,2.5855,0.3809,,,,,,0.4199,,
IE00BD3V0B10,,,,,,,,,,,,,,,,,,,,,,,,,,,,,,,,,,,,,,,,,,,,,,,,,,,,,,,0.027,,,,,,,,,,,,,,,,,,,,,,,,,,,,,,,,,,,,,,,,,,,,,,,,,,,,,,,,,,,,,,,,,,,,,,,,0.0079,99.948,,,,,,0.0171,,
IE00BD45KH83,,,,,,,,,,,,,,,3.3812,,,,,0.0014,,0.5262,19.4927,0.2111,,,,0.1256,,,,,0.0888,,,,,,,,,0.4477,,0.6306,,,,,0.0949,0.346,,12.7171,0.6186,,0.2042,,,,,,,,,,,0.6044,,,,,,,,,,1.2049,,,1.6943,,,,,,,,,,,,,,0.3692,0.3746,1.2918,,,0.5113,,,0.0001,,2.3792,,,,0.0003,,,3.3475,19.098,,,,,,27.0692,,1.1974,,,0.5705,,,,1.1977,0.0001,0.1953,,,,,,0.0085,,
IE00BD4DX952,,,,,,,,,,,,,,,6.2038,,0.3181,,,,,5.3241,1.6378,,1.243,,,,,,4.5437,,,,,,,,,,,,,,,,,,,4.0322,,,7.9425,,0.2212,,,,,0.5121,,,,1.2878,,3.3958,,0.283,,,,,,,,,,,,,,,,,,,,3.5083,,4.2956,,0.2963,3.4821,,6.0585,,,7.8455,,4.8539,,,8.0889,,0.8194,,,,,2.8962,1.9024,,,,,,,,,,,8.0875,,,,7.9583,,0.0215,2.9971,,,,,,,-0.0567
IE00BD4DXB77,,,,,,,,,,,,,,,6.2038,,0.3181,,,,,5.3241,1.6378,,1.243,,,,,,4.5437,,,,,,,,,,,,,,,,,,,4.0322,,,7.9425,,0.2212,,,,,0.5121,,,,1.2878,,3.3958,,0.283,,,,,,,,,,,,,,,,,,,,3.5083,,4.2956,,0.2963,3.4821,,6.0585,,,7.8455,,4.8539,,,8.0889,,0.8194,,,,,2.8962,1.9024,,,,,,,,,,,8.0875,,,,7.9583,,0.0215,2.9971,,,,,,,-0.0567
IE00BD4TXS21,,,,,,,,,,,,,,,,,,,,,,,,,,,,,,,,,,,,,,,,,,,,,,,,,,,,,,,1.12,,,,,,,,,,,,,,,,,,,,,,,,,,,,,,,,,,,,,,,,,,,,,,,,,,,,,,,,,,,,,,,,,,,,,,,,,96.95,,,,,,,,1.93
IE00BD4TXV59,,,,,1.57,,,,,,,,,,,,,,,3.3,,,,,,,,,,,,,,,,,,,2.11,,,2.11,,,,,,,,,,,,,,,,,,,5.49,,,,,,,,,,,,,,,,,,,,,,,1.84,,,,,,,,,,,,,,,,,,,,,,,,,,,,,,,,2.69,,,,,,,,,,,3.52,70.25,,,,,,,,7.12
IE00BD4TXW66,,,,,,,,,,,,,,,,,,,,,,,,,,,,,,,,,,,,,,,,,,,,,,,,,,,,,,,1.13,,,,,,,,,,,,,,,,,,,,,,,,,,,,,,,,,,,,,,,,,,,,,,,,,,,,,,,,,,,,,,,,,,,,,,,,,96.85,,,,,,,,2.02
IE00BD4TY345,,,,,98.9,,,,,,,,,,,,,,,,,,,,,,,,,,,,,,,,,,,,,,,,,,,,,,,,,,,,,,,,,,,,,,,,,,,,,,,,,,,,,,,,,,,,,,,,,,,,,,,,,,,,,,,,,,,,,,,,,,,,,,,,,,,,,,,,,,,1.1
IE00BD4TY451,,,,,98.9,,,,,,,,,,,,,,,,,,,,,,,,,,,,,,,,,,,,,,,,,,,,,,,,,,,,,,,,,,,,,,,,,,,,,,,,,,,,,,,,,,,,,,,,,,,,,,,,,,,,,,,,,,,,,,,,,,,,,,,,,,,,,,,,,,,1.1
IE00BD4TYF66,,,,,,,,,,,,,,,,,,,,,,,,,,,,,,,,,,,,,,,,,,,,,,,,,,,,,,,1.12,,,,,,,,,,,,,,,,,,,,,,,,,,,,,,,,,,,,,,,,,,,,,,,,,,,,,,,,,,,,,,,,,,,,,,,,,96.95,,,,,,,,1.93
IE00BD4TYG73,,,,,,,,,,,,,,,,,,,,,,,,,,,,,,,,,,,,,,,,,,,,,,,,,,,,,,,1.12,,,,,,,,,,,,,,,,,,,,,,,,,,,,,,,,,,,,,,,,,,,,,,,,,,,,,,,,,,,,,,,,,,,,,,,,,96.95,,,,,,,,1.93
IE00BD4TYL27,,,,,,,,,,,,,,,,,,,,,,,,,,,,,,,,,,,,,,,,,,,,,,,,,,,,,,,1.12,,,,,,,,,,,,,,,,,,,,,,,,,,,,,,,,,,,,,,,,,,,,,,,,,,,,,,,,,,,,,,,,,,,,,,,,,96.95,,,,,,,,1.93
IE00BD5HBQ97,,,,,,,,,,,,,,,,,,,,,,,,,,,,,,,,,,,,,,,,,,,,,,,,,,,,,,,,,,,,,,,,,,,,,,,,,,,,,,,,,,,,,,,,,,,,,,,,,,,,,,,,,,,,,,,,,,,,,,,,,,,,,,,,,,,,,,,,
IE00BD5HBR05,,,,,,,,,,,,,,,,,,,,,,,,,,,,,,,,,,,,,,,,,,,,,,,,,,,,,,,,,,,,,,,,,,,,,,,,,,,,,,,,,,,,,,,,,,,,,,,,,,,,,,,,,,,,,,,,,,,,,,,,,,,,,,,,,,,,,,,,
IE00BD5HBS12,,,,,,,,,,,,,,,,,,,,,,,,,,,,,,,,,,,,,,,,,,,,,,,,,,,,,,,,,,,,,,,,,,,,,,,,,,,,,,,,,,,,,,,,,,,,,,,,,,,,,,,,,,,,,,,,,,,,,,,,,,,,,,,,,,,,,,,,
IE00BD6FTQ80,,,,,,,,,,,,,,,,,,,,,,,,,,,,,,,,,,,,,,,,,,,,,,,,,,,,,,,,,,,,,,,,,,,,,,,,,,,,,,,,,,,,,,,,,,,,,,,,,,,,,,,,,,,,,,,,,,,,,,,,,,,,,,,,,,,,,,,,
IE00BD6GCF16,,,,,,,,,,,,,,,,,,,,,,,,,,,,,,,,,,,,,,,,,,,,,,,,,,,,,,,2.45,,,,,,,,,,,,,,,,,,,,,,,,,,,,,,,,,,,,,,,,,,1.11,,,,,,,,,,,,,,,,,,,,,,,,,,,,,,,96.16,,,,,,,,0.28
IE00BD6RZT93,,,,,,,,,,,,,,,,,,,,,,,,,,,,,,,,,,,,,,,,,,,,,,,,,,,,,,,,,,,,,,,,,,,,,,,,,,,,,,,,,,,,,,,,,,,,,,,,,,,,,,,,,,,,,,,,,,,,,,,,,,,,,,,,99.85,,,,,,,,0.15
IE00BD6RZW23,,,,,,,,,,,,,,,,,,,,,,,,,,,,,,,,,,,,,,,,,,,,,,,,,,,,,,,,,,,,,,,,,,,,,,,,,,,,,,,,,,,,,,,,,,,,,,,,,,,,,,,,,,,,,,,,,,,,,,,,,,,,,,,,99.85,,,,,,,,0.15
IE00BD6RZZ53,,,,,,,,,,,,,,,,,,,,,,,,,,,,,,,,,,,,,,,,,,,,,,,,,,,,,,,,,,,,,,,,,,,,,,,,,,,,,,,,,,,,,,,,,,,,,,,,,,,,,,,,,,,,,,,,,,,,,,,,,,,,,,,,99.85,,,,,,,,0.15
IE00BD842Y21,,,,,1.94,,,,,,,,,,2.25,,,,,2.56,,,6.04,,,,,,,2.95,,,,,,,,,7.71,,,6.55,,1.32,,,,,2.16,,,2.09,1.02,,1.29,,1.88,7.33,,,2.68,,,,,,,,,,,,,,,1.13,,,,,,,,,,,,,,,,,,,1.54,,,,,,,,,,,,3.91,,,1.52,3.37,6.19,,,,3.14,1.19,,1.85,,,,,,,,5.36,14.67,,,,,,,,6.36
IE00BD8D5G25,,,,,,,,,,,,,,,,,,,,,,,,,,,,,,,,,,,,,,,,,,,,,,,,,,,,,,,,,,,,,,,,,,,,,,,,,,,,,,,,,,,,,,,,,,,,,,,,,,,,,,,,,,,,,,,,,,,,,,,,,,,,,,,,,,,,,,,,
IE00BD8D5H32,,,,,,,,,,,,,,,,,,,,,,,,,,,,,,,,,,,,,,,,,,,,,,,,,,,,,,,,,,,,,,,,,,,,,,,,,,,,,,,,,,,,,,,,,,,,,,,,,,,,,,,,,,,,,,,,,,,,,,,,,,,,,,,,,,,,,,,,
IE00BD8PGZ49,,,,,0.0001,,,,,,,,,,,,,,,,,,,,,,,,,,,,,,,,,,,,,,,,,,,,,,,,,,0.0917,,,,,,,,,,,,,,,,,,,,,,,,0.0045,,,,,,,,,,,,,,,,,,,,,,,,,,,,,,,,,,,,,0.0005,,,,,,,,,,,0.0132,99.883,,,,,,0.007,,
IE00BD8PH067,,,,,0.0001,,,,,,,,,,,,,,,,,,,,,,,,,,,,,,,,,,,,,,,,,,,,,,,,,,0.0917,,,,,,,,,,,,,,,,,,,,,,,,0.0045,,,,,,,,,,,,,,,,,,,,,,,,,,,,,,,,,,,,,0.0005,,,,,,,,,,,0.0132,99.883,,,,,,0.007,,
IE00BD8PH174,,,,,1.0694,,,,,,,,,,,,,,,1.3093,,,,,,,,,,0.223,,,,,,,,,8.7359,,,1.881,,,,,,,,,,,,,,,,7.2004,,,1.5349,,,,,,,,,,,,,,,,,,,,,,,,0.4481,,,,,,,,,,,,,,,,,,,,,,,,,,,3.3197,,,0.5162,,,,,,,,,,,,21.9703,51.7375,,,,,,0.0544,,
IE00BD93YH54,,,,,,,,,,,,,,,,,,,,,,,,,,,,,,,,,,,,,,,,,,,,,,,,,,,,,,,0.001,,,,,,,,,,,,,,,,,,,,,,,,,,,,,,,,,,,,,,,,,,,,,,,,,,,,,,,,,,,,,,,,,,,,,,,,0.0032,99.9888,,,,,,0.007,,
IE00BD9MMC32,,,,,,,,,,,,,,,,,,,,,,,,,,,,,,,,,,,,,,,,,,,,,,,,,,,,,,,,,,,,,,,,,,,,,,,,,,,,,,,,,,,,,,,,,,,,,,,,,,,,,,,,,,,,,,,,,,,,,,,,,,,,,,,87.9,,,,,,,,,12.1
IE00BD9MMD49,,,,,,,,,,,,,,,,,,,,,,,,,,,,,,,,,,,,,,,,,,,,,,,,,,,,,,,,,,,,,,,,,,,,,,,,,,,,,,,,,,,,,,,,,,,,,,,,,,,,,,,,,,,,,,,,,,,,,,,,,,,,,,,,81.95,,,,,,,,18.05
IE00BD9MMF62,,,,,,,,,,,,,,,,,,,,1.63,,,,,,,,,,,,,,,,,,1.3,4.66,,,5.12,,,,,,,,,,,,,,,,,,,,,,,,,,,,,,,,,,,,,,,,,,,2.88,,3.47,,,,,,,,,,,,,,,,,,,,,,,,,2.56,,,2.33,,,,,,,,,,,,4.94,8.28,,,,,,,,62.83
IE00BD9MMG79,,,,,1.72,,,,,,1.07,,,,,,,,,10.14,,,,,,,,,,,,,,,,,,2.67,10.61,,,2.35,,,,,,,,,,,,,,,,,,,1.74,,,,,,,,,,,,,,,,,,,,,,,1.75,,,3.93,,,,,,,,,,,,,,,,,,,,,,,,,1.29,,,2.64,1.43,,,,,,,,,,,14.17,17.41,,,,,,,,27.08
IE00BD9N0445,,,,,,,,,,,,,1.65,,,,,,,,,,,,,,,,,,,,,,,,,,,,,,,,,,,,1.48,,,,,,,,,,,,,,,,,,,,,,,,,,,,,,1.74,,,,,,,,,,,,,,,,,,,,,,,,,,,,,,,,,,,,,3.22,,,,,,,,,,,88.46,2.52,,,,,,,,0.93
IE00BDBRT036,,,,,,,,,,,,,,,,,,,,,,1.26,,,,,,,,,,,,,,,,,,,,,,,,,,,,,,,,,,,1.21,,,,,,,,,,,,,,,,,,,,,,,,,,,,,,,,,,,,,,,,,,,,,,,,,,,,,,,,,,,,,,,,,,,,,,,95.7,,,,,,,,1.83
IE00BDD48R20,,,,,,,,,,,,,,,,,,,,1.82,,,,,,,,,,,,,,,,,,,2.08,,,1.58,,,,,,,,,,,,,1.04,,,,,,2.24,,,,,,,,,,,,,,,,,,,,,,,,,,,,,,,,,,,,,,,,,,,,,,,,,,,,,,,,,,,,,,,,,,4.61,53.11,,,,,,,,33.52
IE00BDD48S37,,,,,2.03,1.27,,,,,2.21,,,,,,,,,,,,,,,,,,,1.92,,,,,,,,1.32,16.44,,,11.98,,,,,,,,,,,,,1.51,,,5.76,,,,,,,,,,,,,,,,,,,,,,,,,,5.1,,,1.17,,,,,,,,,,,,,,,,,,,,,,,,,6.93,,,3.37,2.69,,,,,,,,,,,7.21,12.4,,,,,,,,16.69
IE00BDDRDW15,,,3.3971,0.3202,,,0.262,,3.3977,0.111,,0.2454,,0.2757,4.0634,,0.3326,,,,,3.8603,1.6952,2.42,1.7457,,,,0.1672,,3.718,1.4955,2.4093,1.2258,,,,,,0.1881,0.1832,,1.0147,,,1.0467,,0.2714,,4.7585,,0.959,3.3404,,0.8392,,,,0.792,0.754,,,0.8019,2.6384,1.096,,0.1901,0.2778,0.2658,,,,,,,2.4559,,,2.6216,,0.4193,0.1676,0.9602,,,,,3.5395,0.0562,3.3653,0.0577,1.0383,2.9377,2.559,5.3329,,,,,3.5303,,0.0665,3.5964,0.2774,0.9167,,,,,3.1326,,,1.4137,0.3254,,0.0001,,,,,0.7213,3.5419,,,1.5579,,0.0098,-0.1189,3.767,1.0974,,,0.0893,0.0044,,
IE00BDDRDY39,,1.72,,,,,,,4.54,,,,,,6.62,,,,,,,2.5,1.15,4.12,1.81,,,,,,5.87,,3.85,,,,,,,,,,1.53,,,,,,,2.37,,,2.89,,,,,,,1.23,,,,,,,,,,,,,,,,1.06,,,4.12,,,,1.07,,,3.84,,1.82,1.03,2.33,,,2.14,2.46,2.31,,,,,2.33,,,4.13,,,,,,,5.1,,,1.93,,,,,,,,,6.81,,,,,,,1.5,,,,,,,15.82
IE00BDDRF700,,,,,2.16,,,,,,,,,,,,,,,1.39,,,4.88,,,,,,,,,,,,,,,,,,,1.96,,,,,,,,,,,,,,,1.99,,,,6.36,,,,,,,,,,,,,,,,,,,,,,,3.14,,,,,,,,,,,,,,,,,,,,,,,1.27,,,,1.73,,,,1.25,2.35,1.27,,,,,,,,,,2.29,63.15,,,,,,,,4.81
IE00BDF12W49,,,,,,,,,,,,,,,5.47,,,,,,,,17.82,,,,,,,,,,,,,,,,,,,,,,,,,,,,,1.4,2.03,,,,,,,,,,,,,,,,,,,,,,,2.9,,,6.48,,,,,,,,,,,,,,,,3.15,,,,,,,,3.57,,,,,,,4.48,2.31,,,,,,30.69,,2.31,,,,,,,,,,,,,,,,,17.39
IE00BDF16007,,,,,,,,,,,1.52,,,,,,,,,,,,,,,,,,,,,,,,,,,3.24,15.81,,,8.62,,,,,,,,,,,,,,,,11.01,,,,,,,,,,,,,,,,,,,,,,,,,,1.42,,,7.62,,,,,,,,,2.14,,,,,,,,,,,,,,,,10.42,,,3.54,2.49,,,,,,,,,,,19.05,,,,,,,,,13.12
IE00BDF16114,,,,,,,,,,,,,,,,,,,,,,,,,,,,,,,,,,,,,,3.29,4.32,,,3.36,,,,,,,,,,,,,,,,3.91,,,,,,,,,,,,,,,,,,,,,,,,,,3.8,,,9.35,,,,,,,,,4.24,,,,,,,,,,,,,,,,5.07,,,10.95,,,,,,,,,,,,23.41,,,,,,,,,28.3
IE00BDFBTQ78,,,,,19.55,,,,,,,,,,2.85,,,,,29.47,,,3.12,,,,,,,,,,,,,,,,,,,,,,,,,,,,,,,,,,,,,,2.52,,,,,,,,,,,,,,,,,,2.27,,,,,,,,,,,,,,,,,,,,,,,,,,,,,,,4.46,,,,,,3.51,,,,,,,,,,,10.14,17.87,,,,,,,,4.24
IE00BDFC6G93,,1.72,,,,,,,4.54,,,,,,6.62,,,,,,,2.5,1.15,4.12,1.81,,,,,,5.87,,3.85,,,,,,,,,,1.53,,,,,,,2.37,,,2.89,,,,,,,1.23,,,,,,,,,,,,,,,,1.06,,,4.12,,,,1.07,,,3.84,,1.82,1.03,2.33,,,2.14,2.46,2.31,,,,,2.33,,,4.13,,,,,,,5.1,,,1.93,,,,,,,,,6.81,,,,,,,1.5,,,,,,,15.82
IE00BDFC6Q91,,,,,,,,,,,,,,,,,,,,5.17,,,,,,,,,,,,,,,,,,,2.41,,,1.38,,,,,,,,,,,,,,,,,,,1.23,,,,,,,,,,,,,,,,,,,,,,,1.59,,,,,,,,,,,,,,,,,,,,,,,,,,,,1.25,,,,,,,,,,,,,,,3.77,24.54,,,,,,,,58.66
IE00BDFJYM28,,,,,0.2134,0.0219,,,,,0.1246,,0.0162,,0.0833,,,,,1.021,,0.0791,0.0554,,,,,,,,,,,,,,,0.0017,0.0647,,,0.1999,,,,,,,0.009,0.0063,,,0.1164,,4.5997,,0.0944,0.0247,,,0.5248,,,,,,,,,,,,0.0185,0.0109,,,,,0.3769,,,,,0.085,,,0.0317,,,0.098,,,0.096,0.1379,0.0952,,,,,,,,,,,,0.0057,,,0.0031,0.0875,0.1257,,,0.0069,0.1188,0.0125,,,,,,,,,,1.0145,89.2154,0.0628,,,,,0.009,1.1325,
IE00BDFK1573,,,,,,,,,,,,,,,,,,,,,,,,,,,,,,,,,,,,,,,,,,,,,,,,,,,,,,,,,,,,,,,,,,,,,,,,,,,,,,,0.0028,,,,,,,,,,,,,,,,,,,,,,,,,,,,,,,,,,,,,0.0073,,,,,,,,,,,0.0192,99.9692,,,,,,0.0015,,
IE00BDFL4P12,,,,,,,,,,,,,,,,,,,,,,,,,,,,,,,,,,,,,,,,,,,,,,,,,,,,,,,,,,,,,,,,,,,,,,,,,,,,,,,,,,,,,,,,,,,,,,,,,,,,,,,,,,,,,,,,,,,,,,,,,,,,,,,,,,,,,,,,
IE00BDGV0308,,,,,,,,,,,,,,,,,,,,,,,,,,,,,,,,,,,,,,,,,,,,,,,,,,,,,,,1.44,,,,,,,,,,,,,,,,,,,,,,,,,,,,,,,,,,,,,,,,,,,,,,,,,,,,,,,,,,,,,,,,,,,,,,,,,94.46,,,,,,,,4.1
IE00BDGV0415,,,,,,,,,,,,,,,,,,,,,,,,,,,,,,,,,,,,,,,,,,,,,,,,,,,,,,,1.44,,,,,,,,,,,,,,,,,,,,,,,,,,,,,,,,,,,,,,,,,,,,,,,,,,,,,,,,,,,,,,,,,,,,,,,,,94.46,,,,,,,,4.1
IE00BDGV0746,,,,,,,,,,,,,,,,,,,,,,,,,,,,,,,,,,,,,,,,,,,,,,,,,,,,,,,1.44,,,,,,,,,,,,,,,,,,,,,,,,,,,,,,,,,,,,,,,,,,,,,,,,,,,,,,,,,,,,,,,,,,,,,,,,,94.46,,,,,,,,4.1
IE00BDGV0C91,,,,,,,,,,,,,,,,,,,,,,,,,,,,,,,,,,,,,,,,,,,,,,,,,,,,,,,1.44,,,,,,,,,,,,,,,,,,,,,,,,,,,,,,,,,,,,,,,,,,,,,,,,,,,,,,,,,,,,,,,,,,,,,,,,,94.46,,,,,,,,4.1
IE00BDQYWQ65,,,,,,,,,,,,,,,,,,,,,,,,,,,,,,,,,,,,,,,,,,,,,,,,,,,,,,,0.0431,,,,,,,,,,,,,,,,,,,,,,,,0.0001,,,,,,,,,,,,,,,,,,,,,,,,,,,,,,,,,,,,,,,,,,,,,,,,0.0173,99.9104,,,,,,0.0291,,
IE00BDQZMX67,,,,,1.53,,,,,,,,,,,,,,,2.86,,,1.97,,,,,,,,,,,,,,,,1.86,,,2.0,,,,,,,,,,1.08,,,,,,,,,5.42,,,,,,,,,,,,,,,,,,,,,,,1.88,,,,,,,,,,,,,,,,,,,,,,,,,,,3.41,1.05,,,,2.66,3.92,,,,,,,,,,3.24,59.48,,,,,,,,7.64
IE00BDQZN113,,,,,1.53,,,,,,,,,,,,,,,2.86,,,1.97,,,,,,,,,,,,,,,,1.86,,,2.0,,,,,,,,,,1.08,,,,,,,,,5.42,,,,,,,,,,,,,,,,,,,,,,,1.88,,,,,,,,,,,,,,,,,,,,,,,,,,,3.41,1.05,,,,2.66,3.92,,,,,,,,,,3.24,59.48,,,,,,,,7.64
IE00BDQZN337,,,,,1.53,,,,,,,,,,,,,,,2.86,,,1.97,,,,,,,,,,,,,,,,1.86,,,2.0,,,,,,,,,,1.08,,,,,,,,,5.42,,,,,,,,,,,,,,,,,,,,,,,1.88,,,,,,,,,,,,,,,,,,,,,,,,,,,3.41,1.05,,,,2.66,3.92,,,,,,,,,,3.24,59.48,,,,,,,,7.64
IE00BDQZN550,,,,,1.53,,,,,,,,,,,,,,,2.86,,,1.97,,,,,,,,,,,,,,,,1.86,,,2.0,,,,,,,,,,1.08,,,,,,,,,5.42,,,,,,,,,,,,,,,,,,,,,,,1.88,,,,,,,,,,,,,,,,,,,,,,,,,,,3.41,1.05,,,,2.66,3.92,,,,,,,,,,3.24,59.48,,,,,,,,7.64
IE00BDQZN667,,,,,1.53,,,,,,,,,,,,,,,2.86,,,1.97,,,,,,,,,,,,,,,,1.86,,,2.0,,,,,,,,,,1.08,,,,,,,,,5.42,,,,,,,,,,,,,,,,,,,,,,,1.88,,,,,,,,,,,,,,,,,,,,,,,,,,,3.41,1.05,,,,2.66,3.92,,,,,,,,,,3.24,59.48,,,,,,,,7.64
IE00BDQZN774,,,,,1.53,,,,,,,,,,,,,,,2.86,,,1.97,,,,,,,,,,,,,,,,1.86,,,2.0,,,,,,,,,,1.08,,,,,,,,,5.42,,,,,,,,,,,,,,,,,,,,,,,1.88,,,,,,,,,,,,,,,,,,,,,,,,,,,3.41,1.05,,,,2.66,3.92,,,,,,,,,,3.24,59.48,,,,,,,,7.64
IE00BDR55364,,,,,,,,,,,,,,,,,,,,3.48,,,1.64,,,,,,,,,,,,,,,,2.6,,,,,,,,,,,,,,,,1.38,,,,,,5.63,,,,,,,,,,,,,,,,,,,,,,,4.05,,,,,,,,,,,,,,,,,,,,,,,,,,,1.21,,,,,3.8,5.96,,,,,,,,,,1.67,60.41,,,,,,,,8.17
IE00BDR55471,,,,,,,,,,,,,,,,,,,,3.48,,,1.64,,,,,,,,,,,,,,,,2.6,,,,,,,,,,,,,,,,1.38,,,,,,5.63,,,,,,,,,,,,,,,,,,,,,,,4.05,,,,,,,,,,,,,,,,,,,,,,,,,,,1.21,,,,,3.8,5.96,,,,,,,,,,1.67,60.41,,,,,,,,8.17
IE00BDR55703,,,,,,,,,,,,,,,,,,,,3.48,,,1.64,,,,,,,,,,,,,,,,2.6,,,,,,,,,,,,,,,,1.38,,,,,,5.63,,,,,,,,,,,,,,,,,,,,,,,4.05,,,,,,,,,,,,,,,,,,,,,,,,,,,1.21,,,,,3.8,5.96,,,,,,,,,,1.67,60.41,,,,,,,,8.17
IE00BDR55927,,,,,,,,,,,,,,,,,,,,3.48,,,1.64,,,,,,,,,,,,,,,,2.6,,,,,,,,,,,,,,,,1.38,,,,,,5.63,,,,,,,,,,,,,,,,,,,,,,,4.05,,,,,,,,,,,,,,,,,,,,,,,,,,,1.21,,,,,3.8,5.96,,,,,,,,,,1.67,60.41,,,,,,,,8.17
IE00BDR55B48,,,,,,,,,,,,,,,,,,,,3.48,,,1.64,,,,,,,,,,,,,,,,2.6,,,,,,,,,,,,,,,,1.38,,,,,,5.63,,,,,,,,,,,,,,,,,,,,,,,4.05,,,,,,,,,,,,,,,,,,,,,,,,,,,1.21,,,,,3.8,5.96,,,,,,,,,,1.67,60.41,,,,,,,,8.17
IE00BDR55D61,,,,,,,,,,,,,,,,,,,,3.48,,,1.64,,,,,,,,,,,,,,,,2.6,,,,,,,,,,,,,,,,1.38,,,,,,5.63,,,,,,,,,,,,,,,,,,,,,,,4.05,,,,,,,,,,,,,,,,,,,,,,,,,,,1.21,,,,,3.8,5.96,,,,,,,,,,1.67,60.41,,,,,,,,8.17
IE00BDR55F85,,,,,,,,,,,,,,,,,,,,3.48,,,1.64,,,,,,,,,,,,,,,,2.6,,,,,,,,,,,,,,,,1.38,,,,,,5.63,,,,,,,,,,,,,,,,,,,,,,,4.05,,,,,,,,,,,,,,,,,,,,,,,,,,,1.21,,,,,3.8,5.96,,,,,,,,,,1.67,60.41,,,,,,,,8.17
IE00BDR5GT91,,,,,8.93,,,,,,1.17,,,,,,,,,2.71,,,,,,,,,,,,,,,,,,,8.65,,,1.09,,,,,,,,,,,,,,,,1.17,,,,,,,,,,,,,,,,,,,,,,,,,,1.21,,,4.13,,,,,,,,,,,,,,,,,,,,,,,,,4.27,,,1.19,2.34,,,,,,,,,,,11.48,47.19,,,,,,,,4.47
IE00BDR5GV14,,,,,8.93,,,,,,1.17,,,,,,,,,2.71,,,,,,,,,,,,,,,,,,,8.65,,,1.09,,,,,,,,,,,,,,,,1.17,,,,,,,,,,,,,,,,,,,,,,,,,,1.21,,,4.13,,,,,,,,,,,,,,,,,,,,,,,,,4.27,,,1.19,2.34,,,,,,,,,,,11.48,47.19,,,,,,,,4.47
IE00BDR5GY45,,,,,8.93,,,,,,1.17,,,,,,,,,2.71,,,,,,,,,,,,,,,,,,,8.65,,,1.09,,,,,,,,,,,,,,,,1.17,,,,,,,,,,,,,,,,,,,,,,,,,,1.21,,,4.13,,,,,,,,,,,,,,,,,,,,,,,,,4.27,,,1.19,2.34,,,,,,,,,,,11.48,47.19,,,,,,,,4.47
IE00BDR5H073,,,,,8.93,,,,,,1.17,,,,,,,,,2.71,,,,,,,,,,,,,,,,,,,8.65,,,1.09,,,,,,,,,,,,,,,,1.17,,,,,,,,,,,,,,,,,,,,,,,,,,1.21,,,4.13,,,,,,,,,,,,,,,,,,,,,,,,,4.27,,,1.19,2.34,,,,,,,,,,,11.48,47.19,,,,,,,,4.47
IE00BDR5H297,,,,,8.93,,,,,,1.17,,,,,,,,,2.71,,,,,,,,,,,,,,,,,,,8.65,,,1.09,,,,,,,,,,,,,,,,1.17,,,,,,,,,,,,,,,,,,,,,,,,,,1.21,,,4.13,,,,,,,,,,,,,,,,,,,,,,,,,4.27,,,1.19,2.34,,,,,,,,,,,11.48,47.19,,,,,,,,4.47
IE00BDR5H305,,,,,8.93,,,,,,1.17,,,,,,,,,2.71,,,,,,,,,,,,,,,,,,,8.65,,,1.09,,,,,,,,,,,,,,,,1.17,,,,,,,,,,,,,,,,,,,,,,,,,,1.21,,,4.13,,,,,,,,,,,,,,,,,,,,,,,,,4.27,,,1.19,2.34,,,,,,,,,,,11.48,47.19,,,,,,,,4.47
IE00BDR5H412,,,,,8.93,,,,,,1.17,,,,,,,,,2.71,,,,,,,,,,,,,,,,,,,8.65,,,1.09,,,,,,,,,,,,,,,,1.17,,,,,,,,,,,,,,,,,,,,,,,,,,1.21,,,4.13,,,,,,,,,,,,,,,,,,,,,,,,,4.27,,,1.19,2.34,,,,,,,,,,,11.48,47.19,,,,,,,,4.47
IE00BDR5HM97,,,,,0.4863,,,,,,,,0.1483,,,,,,,3.4912,0.2856,,0.1257,,,,,,,0.3299,,,,,,,,,0.7606,,,0.337,,,,,,,0.1584,,,,,,0.5143,,,0.2524,,,0.7466,0.1428,,,,,,,,,,,1.4531,0.2814,,,0.0664,,,,,,,0.3557,,,,,,,,,,,,,,,,,,,,,,,,,,,,,,,,0.1431,,,,,,,,,,,1.6111,88.3105,,,,,,,,-0.0002
IE00BDR5HN05,,,,,0.4863,,,,,,,,0.1483,,,,,,,3.4912,0.2856,,0.1257,,,,,,,0.3299,,,,,,,,,0.7606,,,0.337,,,,,,,0.1584,,,,,,0.5143,,,0.2524,,,0.7466,0.1428,,,,,,,,,,,1.4531,0.2814,,,0.0664,,,,,,,0.3557,,,,,,,,,,,,,,,,,,,,,,,,,,,,,,,,0.1431,,,,,,,,,,,1.6111,88.3105,,,,,,,,-0.0002
IE00BDS67326,,,,,,,,,,,,,,,5.08,,,,,,,3.31,6.44,3.46,,,,4.33,,,1.26,,,,,,,,,,,,,,,,,,,3.32,,8.88,6.97,,,,,,,,,,,,,,,,,,,,,,,7.02,,,7.58,,,,,,,,,,,,,,3.08,,4.63,,,,,3.87,,,,,1.2,,,,,5.88,,,,,,,,,5.8,,,1.86,,,,,,,,,,,,,,16.03
IE00BDT6FP91,,,,,0.6651,,,,,,,,,,,,,,,,,,12.5523,,,,,,,,,,,,,,,,4.819,,,5.1019,,,,,,,,,,,,,,,,2.192,,,7.2287,,,,,,,,,,,,,,,0.2495,,,,,,,,0.2287,,,,,,,,,,,,,,,,,,,,,,,,,,0.4996,1.7279,1.8183,,,0.1847,0.3355,3.4448,,,,,,,,,,0.1457,56.7262,,,,0.2094,,1.8708,,
IE00BDT6FR16,,,,,0.6651,,,,,,,,,,,,,,,,,,12.5523,,,,,,,,,,,,,,,,4.819,,,5.1019,,,,,,,,,,,,,,,,2.192,,,7.2287,,,,,,,,,,,,,,,0.2495,,,,,,,,0.2287,,,,,,,,,,,,,,,,,,,,,,,,,,0.4996,1.7279,1.8183,,,0.1847,0.3355,3.4448,,,,,,,,,,0.1457,56.7262,,,,0.2094,,1.8708,,
IE00BDT6FS23,,,,,0.6651,,,,,,,,,,,,,,,,,,12.5523,,,,,,,,,,,,,,,,4.819,,,5.1019,,,,,,,,,,,,,,,,2.192,,,7.2287,,,,,,,,,,,,,,,0.2495,,,,,,,,0.2287,,,,,,,,,,,,,,,,,,,,,,,,,,0.4996,1.7279,1.8183,,,0.1847,0.3355,3.4448,,,,,,,,,,0.1457,56.7262,,,,0.2094,,1.8708,,
IE00BDT6FT30,,,,,0.6651,,,,,,,,,,,,,,,,,,12.5523,,,,,,,,,,,,,,,,4.819,,,5.1019,,,,,,,,,,,,,,,,2.192,,,7.2287,,,,,,,,,,,,,,,0.2495,,,,,,,,0.2287,,,,,,,,,,,,,,,,,,,,,,,,,,0.4996,1.7279,1.8183,,,0.1847,0.3355,3.4448,,,,,,,,,,0.1457,56.7262,,,,0.2094,,1.8708,,
IE00BDT8TZ34,,,,,,,,,,,,,1.98,,,,,,,1.72,,,,,,,,,,,,,,,,,,,,,,,,,,,,,,,,,,,,,,,,,,,,,,,,,,,,,,,,,,,,,,,,,,,,,,,,,,,,,0.1,,,,,,,,,,,,,,,,,,,,,,,,,,,,,,,95.82,,,,,,0.25,,
IE00BDT8V027,,,,,,,,,,,,,1.98,,,,,,,1.72,,,,,,,,,,,,,,,,,,,,,,,,,,,,,,,,,,,,,,,,,,,,,,,,,,,,,,,,,,,,,,,,,,,,,,,,,,,,,0.1,,,,,,,,,,,,,,,,,,,,,,,,,,,,,,,95.82,,,,,,0.25,,
IE00BDVJF675,,,,,,,,,,,,,1.98,,,,,,,1.73,,,,,,,,,,,,,,,,,,,,,,,,,,,,,,,,,,,,,,,,,,,,,,,,,,,,,,,,,,,,,,,,,,,,,,,,,,,,,0.1,,,,,,,,,,,,,,,,,,,,,,,,,,,,,,,95.95,,,,,,0.23,,
IE00BDVPNG13,,,,,,,,,,,,,,,,,,,,,2.47,,,,,,,,,,,,,,,,,,,,,,,,,,,,,,,,,,,,1.91,,,,2.54,,,,,,,,,,,,,,,,,,,,,,,6.54,,,,,,,,,,,,,,,,,,,,,,,,,,,5.75,,,,,2.44,1.76,,,,,,,,,,,73.84,,,,,,,,2.75
IE00BDVPNS35,,,,,,,,,,,,,,,,,,,,,,,,,,,,,,,,,,,,,,,,,,,,,,,,,,,,,,,,,,,,,,,,,,,,,,,,,,,,,,,,,,,,,,,,,,,,,,,,,,,,,,,,,,,,,,,,,,,,,,,,,,,,,,,,,,,,,,,,
IE00BDVPNV63,,,,,,,,,,,,,,,,,,,,,,,,,,,,,,,,,,,,,,,,,,,,,,,,,,,,,,,,,,,,,,,,,,,,,,,,,,,,,,,,,,,,,,,,,,,,,,,,,,,,,,,,,,,,,,,,,,,,,,,,,,,,,,,,,,,,,,,,
IE00BDVPTJ63,,,,,,,,,,,,,,,,,,,,,,,,,,,,,,,,,,,,,,,,,,,,,,,,,,,,,,,0.7989,,,,,,,,,,,,,,,,,,,,,,,,,,,,,,,,,,,,,,,,,,,,,,,,,,,,,,,,,,,,,,,,,,,,,,,,,99.198,,,,,,,,0.003
IE00BDZCKK11,,,,,,,,,,,,,,,,,,,,,,,,,,,,,,,,,,,,,,,,,,,,,,,,,,,,,,,1.23,,,,,,,,,,,,,,,,,,,,,,,,,,,,,,,,,,,,,,,,,,,,,,,,,,,,,,,,,,,,,1.66,,,,,,,,,,,,96.09,,,,,,,,1.02
IE00BDZVH859,,,,,,,,,,,,,,,,,,,,,,,,,,,,,,,,,,,,,,,,,,,,,,,,,,,,,,,,,,,,,,,,,,,,,,,,,,,,,,,,,,,,,,,,,,,,,,,,,,,,,,,,,,,,,,,,,,,,,,,,,,,,,,,-0.2951,100.2947,,,,,,0.0004,,
IE00BDZVH966,,,,,,,,,,,,,,,,,,,,,,,,,,,,,,,,,,,,,,,,,,,,,,,,,,,,,,,,,,,,,,,,,,,,,,,,,,,,,,,,,,,,,,,,,,,,,,,,,,,,,,,,,,,,,,,,,,,,,,,,,,,,,,,-0.2951,100.2947,,,,,,0.0004,,
IE00BDZVHD04,,,,,3.945,0.0469,,,,,1.0702,,,,,,,,,2.2556,,,,,,,,,,0.0,,,,,,,,0.0835,2.1188,,,1.605,,,,,,,3.5871,,,,,,0.0524,,0.5841,0.0202,,,6.9722,,,,,,,,,,,,,,,,,,,,,,,0.144,0.2412,,0.0596,,,,,,,,,,,,,,,,,,,,3.3355,,,,0.1323,0.5309,,,1.0868,1.6536,,,,,,,,,,,4.0862,66.324,,,,,,0.0648,,
IE00BDZVHG35,,,,,0.0568,,,,,,1.8041,,,,,,,,,0.2261,,,0.9608,,,,,,,1.1559,,,,,,,,,1.1002,,,0.8133,,,,,,,,0.0768,,,,,0.1293,,0.0298,,,,,,,,,,,,,,,,,,,,,,,,,,,0.1562,,,,,,,,,,,,,,,,,,,,,,,,,,,,0.0604,,,,0.0159,0.0092,,,,,,,,,,0.3148,93.0844,,,,,,0.0062,,
IE00BDZZTM54,,,,,1.0329,0.0379,,,,,0.2022,,,,,,,,,3.8115,,,,,,,,,,0.5712,,,,,,,,0.6765,2.9557,,,2.5294,,,,,,,0.6771,,,,,,0.1067,,0.0867,0.3506,,,7.5773,,,,,,,,,,,,,,,,,,,,,,,5.6391,0.0772,,0.3365,,,,,,,,,0.1641,,,,,,,,,,,0.1856,,,,,0.5988,,,0.8662,3.9366,,,,,,,,,,,2.2046,65.3462,,,,,,0.0293,,
IE00BF0BCP69,,,,,,,,,,,,,,,,,,,,,,,,,,,,,,,,,,,,,,,,,,,,,,,,,,,,,,,,,,,,,,,,,,,,,,,,,,,,,,,,,,,,,,,,,,,,,,,,,,,,,,,,,,,,,,,,,,,,,,,,,,,,,,,,,,,,,,,,
IE00BF0H7608,,,,,,,,,,,,,,,,,,,,,,,2.25,,,,,,,2.42,,,,,,,,,2.46,,,,,,,,,,,,,,,,3.12,,,,,,8.61,,,,,,,,,,,,,,,,,,,,,,,5.22,,,,,,,,,,,,,,,,,,,,,,,,,,,2.07,2.21,,,2.94,4.66,,,,,,,,,,,,63.94,,,,,,,,0.1
IE00BF0M2Z96,,,,,8.41,,,,,,,,,,,,,,,2.41,,2.01,14.71,,,,,,,,,,,,,,,,,,,8.25,,,,,,,1.91,,,,,,,,3.08,,,,18.89,,,,,,,,,,,,,,,,,,,,,,,3.26,,,,,,,,,,,,,,,,,,,,,,,,,,,7.48,,,,,2.71,2.32,,,,,,,,,,2.4,21.68,,,,,,,,0.48
IE00BF0M6N54,,,,,,,,,,,,,,,,,,,,3.88,,,6.74,,,,,,,6.14,,,,,,,,,2.1,,,6.74,,,,,,,,,,,,,1.51,,2.28,,,,17.21,,,,,,,,,,,,,,,,,,,,,,,,1.99,,,,,,,,,,,,,,,,,,,,,,4.42,,,,1.46,,,,,3.48,,,,,,,,,,,4.67,34.82,1.95,,,,,,,0.61
IE00BF0V4615,,,,,,,,,,,,,,,,,,,,,,,,,,,,,,,,,,,,,,,,,,,,,,,,,,,,,,,,,,,,,,,,,,,,,,,,,,,,,,,,,,,,,,,,,,,,,,,,,,,,,,,,,,,,,,,,,,,,,,,,,,,,,,,,,,,,,,,,
IE00BF16M727,,,,,,,,,,,,,,,,,,,,2.58,,,,,,,,,,,,,,,,,,,,,,,,,,,,,,,,1.64,,,1.31,,2.52,,,,1.09,,,,,,,,,,,,,,,,,,,,,,,,,,,,,,,,,,,,,,,,,,,,,,,,,,,,,,,,,,,,,,,,,,,90.33,,,,,,,,0.53
IE00BF1B7272,,,,,1.4407,0.0828,,,,,0.2226,,,,0.4438,,,,,3.0677,,0.0587,2.4085,0.0078,,,,0.0194,,0.3644,,,,,,,,0.2385,2.1387,,,1.9378,,0.0708,,,,,0.3868,0.0404,,1.3278,0.058,,0.0917,,0.2536,0.7213,,,4.9693,,,,,0.0507,,,,,,,,,,0.111,,,0.1879,,,,,1.2353,0.0285,,0.1347,,,,,,0.0474,0.0238,0.1295,0.0466,,0.055,,,,,0.29,,,,0.3953,,,0.3749,2.2776,0.8516,,,0.764,2.0242,3.0866,,0.1501,,,0.0359,,,,0.1492,3.13,64.0674,,,,,,,,
IE00BF1B7389,,,,,1.4407,0.0828,,,,,0.2226,,,,0.4438,,,,,3.0677,,0.0587,2.4085,0.0078,,,,0.0194,,0.3644,,,,,,,,0.2385,2.1387,,,1.9378,,0.0708,,,,,0.3868,0.0404,,1.3278,0.058,,0.0917,,0.2536,0.7213,,,4.9693,,,,,0.0507,,,,,,,,,,0.111,,,0.1879,,,,,1.2353,0.0285,,0.1347,,,,,,0.0474,0.0238,0.1295,0.0466,,0.055,,,,,0.29,,,,0.3953,,,0.3749,2.2776,0.8516,,,0.764,2.0242,3.0866,,0.1501,,,0.0359,,,,0.1492,3.13,64.0674,,,,,,,,
IE00BF1QPH33,,,,,1.8618,0.6497,,,,,0.96,,0.0256,,0.0363,,0.0306,,,3.5185,,0.1934,10.8536,,,0.0182,0.0169,0.2233,,0.3806,,,,,,,,0.403,5.3206,,,4.6441,,0.1512,,,,,0.0475,0.1909,0.015,0.0334,0.6273,,0.2542,,0.2926,3.1593,,,7.9617,,,0.0226,,0.0691,,,,,,0.0508,0.1281,0.01,,0.5114,,,0.6675,,,,,1.0456,0.1954,,0.2778,0.0201,,0.0631,,,0.124,0.0636,0.492,0.2834,,0.0894,,0.2915,,,0.423,,,,0.2586,0.1227,0.0502,0.012,1.24,2.1162,,,0.6063,0.6944,0.0177,,0.3889,,,,,,,0.4073,4.6508,40.3742,0.0204,,,,,,2.3253,
IE00BF1QPJ56,,,,,1.8618,0.6497,,,,,0.96,,0.0256,,0.0363,,0.0306,,,3.5185,,0.1934,10.8536,,,0.0182,0.0169,0.2233,,0.3806,,,,,,,,0.403,5.3206,,,4.6441,,0.1512,,,,,0.0475,0.1909,0.015,0.0334,0.6273,,0.2542,,0.2926,3.1593,,,7.9617,,,0.0226,,0.0691,,,,,,0.0508,0.1281,0.01,,0.5114,,,0.6675,,,,,1.0456,0.1954,,0.2778,0.0201,,0.0631,,,0.124,0.0636,0.492,0.2834,,0.0894,,0.2915,,,0.423,,,,0.2586,0.1227,0.0502,0.012,1.24,2.1162,,,0.6063,0.6944,0.0177,,0.3889,,,,,,,0.4073,4.6508,40.3742,0.0204,,,,,,2.3253,
IE00BF1QPK61,,,,,1.8618,0.6497,,,,,0.96,,0.0256,,0.0363,,0.0306,,,3.5185,,0.1934,10.8536,,,0.0182,0.0169,0.2233,,0.3806,,,,,,,,0.403,5.3206,,,4.6441,,0.1512,,,,,0.0475,0.1909,0.015,0.0334,0.6273,,0.2542,,0.2926,3.1593,,,7.9617,,,0.0226,,0.0691,,,,,,0.0508,0.1281,0.01,,0.5114,,,0.6675,,,,,1.0456,0.1954,,0.2778,0.0201,,0.0631,,,0.124,0.0636,0.492,0.2834,,0.0894,,0.2915,,,0.423,,,,0.2586,0.1227,0.0502,0.012,1.24,2.1162,,,0.6063,0.6944,0.0177,,0.3889,,,,,,,0.4073,4.6508,40.3742,0.0204,,,,,,2.3253,
IE00BF1QPL78,,,,,1.8618,0.6497,,,,,0.96,,0.0256,,0.0363,,0.0306,,,3.5185,,0.1934,10.8536,,,0.0182,0.0169,0.2233,,0.3806,,,,,,,,0.403,5.3206,,,4.6441,,0.1512,,,,,0.0475,0.1909,0.015,0.0334,0.6273,,0.2542,,0.2926,3.1593,,,7.9617,,,0.0226,,0.0691,,,,,,0.0508,0.1281,0.01,,0.5114,,,0.6675,,,,,1.0456,0.1954,,0.2778,0.0201,,0.0631,,,0.124,0.0636,0.492,0.2834,,0.0894,,0.2915,,,0.423,,,,0.2586,0.1227,0.0502,0.012,1.24,2.1162,,,0.6063,0.6944,0.0177,,0.3889,,,,,,,0.4073,4.6508,40.3742,0.0204,,,,,,2.3253,
IE00BF20LF40,,,,,,1.4546,,,,,2.0761,,,,,,,,,,,,,,,,,,,4.3751,,,,,,,,4.0153,9.0919,,,7.7133,,,,,,,,,,,,,3.3543,,,10.2646,,,,,,,,,,,,,,,,,,,,,,,,,,8.8808,,,3.562,,,,,,,,,1.9147,,,,,,,,,,,,,,,,5.4359,,,9.4647,11.0261,,,,,,,,,,,17.1221,0.0132,,,,,,0.2355,,
IE00BF2B0K52,,,,,,,,,,,,,,,10.72,,,,,,,,26.31,,,,,,,,,,,,,,,,,,,,,,,,,,1.46,,,10.46,1.2,,,,,,,,,,,,,,,,,,,,,,,,,,4.14,,,,,,,,,,,,,,,1.42,1.39,,,,,,,,4.0,,,,,,,3.0,11.99,,,,,,9.13,,3.16,,,,,,,3.82,,,,,,,,,,7.8
IE00BF2B0L69,,,,,,,,,,,,,,,,,,,,,,,,,,,,,,2.92,,,,,,,,9.09,9.06,,,7.36,,,,,,,,,,,,,,,2.8,11.32,,,,,,,,,,,,,,,,,,,,,,,,,,3.64,,,9.59,,,,,,,,,,,,,,,,,,,,,,,,,9.17,,,2.85,16.14,,,,,,,,,,,14.51,,,,,,,,,1.55
IE00BF2B0M76,,,,,6.51,,,,,,,,,,1.06,,,,,6.3,,,,,,,,,,,,,,,,,,1.58,,,,2.86,,,,,,,,,,1.94,,,,,,,,,8.85,,,,,,,,,,,,,,,,,,,,,,,,,,,,,,,,,,,,,,,,,,2.48,,,,1.62,,,1.16,,2.23,,,,15.23,,,,,,,,,,,,43.57,,,,,,,,4.61
IE00BF2B0P08,,,,,,,,,,,,,,,,,,,,,,,,,,,,,,,,,,,,,,,,,,,,,,,,,,,,,,,,,,,,,,,,,,,,,,,,,,,,,,,,,,,,,,,,,,,,,,,,,,,,,,,,,,,,,,,,,,,,,,,,,,,,,,,,99.68,,,,,,,,0.32
IE00BF2FL590,,,,,,4.2,,,,,4.98,,,,,,,,,,,,,,,,,,,,,,,,,,,4.5,20.21,,,21.62,,4.09,,,,,,,,,,,2.42,,,14.45,,,,,,,,,,,,,,,2.87,,,,,,,,,,,9.26,,,,,,,,,,,,1.33,,,,,,,,,,,,,,,,9.06,,,,,,,,,,,,,,,,,,,,,,,,1.01
IE00BF2FN646,,,,,,,,,,,,,,,,,,,,,,,,,,,,,,,,,,,,,,,,,,,,,,,,,,,,,,,,,,,,,,,,,,,,,,,,,,,,,,,,,,,,,,,,,,,,,,,,,,,,,,,,,,,,,,,,,,,,,,,,,,,,,,,,98.32,,,,,,1.68,,
IE00BF2FN752,,,,,,,,,,,,,,,,,,,,,,,,,,,,,,,,,,,,,,,,,,,,,,,,,,,,,,,,,,,,,,,,,,,,,,,,,,,,,,,,,,,,,,,,,,,,,,,,,,,,,,,,,,,,,,,,,,,,,,,,,,,,,,,,98.32,,,,,,1.68,,
IE00BF2FN869,,,,,,,,,,,,,,,,,,,,,,,,,,,,,,,,,,,,,,,,,,,,,,,,,,,,,,,,,,,,,,,,,,,,,,,,,,,,,,,,,,,,,,,,,,,,,,,,,,,,,,,,,,,,,,,,,,,,,,,,,,,,,,,,98.32,,,,,,1.68,,
IE00BF2FNB90,,,,,,,,,,,,,,,,,,,,,,,,,,,,,,,,,,,,,,,,,,,,,,,,,,,,,,,,,,,,,,,,,,,,,,,,,,,,,,,,,,,,,,,,,,,,,,,,,,,,,,,,,,,,,,,,,,,,,,,,,,,,,,,,98.32,,,,,,1.68,,
IE00BF2FNF39,,,,,,,,,,,,,,,,,,,,,,,,,,,,,,,,,,,,,,,,,,,,,,,,,,,,,,,,,,,,,,,,,,,,,,,,,,,,,,,,,,,,,,,,,,,,,,,,,,,,,,,,,,,,,,,,,,,,,,,,,,,,,,,,98.32,,,,,,1.68,,
IE00BF2FNG46,,,,,,,,,,,,,,,,,,,,,,,,,,,,,,,,,,,,,,,,,,,,,,,,,,,,,,,,,,,,,,,,,,,,,,,,,,,,,,,,,,,,,,,,,,,,,,,,,,,,,,,,,,,,,,,,,,,,,,,,,,,,,,,,99.38,,,,,,0.62,,
IE00BF2FNH52,,,,,,,,,,,,,,,,,,,,,,,,,,,,,,,,,,,,,,,,,,,,,,,,,,,,,,,,,,,,,,,,,,,,,,,,,,,,,,,,,,,,,,,,,,,,,,,,,,,,,,,,,,,,,,,,,,,,,,,,,,,,,,,,99.38,,,,,,0.62,,
IE00BF2FNJ76,,,,,,,,,,,,,,,,,,,,,,,,,,,,,,,,,,,,,,,,,,,,,,,,,,,,,,,,,,,,,,,,,,,,,,,,,,,,,,,,,,,,,,,,,,,,,,,,,,,,,,,,,,,,,,,,,,,,,,,,,,,,,,,,99.38,,,,,,0.62,,
IE00BF2FNL98,,,,,,,,,,,,,,,,,,,,,,,,,,,,,,,,,,,,,,,,,,,,,,,,,,,,,,,,,,,,,,,,,,,,,,,,,,,,,,,,,,,,,,,,,,,,,,,,,,,,,,,,,,,,,,,,,,,,,,,,,,,,,,,,99.38,,,,,,0.62,,
IE00BF2FNQ44,,,,,,,,,,,,,,,,,,,,,,,,,,,,,,,,,,,,,,,,,,,,,,,,,,,,,,,,,,,,,,,,,,,,,,,,,,,,,,,,,,,,,,,,,,,,,,,,,,,,,,,,,,,,,,,,,,,,,,,,,,,,,,,,99.35,,,,,,0.65,,
IE00BF2FNR50,,,,,,,,,,,,,,,,,,,,,,,,,,,,,,,,,,,,,,,,,,,,,,,,,,,,,,,,,,,,,,,,,,,,,,,,,,,,,,,,,,,,,,,,,,,,,,,,,,,,,,,,,,,,,,,,,,,,,,,,,,,,,,,,99.35,,,,,,0.65,,
IE00BF2FPB31,,,,,,,,,,,,,,,,,,,,,,,,,,,,,,,,,,,,,,,,,,,,,,,,,,,,,,,,,,,,,,,,,,,,,,,,,,,,,,,,,,,,,,,,,,,,,,,,,,,,,,,,,,,,,,,,,,,,,,,,,,,,,,,,99.35,,,,,,0.65,,
IE00BF2GC043,,,,,,,,,,,,,,,,,,,,,,,,,,,,,,,,,,,,,,,,,,,,,,,,,,,,,,,,,,,,,,,,,,,,,,,,,,,,,,,,,,,,,,,,,,,,,,,,,,,,,,,,,,,,,,,,,,,,,,,,,,,,,,,,99.41,,,,,,0.59,,
IE00BF2GFH28,,,,,,,,,,,,,,,,,,,,,,,,,,,,,,,,,,,,,,,,,,,,,,,,,,,,,,,,,,,,,,,,,,,,,,,,,,,,,,,,,,,,,,,,,,,,,,,,,,,,,,,,,,,,,,,,,,,,,,,,,,,,,,,,99.04,,,,,,0.96,,
IE00BF2GFJ42,,,,,,,,,,,,,,,,,,,,,,,,,,,,,,,,,,,,,,,,,,,,,,,,,,,,,,,,,,,,,,,,,,,,,,,,,,,,,,,,,,,,,,,,,,,,,,,,,,,,,,,,,,,,,,,,,,,,,,,,,,,,,,,,99.04,,,,,,0.96,,
IE00BF2GFK56,,,,,,,,,,,,,,,,,,,,,,,,,,,,,,,,,,,,,,,,,,,,,,,,,,,,,,,,,,,,,,,,,,,,,,,,,,,,,,,,,,,,,,,,,,,,,,,,,,,,,,,,,,,,,,,,,,,,,,,,,,,,,,,,99.04,,,,,,0.96,,
IE00BF2GFM70,,,,,,,,,,,,,,,,,,,,,,,,,,,,,,,,,,,,,,,,,,,,,,,,,,,,,,,,,,,,,,,,,,,,,,,,,,,,,,,,,,,,,,,,,,,,,,,,,,,,,,,,,,,,,,,,,,,,,,,,,,,,,,,,99.04,,,,,,0.96,,
IE00BF2GFQ19,,,,,,,,,,,,,,,,,,,,,,,,,,,,,,,,,,,,,,,,,,,,,,,,,,,,,,,,,,,,,,,,,,,,,,,,,,,,,,,,,,,,,,,,,,,,,,,,,,,,,,,,,,,,,,,,,,,,,,,,,,,,,,,,99.04,,,,,,0.96,,
IE00BF2QSQ20,,,,,,,,,,,,,,,,,,,,,,,,,,,,,,,,,,,,,,,,,,,,,,,,,,,,,,,0.0921,,,,,,,,,,,,,,,,,,,,,,,,,,,,,,,,,,,,,,,,,,,,,,,,,,,,,,,,,,,,,,,,,,,,,,,,0.0005,99.9062,,,,,,0.0011,,
IE00BF4G6Y48,,,,,1.31,,,,,,,,,,,,,,,3.2,,,,,,,,,,,,,,,,,,,2.67,,,2.52,,,,,,,,,,,,,1.73,,,,,,5.59,,,,,,,,,,,,,,,,,,,,,,,2.24,,,,,,,,,,,,,,,,,,,,,,,,,,,,,,,,2.25,,,,,,,,,,,3.93,69.34,,,,,,,,5.22
IE00BF4G6Z54,,,,,,,,,,,,,,,4.33,,,,,,,,19.62,,,,,,,,,,,,,,,,,,,,,1.06,,,,,,,,10.43,,,,,,,,,,,,,,,,,,,,,,,,,,,1.99,,,,,,,,,,,,,,,,,,,,,,,,1.85,,,,,,,3.36,23.72,,,,,,25.95,,,,,,,,,,,,,,,,,,,7.69
IE00BF4G7076,,,,,,,,,,,,,,,,,,,,,,,,,,,,,,,,,,,,,,,,,,,,,,,,,,,,,,,2.2,,,,,,,,,,,,,,,,,,,,,,,,,,,,,,,,,,,,,,,,,,,,,,,,,,,,,,,,,,,,,,,,,,,,,,,,,95.91,,,,,,,,1.89
IE00BF4G7183,,,,,,,,,,,1.18,,,,,,,,,,,,,,,,,,,3.52,,,,,,,,1.11,16.41,,,15.49,,,,,,,,,,,,,1.18,,,3.68,,,,,,,,,,,,,,,,,,,,,,,,,,11.65,,,,,,,,,,,,,,,,,,,,,,,,,,,,5.14,,,3.89,12.69,,,,,,,,,,,22.54,,,,,,,,,1.52
IE00BF4J0300,,,,,,,,,,,,,,,,,,,,,,,,,,,,,,,,,,,,,,,,,,,,,,,,,,,,,,,,,,,,,,,,,,,,,,,,,,,,,,,,,,,,,,,,,,,,,,,,,,,,,,,,,,,,,,,,,,,,,,,,,,,,,,,,,,,,,,,,
IE00BF4NQ904,,,,,,,,,,,,,,,,,,,,,,,100.0,,,,,,,,,,,,,,,,,,,,,,,,,,,,,,,,,,,,,,,,,,,,,,,,,,,,,,,,,,,,,,,,,,,,,,,,,,,,,,,,,,,,,,,,,,,,,,,,,,,,,,,,,,,,,,,,,
IE00BF4RFH31,,,,,3.4678,0.3097,,,,,0.5099,,,,,,,,,4.2561,,,,,,,,,,0.6334,,,,,,,,0.3434,1.2614,,0.0003,1.2594,,0.049,,,,,0.5367,,,,,,0.0858,,1.3947,0.853,,,12.0667,,,,,,,,,,,,,,,,,,,,,,,0.5177,0.1244,,0.8304,,,,,,,,,0.0725,,,,,,,,,,,0.75,,,,,0.4788,,,1.5849,1.4217,,,,,,,,,,,4.4607,62.7163,,,,,,0.0152,,
IE00BF4TW453,,,,,,,,,,,,,,,,,,,,,,,,,,,,,,,,,,,,,,,,,,,,,,,,,,,,,,,,,,,,,,,,,,,,,,,,,,,,,,,,,,,,,,,,,,,,,,,,,,,,,,,,,,,,,,,,,,,,,,,,,,,,,,,,,,,,,,,,
IE00BF4TWC33,,,,,,,,,,,,,,,,,,,,,,,,,,,,,,,,,,,,,,,,,,,,,,,,,,,,,,,,,,,,,,,,,,,,,,,,,,,,,,,,,,,,,,,,,,,,,,,,,,,,,,,,,,,,,,,,,,,,,,,,,,,,,,,,,,,,,,,,
IE00BF4TWF63,,,,,,,,,,,,,,,,,,,,,,,,,,,,,,,,,,,,,,,,,,,,,,,,,,,,,,,,,,,,,,,,,,,,,,,,,,,,,,,,,,,,,,,,,,,,,,,,,,,,,,,,,,,,,,,,,,,,,,,,,,,,,,,,,,,,,,,,
IE00BF51K025,,,,,0.48,,,,,,,,,,,,,,,2.65,,,,,,,,,,,,,,,,,,,0.06,,,1.06,,,,,,,0.04,,,,,,0.6,,,,,,1.79,,,,,,,,,,,,0.06,,,,,,,,,,,0.84,,,,,,,,,,,,,,,,,,,,,,,,,,,,0.83,,,,0.17,,,,,,,,,,,7.94,82.82,,,,,,0.66,,
IE00BF51K132,,1.31,3.54,,,,,,2.22,,,,0.26,0.3,4.08,,0.14,,,,,1.91,0.91,2.53,0.7,,,,,,2.43,1.19,1.96,0.72,,,,,,,,,0.55,,,1.06,,0.29,,1.66,,,5.67,0.05,,,2.67,,0.62,0.55,,,0.61,0.56,0.93,1.31,,,,,,,,,,0.7,,,8.62,,,,0.49,,,1.89,,1.66,0.6,2.35,,0.42,2.09,3.44,2.17,,,3.41,,2.06,,,9.08,,0.61,0.16,,,,2.16,0.93,,0.68,0.16,,,,,,,0.3,6.82,,,1.13,4.94,,,1.5,0.27,,,0.16,0.16,,0.26
IE00BF51K249,,,,,2.15,0.86,,,,,1.57,,,,,,,,,1.09,,,,,,,,,,2.09,,,,,0.02,,,1.51,16.81,,,13.72,,0.5,,,,,0.04,,,,,,0.65,,,5.56,,,2.59,,,,,,,,,,,,0.31,,,,,,,,,,,6.09,0.28,,0.86,,,,,,,,,0.81,,,,,,,,,,,,,,,,5.65,,,2.68,3.13,,,,,,,,,,,10.65,20.32,,,,,,0.05,,
IE00BF540Z61,,,,,,,,,,,,,,,4.41,,,,,1.76,,,,4.21,,,,1.07,,1.28,,,,,,,,,4.83,,,3.92,,,,,,,2.58,,,,,,,,2.03,3.85,,,3.45,,,,,,,,,,,,1.09,,,,,,13.06,,,,,,,,,,,2.09,,,1.97,,,,,,,,,,,,,,,,,,,,,,,,,,,,,,,,,,3.48,34.84,,,,,,,,10.08
IE00BF541080,,,5.07,,,,,,1.49,,,,,,5.89,,,,,1.16,,,2.19,4.69,,,,,,,,,,,,,,,,,,,,,,,,,3.28,,,4.47,,,,,2.99,,,,,,,,,,,,,,,,,,,,,,5.89,,,,,,,,,1.22,,1.53,,,1.71,,,,,,,,,,,,,,,,,1.6,,,,,,,,,,,,6.28,,,,,2.72,,,1.05,,,,,,46.77
IE00BF553838,,,3.3971,0.3202,,,0.262,,3.3977,0.111,,0.2454,,0.2757,4.0634,,0.3326,,,,,3.8603,1.6952,2.42,1.7457,,,,0.1672,,3.718,1.4955,2.4093,1.2258,,,,,,0.1881,0.1832,,1.0147,,,1.0467,,0.2714,,4.7585,,0.959,3.3404,,0.8392,,,,0.792,0.754,,,0.8019,2.6384,1.096,,0.1901,0.2778,0.2658,,,,,,,2.4559,,,2.6216,,0.4193,0.1676,0.9602,,,,,3.5395,0.0562,3.3653,0.0577,1.0383,2.9377,2.559,5.3329,,,,,3.5303,,0.0665,3.5964,0.2774,0.9167,,,,,3.1326,,,1.4137,0.3254,,0.0001,,,,,0.7213,3.5419,,,1.5579,,0.0098,-0.1189,3.767,1.0974,,,0.0893,0.0044,,
IE00BF59RV63,,,,,,,,,,,,,,,,,,,,,,,,,,,,,,,,,,,,,,,1.25,,,,,,,,,,,,,,,,,,,,,,,,,,,,,,,,,,,,,,,,,,,,,,,,,,,,,,,,,,,,,,,,,,,,,,,,,,,,,,,,,,,,,,,,2.37,41.19,,,,,,,,55.19
IE00BF59RW70,,,,,1.25,,,,,,,,,,,,,,,,,,,,,,,,,,,,,,,,,,6.37,,,8.36,,1.02,,,,,,,,,,,1.72,,,5.24,,,,,,,,,,,,,,,1.28,,,,,,,,,,,1.11,,,,,,,,,,,,,,,,,,,,,,,,,,,,6.98,,,,3.88,,,,,,,,,,,12.65,9.29,,,,,,,,40.85
IE00BF59RX87,,,,,,,,,,,,,,,,,,,,,,,,,,,,,,,,,,,,,,,6.82,,,7.2,,,,,,,,,,,,,1.09,,,5.24,,,,,,,,,,,,,,,,,,,,,,,,,,2.36,,,,,,,,,,,,,,,,,,,,,,,,,,,,5.31,,,,2.76,,,,,,,,,,,14.87,8.22,,,,,,,,46.13
IE00BF5DXP42,,,,,2.05,,,,,,,,,,,,,,,,,,10.29,,,,,,,,,,,,,,,2.44,2.88,,,7.82,,,,,,,1.31,,,5.43,,,,,,,,,4.0,,,,,,,,,,,,,,,,,,,,,,,1.63,,,,,,,,,,,,,,,,,,,,,,,,,,,2.12,2.49,,,,2.55,1.77,,,,,,,,,1.97,4.55,41.71,,,,,,,,4.99
IE00BF8HV600,,,,,,,,,,,,,,,,,,,,2.44,,,,,,,,,,,,,,,,,,,,,,,,,,,,,,,,,,,,,,,,,1.4,,,,,,,,,,,,,,,,,,,,,,,,,,,,,,,,,,,,,,,,,,,,,,,,,,,,,,,,,,,,,,,,,,1.94,56.74,,,,,,,,37.48
IE00BF8HV717,,,,,,,,,,,,,,,,,,,,,,,,,,,,,,,,,,,,,,,,,,,,,,,,,,,,,,,,,,,,,,,,,,,,,,,,,,,,,,,,,,,,,,,,,,,,,,,,,,,,,,,,,,,,,,,,,,,,,,,,,,,,,,,,,,,,,,,,
IE00BF8J5974,,,,,1.4746,,,,,,,,,,0.3014,,,,,4.9291,,0.0949,0.359,,,,,,,,,,,,,,,,0.2619,,,1.341,,,,,,,0.0448,,,,,,1.7323,,,,,,3.8485,,,,,,,,,,,,0.1123,,,,,,0.1421,,,,,0.8614,,,,,,,,,,,,,,,,,,,,,,,,,,,,1.5778,,,,0.6687,0.1597,,,,,,,,,,6.0839,76.01,,,,,,,,-0.0035
IE00BF92J153,,,,,3.24,,,,,,,,,,5.1,,,,,2.69,,,,,,,,,,,,,,,,,,,2.5,,,,,,,,,,,,,,,,,,2.97,2.65,,,5.25,,,,,,,,,,,,,,,,,,,,,,,2.32,,,,,,,,,,,,,2.84,,,,,,,,,,,,,,2.34,,,,,,,,,,,,,,,,2.84,57.99,2.83,,,,,,,4.44
IE00BF92LR56,,,,,,,,,,,,,,,,,,,,,,,,,,,,,,,,,,,,,,,,,,,,,,,,,,,,,,,1.97,,,,,,,,,,,,,,,,,,,,,,,,,,,,,,,,,,,,,,,,,,,,,,,,,,,,,,,,,,,,,1.77,,,,,,,,,,,,94.59,,,,,,,,1.67
IE00BF92LV92,,,,,,,,,,,,,,,,,,,,,,,,,,,,,,,,,,,,,,,,,,,,,,,,,,,,,,,1.97,,,,,,,,,,,,,,,,,,,,,,,,,,,,,,,,,,,,,,,,,,,,,,,,,,,,,,,,,,,,,1.77,,,,,,,,,,,,94.59,,,,,,,,1.67
IE00BFD26097,,,,,,2.7,,,,,2.36,,5.03,,,,,,,,,,,,,,,,,,,,,,,,,3.28,4.73,,,13.62,,,,,,,,,,,,,,,,13.15,,,,,,,,,,,,,,,,,,,,,,,,,,1.42,,,4.36,,,,,,,,,,,,,,,,,,,,,,,1.53,,,,,8.25,13.23,,,,,,,,,,,21.13,,,,,,,,,5.21
IE00BFD2H405,,,,,,,,,,,,,,,,,,,,2.5,,,,,,,,,,,,,,,,,,,,,,1.11,,,,,,,,,,,,,,,1.06,,,,,,,,,,,,,,,,,,,,,,,,,,,,,,,,,,,,,,,,,,,,,,,,,,,,,,,,,,,,,,,,,,,,,,,95.26,,,,,,,,
IE00BFF5RX68,,,,,,,,,,,,,,,,,,,,,,,,,,,,,,,,,,,,,,,,,,,,,,,,,,,,,,,0.0057,,,,,,,,,,,,,,,,,,,,,,,,,,,,,,,,,,,,,,,,,,,,,,,,,,,,,,,,,,,,,,,,,,,,,,,,0.0065,99.9861,,,,,,0.0015,,
IE00BFF5RZ82,,,,,,,,,,,,,,,,,,,,,,,,,,,,,,,,,,,,,,,,,,,,,,,,,,,,,,,,,,,,,,,,,,,,,,,,,,,,,,,,,,,,,,,,,,,,,,,,,,,,,,,,,,,,,,,,,,,,,,,,,,,,,,,0.0042,99.9924,,,,,,0.0034,,
IE00BFM15T99,,,,,,,,,,,,,,,,,,,,,,,,,,,,,,,,,,,,,,,,,,,,,,,,,,,,,,,,,,,,,99.9855,,,,,,,,,,,,,,,,,,0.0002,,,,,,,,,,,,,,,,,,,,,,,,,,,,,,,,,,,,,,,,,,,,,,,,0.0022,0.011,,,,,,0.0009,,
IE00BFM6T814,,,,,,,,,,,,,,,,,,,,,,,19.9566,,,,,,,,,,,,,,,,,,,,,,,,,,,,,19.8896,11.9997,,,,,,,,,,,,,,,,,,,,,,,12.6612,,,,,,,,,,,,,,,,,,5.6303,,,,,,,,,,,,,,,,,20.0199,,,,,,,,9.8164,,,,,,,,0.0003,0.0175,,,,,,0.0086,,
IE00BFM6T921,,,,,3.945,0.0469,,,,,1.0702,,,,,,,,,2.2556,,,,,,,,,,0.0,,,,,,,,0.0835,2.1188,,,1.605,,,,,,,3.5871,,,,,,0.0524,,0.5841,0.0202,,,6.9722,,,,,,,,,,,,,,,,,,,,,,,0.144,0.2412,,0.0596,,,,,,,,,,,,,,,,,,,,3.3355,,,,0.1323,0.5309,,,1.0868,1.6536,,,,,,,,,,,4.0862,66.324,,,,,,0.0648,,
IE00BFM6TC58,,,,,0.0001,,,,,,,,,,,,,,,,,,,,,,,,,,,,,,,,,,,,,,,,,,,,,,,,,,0.0917,,,,,,,,,,,,,,,,,,,,,,,,0.0045,,,,,,,,,,,,,,,,,,,,,,,,,,,,,,,,,,,,,0.0005,,,,,,,,,,,0.0132,99.883,,,,,,0.007,,
IE00BFM6TD65,,0.504,2.8456,0.1117,,,,,0.1763,0.0993,,,,,5.1819,,,0.089,0.0936,,0.0308,3.6378,6.2458,4.1922,,,,0.3036,0.1407,,0.1342,,,,,,,,,,,,0.299,,,0.8092,,,5.9752,0.267,,3.7856,2.2278,,,,3.0063,,,0.3718,,,0.0923,1.1197,,1.9748,,,,,,,0.3104,2.5158,0.1068,0.8656,,,5.3012,,0.0884,,1.4061,,,1.1071,,0.3591,0.2444,0.839,,,2.1048,1.0426,0.4932,,,3.3414,,,,,6.3328,,0.4158,,3.7656,,,3.33,3.936,,,,,,2.4262,0.2558,2.3045,0.1051,0.2063,3.9623,,,0.1914,5.3788,0.1891,1.8234,,,,,0.8979,0.0056,0.6324,
IE00BFMKQC67,,,,,0.9321,,,,,,0.7045,,,,0.2561,,,,,2.5801,,,0.2186,,,,,,,,,,,,,,,,0.4629,,,0.4422,,,,,,,,,,,,,0.4052,,,,,,1.8703,,,,,,,,,0.0278,,,0.0732,,,,,,0.3025,,,,,0.4916,,,,,,,,,,,,,,,,,,,,,,,,,,,,0.7058,,,,0.2602,0.1069,,,,,,,,,,4.257,85.9031,,,,,,,,-0.0001
IE00BFMM8Y81,,,,,,,,,,,,,,,,,,,,,,,,,,,,,,,,,,,,,,,,,,,,,,,,,,,,,,,0.071,,,,,,,,,,,,,,,,,,,,,,,,,,,,,,,,,,,,,,,,,,,,,,,,,,,,,,,,,99.9155,,,,,,,,,,,,,,,0.001,0.0099,,,,,,0.0026,,
IE00BFMM9235,,,,,,,,,,,,,,,,,,,,,,,,,,,,,,,,,,,,,,,,,,,,,,,,,,,,,,,0.1147,,,99.8776,,,,,,,,,,,,,,,,,,,,,,,,,,,,,,,,,,,,,,,,,,,,,,,,,,,,,,,,,,,,,,,,,,,,,0.0025,0.0034,,,,,,0.0017,,
IE00BFMXVQ44,,,,,,,,,,,,,,,,,,,,,,,,,,,,,,,,,,,,,,,,,,,,,,,,,,,,,,,,,1.09,,,,,,,,,,,,,,,,,,,,,,,,,,,,,,,,,,,,,,,,,,,,,,,,,,,,,,,,,,,,,,,,,,,,,,94.29,,,,,,,,,4.62
IE00BFMXXD54,,,,,,,,,,,,,,,,,,,,,,,,,,,,,,,,,,,,,,,,,,,,,,,,,,,,,,,1.12,,,,,,,,,,,,,,,,,,,,,,,,,,,,,,,,,,,,,,,,,,,,,,,,,,,,,,,,,,,,,,,,,,,,,,,,,97.09,,,,,,,,1.79
IE00BFMXYP42,,,,,,,,,,,,,,,,,,,,,,,,,,,,,,,,,,,,,,,,,,,,,,,,,1.01,,,,,,1.12,,,,,,,,,,,,,,,,,,,,,,,,,,,,,,,,,,,,,,,,,,,,,,,,,,,,,,,,,,,,,2.46,,,,,,,,,,,94.0,,,,,,,,,1.41
IE00BFMXYX26,,,,,,,,,,,,,,,,,,,,,,,,,,,,,,,,,,,,,,,,,,,,,,,,,,,,,,,,,,,,,99.15,,,,,,,,,,,,,,,,,,,,,,,,,,,,,,,,,,,,,,,,,,,,,,,,,,,,,,,,,,,,,,,,,,,,,,,,,,,0.85
IE00BFMXYY33,,,,,,,,,,,,,,,,,,,,,,,,,,,,,,,,,,,,,,,,,,,,,,,,,,,,,,,,,,,,,99.15,,,,,,,,,,,,,,,,,,,,,,,,,,,,,,,,,,,,,,,,,,,,,,,,,,,,,,,,,,,,,,,,,,,,,,,,,,,0.85
IE00BFMXZJ56,,,,,,,,,,,,,,,,,,,,,,,,,,,,,,,,,,,,,,,,,,,,,,,,,,,,,,,,,,,,,99.15,,,,,,,,,,,,,,,,,,,,,,,,,,,,,,,,,,,,,,,,,,,,,,,,,,,,,,,,,,,,,,,,,,,,,,,,,,,0.85
IE00BFNM3B99,,,,,,1.1506,,,,,3.4693,,,,,,,,,,,,,,,,,,,,,,,,,,,3.5895,26.0542,,,23.4978,,,,,,,,,,,,,1.5085,,,10.5053,,,,,,,,,,,,,,,,,,,,,,,,,,18.086,,,,,,,,,,,,0.6534,,,,,,,,,,,,,,,,11.0074,,,,,,,,,,,,,,,0.0104,0.0181,,,,,,0.4496,,
IE00BFNM3C07,,,,,,1.1506,,,,,3.4693,,,,,,,,,,,,,,,,,,,,,,,,,,,3.5895,26.0542,,,23.4978,,,,,,,,,,,,,1.5085,,,10.5053,,,,,,,,,,,,,,,,,,,,,,,,,,18.086,,,,,,,,,,,,0.6534,,,,,,,,,,,,,,,,11.0074,,,,,,,,,,,,,,,0.0104,0.0181,,,,,,0.4496,,
IE00BFNM3D14,,,,,,0.6511,,,,,1.9697,,,,,,,,,,,,,,,,,,,2.9623,,,,,,,,2.0246,14.5207,,,13.3074,,,,,,,,,,,,,0.8303,,,5.9544,,,,,,,,,,,,,,,,,,,,,,,,,,10.2558,,,1.0414,,,,,,,,,0.371,,,,,,,,,,,,,,,,6.2309,,,6.1228,13.5216,,,,,,,,,,,19.8551,0.0195,,,,,,0.3616,,
IE00BFNM3F38,,,,,,0.6511,,,,,1.9697,,,,,,,,,,,,,,,,,,,2.9623,,,,,,,,2.0246,14.5207,,,13.3074,,,,,,,,,,,,,0.8303,,,5.9544,,,,,,,,,,,,,,,,,,,,,,,,,,10.2558,,,1.0414,,,,,,,,,0.371,,,,,,,,,,,,,,,,6.2309,,,6.1228,13.5216,,,,,,,,,,,19.8551,0.0195,,,,,,0.3616,,
IE00BFNM3G45,,,,,,,,,,,,,,,,,,,,,,,,,,,,,,,,,,,,,,,,,,,,,,,,,,,,,,,0.1664,,,,,,,,,,,,,,,,,,,,,,,,,,,,,,,,,,,,,,,,,,,,,,,,,,,,,,,,,,,,,,,,,,,,,,,,0.0047,99.8218,,,,,,0.0071,,
IE00BFNM3H51,,,,,,,,,,,,,,,,,,,,,,,,,,,,,,,,,,,,,,,,,,,,,,,,,,,,,,,0.1664,,,,,,,,,,,,,,,,,,,,,,,,,,,,,,,,,,,,,,,,,,,,,,,,,,,,,,,,,,,,,,,,,,,,,,,,0.0047,99.8218,,,,,,0.0071,,
IE00BFNM3J75,,,,,1.6629,0.0936,,,,,0.3013,,,,,,,,,3.1976,,,,,,,,,,0.4524,,,,,,,,0.2996,2.1743,,,1.9835,,,,,,,0.4312,,,,,,0.1093,,0.2981,0.8992,,,5.9212,,,,,,,,,,,,,,,,,,,,,,,1.5337,0.0433,,0.1568,,,,,,,,,0.0417,,,,,,,,,,,0.478,,,,,0.9391,,,0.932,2.0134,,,,,,,,,,,2.9609,73.0695,,,,,,0.0075,,
IE00BFNM3K80,,,,,1.6629,0.0936,,,,,0.3013,,,,,,,,,3.1976,,,,,,,,,,0.4524,,,,,,,,0.2996,2.1743,,,1.9835,,,,,,,0.4312,,,,,,0.1093,,0.2981,0.8992,,,5.9212,,,,,,,,,,,,,,,,,,,,,,,1.5337,0.0433,,0.1568,,,,,,,,,0.0417,,,,,,,,,,,0.478,,,,,0.9391,,,0.932,2.0134,,,,,,,,,,,2.9609,73.0695,,,,,,0.0075,,
IE00BFNM3L97,,,,,,,,,,,,,,,,,,,,,,,,,,,,,,,,,,,,,,,,,,,,,,,,,,,,,,,,,,,,,99.9944,,,,,,,,,,,,,,,,,,,,,,,,,,,,,,,,,,,,,,,,,,,,,,,,,,,,,,,,,,,,,,,,,,0.0042,0.0011,,,,,,0.0004,,
IE00BFNM3M05,,,,,,,,,,,,,,,,,,,,,,,,,,,,,,,,,,,,,,,,,,,,,,,,,,,,,,,,,,,,,99.9944,,,,,,,,,,,,,,,,,,,,,,,,,,,,,,,,,,,,,,,,,,,,,,,,,,,,,,,,,,,,,,,,,,0.0042,0.0011,,,,,,0.0004,,
IE00BFNM3N12,,,,,,,,,,,,,,,3.3081,,,,,,,0.536,19.3668,0.2061,,,,0.0481,,,,,0.0765,,,,,,,,,,,0.6509,,,,,0.0689,0.3104,,12.2421,0.5086,,0.0653,,,,,,,,,,,0.6409,,,,,,,,,,1.0416,,,1.7257,,,,,,,,,,,,,,0.3841,0.3516,1.2718,,,0.5385,,,0.0,,2.688,,,,,,,3.3998,19.338,,,,,,28.2143,,1.1939,,,0.5094,,,,1.2386,0.0186,0.0526,,,,,,0.0051,,
IE00BFNM3P36,,,,,,,,,,,,,,,3.3081,,,,,,,0.536,19.3668,0.2061,,,,0.0481,,,,,0.0765,,,,,,,,,,,0.6509,,,,,0.0689,0.3104,,12.2421,0.5086,,0.0653,,,,,,,,,,,0.6409,,,,,,,,,,1.0416,,,1.7257,,,,,,,,,,,,,,0.3841,0.3516,1.2718,,,0.5385,,,0.0,,2.688,,,,,,,3.3998,19.338,,,,,,28.2143,,1.1939,,,0.5094,,,,1.2386,0.0186,0.0526,,,,,,0.0051,,
IE00BFNNN012,,,,,,,,,,,,,,,,,,,,,,,,,,,,,,,,,,,,,,,,,,,,,,,,,,,,,,,,,,,,,,,,,,,,,,,,,,,,,,,,,,,,,,,,,,,,,,,,,,,,,,,,,,,,,,,,,,,,,,,,,,,,,,,,,,,,,,,,
IE00BFNNN236,,,,,,,,,,,,,,,,,,,,,,,,,,,,,,,,,,,,,,,,,,,,,,,,,,,,,,,,,,,,,,,,,,,,,,,,,,,,,,,,,,,,,,,,,,,,,,,,,,,,,,,,,,,,,,,,,,,,,,,,,,,,,,,,,,,,,,,,
IE00BFNNN343,,,,,,,,,,,,,,,,,,,,,,,,,,,,,,,,,,,,,,,,,,,,,,,,,,,,,,,,,,,,,,,,,,,,,,,,,,,,,,,,,,,,,,,,,,,,,,,,,,,,,,,,,,,,,,,,,,,,,,,,,,,,,,,,,,,,,,,,
IE00BFNNN459,,,,,,,,,,,,,,,,,,,,,,,,,,,,,,,,,,,,,,,,,,,,,,,,,,,,,,,,,,,,,,,,,,,,,,,,,,,,,,,,,,,,,,,,,,,,,,,,,,,,,,,,,,,,,,,,,,,,,,,,,,,,,,,,,,,,,,,,
IE00BFTWP510,,,,,,0.9707,,,,,9.4627,,,,,,,,,,,,,,,,,,,,,,,,,,,8.4486,26.0196,,,13.8914,,,,,,,,,,,,,0.9678,,,15.3374,,,,,,,,,,,,,,,,,,,,,,,,,,10.2224,,,,,,,,,,,,1.6975,,,,,,,,,,,,,,,,12.982,,,,,,,,,,,,,,,,,,,,,,,,
IE00BFWFPX50,,,,,,,,,,,,,,,,,,,,,,,,,,,,,,,,,,,,,,,,,,,,,,,,,,,,,,,,,,,,,,,,,,,,,,,,,,,,,,,,,,,,,,,,,,,,,,,,,,,,,,,,,,,,,,,,,,,,,,,,,,,,,,,,100.0,,,,,,,,
IE00BFWFPY67,,,,,,,,,,,,,,,6.3106,,,,,,,1.2295,9.9462,3.8814,,,,3.1897,,,,,,,,,,,,,,,,,,,,,,1.8612,,9.054,7.1623,,,,3.7418,,,,,,,,,,,,,,,,,,,7.9875,,,8.441,,,,,,,,,,,,,,1.3645,3.067,5.9726,,,,,2.0303,,,,,,,,,,5.3328,9.9837,,,,,,,,6.899,,,1.284,,,,,,0.2004,,,,,,,1.0603,
IE00BFWMQ331,,,,,,,,,,,,,,,,,,,,,,,,,,,,,,,,,,,,,,,,,,,,,,,,,,,,,,,,,,,,,,,,,,,,,,,,,,,,,,,,,,,,,,,,,,,,,,,,,,,,,,,100,,,,,,,,,,,,,,,,,,,,,,,,,,,,,,,,,
IE00BFWXDV39,,,,,,,,,,,,,,,,,,,,,,,,,,,,,,,,,,,,,,,,,,,,,,,,,4.35,,,18.09,,,,,,,,,,,,,,,,,,,,,,,,1.73,,,,,,,,,,,,,,,,,,,,,,,,,,,,,,,3.85,,,,32.73,,,,,,35.95,,1.69,,,,,,,,,,,,,,,,,1.61
IE00BFWXDX52,,,,,,,,,,,,,,,,,,,,2.96,,,,,,,,,,,,,,,,,,,,,,,,,,,,,,,,,,,1.01,,,,,,,,,,,,,,,,,,,,,,,,,,,,,,,,,,,,,,,,,,,,,,,,,,,,,,,,,,,,,,,,,,,,,,,,2.54,76.24,,,,,,,,17.25
IE00BFWXDY69,,,,,,,,,,,3.26,,,,,,,,,,,,,,,,,,,4.8,,,,,,,,,7.53,,,21.07,,1.59,,,,,,,1.81,,,,,,,2.34,,,,,,,,,,,,,,,1.21,,,,,,,,,,,1.97,,,,,,,,,,,,,,,,2.17,,,,,,,,,,,,3.23,,,1.39,,,,,,,,,,,,,1.26,,,,,,,,46.37
IE00BFXR5Q31,,,,,,,,,,,,,,,,,,,,,,,,,,,,,,,,,,,,,,,,,,,,,,,,,,,,,,,1.1,,,,,,,,,,,,,,,,,,,,,,,,,,,,,,,,,,,,,,,,,,,,,,,,,,,,,,,,,,,,,,,,,,,,,,,,,97.58,,,,,,,,1.32
IE00BFXR5R48,,,,,,,,,,,,,,,,,,,,,,,,,,,,,,,,,,,,,,,,,,,,,,,,,1.12,,,,,,,,,,,,,,,,,,,,,,,,,,,,,,,,,,,,,,,,,,,,,,,,,,,,,,,,,,,,,,,,,,,,,,,,,,,,,,97.33,,,,,,,,,1.55
IE00BFXR5S54,,,,,1.78,,,,,,,,,,,,,,,3.2,,,,,,,,,,,,,,,,,,,1.99,,,2.11,,,,,,,,,,,,,,,,,,,6.54,,,,,,,,,,,,,,,,,,,,,,,1.64,,,,,,,,,,,,,,,,,,,,,,,,,,,,,,,,2.46,,,,,,,,,,,3.76,69.78,,,,,,,,6.74
IE00BFXR5T61,,,,,,,,,,,,,,,,,,,,,,,,,,,,,,,,,,,,,,,,,,,,,,,,,,,,,,,,,,,,,99.78,,,,,,,,,,,,,,,,,,,,,,,,,,,,,,,,,,,,,,,,,,,,,,,,,,,,,,,,,,,,,,,,,,,,,,,,,,,0.22
IE00BFXR5V83,,,,,,,,,,,2.08,,,,,,,,,,,,,,,,,,,3.45,,,,,,,,2.52,16.76,,,17.14,,,,,,,,,,,,,1.07,,,6.47,,,,,,,,,,,,,,,,,,,,,,,,,,12.85,,,1.55,,,,,,,,1.07,,,,,,,,,,,,,,,,,7.29,,,6.98,18.7,,,,,,,,,,,,,,,,,,,,2.07
IE00BFXR5W90,,,,,64.47,,,,,,,,,,,,,,,,,,,,,,,,,,,,,,,,,,,,,,,,,,,,16.13,,,,,,,,,,,,,,,,,,,,,,,,,,,,,,,,,,,,2.28,,,,,,,,,,,,,,,,,,,,,,15.47,,,,,,,,,,,,,,,,,,,,,,,,,,,,,1.65
IE00BFXR6159,,,,,,,,,,,,,,,,,,,,,,,,,,,,,,,,,,,,,,,,,,,,,,,,,,,,,,,,,,,,,,,,,,,,,,,,,,,,,,,,,,,,,,,,,,,,,,,,,,,,,,,,,,,,,,,,,,,,,,,,,,,,,,,,,,,,,,,,
IE00BFXR7892,,,,,,,,,,,,,,,,,,,,,,,81.83,,,,,,,,,,,,,,,,,,,,,,,,,,5.01,,,,,,7.95,,,,,,,,,,,,,,,,,,,,,,,,,,,,,,,,,,,,,,,,,,,,,,,,,,,,4.97,,,,,,,,,,,,,,,,,,,,,,,,,,,,,
IE00BFXR7900,,,,,,,,,,,,,,,,,,,,,,,81.83,,,,,,,,,,,,,,,,,,,,,,,,,,5.01,,,,,,7.95,,,,,,,,,,,,,,,,,,,,,,,,,,,,,,,,,,,,,,,,,,,,,,,,,,,,4.97,,,,,,,,,,,,,,,,,,,,,,,,,,,,,
IE00BFXX9Y76,,,,,,,,,,,,,,,,,,,,,,,,,,,,,,,,,,,,,,,,,,,,,,,,,,,,,,,,,,,,,,,,,,,,,,,,,,,,,,,,,,,,,,,,,,,,,,,,,,,,,,,,,,,,,,,,,,,,,,,,,,,,,,,,,,,,,,,,
IE00BFXYHY63,,,,,,,,,,,,,,,,,,,,,,,,,,,,,,,,,,,,,,,,,,,,,,,,,,,,,,,0.1962,,,,,,,,,,,,,,,,,,,,,,,,0.0005,,,,,,,,,,,,,,,,,,,,,,,,,,,,,,,,,,,,,,,,,,,,,,,,-0.0681,100.1086,,,,,,-0.2372,,
IE00BFY0GT14,,,,,1.6149,0.088,,,,,0.2749,,,,,,,,,3.4613,,,,,,,,,,0.4125,,,,,,,,0.2723,2.4109,,,2.1878,,,,,,,0.4443,,,,,,0.1119,,0.2696,0.837,,,5.6299,,,,,,,,,,,,,,,,,,,,,,,1.366,0.046,,0.1602,,,,,,,,,0.0531,,,,,,,,,,,0.4591,,,,,0.9925,,,0.8497,2.285,,,,,,,,,,,3.5193,72.2539,,,,,,,,
IE00BFY0GV36,,,,,0.7576,,,,,,1.0766,,,,0.2353,,,,,4.9733,,0.2126,0.2099,,,,,,,,,,,,,,,0.1019,0.288,,,1.152,,,,,,,,,,,,,0.1048,,,0.0717,,,0.5002,,,,,,,,,,,,,0.3722,,,,,0.0572,,,,,0.312,,,,,,,,,,,,,,,,,,,,,,,,,,,,3.7921,,,,0.1604,0.964,,,,,,,,,,8.6012,76.0499,,,,,,,0.0069,
IE00BFYN8Y92,,,,,,,,,,,,,,,9.86,,,,,,,,30.71,,,,,,,,,,,,,,,,,,,1.2,,,,,,,,,,15.69,,,5.8,,,,,,,,,2.36,,,,,,,,,1.28,,,,,,,,,,,,,,,,,,,,,,,,,,,,,,,,,,12.31,,,3.31,4.69,,,,,,,,,,,,,,,,,3.21,8.4,,,,,,,1.18
IE00BFYTYS33,,,,,0.6453,0.2585,,,,,0.1086,,,,,,,,,1.4954,,,,,,,,,,0.409,,,,,,,,0.845,6.5569,,,4.4867,,,,,,,1.4892,,,,,,0.3411,,0.5612,1.8808,,,19.5658,,,,,,,,,,,,,,,,,,,,,,,1.4624,,,0.4068,,,,,,,,,0.0611,,,,,,,,,,,0.4675,,,,,1.9826,,,0.9259,0.0477,,,,,,,,,,,8.1772,47.782,,,,,,0.0434,,
IE00BFZPF322,,,,,1.89,,,,,,,,,,,,,,,,,,,,,,,,,,,,,,,,,3.9,21.64,,,1.99,,,,,,,,,,,,,,,,,,,7.51,,,,,,,,,,,,,,,,,,,,,,,7.95,,,,,,,,,,,,,,,,,,,,,,,,,,,,14.1,,,,7.88,,,,,,,,,,,32.58,,,,,,,0.55,,
IE00BFZPF439,,,,,1.89,,,,,,,,,,,,,,,,,,,,,,,,,,,,,,,,,3.9,21.64,,,1.99,,,,,,,,,,,,,,,,,,,7.51,,,,,,,,,,,,,,,,,,,,,,,7.95,,,,,,,,,,,,,,,,,,,,,,,,,,,,14.1,,,,7.88,,,,,,,,,,,32.58,,,,,,,0.55,,
IE00BFZPF546,,,0.0008,,,,,,,,,,,,3.2913,,,,,,,1.664,9.8856,5.4927,,,,4.5287,,,,,,,,,,,,,,3.352,,,,,,,,2.6343,,9.8542,9.1704,,,,,,,,,,,,,,,,,,,,,,,9.4605,,,10.1459,,,,,,,,,,,,,,2.0526,,8.6768,,,,,3.1869,0.0003,,,,,,,,,7.4826,,,,,,,,,7.9043,,,1.0988,,,,,0.0004,0.1138,,,,,,0.0032,,
IE00BFZXGZ54,,,,,,,,,,,,,,,0.43,,,,,0.97,,,0.26,,,,,,,,,,,,,,,,,,,,,,,,,,,,,,,,,,,,,,,,,,,,,,,,,,,,,,,,,,,,,1.17,,,,,,,,,,,,,,,,,,,,,,,,,,,,,,,,,,,,,,,,,,,0.21,96.73,,,,,,0.22,,
IE00BG04LT92,,,,,0.4863,,,,,,,,0.1483,,,,,,,3.4912,0.2856,,0.1257,,,,,,,0.3299,,,,,,,,,0.7606,,,0.337,,,,,,,0.1584,,,,,,0.5143,,,0.2524,,,0.7466,0.1428,,,,,,,,,,,1.4531,0.2814,,,0.0664,,,,,,,0.3557,,,,,,,,,,,,,,,,,,,,,,,,,,,,,,,,0.1431,,,,,,,,,,,1.6111,88.3105,,,,,,,,-0.0002
IE00BG0J4957,,,,,0.5554,,,,,,,,,,,,,0.0362,0.0395,4.1128,0.0706,0.03,,0.1442,,,,0.0297,,0.1831,,,,,,,,0.0188,0.9057,,,0.5937,,0.038,,,,,,,,,,,0.7892,,,0.3933,,,0.7913,0.1054,,,,,,,,,,,0.7063,,,0.0856,,,0.1337,,,,0.0009,0.4232,,,0.0877,,,,,,,,,,0.0038,,,,,,,,,,,,,,,0.1459,,,0.0874,0.1993,,0.0898,,,,0.0388,,,,,1.8299,87.3302,,,,,,0.0004,,
IE00BG0J4B71,,,,,0.1376,0.7042,,,,,1.1054,,,,,,0.501,,,0.1439,,,0.0952,,,,0.0641,1.7133,,0.7027,,,,,0.1795,,,0.9795,20.2335,,,11.2668,,2.0064,,,,,,0.6567,,,,,1.4528,,1.2466,11.5135,,,2.2429,0.2315,,,,,,0.0648,,,,0.1644,4.8151,,,,,,0.5226,,,,,4.042,,,0.3808,,,,,,,,1.0411,1.4592,,,,0.401,,,,,0.2049,,,,0.8171,0.1553,,4.2881,,,2.956,0.7337,,,,,,,,,0.096,,7.3696,13.2604,,,,,,0.0507,,
IE00BG0NY640,,,,,,1.05,,,,,1.71,,,,0.12,,,,,,,0.29,0.96,,,,,,,1.91,,,,,,,,3.7,13.77,,,9.57,,,,,,,0.58,,,,,,1.51,,,5.38,0.22,,,,,,,,,,,,,,,,,,,,,,,,,14.04,,0.06,1.24,,,,,,,,0.08,0.36,,,,,,,,,,,,,,,,4.17,,,6.28,10.41,,,,,,,,,,,13.97,8.63,,,,,,0.01,,
IE00BG0SKF03,,,,,,,,,,,,,,,8.122,,,,,,,0.4384,27.0876,,,,,0.0003,,,,,,,,,,,,,,,,,,,,,0.2318,0.958,,6.0006,0.4986,,0.1505,,,,,,,,,,,0.0012,,,,,,,,,,0.0009,,,0.0018,,,,,,,,,,,,,,,0.3227,1.5367,,,0.0027,,,0.0001,,,,,,,,,2.2786,24.1866,,,,,,24.7643,,0.2089,,,1.1187,,,,1.7947,0.0069,0.2858,,,,,,0.0015,,
IE00BG0SSC32,,,,,,,,,,,,,,,,,,,,,,,,,,,,,,,,,,,,,,,,,,,,,,,,,,,,,,,,,,,,,,,,,,,,,,,,,,,,,,,,,,,,,,,,,,,,,,,,,,,,,,,,,,,,,,,,,,,,,,,,,,,,,,,,99.84,,,,,,,,0.16
IE00BG0TQ445,,,,,,,,,,,,,,,,,,,,,,,,,,,,,,,,,,,,,,,,,,,,,,,,,,,,,,,,,,,,,,,,,,,,,,,,,,,,,,,,,,,,,,,,,,,,,,,,,,,,,,,,,,,,,,,,,,,,,,,,,,,,,,,100,,,,,,,,,
IE00BG0TQB18,,,,,1.89,,,,,,,,,,,,,,,,,,,,,,,,,,,,,,,,,3.9,21.64,,,1.99,,,,,,,,,,,,,,,,,,,7.51,,,,,,,,,,,,,,,,,,,,,,,7.95,,,,,,,,,,,,,,,,,,,,,,,,,,,,14.1,,,,7.88,,,,,,,,,,,32.58,,,,,,,0.55,,
IE00BG0TQC25,,,,,,,,,,,,,,,,,,,,,,,,,,,,,,,,,,,,,,,,,,,,,,,,,,,,,,,,,,,,,,,,,,,,,,,,,,,,,,,,,,,,,,,,,,,,,,,,,,,,,,,,,,,,,,,,,,,,,,,,,,,,,,,100,,,,,,,,,
IE00BG0TQD32,,,,,,,,,,,,,,,,,,,,,,,,,,,,,,,,,,,,,,,,,,,,,,,,,,,,,,,,,,,,,,,,,,,,,,,,,,,,,,,,,,,,,,,,,,,,,,,,,,,,,,,,,,,,,,,,,,,,,,,,,,,,,,,100,,,,,,,,,
IE00BG11HV38,,,,,1.4441,0.0728,,,,,0.3269,,,,,,,,,3.7099,,,,,,,,,,0.3154,,,,,,,,0.2296,2.3487,,,2.0143,,,,,,,0.5842,,,,,,0.4323,,0.3012,0.877,,,5.5385,,,,,,,,,,,,,,,,,,,,,,,1.4861,0.0237,,0.4987,,,,,,,,,0.0793,,,,,,,,,,,0.5228,,,,,0.9644,,,0.78,2.2833,,,,,,,,,,,3.0933,72.1235,,,,,,-0.0502,,
IE00BG13YG34,,,,,,0.0943,,,,,0.3671,,,,,,,,,,,,,,,,,,,2.61,,,,,,,,2.1928,11.0132,,,11.0464,,,,,,,,,,,,,0.4615,,,2.9494,,,,,,,,,,,,,,,,,,,,,,,,,,11.1729,,,0.5822,,,,,,,,,,,,,,,,,,,,,,,,,4.6917,,,4.1634,21.9946,,,,,,,,,,,26.4819,0.0251,,,,,,0.1535,,
IE00BG13YH41,,,,,,0.8009,,,,,1.0961,,,,,,,,,,,,,,,,,,,1.6553,,,,,,,,2.1558,23.8678,,,24.0142,,,,,,,,,,,,,0.9418,,,5.2956,,,,,,,,,,,,,,,,,,,,,,,,,,5.0771,,,0.746,,,,,,,,,0.2389,,,,,,,,,,,,,,,,5.9702,,,4.5449,0.0381,,,,,,,,,,,23.0377,0.0379,,,,,,0.4817,,
IE00BG13YJ64,,,,,,1.3161,,,,,0.5815,,,,,,,,,,,,,,,,,,,1.2846,,,,,,,,3.5519,9.1051,,,7.8201,,,,,,,,,,,,,0.841,,,4.956,,,,,,,,,,,,,,,,,,,,,,,,,,8.4244,,,1.2527,,,,,,,,,0.2717,,,,,,,,,,,,,,,,13.6235,,,3.9835,14.9043,,,,,,,,,,,27.5879,0.0968,,,,,,0.3991,,
IE00BG13YK79,,,,,,1.5345,,,,,4.2671,,,,,,,,,,,,,,,,,,,4.2222,,,,,,,,5.4023,13.3077,,,9.6897,,,,,,,,,,,,,1.6967,,,7.9368,,,,,,,,,,,,,,,,,,,,,,,,,,5.1198,,,3.0874,,,,,,,,,0.9863,,,,,,,,,,,,,,,,7.2561,,,1.8423,15.6271,,,,,,,,,,,17.6073,0.0358,,,,,,0.3807,,
IE00BG13YL86,,,,,,2.6911,,,,,0.7633,,,,,,,,,,,,,,,,,,,2.5441,,,,,,,,2.3305,13.7759,,,11.3868,,,,,,,,,,,,,2.1031,,,6.7112,,,,,,,,,,,,,,,,,,,,,,,,,,9.6067,,,2.1094,,,,,,,,,0.6111,,,,,,,,,,,,,,,,6.4695,,,4.8525,13.8187,,,,,,,,,,,19.8998,0.0474,,,,,,0.2786,,
IE00BG13YZ23,,,,,,,,,,,,,,,,,,,,,,,,,,,,,,,,,,,,,,,,,,,,,,,,,,,,,,,0.0515,,0.0117,,,,,,,,,,,,,,,,,,,,,,,,,,,0.741,,,,,,,,,,,,,,,,,,,,,,,,,,,,,,,0.637,,,,,,,,,,,,0.0062,98.5512,,,,,,0.0014,,
IE00BG143G97,,,,,,,,,,,,,,,,,,,,,,,,,,,,,,,,,,,,,,,,,,97.29,,,,,,,,,,,,,,,,,,,,,,,,,,,,,,,,,,,,,,,,,,,,,,,,,,,,,,,,,,,,,,,,,,,,,,,,,,,,,,,,,,,,,,,,,,,,,,2.71
IE00BG21M733,,,,,,,,,,,,,,,,,,,,9.73,,,,,,,,,,,,,,,,,,,,,,,,0.16,,,,,,,,,,,0.47,,,,,,,,,,,,,,,,,,,,,,,,,,,,,,,,,,,,,,,,,,,,,,,,,,,,,,,,,,,,,,,,,,,,,,,,1.49,86.62,,,,,,1.52,,
IE00BG47J908,,,,,1.72,,,,,,1.07,,,,,,,,,10.14,,,,,,,,,,,,,,,,,,2.67,10.61,,,2.35,,,,,,,,,,,,,,,,,,,1.74,,,,,,,,,,,,,,,,,,,,,,,1.75,,,3.93,,,,,,,,,,,,,,,,,,,,,,,,,1.29,,,2.64,1.43,,,,,,,,,,,14.17,17.41,,,,,,,,27.08
IE00BG47K971,,,,,1.52,,,,,,1.66,,,,,,,,,2.75,,,,,,,,,,,,,,,,,,,4.63,,,3.99,,,,,,,,,,,,,,,,2.66,,,3.69,,,,,,,,,,,,,,,,,,,,,,,,,,,,,,,,,,,,,,,,,,,,,,,,,,,2.08,,,,,,,,,,,,,,,3.3,26.29,,,,,,,,47.43
IE00BG47KB92,,,,,1.52,,,,,,1.66,,,,,,,,,2.75,,,,,,,,,,,,,,,,,,,4.63,,,3.99,,,,,,,,,,,,,,,,2.66,,,3.69,,,,,,,,,,,,,,,,,,,,,,,,,,,,,,,,,,,,,,,,,,,,,,,,,,,2.08,,,,,,,,,,,,,,,3.3,26.29,,,,,,,,47.43
IE00BG47KF31,,,,,1.52,,,,,,1.66,,,,,,,,,2.75,,,,,,,,,,,,,,,,,,,4.63,,,3.99,,,,,,,,,,,,,,,,2.66,,,3.69,,,,,,,,,,,,,,,,,,,,,,,,,,,,,,,,,,,,,,,,,,,,,,,,,,,2.08,,,,,,,,,,,,,,,3.3,26.29,,,,,,,,47.43
IE00BG47KG48,,,,,1.52,,,,,,1.66,,,,,,,,,2.75,,,,,,,,,,,,,,,,,,,4.63,,,3.99,,,,,,,,,,,,,,,,2.66,,,3.69,,,,,,,,,,,,,,,,,,,,,,,,,,,,,,,,,,,,,,,,,,,,,,,,,,,2.08,,,,,,,,,,,,,,,3.3,26.29,,,,,,,,47.43
IE00BG47KH54,,,,,1.52,,,,,,1.66,,,,,,,,,2.75,,,,,,,,,,,,,,,,,,,4.63,,,3.99,,,,,,,,,,,,,,,,2.66,,,3.69,,,,,,,,,,,,,,,,,,,,,,,,,,,,,,,,,,,,,,,,,,,,,,,,,,,2.08,,,,,,,,,,,,,,,3.3,26.29,,,,,,,,47.43
IE00BG47KJ78,,,,,1.52,,,,,,1.66,,,,,,,,,2.75,,,,,,,,,,,,,,,,,,,4.63,,,3.99,,,,,,,,,,,,,,,,2.66,,,3.69,,,,,,,,,,,,,,,,,,,,,,,,,,,,,,,,,,,,,,,,,,,,,,,,,,,2.08,,,,,,,,,,,,,,,3.3,26.29,,,,,,,,47.43
IE00BG482169,,,,,,,,,,,,,1.98,,,,,,,1.72,,,,,,,,,,,,,,,,,,,,,,,,,,,,,,,,,,,,,,,,,,,,,,,,,,,,,,,,,,,,,,,,,,,,,,,,,,,,,0.1,,,,,,,,,,,,,,,,,,,,,,,,,,,,,,,95.82,,,,,,0.25,,
IE00BG5QQ390,,,,,1.7461,,,,,,,,0.0342,,0.0938,,,,,4.9465,,0.1212,0.1802,,,,,,,,,,,,,,,0.0379,0.0903,,,0.6097,,,,,,,0.0117,,,,,,3.3569,,,,,,3.3963,,,,,,,,,,,,0.1026,,,,,,0.0388,,,,,1.0312,,,,,,,,,,,,,,,,,,,,,,,0.0392,,,,,1.209,,,,0.6381,0.1063,,,,,,,,,,5.4044,76.802,,,,,,0.0037,,
IE00BG7PP820,,,,,,,,,,,,,,,,,,,,,,,,,,,,,,,,,,,,,,,,,,,,,,,,,,,,,,,,,,,,,,,,,,,,,,,,,,,,,,,,,,,,,,,,,,,,,,,,,,,,,,,,,,,,,,,,,,,,,,,,,,,,,,,,100,,,,,,,,
IE00BG88WG77,,,,,,,,,,,,,,,,,,,,,,,,,,,,,,,,,,,,,,,,,,,,,,,,,,,,,,,,,,,,,,,,,,,,,,,,,,,,,,,,,,,,,,,,,,,,,,,,,,,,,,,,,,,,,,,,,,,,,,,,,,,,,,,,,,,,,,,,
IE00BG88WH84,,,,,,,,,,,,,,,,,,,,,,,,,,,,,,,,,,,,,,,,,,,,,,,,,,,,,,,,,,,,,,,,,,,,,,,,,,,,,,,,,,,,,,,,,,,,,,,,,,,,,,,,,,,,,,,,,,,,,,,,,,,,,,,,,,,,,,,,
IE00BG88WL21,,,,,,,,,,,,,,,,,,,,,,,,,,,,,,,,,,,,,,,,,,,,,,,,,,,,,,,,,,,,,,,,,,,,,,,,,,,,,,,,,,,,,,,,,,,,,,,,,,,,,,,,,,,,,,,,,,,,,,,,,,,,,,,,,,,,,,,,
IE00BG8BCY43,,,,,,,,,,,,,,,,,,,,5.17,,,,,,,,,,,,,,,,,,,2.41,,,1.38,,,,,,,,,,,,,,,,,,,1.23,,,,,,,,,,,,,,,,,,,,,,,1.59,,,,,,,,,,,,,,,,,,,,,,,,,,,,1.25,,,,,,,,,,,,,,,3.77,24.54,,,,,,,,58.66
IE00BGBN6P67,,,,,3.02,,,,,,,,,,5.2,,,,,2.87,1.76,,,,,,,,,,,,,,,,,,,,,,,,,,,,,,,,,,,,1.73,,,,19.41,0.9,,,,,,,,,,,,,,,,,,,,,,2.13,,,,,,,,,,,,,,,,,,,,,,,,,,,4.04,,,,,,2.92,,,,,,,,,,0.75,55.18,,,,,,0.08,,
IE00BGDPWV87,,,,,21.8261,,,,,,,,,,,,,,,,,,,,,,,,,,,,,,,,,,,,,,,,,,,,19.8582,,,,,,,,,,,,38.5332,,,,,,,,,,,,,,,,,,,,,,,,1.2631,,,,,,,,,,,,,,,,,,,,,,18.5418,,,,0.6877,,,,,,,,,,,,,,,,0.0031,-0.7142,,,,,,0.0009,,
IE00BGDPWW94,,,,,,0.1854,,,,,1.2129,,,,,,,,,,,,,,,,,,,3.6994,,,,,,,,2.5795,18.2402,,,10.4098,,,,,,,,,,,,,0.7578,,,2.1215,,,,,,,,,,,,,,,,,,,,,,,,,,16.0109,,,1.6488,,,,,,,,,0.8362,,,,,,,,,,,,,,,,3.2073,,,4.4151,22.0882,,,,,,,,,,,12.7303,0.018,,,,,,-0.1613,,
IE00BGDQ0L74,,,,,,0.4738,,,,,12.5972,,,,,,,,,,,,,,,,,,,,,,,,,,,0.9983,25.0243,,,18.9631,,,,,,,,,,,,,0.4395,,,0.1682,,,,,,,,,,,,,,,,,,,,,,,,,,1.6408,,,0.5773,,,,,,,,,,,,,,,,,,,,,,,,,6.2552,,,12.6098,19.4833,,,,,,,,,,,0.0061,0.0003,,,,,,0.763,,
IE00BGDQ0T50,,,,,,,,,,,,,,,1.3143,,,,,,,0.8343,22.0959,0.636,,,,0.1708,,,,,,,,,,,,,,,,0.5722,,,,,0.1613,0.001,,8.1429,0.0015,,0.1527,,,,,,,,,,,,,,,,,,,,,2.0306,,,2.1263,,,,,,,,,,,,,,0.6934,0.0008,1.5017,,,0.0009,,,,,0.3704,,,,,,,7.5119,16.4852,,,,,,33.0108,,0.7977,,,0.0592,,,,1.3782,,-0.0527,,,,,,0.0029,,
IE00BGDQ0V72,,,,,,,,,,,,,,,,,,,,,,,,,,,,,,,,,,,,,,,,,,,,,,,,,,,,,,,,,,,,,99.9449,,,,,,,,,,,,,,,,,,,,,,,,,,,,,,,,,,,,,,,,,,,,,,,,,,,,,,,,,,,,,,,,,,0.001,0.0539,,,,,,0.0002,,
IE00BGJWWT11,,,,,,,,,,,,,,,,,,,,,,,,,,,,,,,,,,,,,,,28.88,,,22.81,,,,,,,,,,,,,,,,28.51,,,,,,,,,,,,,,,,,,,,,,,,,,3.42,,,,,,,,,,,,,,,,,,,,,,,,,,,,16.32,,,,,,,,,,,,,,,,,,,,,,0.06,,
IE00BGJWWV33,,,,,,,,,,,,,,,,,,,,,,,,,,,,,,,,,,,,,,,22.55,,,27.68,,,,,,,,,,,,,,,,28.6,,,,,,,,,,,,,,,,,,,,,,,,,,5.42,,,,,,,,,,,,,,,,,,,,,,,,,,,,15.72,,,,,,,,,,,,,,,,,,,,,,0.03,,
IE00BGJWWW40,,,,,,,,,,,,,,,,,,,,,,,,,,,,,,,,,,,,,,,27.52,,,26.4,,,,,,,,,,,,,,,,21.06,,,,,,,,,,,,,,,,,,,,,,,,,,5.01,,,,,,,,,,,,,,,,,,,,,,,,,,,,19.71,,,,,,,,,,,,,,,,,,,,,,0.3,,
IE00BGJWWX56,,,,,,3.48,,,,,5.02,,,,,,,,,,,,,,,,,,,,,,,,,,,1.77,24.47,,,19.52,,1.06,,,,,,,,,,,1.39,,,22.26,,,,,,,,,,,,,,,,,,,,,,,,,,4.04,,,,,,,,,,,,1.94,,,,,,,,,,,,0.79,,,,14.15,,,,,,,,,,,,,,,,,,,,,,0.11,,
IE00BGJWWY63,,,,,,,,,,,,,,,,,,,,,,,,,,,,,,,,,,,,,,,27.64,,,27.36,,,,,,,,,,,,,,,,25.41,,,,,,,,,,,,,,,,,,,,,,,,,,3.44,,,,,,,,,,,,,,,,,,,,,,,,,,,,16.12,,,,,,,,,,,,,,,,,,,,,,0.01,,
IE00BGL86Z12,,,,,0.0,,,,,,0.2044,,,,0.0001,,,,,0.2666,,,17.4077,,,,,,,,,,,,,,,0.0337,5.2882,,,7.4231,,,,,,,0.1557,,,0.008,,,0.0477,,,,,,8.5051,,,,,,,,,,,,,,,0.0008,,,0.0008,,,,,,,,0.0617,,,,,,,,,,,,,,,,,,,,,,,,10.1792,0.2106,,,0.2539,0.0019,3.7188,,,,,,,,,,0.0109,46.1781,,,,,,0.043,,
IE00BGPP6473,,,,,,,,,,,,,,,,,,,,,,,,,,,,,,,,,,,,,,,,,,,,,,,,,,,,,,,0.1962,,,,,,,,,,,,,,,,,,,,,,,,0.0005,,,,,,,,,,,,,,,,,,,,,,,,,,,,,,,,,,,,,,,,,,,,,,,,-0.0681,100.1086,,,,,,-0.2372,,
IE00BGPP6697,,,,,,,,,,,,,,,,,,,,,,,,,,,,,,,,,,,,,,,,,,,,,,,,,,,,,,,,,,,,,,,,,,,,,,,,,,,,,,,0.0034,,,,,,,,,,,,,,,,,,,,,,,,,,,,,,,,,,,,,0.0005,,,,,,,,,,,0.0214,99.974,,,,,,0.0007,,
IE00BGQ0J979,,1.7138,3.2814,,,,0.1464,,3.2417,,,0.1711,,0.1471,3.8767,,0.2056,,,,,3.3868,3.2762,3.3775,1.017,,,,,,3.4669,1.862,3.1738,0.3184,,,,,,,,,0.8568,,,0.3414,,,,3.3855,,0.6885,4.2954,,0.8666,,,,1.0476,0.533,,,0.5179,1.1561,0.9447,,,0.1798,0.3421,,,,,,,2.0262,,,6.2409,,,,0.6344,,,2.6512,,2.712,0.5447,3.1794,,0.2929,3.034,3.4661,3.6238,,,,,3.3296,,,6.3094,0.2364,0.693,,-0.0,,,3.315,,,0.9338,0.2009,,0.0003,,,,,0.1426,4.9097,,,1.797,,0.0113,-0.2424,2.1384,,,,,0.0014,,
IE00BGQYRQ28,,,,,,,,,,,,,,,,,,,,,,,,,,,,,,,,,,,,,,,,,,,,,,,,,,,,,,,1.0154,,,,,,,,,,,,,,,,,,,,,,,,,,,,,,,,,,,,,,,,,,,,,,,,,,,,,,,,,,,,,,,,,,,,,,,,,98.9844,,,,,,,,0.0003
IE00BGR7L912,,,,,,,,,,,,,,,,,,,,,,,,,,,,,,,,,,,,,,,,,,,,,,,,,,,,,,,,,,,,,,,,,,,,,,,,,,,,,,,0.0025,,,,,,,,,,,,,,,,,,,,,,,,,,,,,,,,,,,,,,,,,,,,,,,,0.0373,99.9597,,,,,,0.0005,,
IE00BGSF1X88,,,,,,,,,,,,,,,,,,,,,,,,,,,,,,,,,,,,,,,,,,,,,,,,,,,,,,,,,,,,,,,,,,,,,,,,,,,,,,,0.0025,,,,,,,,,,,,,,,,,,,,,,,,,,,,,,,,,,,,,,,,,,,,,,,,0.0373,99.9597,,,,,,0.0005,,
IE00BGYWCB81,,,3.27,,,,,,1.26,,,,,,2.56,,,,,,,2.84,2.44,2.17,,,,,,,1.37,,1.28,,,,,,,,,,,,,,,,,1.09,,,4.59,,,,1.75,,,,,,,,,,,,,,,,,,,,,,6.51,,,,,,,,,1.28,,1.56,,,1.28,2.02,1.52,,,2.92,,1.07,,,8.63,,,,,,,1.25,2.17,,,,,,,,,,,3.94,,,,6.35,,,,,,,,,,34.88
IE00BGYWFK87,,,,,,,,,,,,,,,,,,,,1.8,,,,,,,,,,,,,,,,,,,1.32,,,,,,,,,,,,,,,,,,,,,,1.67,,,,,,,,,,,,,,,,,,,,,,,,,,,,,,,,,,,,,,,,,,,,,,,,,,,,,,,,,,,,,,,,,,3.39,57.49,,,,,,,,34.33
IE00BGYWFL94,,,,,,,,,,,,,,,,,,,,1.8,,,,,,,,,,,,,,,,,,,1.32,,,,,,,,,,,,,,,,,,,,,,1.67,,,,,,,,,,,,,,,,,,,,,,,,,,,,,,,,,,,,,,,,,,,,,,,,,,,,,,,,,,,,,,,,,,3.39,57.49,,,,,,,,34.33
IE00BGYWFN19,,,,,,,,,,,,,,,,,,,,1.8,,,,,,,,,,,,,,,,,,,1.32,,,,,,,,,,,,,,,,,,,,,,1.67,,,,,,,,,,,,,,,,,,,,,,,,,,,,,,,,,,,,,,,,,,,,,,,,,,,,,,,,,,,,,,,,,,3.39,57.49,,,,,,,,34.33
IE00BGYWFS63,,,,,,,,,,,,,,,,,,,,,,,,,,,,,,,,,,,,,,,,,,,,,,,,,,,,,,,,,,,,,,,,,,,,,,,,,,,,,,,,,,,,,,,,,,,,,,,,,,,,,,,,,,,,,,,,,,,,,,,,,,,,,,,,68.9,,,,,,,,31.1
IE00BGYWSV06,,,,,,,,,,,,,,,,,,,,1.82,,,,,,,,,,,,,,,,,,,2.08,,,1.58,,,,,,,,,,,,,1.04,,,,,,2.24,,,,,,,,,,,,,,,,,,,,,,,,,,,,,,,,,,,,,,,,,,,,,,,,,,,,,,,,,,,,,,,,,,4.61,53.11,,,,,,,,33.52
IE00BGYWSW13,,,,,,,,,,,,,,,,,,,,1.82,,,,,,,,,,,,,,,,,,,2.08,,,1.58,,,,,,,,,,,,,1.04,,,,,,2.24,,,,,,,,,,,,,,,,,,,,,,,,,,,,,,,,,,,,,,,,,,,,,,,,,,,,,,,,,,,,,,,,,,4.61,53.11,,,,,,,,33.52
IE00BGYWSZ44,,,,,,,,,,,,,,,,,,,,1.82,,,,,,,,,,,,,,,,,,,2.08,,,1.58,,,,,,,,,,,,,1.04,,,,,,2.24,,,,,,,,,,,,,,,,,,,,,,,,,,,,,,,,,,,,,,,,,,,,,,,,,,,,,,,,,,,,,,,,,,4.61,53.11,,,,,,,,33.52
IE00BGYWT403,,,,,1.27,,,,,,1.63,,,,,,,,,,,,,,,,,,,1.46,,,,,,,,,14.44,,,9.08,,,,,,,,,,,,,,,,4.19,,,1.02,,,,,,,,,,,,,,,,,,,,,,,4.2,,,,,,,,,,,,,,,,,,,,,,,,,,,,4.47,,,1.94,2.54,,,,,,,,,,,6.89,12.14,,,,,,,,34.73
IE00BGYWT510,,,,,1.27,,,,,,1.63,,,,,,,,,,,,,,,,,,,1.46,,,,,,,,,14.44,,,9.08,,,,,,,,,,,,,,,,4.19,,,1.02,,,,,,,,,,,,,,,,,,,,,,,4.2,,,,,,,,,,,,,,,,,,,,,,,,,,,,4.47,,,1.94,2.54,,,,,,,,,,,6.89,12.14,,,,,,,,34.73
IE00BH04FZ00,,,,,2.03,1.27,,,,,2.21,,,,,,,,,,,,,,,,,,,1.92,,,,,,,,1.32,16.44,,,11.98,,,,,,,,,,,,,1.51,,,5.76,,,,,,,,,,,,,,,,,,,,,,,,,,5.1,,,1.17,,,,,,,,,,,,,,,,,,,,,,,,,6.93,,,3.37,2.69,,,,,,,,,,,7.21,12.4,,,,,,,,16.69
IE00BH04GL39,,,,,,3.27,,,,,4.48,,,,,,,,,,,,,,,,,,,,,,,,,,,1.43,21.08,,,15.9,,,,,,,,,,,,,1.14,,,17.81,,,,,,,,,,,,,,,,,,,,,,,,,,3.68,,,,,,,,,,,,1.72,,,,,,,,,,,,,,,,12.37,,,,,,,,,,,,,,,,,,,,,,,,17.12
IE00BH04GM46,,,,,,3.27,,,,,4.48,,,,,,,,,,,,,,,,,,,,,,,,,,,1.43,21.08,,,15.9,,,,,,,,,,,,,1.14,,,17.81,,,,,,,,,,,,,,,,,,,,,,,,,,3.68,,,,,,,,,,,,1.72,,,,,,,,,,,,,,,,12.37,,,,,,,,,,,,,,,,,,,,,,,,17.12
IE00BH04GW44,,,,,,,,,,,,,,,,,,,,,,,,,,,,,,,,,,,,,,,,,,,,,,,,,,,,,,,,,,,,,,,,,,,,,,,,,,,,,,,,,,,,,,,,,,,,,,,,,,,,,,,,,,,,,,,,,,,,,,,,,,,,,,,85.24,,,,,,,,,14.76
IE00BH3X8336,,,,,,,,,,,,,,,,,,,,,,4.82,12.38,4.2,,,,,,,1.26,,,,,,,,,,,,,,,,,,,,,12.15,5.88,,,,,,,,,,,,,,,,,,,,,,,3.27,,,12.85,,,,,,,,,,,,,,,1.37,4.1,,,,,,,,,,,,,,,2.59,,,,,,,,,2.42,,,4.95,,,,,,,,,,,,,,27.76
IE00BH3YZ803,,,,,,,,0.2,,,,,,,,,,,,,,,0.3,,,,,,,,,,,,,,,,,,,,,,,,,,,,,,,,,,,,,,,,,,,,,,,,,,,,,,,,,,,,,,,,,,,,,,,,,,0.4,,,,,,,,,,0.3,,,,,,,,,,,,,,,,,,,,,98.8,,,,,,,,
IE00BH4G7D40,,,,,0.892,,,,,,,,0.0627,,0.1234,,,,,2.7235,,0.0191,0.2577,,,,,,,,,,,,,,,0.0175,0.0758,,,0.5306,,,,,,,0.0226,,,,,,1.1374,,,,,,2.9268,,,,,,,,,,,,0.0919,,,,,,0.202,,,,,0.5764,,,,,,,,,,,,,,,,,,,,,,,0.0437,,,0.0185,,0.8117,,,,0.8072,0.0779,,,,,,,,,,4.8251,83.7367,,,,,,0.0201,,
IE00BH4GPZ28,,,,,,,,,,,,,,,,,,,,,,,,,,,,,,,,,,,,,,,,,,,,,,,,,,,,,,,2.35,,,,,,,,,,,,,,,,,,,,,,,,,,,,,,,,,,,,,,,,,,,,,,,,,,,,,,,,,,,,,,,,,,,,,,,,1.04,96.42,,,,,,,,0.19
IE00BH4GR342,,,,,2.2515,,,,,,0.6865,,,,0.2212,,,,,0.7372,,0.3596,,,,,,,,,,,,,,,,0.1021,1.8734,,,0.396,,,,,,,1.6473,,,,,,,,0.7705,,,,6.9752,,,,,,,,,,,,,,,,,,0.753,,,,,,,,,,,,,,,,,,,,,,,,0.0574,,,,2.545,,,0.7069,,0.536,,,0.9865,1.2224,,,0.1688,,,,,,,,3.9632,73.0403,,,,,,,,
IE00BHJYDT11,,,,,,,,,,,,,,,,,,,,9.73,,,,,,,,,,,,,,,,,,,,,,,,0.16,,,,,,,,,,,0.47,,,,,,,,,,,,,,,,,,,,,,,,,,,,,,,,,,,,,,,,,,,,,,,,,,,,,,,,,,,,,,,,,,,,,,,,1.49,86.62,,,,,,1.52,,
IE00BHJYDV33,,,,,,,,,,,,,,,,,,,,,,,,,,,,,,,,,,,,,,,,,,94.98,,,,,,,,,,,,,,,,,,,,,,,,,,,,,,,0.77,,,,,,,,,,,,,,,,,,,,,,,,,,,,,,,,,,,,,,4.14,,,,,,,,,,,,,,,,,,,,,,,0.11,,
IE00BHXMHK04,,,,,,,,,,,,,,,,,,,,,,,,,,,,,,,,,,,,,,,,,,,,,,,,,,,,,,,1.77,,,,,,,,,,,,,,,,,,,,,,,,,,,,,,,,,,,,,,,,,,,,,,,,,,,,,,,,,,,,,,,,,,,,,,,,,96.57,,,,,,,,1.66
IE00BHXMHL11,,,,,,,,,,,,,,,,,,,,,,,,,,,,,,,,,,,,,,,,,,,,,,,,,,,,,,,1.77,,,,,,,,,,,,,,,,,,,,,,,,,,,,,,,,,,,,,,,,,,,,,,,,,,,,,,,,,,,,,,,,,,,,,,,,,96.57,,,,,,,,1.66
IE00BHXMHN35,,,,,,,,,,,,,,,,,,,,,,,,,,,,,,,,,,,,,,,,,,,,,,,,,,,,,,,1.77,,,,,,,,,,,,,,,,,,,,,,,,,,,,,,,,,,,,,,,,,,,,,,,,,,,,,,,,,,,,,,,,,,,,,,,,,96.57,,,,,,,,1.66
IE00BHXMHQ65,,,,,,,,,,,,,,,,,,,,,,,,,,,,,,,,,,,,,,,,,,,,,,,,,,,,,,,1.77,,,,,,,,,,,,,,,,,,,,,,,,,,,,,,,,,,,,,,,,,,,,,,,,,,,,,,,,,,,,,,,,,,,,,,,,,96.57,,,,,,,,1.66
IE00BHXMHR72,,,,,,,,,,,,,,,,,,,,,,,,,,,,,,,,,,,,,,,,,,,,,,,,,,,,,,,1.77,,,,,,,,,,,,,,,,,,,,,,,,,,,,,,,,,,,,,,,,,,,,,,,,,,,,,,,,,,,,,,,,,,,,,,,,,96.57,,,,,,,,1.66
IE00BHZPHZ28,,,,,,1.0999,,,,,3.2404,,,,,,,,,,,,,,,,,,,,,,,,,,,3.3786,26.6525,,,24.7764,,,,,,,,,,,,,1.0033,,,9.9349,,,,,,,,,,,,,,,,,,,,,,,,,,16.97,,,,,,,,,,,,0.65,,,,,,,,,,,,,,,,11.422,,,,,,,,,,,,,,,0.007,0.0262,,,,,,0.8388,,
IE00BHZPJ015,,,,,,1.0999,,,,,3.2404,,,,,,,,,,,,,,,,,,,,,,,,,,,3.3786,26.6525,,,24.7764,,,,,,,,,,,,,1.0033,,,9.9349,,,,,,,,,,,,,,,,,,,,,,,,,,16.97,,,,,,,,,,,,0.65,,,,,,,,,,,,,,,,11.422,,,,,,,,,,,,,,,0.007,0.0262,,,,,,0.8388,,
IE00BHZPJ122,,,,,,,,,,,,,,,3.7802,,,,,,,0.4356,21.1169,0.2355,,,,0.1659,,,,,0.103,,,,,,,,,,,0.5327,,,,,0.0764,0.2885,,11.4347,0.4404,,,,,,,,,,,,,0.5307,,,,,,,,,,0.8795,,,1.8013,,,,,,,,,,,,,,0.4609,0.338,1.217,,,0.475,,,0.0,,2.447,,,,,,,3.4112,19.7895,,,,,,27.2756,,0.9294,,,0.4,,,,1.2615,0.0061,0.166,,,,,,0.0009,,
IE00BHZPJ239,,,,,,,,,,,,,,,3.7802,,,,,,,0.4356,21.1169,0.2355,,,,0.1659,,,,,0.103,,,,,,,,,,,0.5327,,,,,0.0764,0.2885,,11.4347,0.4404,,,,,,,,,,,,,0.5307,,,,,,,,,,0.8795,,,1.8013,,,,,,,,,,,,,,0.4609,0.338,1.217,,,0.475,,,0.0,,2.447,,,,,,,3.4112,19.7895,,,,,,27.2756,,0.9294,,,0.4,,,,1.2615,0.0061,0.166,,,,,,0.0009,,
IE00BHZPJ346,,,,,,,,,,,,,,,,,,,,,,,,,,,,,,,,,,,,,,,,,,,,,,,,,,,,,,,,,,,,,99.9907,,,,,,,,,,,,,,,,,,,,,,,,,,,,,,,,,,,,,,,,,,,,,,,,,,,,,,,,,,,,,,,,,,0.0046,0.0036,,,,,,0.0011,,
IE00BHZPJ452,,,,,,,,,,,,,,,,,,,,,,,,,,,,,,,,,,,,,,,,,,,,,,,,,,,,,,,,,,,,,99.9907,,,,,,,,,,,,,,,,,,,,,,,,,,,,,,,,,,,,,,,,,,,,,,,,,,,,,,,,,,,,,,,,,,0.0046,0.0036,,,,,,0.0011,,
IE00BHZPJ569,,,,,1.4441,0.0728,,,,,0.3269,,,,,,,,,3.7099,,,,,,,,,,0.3154,,,,,,,,0.2296,2.3487,,,2.0143,,,,,,,0.5842,,,,,,0.4323,,0.3012,0.877,,,5.5385,,,,,,,,,,,,,,,,,,,,,,,1.4861,0.0237,,0.4987,,,,,,,,,0.0793,,,,,,,,,,,0.5228,,,,,0.9644,,,0.78,2.2833,,,,,,,,,,,3.0933,72.1235,,,,,,-0.0502,,
IE00BHZPJ676,,,,,,0.5127,,,,,1.8282,,,,,,,,,,,,,,,,,,,2.4283,,,,,,,,1.8652,14.4354,,,12.9822,,,,,,,,,,,,,1.0615,,,5.4429,,,,,,,,,,,,,,,,,,,,,,,,,,9.6134,,,1.6194,,,,,,,,,0.3836,,,,,,,,,,,,,,,,6.2597,,,5.19,14.6409,,,,,,,,,,,21.4763,0.0462,,,,,,0.214,,
IE00BHZPJ783,,,,,,0.5127,,,,,1.8282,,,,,,,,,,,,,,,,,,,2.4283,,,,,,,,1.8652,14.4354,,,12.9822,,,,,,,,,,,,,1.0615,,,5.4429,,,,,,,,,,,,,,,,,,,,,,,,,,9.6134,,,1.6194,,,,,,,,,0.3836,,,,,,,,,,,,,,,,6.2597,,,5.19,14.6409,,,,,,,,,,,21.4763,0.0462,,,,,,0.214,,
IE00BHZPJ890,,,,,,,,,,,,,,,,,,,,,,,,,,,,,,,,,,,,,,,,,,,,,,,,,,,,,,,0.2183,,,,,,,,,,,,,,,,,,,,,,,,,,,,,,,,,,,,,,,,,,,,,,,,,,,,,,,,,,,,,,,,,,,,,,,,0.0082,99.7733,,,,,,0.0001,,
IE00BHZPJ908,,,,,,,,,,,,,,,,,,,,,,,,,,,,,,,,,,,,,,,,,,,,,,,,,,,,,,,0.2183,,,,,,,,,,,,,,,,,,,,,,,,,,,,,,,,,,,,,,,,,,,,,,,,,,,,,,,,,,,,,,,,,,,,,,,,0.0082,99.7733,,,,,,0.0001,,
IE00BHZRQY00,,,,,,,,,,,,,,,100.0,,,,,,,,,,,,,,,,,,,,,,,,,,,,,,,,,,,,,,,,,,,,,,,,,,,,,,,,,,,,,,,,,,,,,,,,,,,,,,,,,,,,,,,,,,,,,,,,,,,,,,,,,,,,,,,,,,,,,,,,,
IE00BHZRQZ17,,,,,,,,,,,,,,,,,,,,,,,,,,,,,,,,,,,,,,,,,,,,,,,,,,,,100.0,,,,,,,,,,,,,,,,,,,,,,,,,,,,,,,,,,,,,,,,,,,,,,,,,,,,,,,,,,,,,,,,,,,,,,,,,,,,,,,,,,,,
IE00BHZRR030,,,,,,,,,,,,,,,,,,,,,,,,,,,,,,,,,,,,,,,,,,,,,,,,,,,,,,,,,,,,,,,,,,,,,,,,,,,,,,,,,,,,,,,,,,,,,,,,,,,,,,,,,,,,,,,100.0,,,,,,,,,,,,,,,,,,,,,,,,,
IE00BHZRR147,,,,,,,,,,,,,,,,,,,,,,,91.42,,,,,,,,,,,,,,,,,,,,,,,,,,4.22,,,,,,2.42,,,,,,,,,,,,,,,,,,,,,,,,,,,,,,,,,,,,,,,,,,,,,,,,,,,,1.01,,,,,,,,,,,,,,,,,,,,,,,,,,,,,0.93
IE00BHZRR253,,,,,,2.09,,,,,8.73,,,,,,,,,,,1.8,,,,,,,,,,,,,,,,,12.06,,,14.3,,1.11,,,,,,,2.66,,,,3.16,,,3.74,,,,,,,,,,,,,,,,,,,,,,,,,,8.93,,,,,,,,,,,,,,,,2.58,,,,,,,,,,,,11.37,,,1.88,,,,,,,,,,,,1.99,1.48,,,,,,,,22.12
IE00BJ06C044,,,,,,,,,,,,,,,,,,,,,,,,,,,,,,,,,,,,,,,,,,,,,,,,,,,,,,,2.2,,,,,,,,,,,,,,,,,,,,,,,,,,,,,,,,,,,,,,,,,,,,,,,,,,,,,,,,,,,,,,,,,,,,,,,,,95.91,,,,,,,,1.89
IE00BJ06C481,,,,,0.48,,,,,,,,,,,,,,,2.66,,,,,,,,,,,,,,,,,,,0.06,,,1.07,,,,,,,0.04,,,,,,0.6,,,,,,1.79,,,,,,,,,,,,0.06,,,,,,,,,,,0.84,,,,,,,,,,,,,,,,,,,,,,,,,,,,0.83,,,,0.17,,,,,,,,,,,7.95,82.75,,,,,,0.71,,
IE00BJ06C937,,1.72,,,,,,,4.54,,,,,,6.62,,,,,,,2.5,1.15,4.12,1.81,,,,,,5.87,,3.85,,,,,,,,,,1.53,,,,,,,2.37,,,2.89,,,,,,,1.23,,,,,,,,,,,,,,,,1.06,,,4.12,,,,1.07,,,3.84,,1.82,1.03,2.33,,,2.14,2.46,2.31,,,,,2.33,,,4.13,,,,,,,5.1,,,1.93,,,,,,,,,6.81,,,,,,,1.5,,,,,,,15.82
IE00BJ0KDQ92,,,,,1.7575,0.0899,,,,,0.2035,,,,0.1781,,,,,3.3466,0.0425,0.0388,0.1129,,,,,0.0036,,0.4206,,,,,,,,0.2828,2.3096,,,2.1757,,,,,,,0.43,,,,,,0.6162,,0.2812,0.8236,,,5.6844,0.0133,,,,,,,,,,,0.1383,0.015,,,,,,,,,,1.7632,0.0587,,0.1552,,,,,,,,0.0046,0.0459,,,,,,,,,,,0.4822,,,,0.0078,0.9517,,,0.7694,2.36,,,0.0173,,,,,,,,2.9978,71.3867,,,,,0.026,,,0.0093
IE00BJ0KDR00,,,,,0.022,,,,,,,,,,0.1328,,,,,,0.0582,,,,,,,,,,,,,,,,,,,,,,,,,,,,0.0232,,,,,,0.7602,,,,,,,,,,,,,,,,,,,,,,,,,,,,,0.0854,,,,,,,,,,,,,,,,,,,,,,,,,,,,,,,,0.0017,,,0.0241,,,,,,,,0.0614,98.8281,,,,,,,,0.0031
IE00BJ38QD84,,,0.0525,,,,,,,,,,,,0.1366,,,,,0.2135,,,,,,,,,,,,,,,,,,,,,,,,,,,,,,,,,,,,,0.0358,,,,,,,,,,,,,,,,,,,,,,,,,,,,,,,,,0.0521,,,,,,,,,,,,,,,,,0.0393,,,,,,,,,,,,,,,,,,,,,99.4701,,,,,,,,
IE00BJ5CNR11,,,,,,,,,,,,,,,,,,,,,,,,,,,,,,,,,,,,,,,,,,,,,,,,,,,,,,,,,,,,,,,,,,,,,,,,,,,,,,,,,,,,,,,,,,,,,,,,,,,,,,,,,,,,,,,,,,,,,,,,,,,,,,,,97.8,,,,,,,,2.2
IE00BJ5JNY98,,,,,0.0381,,,,,,,,,,,,,,,0.368,,,,,,,,,,,,,,,,,,0.5714,0.3636,,,2.7074,,,,,,,0.0,,,,,,0.2298,,0.0543,,,,4.5983,,,,,,,,,,,,,,,,,,,,,,,4.7707,,,,,,,,,,,,,,,,,,,,,,,0.0002,,,,,,,,0.1528,0.1607,,,,,,,,,,,0.2761,85.6803,,,,,,0.0282,,
IE00BJ5JNZ06,,,,,1.475,,,,,,1.1776,,,,,,,,,0.0009,,,,,,,,,,2.1885,,,,,,,,0.058,2.2225,,,1.1756,,,,,,,0.0,,,,,,,,0.1222,0.0335,,,3.5872,,,,,,,,,,,,,,,,,,,,,,,0.0641,0.0439,,,,,,,,,,,,,,,,,,,,,,,,,,,,,,0.1606,12.6915,,,,,,,,,,,4.6174,70.3459,,,,,,0.0356,,
IE00BJ5JP097,,,,,4.6221,0.4037,,,,,0.7004,,,,,,,,,10.479,,,,,,,,,,0.0875,,,,,,,,0.7109,2.9206,,,3.2449,,,,,,,1.4769,,,,,,0.7504,,0.6025,3.1687,,,6.229,,,,,,,,,,,,,,,,,,,,,,,1.624,0.0303,,0.6052,,,,,,,,,0.0275,,,,,,,,,,,2.0055,,,,,2.7556,,,0.6534,3.5828,,,,,,,,,,,6.8065,46.4555,,,,,,0.057,,
IE00BJ5JP105,,,,,1.7027,0.3059,,,,,,,,,,,,,,14.5483,,,,,,,,,,,,,,,,,,0.42,4.7801,,,,,,,,,,,,,,,,0.0646,,,1.559,,,1.2974,,,,,,,,,,,,,,,,,,,,,,,,,,1.2422,,,,,,,,,0.2641,,,,,,,,,,,,,,,,0.9342,,,0.0,,,,,,,,,,,,9.9391,62.8219,,,,,,0.1206,,
IE00BJ5JP212,,,,,2.7413,,,,,,0.1579,,,,,,,,,1.1509,,,,,,,,,,0.3444,,,,,,,,,2.973,,,1.5204,,,,,,,0.1016,,,,,,,,,0.9598,,,12.2596,,,,,,,,,,,,,,,,,,,,,,,0.7219,,,,,,,,,,,,,,,,,,,,,,,0.1434,,,,,2.423,,,0.6652,0.0496,,,,,,,,,,,2.3688,71.4145,,,,,,0.0049,,
IE00BJ5JP329,,,,,0.3592,,,,,,0.5284,,,,,,,,,3.6196,,,,,,,,,,0.0887,,,,,,,,0.8615,9.134,,,3.5913,,,,,,,0.0821,,,,,,0.1059,,,0.2522,,,3.8041,,,,,,,,,,,,,,,,,,,,,,,0.6874,0.0002,,1.3595,,,,,,,,,0.0763,,,,,,,,,,,0.0865,,,,,,,,0.1003,6.6424,,,,,,,,,,,17.0092,51.3982,,,,,,0.2131,,
IE00BJ5JP436,,,,,1.0543,,,,,,,,,,,,,,,0.1405,,,,,,,,,,,,,,,,,,0.2538,2.0576,,,1.143,,,,,,,0.0522,,,,,,,,0.0003,0.0509,,,11.2616,,,,,,,,,,,,,,,,,,,,,,,1.6198,0.003,,0.0471,,,,,,,,,,,,,,,,,,,,0.0994,,,,,1.1041,,,3.588,0.8814,,,,,,,,,,,1.3331,75.3071,,,,,,0.0031,,
IE00BJ5JP659,,,,,2.0772,,,,,,,,,,,,,,,3.0372,,,,,,,,,,1.0684,,,,,,,,0.4401,4.5617,,,6.5867,,,,,,,0.8325,,,,,,0.194,,,0.419,,,13.847,,,,,,,,,,,,,,,,,,,,,,,0.7802,0.2584,,,,,,,,,,,,,,,,,,,,,,0.6684,,,,,1.011,,,3.3422,3.8143,,,,,,,,,,,3.3167,53.5398,,,,,,0.2049,,
IE00BJ5JP766,,,,,10.8444,,,,,,0.1631,,,,,,,,,17.0552,,,,,,,,,,0.7969,,,,,,,,1.6979,2.7308,,,2.4156,,,,,,,,,,,,,,,0.1268,0.1172,,,7.2714,,,,,,,,,,,,,,,,,,,,,,,1.9315,,,0.8822,,,,,,,,,,,,,,,,,,,,,,,,,,,,2.1708,5.9923,,,,,,,,,,,6.8103,38.8609,,,,,,0.1327,,
IE00BJ5JPH63,,1.7138,3.2814,,,,0.1464,,3.2417,,,0.1711,,0.1471,3.8767,,0.2056,,,,,3.3868,3.2762,3.3775,1.017,,,,,,3.4669,1.862,3.1738,0.3184,,,,,,,,,0.8568,,,0.3414,,,,3.3855,,0.6885,4.2954,,0.8666,,,,1.0476,0.533,,,0.5179,1.1561,0.9447,,,0.1798,0.3421,,,,,,,2.0262,,,6.2409,,,,0.6344,,,2.6512,,2.712,0.5447,3.1794,,0.2929,3.034,3.4661,3.6238,,,,,3.3296,,,6.3094,0.2364,0.693,,-0.0,,,3.315,,,0.9338,0.2009,,0.0003,,,,,0.1426,4.9097,,,1.797,,0.0113,-0.2424,2.1384,,,,,0.0014,,
IE00BJ5JPJ87,,,,,,,,,,,,,,,,,,,,,,,,,,,,,,,,,,,,,,,,,,,,,,,,,,,,,,,0.1288,,,,,,,,,,,,,,,,,,,,,,,,,,,,,,,,,,,,,,,,,,,,,,,,99.6662,,,,,,,,,,,,,,,,,,,,,,,,,0.2047,,,,,,0.0003,,
IE00BJFN5P63,,,,,,,,,,,,,,,,,,,,,,,,,,,,,,,,,,,,,,,,,,,,,,,,,,,,,,,,,,,,,,,,,,,,,,,,,,,,,,,,,,,,,,,,,,,,,,,,,,,,,,,,,,,,,,,,,,,,,,,,,,,,,,,,38.75,,,,,,,,61.25
IE00BJGWQN72,,,,,,,,,,,,,,,,,,,,1.22,,,,,,,,,,,,,,,,,,,,,,,,,,,,,,,,,,,,,3.69,,,,,,,,,,,,,,,,,,,,,,,,,,,,,,,,,,,,,,,,,,,,,,,,,,,,,,,,,,,,,,,,,,,,,,,95.09,,,,,,,,
IE00BJJYYX67,,,,,,,,,,,,,,,,,,,,,,,,,,,,,,,,,,,,,,,,,,,,,,,,,,,,,,,,,,,,,,,,,,,,,,,,,,,,,,,,,,,,,,,,,,,,,,,,,,,,,,,,,,,,,,,,,,,,,,,,,,,,,,,,38.75,,,,,,,,61.25
IE00BJK3WF00,,,,,,,,,,,,,,,,,,,,,,,,,,,,,,,,,,,,,,,,,,,,,,,,,,,,,,,,,,,,,,,,,,,,,,,,,,,,,,,,,,,,,,,,,,,,,,,,,,,,,,,,,,,,,,,,,,,,,,,,,,,,,,,,35.17,,,,,,,,64.83
IE00BJK55B31,,,,,1.0249,,,,,,0.1034,,,,,,,,,4.4268,0.1736,,,0.2998,,,,,,0.3389,,,,,,,,,0.1312,,,0.1425,,,,,,,,,,,,,1.4124,,,0.4054,,,1.5509,0.0837,,,,,,,,,,,0.1425,,,,,,,,,,,0.7879,,,0.0753,,,,,,,,,,,,,,,,,,,,,,,,,0.0843,,,,,,,,,,,,,,,2.0484,86.7609,,,,,,0.007,,
IE00BJK55C48,,,,,,0.9324,,,,,1.6207,,,,,,,,,,,,,,,,0.1521,,,,,,,,,,,1.2119,25.6625,,,7.7482,,2.1864,,,,,,,,,,,2.2079,,,12.7873,,,3.8896,,,,,,,,,,,,1.8154,,,,,,,,,,,3.6497,,,,,,,,,,,,2.2822,,,,,,,,,,,,,,,,4.9492,,,4.0369,0.2372,,,,,,,,,,,7.1708,17.6934,,,,,,-0.2339,,
IE00BJK9H753,,,,,,,,,,,,,,,,,,,,,,,,,,,,,,,,,,,,,,,,,,,,,,,,,,,,,,,1.11,,,,,,,,,,,,,,,,,,,,,,,,,,,,,,,,,,,,,,,,,,,,,,,,,,,,,,,,,,,,,,,,,,,,,,,,,97.15,,,,,,,,1.74
IE00BJK9H860,,,,,,,,,,,,,,,,,,,,,,,,,,,,,,,,,,,,,,,,,,,,,,,,,,,,,,,1.11,,,,,,,,,,,,,,,,,,,,,,,,,,,,,,,,,,,,,,,,,,,,,,,,,,,,,,,,,,,,,,,,,,,,,,,,,97.15,,,,,,,,1.74
IE00BJK9HD13,,,,,,3.43,,,,,4.67,,,,,,,,,,,,,,,,,,,,,,,,,,,1.67,22.27,,,15.99,,,,,,,,,,,,,1.43,,,19.53,,,,,,,,,,,,,,,,,,,,,,,,,,4.0,,,,,,,,,,,,1.77,,,,,,,,,,,,,,,,13.42,,,,,,,,,,,,,,,,,,,,,,,,11.82
IE00BJK9HH50,,,,,,,,,,,,,,,,,,,,,,,,,,,,,,,,,,,,,,,,,,,,,,,,,,,,,,,,,,,,,,,,,,,,,,,,,,,,,,,,,,,,,,,,,,,,,,,,,,,,,,,,,,,,,,,,,,,,,,,,,,,,,,,,91.19,,,,,,,,8.81
IE00BJL36X53,,1.2249,1.7809,0.3527,,,,,2.1371,,,,,,2.8054,,,,,,,1.2931,4.5137,2.1999,0.1968,,,,,,1.5296,0.2306,3.088,0.3176,,,,,,,,,0.3577,,,0.4769,,0.2886,3.1059,1.1883,,1.1229,6.2704,0.1795,,,2.3576,,,0.2003,,,0.8001,1.1857,0.4116,3.0666,,,,,,,,,,0.4343,,,2.5666,,0.3849,,0.3995,,,1.5111,,2.3333,0.9782,0.7801,,,0.5536,2.5405,1.5113,,,2.563,,1.7845,,,10.0117,,0.3365,,0.7586,,,1.3665,9.9108,,0.4012,,,,,,,,0.1928,8.5821,,,,6.0107,,0.4742,0.4982,0.4138,,,,,0.0195,
IE00BJLKK341,,,,,,0.5401,,,,,3.9912,,,,,,,,,,,,,,,,,,,,,,,,,,,5.0335,30.7528,,,18.1016,,,,,,,,,,,,,1.1932,,,7.0845,,,,,,,,,,,,,,,,,,,,,,,,,,24.5497,,,,,,,,,,,,2.4342,,,,,,,,,,,,,,,,6.0559,,,,,,,,,,,,,,,,0.0149,,,,,,0.2484,,
IE00BJP26C72,,,,,4.7549,,,,,,,,,,,,,,,7.5436,,,,,,,,,,,,,,,,,,0.5466,2.4307,,,2.8393,,,,,,,,,,,,,6.594,,,,,,6.135,,,,,,,,,,,,,,,,,,,,,,,2.8004,,,,,,,,,,,,,,,,,,,,,,,,,,,,,,,,0.8354,,,,,,,,,,,3.1061,62.3945,,,,,,0.0194,,
IE00BJP26D89,,,,,2.3538,0.8764,,,,,0.9706,,,,,,,,,6.0467,,,0.279,,,,,,,2.7138,,,,,,,,2.241,15.9036,,,10.8216,,0.1075,,,,,,,,,,,0.5759,,,3.4335,,,2.5448,,,,,,,,,,,,0.4704,,,,,,0.1979,,,,,6.2187,0.5422,,0.5203,,,,,,,,,0.3579,,,,,,,,,,,,,,,,4.9147,,,5.6228,3.1125,,,,,,,,,,0.1334,8.0782,21.3419,,,,,,-0.3793,,
IE00BJP26F04,,,,,5.8473,0.5751,,,,,,,,,,,,,,20.5146,,,,,,,,,,0.3459,,,,,,,,0.6943,4.4667,,,6.4746,,,,,,,,,,,,,0.5732,,,0.4094,,,,,,,,,,,,,,,,,,,,,0.493,,,,,2.0202,,,0.9771,,,,,,,,,,,,,,,,,,,,5.0963,,,,,0.9851,,,,0.679,,,,,,,,,,0.1807,25.9961,9.339,,,,,,0.0105,14.3218,
IE00BJQRDK83,,,,,2.1,0.13,,,,,0.27,,,,0.17,,,,,3.45,,0.03,0.16,,,,,,0.01,0.41,,,,,,,,0.38,2.03,,,2.38,,,,0.01,,,0.48,,,,,,0.15,,0.24,1.08,0.02,,6.79,,,,,,,,,,,,0.05,0.01,,,,,,,,,,1.93,0.07,0.01,0.19,,,,,,,,0.01,0.06,,,,,,,,,,,0.61,,,0.05,,1.39,,,0.85,1.97,,,0.01,,,,,,,,3.06,69.41,,,,,0.02,0.02,,
IE00BJQRDL90,,,,,0.89,0.69,,,,,1.43,,,,0.03,,,,,,,0.08,0.51,,,,,,,2.2,,,,,,,,2.01,10.9,,,12.79,,,,0.03,,,0.3,,,,,,0.82,,,5.78,0.11,,,,,,,,,,,,,,0.28,,,,,,0.02,,,,,9.46,,0.03,1.01,,,,,,,,0.04,0.34,,,,,,,,,,,0.21,,,0.25,0.02,7.4,,,4.5,10.3,,,,,,,,,,,16.13,11.44,,,,,,-0.01,,
IE00BJQRDM08,,,,,0.02,,,,,,,,,,0.09,,,,,,,,,,,,,,,,,,,,,,,,,,,,,,,,,,,,,,,,,,,,,,,,,,,,,,,,,,,,,,,,,,,,,0.15,,,,,,,,,,,,,,,,,,,,,,,,,,,,,,,,0.08,,,0.02,,,,,,,,0.08,99.45,,,,,,0.12,,
IE00BJQRDN15,,,,,1.18,,,,,,0.56,,,,,,,,,4.35,,0.36,0.12,,,,,,,0.69,,,,,,,,0.25,2.19,,,0.13,,,,,,,,,,,,,0.36,,,0.39,,,7.93,,,,,,,,,,,,,,,,,,,,,,,3.02,,,1.83,,,,,,,,,0.16,,,,,,,,,,,0.14,,,,,0.53,,,1.44,2.06,,,,,,,,,,,1.32,70.71,,,,,,0.29,,
IE00BJQRDP39,,,,,1.18,,,,,,0.56,,,,,,,,,4.35,,0.36,0.12,,,,,,,0.69,,,,,,,,0.25,2.19,,,0.13,,,,,,,,,,,,,0.36,,,0.39,,,7.93,,,,,,,,,,,,,,,,,,,,,,,3.02,,,1.83,,,,,,,,,0.16,,,,,,,,,,,0.14,,,,,0.53,,,1.44,2.06,,,,,,,,,,,1.32,70.71,,,,,,0.29,,
IE00BJQTJ848,,,,,,,,,,,,,,,,,,,,,,,,,,,,,,10.6,,,,,,,,,3.36,,,,,,,,,,,,,,,,,,,,,,,,,,,,,,,,,,,,,,,,,,,,,2.78,,,,,,,,,,,,,,,,,,,,,,,,,,,,,,,,,,,,,,,,,,,,81.17,,,,,,,,2.09
IE00BJRCLL96,,,,,2.01,,,,,,,,,,,,,,,10.55,,,,,,,,,,,,,,,,,,,2.59,,,1.35,,,,,,,,,,,,,1.52,,,,,,6.59,,,,,,,,,,,,,,,,,,,,,,,1.33,,,,,,,,,,,,,,,,,,,,,,,,,,,2.38,1.09,,,1.08,2.07,,,,,,,,,,,4.2,57.89,,,,,,,,5.35
IE00BJSBC011,,,,,,,,,,,,,,,,,,,,,,,62.72,,,,,,,,,,,,,,,,,,,,,,,,,,,,,,,,,,,,,,,,,,,,,,,,,,,,,,,,,,,,,,,,,,,,,,,,,,,,,,,,,,,,,,,,,,,,,,,,,,,,,,,,,,,,,,,,,37.28
IE00BJSBCS90,,,,,,,,,,,,,,,,,,,,,,,62.72,,,,,,,,,,,,,,,,,,,,,,,,,,,,,,,,,,,,,,,,,,,,,,,,,,,,,,,,,,,,,,,,,,,,,,,,,,,,,,,,,,,,,,,,,,,,,,,,,,,,,,,,,,,,,,,,,37.28
IE00BJXFZ989,,,,,1.37,,,,,,,,,,,,,,,2.9,,,2.09,,,,,,,,,,,,,,,,1.89,,,1.85,,,,,,,,,,1.33,,,,,,,,,4.99,,,,,,,,,,,,,,,,,,,,,,,1.61,,,,,,,,,,,,,,,,,,,,,,,,,,,2.89,,,,,2.38,3.31,,,,,,,,,,3.13,61.83,,,,,,,,8.43
IE00BJXRT698,,,,,,,,,,,,,,,,,,,,,,,,,,,,,,,,,,,,,,,,,,,,,,,,,,,,,,,,,,,,,,,,,,,,,,,,,,,,,,,,,,,,,,,,,,,,,,,,,,,,,,,,,,,,,,,,,,,,,,,,,,,,,,,,99.991,,,,,,,,
IE00BJXRT813,,,,,0.8257,0.1701,,,,,0.1257,,,,,,,,,1.9949,,,,,,,,,,1.0213,,,,,,,,0.1221,6.4127,,,4.3908,,,,,,,1.8591,,,,,,0.3753,,1.0208,0.7861,,,17.206,,,,,,,,,,,,,,,,,,,,,,,1.1534,,,0.2711,,,,,,,,,,,,,,,,,,,,0.9473,,,,,1.6176,,,1.4825,2.0564,,,,,,,,,,,7.4669,48.6941,,,,,,,,
IE00BJXRZJ40,,,,,,,,,,,,,,,,,,,,4.57,,,,,,,,,,,,,,,,,,,,,,,,,,,,,,,,,,,,,6.88,,,,3.76,,,,,,,,,,,,,,,,,,,,,,,,,,,,,,,,,,,,,,,,,,,,,,,,,,,,,,,,,,,,,,,,,,1.48,82.51,,,,,,,,0.8
IE00BJXT3B87,,,,,,,,,,,,,,,,,,,,,,,,,,,,,,,,,,,,,,,,,,,,,,,,,,,,,,,2.15,,,,,,,,,,,,,,,,,,,,,,,,,,,,,,,,,,,,,,,,,,,,,,,,,,,,,,,,,,,,,,,,,,,,,,,,,96.34,,,,,,,,1.51
IE00BJXT3C94,,,,,,,,,,,,,,,,,,,,,,,,,,,,,,,,,,,,,,,,,,,,,,,,,,,,,,,2.15,,,,,,,,,,,,,,,,,,,,,,,,,,,,,,,,,,,,,,,,,,,,,,,,,,,,,,,,,,,,,,,,,,,,,,,,,96.34,,,,,,,,1.51
IE00BJXT3G33,,,,,,,,,,,,,,,,,,,,,,,,,,,,,,,,,,,,,,,,,,,,,,,,,,,,,,,2.15,,,,,,,,,,,,,,,,,,,,,,,,,,,,,,,,,,,,,,,,,,,,,,,,,,,,,,,,,,,,,,,,,,,,,,,,,96.34,,,,,,,,1.51
IE00BJXT3H40,,,,,,,,,,,,,,,,,,,,,,,,,,,,,,,,,,,,,,,,,,,,,,,,,,,,,,,2.15,,,,,,,,,,,,,,,,,,,,,,,,,,,,,,,,,,,,,,,,,,,,,,,,,,,,,,,,,,,,,,,,,,,,,,,,,96.34,,,,,,,,1.51
IE00BJXT3L85,,,,,,,,,,,,,,,,,,,,,,,,,,,,,,,,,,,,,,,,,,,,,,,,,,,,,,,2.15,,,,,,,,,,,,,,,,,,,,,,,,,,,,,,,,,,,,,,,,,,,,,,,,,,,,,,,,,,,,,,,,,,,,,,,,,96.34,,,,,,,,1.51
IE00BK0TB144,,,,,2.0972,0.2938,,,,,0.7964,,0.0635,,0.2372,,,,,5.0582,0.0026,0.1496,0.4007,0.0094,,0.0027,0.0109,0.0547,,0.6239,,,,,0.0123,,,0.3971,5.9859,,,4.4341,,0.1375,,,,,0.3881,0.013,0.0187,0.1031,0.0601,,0.7418,,0.0227,1.8342,,,2.9834,,,0.0113,,0.0052,,0.0027,,,,0.0091,0.2962,0.0248,,0.0063,,,0.3324,,,,,1.6428,0.1785,,0.2993,0.0052,,0.0048,,,0.0381,0.0483,0.0847,0.1342,,0.0205,,0.0318,,,0.1521,,,,0.0732,0.0091,,0.1375,0.3085,1.9194,,,0.8316,2.1187,0.104,,0.0721,,,,,,,0.1219,7.1113,56.7277,,,,,,0.2029,,
IE00BK4W7N32,,,,,0.892,,,,,,,,0.0627,,0.1234,,,,,2.7235,,0.0191,0.2577,,,,,,,,,,,,,,,0.0175,0.0758,,,0.5306,,,,,,,0.0226,,,,,,1.1374,,,,,,2.9268,,,,,,,,,,,,0.0919,,,,,,0.202,,,,,0.5764,,,,,,,,,,,,,,,,,,,,,,,0.0437,,,0.0185,,0.8117,,,,0.8072,0.0779,,,,,,,,,,4.8251,83.7367,,,,,,0.0201,,
IE00BK5BC677,,,,,,,,,,,,,,,,,,,,,,,1.36,,,,,,,,,,,,,,,,,,,1.77,,,,,,,2.14,,,,,,,,,1.2,,,1.09,,,,,,,,,,,,1.63,,,,,,,,,,,3.29,,,,,,,,,,,,,,,,,,,,,,,,,,,,,,,,6.6,,,,,,,,,,,5.6,75.29,,,,,,,,0.03
IE00BK5BC891,,,,,,,,,,,,,,,1.85,,,,,,,,1.13,,,,,,,,,,,,,,,3.2,1.96,,,,,,,,,,,,,,,,,,,,,,14.28,,,,,,,,,,,,,,,,,,,,,,,2.12,,,,,,,,,,,,,,,,,,,,,,,,,,,,,,,,6.19,,,,,,,,,,,10.86,57.5,,,,,,,,0.91
IE00BK5BCD43,,,,,,,,,,,,,,,,,,,,1.8,2.42,,3.47,,,,,,,,,,,,,,,,,,,2.14,,,,,,,,,,,,,,,,,,,1.47,,,,,,,,,,,,,,,,,,,,,,,4.66,,,,,,,,,,,,,,,,,,,,,,,,,,,,,,,1.31,,6.16,,,,,,,,,,1.44,71.67,1.69,,,,,,,1.77
IE00BK5BCH80,,,,,1.39,1.57,,,,,,,,,,,,,,4.59,,,,,,,,,,4.17,,,,,,,,1.1,4.61,,,10.43,,,,,,,,,,,,,,,2.16,2.78,,,7.88,,,,,,,,,,,,,,,,,,,,,,,4.5,,,1.12,,,,,,,,,1.46,,,,,,,,,,,,,,,2.16,9.8,,,1.08,1.75,1.6,,,,,,,,,,3.53,30.9,,,,,,,,1.42
IE00BK5BQT80,,,,,1.51,,,,,,,,,,,,,,,2.85,,,2.4,,,,,,,,,,,,,,,,1.86,,,1.81,,,,,,,,,,1.59,,,,,,,,,5.88,,,,,,,,,,,,,,,,,,,,,,,1.53,,,,,,,,,,,,,,,,,,,,,,,,,,,2.89,,,,,2.34,3.37,,,,,,,,,,3.2,59.67,,,,,,,,9.1
IE00BK5BQV03,,,,,1.68,,,,,,,,,,,,,,,3.11,,,,,,,,,,,,,,,,,,,2.05,,,1.99,,,,,,,,,,,,,,,,,,,6.47,,,,,,,,,,,,,,,,,,,,,,,1.65,,,,,,,,,,,,,,,,,,,,,,,,,,,3.17,,,,,2.55,,,,,,,,,,,3.5,65.41,,,,,,,,8.42
IE00BK5BQW10,,,,,,,,,,,,,,,,,,,,4.35,,,,,,,,,,,,,,,,,,,,,,,,,,,,,,,,,,,1.06,,,,,,,,,,,,,,,,,,,,,,,,,,,,,,,,,,,,,,,,,,,,,,,,,,,,,,,,,,,,,,,,,,,,,,,,,92.0,,,,,,,,2.59
IE00BK5BQX27,,,,,,,,,,,1.44,,,,,,,,,,,,,,,,,,,2.5,,,,,,,,1.83,13.42,,,12.97,,,,,,,,,,,,,,,,5.1,,,,,,,,,,,,,,,,,,,,,,,,,,10.34,,,,,,,,,,,,,,,,,,,,,,,,,,,,5.89,,,4.92,15.32,,,,,,,,,,,20.89,,,,,,,,,5.38
IE00BK5BQY34,,,,,,,,,,,1.86,,,,,,,,,,,,,,,,,,,3.24,,,,,,,,2.37,17.41,,,16.83,,,,,,,,,,,,,,,,6.62,,,,,,,,,,,,,,,,,,,,,,,,,,13.42,,,1.17,,,,,,,,,,,,,,,,,,,,,,,,,7.64,,,6.39,19.16,,,,,,,,,,,,,,,,,,,,3.89
IE00BK5BQZ41,,,,,28.23,,,,,,,,,,,,,,,,,,,,,,,,,,,,,,,,,,,,,,,,,,,,7.37,,,,,,,,,,,,,,,,,,,,,,,,,,,,,,,,,,,,1.06,,,,,,,,,,,,,,,,,,,,,,6.33,,,,53.41,,,,,,,,,,,,,,,,,,,,,,,,,3.6
IE00BK5BR626,,,,,3.27,,,,,,,,,,,,,,,4.41,,,2.76,,,,,,,,,,,,,,,,3.91,,,3.03,,,,,,,1.27,,,,,,,,,1.44,,,9.2,,,,,,,,,,,,,,,,,,,,,,,1.39,,,,,,,,,,,,,,,,,,,,,,,,,,,1.16,1.92,,,1.33,4.7,3.26,,,,,,,,,,6.41,37.56,,,,,,,,12.98
IE00BK5BR733,,,,,,,,,,,,,,,4.17,,,,,,,,23.63,,,,,,,,,,,,,,,,,,,,,,,,,,1.16,,,15.82,,,,,,,,,,,,,,,,,,,,,,,,1.51,,,2.22,,,,,,,,,,,,,,,,,,,,,,,,3.16,,,,,,,3.2,,,,,,,33.37,,1.51,,,1.01,,,,1.59,,,,,,,,,,7.65
IE00BK5BZQ82,,,,,,,,,,,,,,,,,,,,,,,,,,,,,,,,,,,,,,,,,,,,,,,,,,,,,,,,,,,,,,,,,,,,,,,,,,,,,,,,,,,,,,,,,,,,,,,,,,,,,,,,,,,,,,,,,,,,,,,,,,,,,,,,,,,,,,,,
IE00BK5BZS07,,,,,,,,,,,,,,,,,,,,,,,,,,,,,,,,,,,,,,,,,,,,,,,,,,,,,,,,,,,,,,,,,,,,,,,,,,,,,,,,,,,,,,,,,,,,,,,,,,,,,,,,,,,,,,,,,,,,,,,,,,,,,,,,,,,,,,,,
IE00BK5BZT14,,,,,,,,,,,,,,,,,,,,,,,,,,,,,,,,,,,,,,,,,,,,,,,,,,,,,,,,,,,,,,,,,,,,,,,,,,,,,,,,,,,,,,,,,,,,,,,,,,,,,,,,,,,,,,,,,,,,,,,,,,,,,,,,,,,,,,,,
IE00BK5BZV36,,,,,,,,,,,,,,,,,,,,,,,,,,,,,,,,,,,,,,,,,,,,,,,,,,,,,,,,,,,,,,,,,,,,,,,,,,,,,,,,,,,,,,,,,,,,,,,,,,,,,,,,,,,,,,,,,,,,,,,,,,,,,,,,,,,,,,,,
IE00BK5BZX59,,,,,,,,,,,,,,,,,,,,,,,,,,,,,,,,,,,,,,,,,,,,,,,,,,,,,,,,,,,,,,,,,,,,,,,,,,,,,,,,,,,,,,,,,,,,,,,,,,,,,,,,,,,,,,,,,,,,,,,,,,,,,,,,,,,,,,,,
IE00BK5C1B80,,,,,,,,,,,,,,,,,,,,,,,,,,,,,,,,,,,,,,,,,,,,,,,,,,,,,,,,,,,,,,,,,,,,,,,,,,,,,,,,,,,,,,,,,,,,,,,,,,,,,,,,,,,,,,,,,,,,,,,,,,,,,,,,,,,,,,,,
IE00BK5H8015,,,,,,0.1984,,,,,1.0442,,,,,,,,,,,,,,,,,,,3.1297,,,,,,,,2.7508,14.9026,,,8.9351,,,,,,,,,,,,,0.8024,,,4.0813,,,,,,,,,,,,,,,,,,,,,,,,,,12.5913,,,0.8116,,,,,,,,,0.0626,,,,,,,,,,,,,,,,8.4139,,,4.5779,19.6461,,,,,,,,,,,18.052,,,,,,,,,
IE00BK5LYT47,,,,,0.02,,,,,,,,,,0.1,,,,,,,,,,,,,,,,,,,,,,,,,,,,,,,,,,,,,,,,,,,,,,,,,,,,,,,,,,,,,,,,,,,,,0.1,,,,,,,,,,,,,,,,,,,,,,,,,,,,,,,,0.1,,,0.03,,,,,,,,0.04,99.6,,,,,,,,
IE00BK63RN45,,,,,,,,,,,,,,,,,,,,,,,,,,,,,,,,,,,,,,,,,,,,,,,,,,,,,,,,,,,,,,,,,,100,,,,,,,,,,,,,,,,,,,,,,,,,,,,,,,,,,,,,,,,,,,,,,,,,,,,,,,,,,,,,,,,,,,,,,
IE00BK6NC407,,,,,1.6115,1.2037,,,,,1.9136,,0.0663,,0.0383,,,,,1.0185,,,0.157,,,0.0373,0.0213,0.2871,,2.2961,,,,,0.0434,,,1.2507,18.3504,,,12.9088,,0.5007,,,,,0.0999,0.1,0.0756,,,,0.6941,,,5.4252,,,2.2758,,,,,,,0.0102,,,,0.0301,0.9652,,,,0.0106,,0.0443,,,,,4.783,0.2427,,0.7202,,,,,,,,0.3583,0.502,,,,0.1664,,,,,,,0.021,0.0437,0.0353,0.1175,0.0341,5.7452,,,2.7173,3.4432,0.0223,,,,,,,,,,9.2407,20.4732,,,,,,-0.1016,,
IE00BK6Q9938,,,,,,,,,,,,,,,,,,,,,,,,,,,,,,,,,,,,,,,,,,,,,,,,,,,,,,,,,,,,,,,,,,,,,,,,,,,,,,,,,,,,,,,,,,,,,,,,,,,,,,,,,,,,,,,,,,,,,,,,,,,,,,,,91.19,,,,,,,,8.81
IE00BK72HH44,,,,,,,,,,,,,,,,,,,,3.87,,,,,,,,,,,,,,,,,,,2.96,,,,,,,,,,,,,,,,1.64,,,,,,6.29,,,,,,,,,,,,,,,,,,,,,,,4.54,,,,,,,,,,,,,,,,,,,,,,,,,,,,,,,,4.19,,,,,,,,,,,1.81,68.35,,,,,,,,6.35
IE00BK72HJ67,,,,,,,,,,,,,,,,,,,,3.87,,,,,,,,,,,,,,,,,,,2.96,,,,,,,,,,,,,,,,1.64,,,,,,6.29,,,,,,,,,,,,,,,,,,,,,,,4.54,,,,,,,,,,,,,,,,,,,,,,,,,,,,,,,,4.19,,,,,,,,,,,1.81,68.35,,,,,,,,6.35
IE00BK72HM96,,,,,,,,,,,,,,,,,,,,3.87,,,,,,,,,,,,,,,,,,,2.96,,,,,,,,,,,,,,,,1.64,,,,,,6.29,,,,,,,,,,,,,,,,,,,,,,,4.54,,,,,,,,,,,,,,,,,,,,,,,,,,,,,,,,4.19,,,,,,,,,,,1.81,68.35,,,,,,,,6.35
IE00BK72HN04,,,,,,,,,,,,,,,,,,,,3.87,,,,,,,,,,,,,,,,,,,2.96,,,,,,,,,,,,,,,,1.64,,,,,,6.29,,,,,,,,,,,,,,,,,,,,,,,4.54,,,,,,,,,,,,,,,,,,,,,,,,,,,,,,,,4.19,,,,,,,,,,,1.81,68.35,,,,,,,,6.35
IE00BK72HT65,,,,,,,,,,,,,,,,,,,,3.87,,,,,,,,,,,,,,,,,,,2.96,,,,,,,,,,,,,,,,1.64,,,,,,6.29,,,,,,,,,,,,,,,,,,,,,,,4.54,,,,,,,,,,,,,,,,,,,,,,,,,,,,,,,,4.19,,,,,,,,,,,1.81,68.35,,,,,,,,6.35
IE00BK7Y2P34,,,,,,,,,,,,,,,,,,,,2.6176,,,,,,,,,,,,,,,,,,,8.6968,,,6.936,,,,,,,,,,,,,,,,7.9524,,,11.145,,,,,,,,,,,,,,,,,,,,,,,,,,,,,,,,,,,,,,,,,,,,,,,,,,,,,,,0.0093,,,,,,,,,,,7.0774,55.5618,,,,,,0.0036,,
IE00BK80XL30,,,,,,,,,,,,,,,,,,,,,,,99.09,,,,,,,,,,,,,,,,,,,,,,,,,,0.32,,,,,,,,,,,,,,,,,,,,,,,,,,,,,,,,,,,,,,,,,,,,,,,,,,,,,,,,,,,,,,,,,,,,,,,,,,,,,,,0.57,,,,,,0.02,,
IE00BK8JH525,,,,,,,,,,,,,,,6.3106,,,,,,,1.2295,9.9462,3.8814,,,,3.1897,,,,,,,,,,,,,,,,,,,,,,1.8612,,9.054,7.1623,,,,3.7418,,,,,,,,,,,,,,,,,,,7.9875,,,8.441,,,,,,,,,,,,,,1.3645,3.067,5.9726,,,,,2.0303,,,,,,,,,,5.3328,9.9837,,,,,,,,6.899,,,1.284,,,,,,0.2004,,,,,,,1.0603,
IE00BK95B138,,,,,0.0003,,,,,,,,,,,,,,,,,,,,,,,,,,,,,,,,,,,,,,,,,,,,,,,,,,0.4558,,,,,,,,,,,,,,,,,,,,,,,,,,,,,,,,,,,,,,,,,,,,,,,,,,,,,,,,,,,,,,,,,,,,,,,,0.0291,99.5135,,,,,,0.0013,,
IE00BK9YKZ79,,,,,,,,,,,,,,,,,,,,,,,,,,,,,,,,,,,,,,,,,,,,,,,,,,,,,,,,,,,,,,,,,,,,,,,,,,,,,,,,,,,,,,,,,,,,,,,,,,,,,,,,,,,,,,,,,,,,,,,,,,,,,,,,,,,,,,,,
IE00BKBF6616,,,,,,1.047,,,,,3.1296,,,,,,,,,,,,,,,,,,,,,,,,,,,3.2401,27.8353,,,25.3136,,,,,,,,,,,,,1.2048,,,9.5038,,,,,,,,,,,,,,,,,,,,,0.0001,,,,,16.3926,,,,,,,,,,,,0.5957,,,,,,,,,,,,,,,,11.3322,,,,,,,,,,,,,,,0.004,0.0127,,,,,,0.3886,,
IE00BKBF6H24,,,,,1.6066,0.0881,,,,,0.2738,,,,,,,,,3.4599,,,,,,,,,,0.4247,,,,,,,,0.2803,2.3924,,,2.1701,,,,,,,0.4408,,,,,,0.1689,,0.2578,0.8175,,,5.6383,,,,,,,,,,,,,,,,,,,,,,,1.4275,0.0425,,0.1592,,,,,,,,,0.0521,,,,,,,,,,,0.4482,,,,,0.976,,,0.8632,2.2586,,,,,,,,,,,3.5265,72.2045,,,,,,0.0224,,
IE00BKC94M46,,,,,1.8618,0.6497,,,,,0.96,,0.0256,,0.0363,,0.0306,,,3.5185,,0.1934,10.8536,,,0.0182,0.0169,0.2233,,0.3806,,,,,,,,0.403,5.3206,,,4.6441,,0.1512,,,,,0.0475,0.1909,0.015,0.0334,0.6273,,0.2542,,0.2926,3.1593,,,7.9617,,,0.0226,,0.0691,,,,,,0.0508,0.1281,0.01,,0.5114,,,0.6675,,,,,1.0456,0.1954,,0.2778,0.0201,,0.0631,,,0.124,0.0636,0.492,0.2834,,0.0894,,0.2915,,,0.423,,,,0.2586,0.1227,0.0502,0.012,1.24,2.1162,,,0.6063,0.6944,0.0177,,0.3889,,,,,,,0.4073,4.6508,40.3742,0.0204,,,,,,2.3253,
IE00BKF09C98,,,,,1.0249,,,,,,0.1034,,,,,,,,,4.4268,0.1736,,,0.2998,,,,,,0.3389,,,,,,,,,0.1312,,,0.1425,,,,,,,,,,,,,1.4124,,,0.4054,,,1.5509,0.0837,,,,,,,,,,,0.1425,,,,,,,,,,,0.7879,,,0.0753,,,,,,,,,,,,,,,,,,,,,,,,,0.0843,,,,,,,,,,,,,,,2.0484,86.7609,,,,,,0.007,,
IE00BKFB6K94,,,,,,,,,,,,,,,,,,,,,,,100.0,,,,,,,,,,,,,,,,,,,,,,,,,,,,,,,,,,,,,,,,,,,,,,,,,,,,,,,,,,,,,,,,,,,,,,,,,,,,,,,,,,,,,,,,,,,,,,,,,,,,,,,,,,,,,,,,,
IE00BKFB6L02,,,,,,,,,,,,,,,,,,,,,,,,,,,,,,,,,,,,,,,,,,,,,,,,,,,,,,,,,,,,,,,,,,,,,,,,,,,,,,,,,,,,,,,,,,,,,,,,,,,,,,,,,,,,,,,,,,,,,,,,,,,,,,,,,,,,,,,,
IE00BKKCKJ46,,,,,1.49,,,,,,,,,,2.02,,,,,,,,,,,,,,,,,,,,,,,,1.9,,,,,,,,,,,,,,,,,,1.18,2.69,,,,,,,,,,,,,,,,,,,,,,,,,,,,,,,,,,,,,,,,,,,,,,,,,,,,,,,,,,,,,,,,,,,,,2.46,35.64,,,,,,,,52.62
IE00BKKKWJ26,,,,,0.892,,,,,,,,0.0627,,0.1234,,,,,2.7235,,0.0191,0.2577,,,,,,,,,,,,,,,0.0175,0.0758,,,0.5306,,,,,,,0.0226,,,,,,1.1374,,,,,,2.9268,,,,,,,,,,,,0.0919,,,,,,0.202,,,,,0.5764,,,,,,,,,,,,,,,,,,,,,,,0.0437,,,0.0185,,0.8117,,,,0.8072,0.0779,,,,,,,,,,4.8251,83.7367,,,,,,0.0201,,
IE00BKLC5874,,,,,,0.9324,,,,,1.6207,,,,,,,,,,,,,,,,0.1521,,,,,,,,,,,1.2119,25.6625,,,7.7482,,2.1864,,,,,,,,,,,2.2079,,,12.7873,,,3.8896,,,,,,,,,,,,1.8154,,,,,,,,,,,3.6497,,,,,,,,,,,,2.2822,,,,,,,,,,,,,,,,4.9492,,,4.0369,0.2372,,,,,,,,,,,7.1708,17.6934,,,,,,-0.2339,,
IE00BKLF1R75,,,,,2.31,,,,,,2.63,,,,,,,,,1.76,,1.04,23.83,,,,,,,,,,,,,,,2.46,,,,5.64,,,,,,,,,,,1.44,,5.2,,2.31,,,,7.42,,,,,,,,,,,,,,,,,,,,,,,,,,,,,,,,,,,,,,,,,,,,,,,,,,6.11,,,,,,,,,,,,,,,,7.43,24.7,,,,,,,,5.72
IE00BKLTRN76,,,,,,,,,,,1.41,,,,,,,,,,,,,,,,,,,2.25,,,,,,,,,13.06,,,13.77,,,,,,,,,,,,,1.55,,,4.32,,,,,,,,,,,,,,,,,,,,,,,,,,11.84,,,1.99,,,,,,,,,,,,,,,,,,,,,,,,,5.59,,,5.07,15.46,,,,,,,,,,,22.88,,,,,,,,,0.81
IE00BKLWY790,,,,,,,,,,,,,,,,,,,,,,,,,,,,,,,,,,,,,,,,,,,,,,,,,,,,,,,1.22,,,,,,,,,,,,,,,,,,,,,,,,,,,,,,,,,,,,,,,,,,,,,,,,,,,,,,,,,,,,,,,,,,,,,,,,,97.08,,,,,,,,1.7
IE00BKM4GZ66,,,,,,,,,,,,,,,3.3812,,,,,0.0014,,0.5262,19.4927,0.2111,,,,0.1256,,,,,0.0888,,,,,,,,,0.4477,,0.6306,,,,,0.0949,0.346,,12.7171,0.6186,,0.2042,,,,,,,,,,,0.6044,,,,,,,,,,1.2049,,,1.6943,,,,,,,,,,,,,,0.3692,0.3746,1.2918,,,0.5113,,,0.0001,,2.3792,,,,0.0003,,,3.3475,19.098,,,,,,27.0692,,1.1974,,,0.5705,,,,1.1977,0.0001,0.1953,,,,,,0.0085,,
IE00BKM4H197,,,,,0.0009,,,,,,1.9787,,,,1.6931,,,,,0.0007,,0.7525,30.5511,,,,,0.003,,0.0016,,,0.0501,,,,,,1.5169,,,0.8441,,0.2695,,,,,0.6511,0.0755,,15.7418,0.4082,,,,,0.3453,,,5.6628,,,,,,,,,,,,,,,0.4818,,,2.9457,,,,,1.6625,0.0002,,0.0496,,,,,,,0.162,1.1295,0.2145,,0.0029,,,0.0,,1.1255,,,,2.36,,,2.8117,2.3309,0.475,,,1.316,3.1109,2.7977,,1.6237,,,0.5637,,,,0.2943,4.3322,9.6267,,,,,,0.036,,
IE00BKM4H312,,,,,,,,,,,,,,,,,,,,,,,,,,,,,,,,,,,,,,,,,,,,,,,,,,,,,,,0.0253,,,,,,,,,,,,,,,,,,,,,,,,,,,,,,,,,,,,,,,,,,,,,,,,,,,,,,,,,,,,,,,,,,,,,,,,-0.0003,99.972,,,,,,0.0029,,
IE00BKP5L623,,,3.3971,0.3202,,,0.262,,3.3977,0.111,,0.2454,,0.2757,4.0634,,0.3326,,,,,3.8603,1.6952,2.42,1.7457,,,,0.1672,,3.718,1.4955,2.4093,1.2258,,,,,,0.1881,0.1832,,1.0147,,,1.0467,,0.2714,,4.7585,,0.959,3.3404,,0.8392,,,,0.792,0.754,,,0.8019,2.6384,1.096,,0.1901,0.2778,0.2658,,,,,,,2.4559,,,2.6216,,0.4193,0.1676,0.9602,,,,,3.5395,0.0562,3.3653,0.0577,1.0383,2.9377,2.559,5.3329,,,,,3.5303,,0.0665,3.5964,0.2774,0.9167,,,,,3.1326,,,1.4137,0.3254,,0.0001,,,,,0.7213,3.5419,,,1.5579,,0.0098,-0.1189,3.767,1.0974,,,0.0893,0.0044,,
IE00BKP5L730,,,3.3971,0.3202,,,0.262,,3.3977,0.111,,0.2454,,0.2757,4.0634,,0.3326,,,,,3.8603,1.6952,2.42,1.7457,,,,0.1672,,3.718,1.4955,2.4093,1.2258,,,,,,0.1881,0.1832,,1.0147,,,1.0467,,0.2714,,4.7585,,0.959,3.3404,,0.8392,,,,0.792,0.754,,,0.8019,2.6384,1.096,,0.1901,0.2778,0.2658,,,,,,,2.4559,,,2.6216,,0.4193,0.1676,0.9602,,,,,3.5395,0.0562,3.3653,0.0577,1.0383,2.9377,2.559,5.3329,,,,,3.5303,,0.0665,3.5964,0.2774,0.9167,,,,,3.1326,,,1.4137,0.3254,,0.0001,,,,,0.7213,3.5419,,,1.5579,,0.0098,-0.1189,3.767,1.0974,,,0.0893,0.0044,,
IE00BKPJY434,,,,,,,,,,,,,,,,,,,,,,,98.59,,,,,,,,,,,,,,,,,,,,,,,,,,,,,,,,,,,,,,,,,,,,,,,,,,,,,,,,,,,,,,,,,,,,,,,,,,,,,,,,,,,,,,,,,,,,,,,,,,,,,,,,,,,,,,,,,1.41
IE00BKPJY541,,,,,,,,,,,,,,,,,,,,,,,98.59,,,,,,,,,,,,,,,,,,,,,,,,,,,,,,,,,,,,,,,,,,,,,,,,,,,,,,,,,,,,,,,,,,,,,,,,,,,,,,,,,,,,,,,,,,,,,,,,,,,,,,,,,,,,,,,,,1.41
IE00BKPSFC54,,,,,1.2158,0.1251,,,,,0.5115,,,,,,,,,2.4006,,,,,,,,,,1.1843,,,,,,,,0.6201,4.1341,,,6.3719,,,,,,,0.7099,,,,,,0.431,,0.3022,2.1204,,,7.9059,,,,,,,,,,,,,,,,,,,,,,,1.4842,0.0643,,0.4486,,,,,,,,,,,,,,,,,,,,1.2455,,,,,3.0655,,,1.5271,6.6069,,,,,,,,,,,5.1502,52.3602,,,,,,0.0148,,
IE00BKPSFD61,,,,,,,,,,,,,,,,,,,,,,,99.7998,,,,,,,,,,,,,,,,,,,,,,,,,,,,,,,,,,,,,,,,,,,,,,,,,,,,,,,,,,,,,,,,,,,,,,,,,,,,,,,,,,,,,,,,,,,,,,,,,,,,,,,,0.0121,0.1746,,,,,,0.0136,,
IE00BKPSPT20,,,,,3.96,,,,,,,,,,,,,,,,,,1.83,,,,,,,,,,,,,,,3.89,,,,,,,,,,,,,,5.89,,,,,,,,,2.0,,,,,,,,,,,,,,,,,,3.93,,,,,,,,,,,,,,,,,,,,,,,,,,,,3.95,,,,,2.05,,,1.89,12.18,,,1.96,,,,,,,,8.06,47.66,,,,,,,,0.75
IE00BKPT2S34,,,,,1.0694,,,,,,,,,,,,,,,1.3093,,,,,,,,,,0.223,,,,,,,,,8.7359,,,1.881,,,,,,,,,,,,,,,,7.2004,,,1.5349,,,,,,,,,,,,,,,,,,,,,,,,0.4481,,,,,,,,,,,,,,,,,,,,,,,,,,,3.3197,,,0.5162,,,,,,,,,,,,21.9703,51.7375,,,,,,0.0544,,
IE00BKPT2T41,,,,,,,0.5003,,,,,,,,,,0.6208,,,,,7.3866,3.1631,,,,,,,,,,,,,,,,,,,,,,,,,,,9.0109,,1.8613,6.3705,,,,,,,,,,,4.8425,,,,0.4896,,,,,,,,4.6075,,,4.9002,,,,,,,,,6.2869,,6.3444,,1.9985,5.5755,4.8256,10.0983,,,,,6.6968,,,6.8045,,,,,,,,,,,,,,,,,,,,,,,,0.0025,0.4138,7.1979,,,,,0.0019,,
IE00BKPTXQ89,,,,,,,,,,,,,,,,,,,,34.96,,,,,,,,,,,,,,,,,,,,,,,,,,,,,,,,,,,,,,,,,,,,,,,,,,,,,,,,,,,,,,,,,,,,,,,,,,,,,,,,,,,,,,,,,,,,,,,,,,,,,,,,,,,,57.14,,,,,,,,7.9
IE00BKPX3K41,,,,,,,,,,,,,,,,,,,,,,,22.3813,,,,,,,,,,,,,,,,,,,,,,,,,,4.5354,,,,0.6264,,4.5996,,,,,,,,,,,,,,,,,,,,,1.2552,,,,,,,,,,,,,,,,,,0.3909,,,,,,,,,,,,,4.4763,,,,25.6051,,,,,,35.1079,,1.2845,,,,,,,,0.0056,-0.269,,,,,,0.0007,,
IE00BKRWN659,,,,,,,,,,,,,,,,,,,,,,,,,,,,,,,,,,,,,,,,,,,,,,,,,,,,,,,0.1534,,,,,,,,,,,,,,,,,,,,,,,,,,,,,,,,,,,,,,,,,,,,,,,,,,,,,,,,,,,,,0.0067,,,,,,,,,,,0.0084,-0.036,,,,,,0.0102,99.8573,
IE00BKS2X200,,,,,5.28,,,,,,2.37,,,,,,,,,7.36,,,,,,,,,,2.06,,,,,,,,,2.67,,,2.06,,,,,,,,,,,4.87,,,,,5.7,,,,,,,,,,,,,,,,,,,,,8.41,,,,,3.45,6.01,,5.65,,,,,,6.2,,2.22,,,,,,,,,,,,6.23,,,,,1.41,,,4.53,,,,,,,,,,,,3.47,3.86,,,,,,,,16.19
IE00BKS2X317,,,,,5.28,,,,,,2.37,,,,,,,,,7.36,,,,,,,,,,2.06,,,,,,,,,2.67,,,2.06,,,,,,,,,,,4.87,,,,,5.7,,,,,,,,,,,,,,,,,,,,,8.41,,,,,3.45,6.01,,5.65,,,,,,6.2,,2.22,,,,,,,,,,,,6.23,,,,,1.41,,,4.53,,,,,,,,,,,,3.47,3.86,,,,,,,,16.19
IE00BKS7L097,,,,,,,,,,,,,,,,,,,,,,,,,,,,,,,,,,,,,,,,,,,,,,,,,,,,,,,,,,,,,,,,,,,,,,,,,,,,,,,,,,,,0.2,,,,,,,,,,,,,,,,,,,,,,,,,,,,,,,,0.1,,,,,,,,,,,,99.7,,,,,,,,
IE00BKS8QN04,,,,,,,,,,,,,,,,,,,,,,,,,,,,,,,,,,,,,,,,,,,,,,,,,,,,,,,,,,,,,,,,,,,,,,,,,,,,,,,,,,,,,,,,,,,,,,,,,,,,,,,,,,,,,,,,,,,,,,,,,,,,,,,,,,,,,,,,
IE00BKS8QT65,,,,,,,,,,,,,,,,,,,,,,,,,,,,,,,,,,,,,,,,,,,,,,,,,,,,,,,,,,,,,,,,,,,,,,,,,,,,,,,,,,,,,,,,,,,,,,,,,,,,,,,,,,,,,,,,,,,,,,,,,,,,,,,,,,,,,,,,
IE00BKSBGS44,,,,,,,,,,,,,,,,,,,,,,,,,,,,,,,,,,,,,,,,,,,,,,,,,,,,,,,,,,,,,,,,,,,,,,,,,,,,,,,,,,,,,,,,,,,,,,,,,,,,,,,,,,,,,,,,,,,,,,,,,,,,,,,,97.52,,,,,,,,2.48
IE00BKSBGT50,,,,,,,,,,,1.86,,,,,,,,,,,,,,,,,,,2.94,,,,,,,,1.46,14.63,,,12.65,,,,,,,,,,,,,,,,4.29,,,,,,,,,,,,,,,,,,,,,,,,,,12.46,,,,,,,,,,,,,,,,,,,,,,,,,,,,6.07,,,4.79,14.3,,,,,,,,,,,22.09,,,,,,,,,2.46
IE00BKSBGV72,,,,,2.44,,,,,,,,,,,,,,,3.15,,,,,,,,,,,,,,,,,,,2.2,,,1.51,,,,,,,,,,,,,,,,,,,5.03,,,,,,,,,,,,,,,,,,,,,,,2.29,,,,,,,,,,,,,,,,,,,,,,,,,,,,,,,,1.91,,,,,,,,,,,4.5,71.9,,,,,,,,5.07
IE00BKSCBW67,,,,,4.94,,,,,,,,,,,,,,,3.71,,,,,,,,,,,,,,,,,,,,,,,,,,,,,,,,,,,,,,,,,11.63,,,,,,,,,,,,,,,,,,,,,,,,,,,,,,,,,,,,,,,,,,,,,,,,,,,,,,1.58,1.84,,,,,,,,,,,7.44,59.86,,,,,,,,9.0
IE00BKSCBX74,,,,,4.94,,,,,,,,,,,,,,,3.71,,,,,,,,,,,,,,,,,,,,,,,,,,,,,,,,,,,,,,,,,11.63,,,,,,,,,,,,,,,,,,,,,,,,,,,,,,,,,,,,,,,,,,,,,,,,,,,,,,1.58,1.84,,,,,,,,,,,7.44,59.86,,,,,,,,9.0
IE00BKT09032,,,,,,,,,,,,,,,,,,,,,,,,,,,,,,,,,,,,,,,,,,,,,,,,,,,,,,,,,,,,,,,,,,,,,,,,,,,,,,,,,,,,,,,,,,,,,,,,,,,,,,,,,,,,,,,,,,,,,,,,,,,,,,,,,,,,,,,,
IE00BKT1CS59,,0.504,2.8456,0.1117,,,,,0.1763,0.0993,,,,,5.1819,,,0.089,0.0936,,0.0308,3.6378,6.2458,4.1922,,,,0.3036,0.1407,,0.1342,,,,,,,,,,,,0.299,,,0.8092,,,5.9752,0.267,,3.7856,2.2278,,,,3.0063,,,0.3718,,,0.0923,1.1197,,1.9748,,,,,,,0.3104,2.5158,0.1068,0.8656,,,5.3012,,0.0884,,1.4061,,,1.1071,,0.3591,0.2444,0.839,,,2.1048,1.0426,0.4932,,,3.3414,,,,,6.3328,,0.4158,,3.7656,,,3.33,3.936,,,,,,2.4262,0.2558,2.3045,0.1051,0.2063,3.9623,,,0.1914,5.3788,0.1891,1.8234,,,,,0.8979,0.0056,0.6324,
IE00BKT6BH25,,,,,1.1439,0.1458,,,,,1.1016,,,,0.0919,,,,,,,,0.4048,,,,,,,2.8752,,,,,,,,0.8877,16.9989,,,15.8303,,,,,,,,,,,,,0.8436,,,2.3127,,,2.1483,,,,,,,,,,,,0.8933,,,,,,0.2235,,,,,2.8838,0.096,,0.0431,,,,,,,,,0.8712,,,,,,,,,,,,,,,,4.4179,,,2.9406,5.4487,,,,,,,,,,,8.9778,28.3465,,,,,,0.0728,,
IE00BKT6FT27,,,,,,,,,,,,,,,,,,,,2.6176,,,,,,,,,,,,,,,,,,,8.6968,,,6.936,,,,,,,,,,,,,,,,7.9524,,,11.145,,,,,,,,,,,,,,,,,,,,,,,,,,,,,,,,,,,,,,,,,,,,,,,,,,,,,,,0.0093,,,,,,,,,,,7.0774,55.5618,,,,,,0.0036,,
IE00BKT6FV49,,,,,,,,,,,,,,,,,,,,,,,,,,,,,,,,,,,,,,,,,,,,,,,,,,,,,,,,,,,,,99.9855,,,,,,,,,,,,,,,,,,0.0002,,,,,,,,,,,,,,,,,,,,,,,,,,,,,,,,,,,,,,,,,,,,,,,,0.0022,0.011,,,,,,0.0009,,
IE00BKT6RT64,,,,,,,,,,,,,,,,,,,,,,,99.7998,,,,,,,,,,,,,,,,,,,,,,,,,,,,,,,,,,,,,,,,,,,,,,,,,,,,,,,,,,,,,,,,,,,,,,,,,,,,,,,,,,,,,,,,,,,,,,,,,,,,,,,,0.0121,0.1746,,,,,,0.0136,,
IE00BKT6VQ12,,,,,,,,,,,,,,,,,,,,,,,99.7998,,,,,,,,,,,,,,,,,,,,,,,,,,,,,,,,,,,,,,,,,,,,,,,,,,,,,,,,,,,,,,,,,,,,,,,,,,,,,,,,,,,,,,,,,,,,,,,,,,,,,,,,0.0121,0.1746,,,,,,0.0136,,
IE00BKTLJB70,,,,,1.234,,,,,,0.8215,,,,0.0028,,,,,7.0249,,,1.3705,,,,,,,0.738,,,,,,,,1.0219,2.7525,,,0.2833,,,,,,,1.2401,,,0.0017,0.1166,,1.6985,,0.8296,0.2629,,,10.3732,,,,,,,,,,,,,,,0.1375,,,,,,,,0.793,,,0.6862,,,,,,,,,,,,,,,,,,,,0.3207,,,,0.2547,1.2867,,,5.0378,2.5462,1.367,,,,,,,,,,4.1493,53.5989,,,,,,0.0498,,
IE00BKTLJC87,,,,,1.234,,,,,,0.8215,,,,0.0028,,,,,7.0249,,,1.3705,,,,,,,0.738,,,,,,,,1.0219,2.7525,,,0.2833,,,,,,,1.2401,,,0.0017,0.1166,,1.6985,,0.8296,0.2629,,,10.3732,,,,,,,,,,,,,,,0.1375,,,,,,,,0.793,,,0.6862,,,,,,,,,,,,,,,,,,,,0.3207,,,,0.2547,1.2867,,,5.0378,2.5462,1.367,,,,,,,,,,4.1493,53.5989,,,,,,0.0498,,
IE00BKVKW020,,,,,,,,,,,,,,,,,,,,7.42,,,,,,,,,,,,,,,,,,,,,,,,,,,,,,,,,,,2.34,,,,,,1.2,,,,,,,,,,,,,,,,,,,,,,,,,,,,,,,,,,,,,,,,,,,,,,,,,,,,,,,1.23,,,,,,,,,,,4.75,79.12,,,,,,,,3.94
IE00BKVL7331,,,,,,,,,,,,,,,,,,,,,,,,,,,,,,,,,,,,,,,,,,,,,,,,,,,,,,,,,,,,,,,,,,,,,,,,,,,,,,,,,,,,,,,,,,,,,,,,,,,,,,,,,,,,,,,,,,,,,,,,,,,,,,,0.0065,99.9895,,,,,,0.004,,
IE00BKVL7778,,,,,1.047,0.1014,,,,,0.7218,,,,,,,,,2.0317,,,,,,,,,,0.1169,,,,,,,,0.8848,1.9462,,,2.1664,,,,,,,1.3717,,,,,,0.186,,0.8536,0.6426,,,10.609,,,,,,,,,,,,,,,,,,,,,,,0.9084,0.126,,0.4939,,,,,,,,,0.158,,,,,,,,,,,1.2398,,,,,2.0563,,,0.4499,2.4779,,,,,,,,,,,1.2565,68.1334,,,,,,0.0207,,
IE00BKVL7D31,,,,,,1.0258,,,,,4.1864,,,,,,,,,,,,,,,,,,,3.9054,,,,,,,,4.5455,10.1324,,,10.798,,,,,,,,,,,,,1.7979,,,4.7466,,,,,,,,,,,,,,,,,,,,,,,,,,5.8627,,,2.9677,,,,,,,,,0.9877,,,,,,,,,,,,,,,,8.018,,,4.944,17.5273,,,,,,,,,,,17.5098,0.0374,,,,,,1.0072,,
IE00BKW9SV11,,,,,1.14,,,,,,0.87,,,,,,,,,2.15,,,,,,,,,,0.12,,,,,,,,0.22,10.09,,,5.43,,,,,,,0.24,,,,,,,,,1.75,,,0.7,,,,,,,,,,,,,,,,,,,,,,,3.76,,,0.28,,,,,,,,,,,,,,,,,,,,,,,,,2.99,,,1.27,1.32,,,,,,,,,,,49.04,18.77,,,,,,-0.14,,
IE00BKW9SW28,,,,,1.11,,,,,,0.66,,,,,,,,,1.55,,,,,,,,,,0.28,,,,,,,,0.17,9.21,,,5.13,,,,,,,0.19,,,,,,0.12,,,2.28,,,0.99,,,,,,,,,,,,0.17,,,,,,0.46,,,,,2.86,,,0.23,,,,,,,,,,,,,,,,,,,,,,,,,2.48,,,0.96,0.93,,,,,,,,,,,46.46,23.98,,,,,,-0.2,,
IE00BKW9SX35,,,,,,,,,,,,,,,,,,,,,,,,,,,,,,,,,,,,,,,,,,,,,,,,,,,,,,,,,,,,,,,,,,,,,,,,,,,,,,,,,,,,,,,,,,,,,,,,,,,,,,,,,,,,,,,,,,,,1.07,,,,,,,,,,,1.2,95.97,,,,,,,,1.76
IE00BKWD3743,,,,,,,,,,,,,,,,,,,,,,,,,,,,,,,,,,,,,,,,,,,,,,,,,,,,,,,,,,,,,,,,,,,,,,,,,,,,,,,,,,,,,,,,,,,,,,,,,,,,,,,,,,,,,,,,,,,,,,,,,,,,,,,,97.64,,,,,,2.36,,
IE00BKWD3859,,,,,,,,,,,,,,,,,,,,,,,,,,,,,,,,,,,,,,,,,,,,,,,,,,,,,,,,,,,,,,,,,,,,,,,,,,,,,,,,,,,,,,,,,,,,,,,,,,,,,,,,,,,,,,,,,,,,,,,,,,,,,,,,97.64,,,,,,2.36,,
IE00BKWD3966,,,,,0.36,1.22,,,,,1.3,,,,,,,,,,,,,,,,,,,2.51,,,,,,,,0.63,22.7,,,19.3,,,,,,,,,,,,,,,,12.7,,,0.61,,,,,,,,,,,,0.39,,,,,,,,,,,1.59,,,0.96,,,,,,,,,2.77,,,,,,,,,,,,,,,,12.17,,,2.09,0.03,,,,,,,,,,,6.88,11.77,,,,,,0.04,,
IE00BKWD3B81,,,,,0.36,1.22,,,,,1.3,,,,,,,,,,,,,,,,,,,2.51,,,,,,,,0.63,22.7,,,19.3,,,,,,,,,,,,,,,,12.7,,,0.61,,,,,,,,,,,,0.39,,,,,,,,,,,1.59,,,0.96,,,,,,,,,2.77,,,,,,,,,,,,,,,,12.17,,,2.09,0.03,,,,,,,,,,,6.88,11.77,,,,,,0.04,,
IE00BKWD3C98,,,,,,,,,,,,,,,,,,,,,,,,,,,,,,,,,,,,,,,,,,,,,,,,,,,,,,,,,,,,,,,,,,,,,,,,,,,,,,,,,,,,,,,,,,,,,,,,,,,,,,,,,,,,,,,,,,,,,,,,,,,,,,,,98.25,,,,,,1.75,,
IE00BKWD3D06,,,,,,,,,,,,,,,,,,,,,,,,,,,,,,,,,,,,,,,,,,,,,,,,,,,,,,,,,,,,,,,,,,,,,,,,,,,,,,,,,,,,,,,,,,,,,,,,,,,,,,,,,,,,,,,,,,,,,,,,,,,,,,,,98.25,,,,,,1.75,,
IE00BKWD3F20,,,,,,,,,,,,,,,,,,,,,,,,,,,,,,,,,,,,,,,,,,,,,,,,,,,,,,,,,,,,,,,,,,,,,,,,,,,,,,,,,,,,,,,,,,,,,,,,,,,,,,,,,,,,,,,,,,,,,,,,,,,,,,,,98.25,,,,,,1.75,,
IE00BKWQ0C77,,,,,,,,,,,0.4792,,,,,,,,,,,,,,,,,,,1.0346,,,,,,,,,27.3324,,,15.3887,,,,,,,,,,,,,,,,8.21,,,,,,,,,,,,,,,,,,,,,,,,,,6.3802,,,,,,,,,,,,,,,,,,,,,,,,,,,,11.3944,,,2.0209,15.0462,,,,,,,,,,,12.7136,,,,,,,,,
IE00BKWQ0D84,,,,,,,,,,,6.3647,,,,,,,,,,,,,,,,,,,1.0763,,,,,,,,0.5758,15.1957,,,2.4347,,,,,,,,,,,,,1.2671,,,0.333,,,,,,,,,,,,,,,,,,,,,,,,,,8.1368,,,1.7484,,,,,,,,,0.4674,,,,,,,,,,,,,,,,,,,1.3816,23.6012,,,,,,,,,,,37.4173,,,,,,,,,
IE00BKWQ0F09,,,,,,1.8893,,,,,,,,,,,,,,,,,,,,,,,,,,,,,,,,2.5437,18.9509,,,,,,,,,,,,,,,,,,,9.5055,,,,,,,,,,,,,,,,,,,,,,,,,,,,,7.5047,,,,,,,,,1.636,,,,,,,,,,,,,,,,5.6699,,,,,,,,,,,,,,,52.3,,,,,,,,,
IE00BKWQ0G16,,,,,,1.8155,,,,,1.5796,,,,,,,,,,,,,,,,,,,1.1696,,,,,,,,2.3782,8.2133,,,12.3494,,,,,,,,,,,,,1.2685,,,10.9532,,,,,,,,,,,,,,,,,,,,,,,,,,6.0126,,,0.8897,,,,,,,,,0.2761,,,,,,,,,,,,,,,,12.3609,,,5.3105,11.5614,,,,,,,,,,,23.8614,,,,,,,,,
IE00BKWQ0H23,,,,,,,,,,,5.2215,,,,,,,,,,,,,,,,,,,9.7151,,,,,,,,0.5341,10.0665,,,7.4571,,,,,,,,,,,,,,,,0.3411,,,,,,,,,,,,,,,,,,,,,,,,,,1.1226,,,,,,,,,,,,,,,,,,,,,,,,,,,,,,,0.4644,43.4488,,,,,,,,,,,21.6288,,,,,,,,,
IE00BKWQ0J47,,,,,,,,,,,,,,,,,,,,,,,,,,,,,,3.3907,,,,,,,,1.7309,25.8644,,,21.6657,,,,,,,,,,,,,1.0578,,,2.4683,,,,,,,,,,,,,,,,,,,,,,,,,,1.8293,,,0.5182,,,,,,,,,,,,,,,,,,,,,,,,,2.9826,,,12.6822,9.4403,,,,,,,,,,,16.3697,,,,,,,,,
IE00BKWQ0K51,,,,,,,,,,,,,,,,,,,,,,,,,,,,,,,,,,,,,,6.1941,8.234,,,31.9307,,,,,,,,,,,,,,,,,,,,,,,,,,,,,,,,,,,,,,,,,,41.3547,,,,,,,,,,,,,,,,,,,,,,,,,,,,0.6409,,,6.2447,1.719,,,,,,,,,,,3.6819,,,,,,,,,
IE00BKWQ0L68,,,,,,,,,,,0.8493,,,,,,,,,,,,,,,,,,,2.9219,,,,,,,,2.6244,19.9524,,,12.5316,,,,,,,,,,,,,,,,0.4523,,,,,,,,,,,,,,,,,,,,,,,,,,3.5996,,,2.5782,,,,,,,,,,,,,,,,,,,,,,,,,,,,2.9442,15.8345,,,,,,,,,,,35.7117,,,,,,,,,
IE00BKWQ0M75,,,,,,1.9914,,,,,3.3877,,,,,,,,,,,,,,,,,,,4.3446,,,,,,,,2.3927,8.6701,,,8.7589,,,,,,,,,,,,,0.6196,,,5.8993,,,,,,,,,,,,,,,,,,,,,,,,,,3.4689,,,5.6792,,,,,,,,,0.4408,,,,,,,,,,,,,,,,3.3294,,,10.9918,9.5343,,,,,,,,,,,30.4912,,,,,,,,,
IE00BKWQ0N82,,,,,,,,,,,,,,,,,,,,,,,,,,,,,,,,,,,,,,1.2421,13.0215,,,26.5691,,,,,,,,,,,,,,,,3.2019,,,,,,,,,,,,,,,,,,,,,,,,,,7.4553,,,1.8659,,,,,,,,,,,,,,,,,,,,,,,,,6.4125,,,22.4079,4.2911,,,,,,,,,,,13.5328,,,,,,,,,
IE00BKWQ0P07,,,,,,0.6735,,,,,0.9372,,,,,,,,,,,,,,,,,,,1.4197,,,,,,,,1.5271,11.1853,,,12.9644,,,,,,,,,,,,,,,,17.6035,,,,,,,,,,,,,,,,,,,,,,,,,,,,,,,,,,,,,,3.0312,,,,,,,,,,,,,,,,27.5183,,,,0.4641,,,,,,,,,,,22.6757,,,,,,,,,
IE00BKWQ0Q14,,,,,,0.5666,,,,,1.7063,,,,,,,,,,,,,,,,,,,2.5855,,,,,,,,1.7727,15.2727,,,13.8682,,,,,,,,,,,,,0.6371,,,5.2091,,,,,,,,,,,,,,,,,,,,,,,,,,8.6698,,,0.9947,,,,,,,,,0.3176,,,,,,,,,,,,,,,,6.2127,,,5.39,14.5008,,,,,,,,,,,22.2963,,,,,,,,,
IE00BKX55Q28,,,,,,,,,,,,,,,,,,,,,,,,,,,,,,,,,,,,,,,,,,,,,,,,,,,,,,,,,1.09,,,,,,,,,,,,,,,,,,,,,,,,,,,,,,,,,,,,,,,,,,,,,,,,,,,,,,,,,,,,,,,,,,,,,,94.29,,,,,,,,,4.62
IE00BKX55R35,,,,,,,,,,,,,,,,,,,,4.35,,,,,,,,,,,,,,,,,,,,,,,,,,,,,,,,,,,1.06,,,,,,,,,,,,,,,,,,,,,,,,,,,,,,,,,,,,,,,,,,,,,,,,,,,,,,,,,,,,,,,,,,,,,,,,,92.0,,,,,,,,2.59
IE00BKX55S42,,,,,,,,,,,1.86,,,,,,,,,,,,,,,,,,,3.24,,,,,,,,2.37,17.41,,,16.83,,,,,,,,,,,,,,,,6.62,,,,,,,,,,,,,,,,,,,,,,,,,,13.42,,,1.17,,,,,,,,,,,,,,,,,,,,,,,,,7.64,,,6.39,19.16,,,,,,,,,,,,,,,,,,,,3.89
IE00BKX55T58,,,,,1.68,,,,,,,,,,,,,,,3.11,,,,,,,,,,,,,,,,,,,2.05,,,1.99,,,,,,,,,,,,,,,,,,,6.47,,,,,,,,,,,,,,,,,,,,,,,1.65,,,,,,,,,,,,,,,,,,,,,,,,,,,3.17,,,,,2.55,,,,,,,,,,,3.5,65.41,,,,,,,,8.42
IE00BKX8G916,,,,,,,,,,,,,,,,,,,,,,,,,,,,,,,,,,,,,,,,,,,,,,,,,,,,,,,,,,,,,,,,,,,,,,,,,,,,,,,,,,,,0.1,,,,,,,,,,,,,,,,,,,,,,,,,,,,,,,,0.1,,,,,,,,,,,,99.8,,,,,,,,
IE00BKY40J65,,,,,,,,,,,,,,,,,,,,,,,,,,,,,,,,,,,,,,,,,,,,,,,,,,,,,,,2.59,,,,,,,,,,,,,,,,,,,,,,,,,,,,,,,,,,,,,,,,,,,,,,,,,,,,,,,,,,,,,,,,,,,,,,,,,95.79,,,,,,,,1.62
IE00BKY4W127,,,,,,,,,,,,,,,,,,,,,,,,,,,,,,,,,,,,,,,,,,,,,,,,,,,,,,,,,,,,,,,,,,,,,,,,,,,,,,,,,,,,,,,,,,,,,,,,,,,,,,,,,,,,,,,,,,,,,,,,,,,,,,,,,,,,,,,,
IE00BKY53D40,,,,,,,,,,,,,,,,,,,,,,,,,,,,,,,,,,,,,,,,,,,,,,,,,,,,,,,3.43,,,,,,,,,,,,,,,,,,,,,,,,,,,,,,,,,,,,,,,,,,,,,,,,,,,,,,,,,,,,,6.56,,,,,,,,,,,89.06,,,,,,,,,0.95
IE00BKY55S33,,,,,,,,,,,,,,,,,,,,,,,,,,,,,,,,,,,,,,,,,,,,,,,,,,,,,,,,,,,,,100.0,,,,,,,,,,,,,,,,,,,,,,,,,,,,,,,,,,,,,,,,,,,,,,,,,,,,,,,,,,,,,,,,,,,,,,,,,,,
IE00BKY55W78,,,,,,,,,,,1.61,,,,,,,,,,,,,,,,,,,2.67,,,,,,,,3.79,13.6,,,14.09,,,,,,,,,,,,,,,,5.51,,,,,,,,,,,,,,,,,,,,,,,,,,9.23,,,,,,,,,,,,,,,,,,,,,,,,,,,,5.46,,,5.07,16.03,,,,,,,,,,,19.79,,,,,,,,,3.15
IE00BKY58625,,,,,,,,,,,2.06,,,,,,,,,,,,,,,,,,,3.52,,,,,,,,5.04,17.27,,,17.89,,,,,,,,,,,,,,,,7.14,,,,,,,,,,,,,,,,,,,,,,,,,,11.21,,,1.02,,,,,,,,,,,,,,,,,,,,,,,,,7.08,,,6.52,18.65,,,,,,,,,,,,,,,,,,,,2.6
IE00BKY58G26,,,,,11.65,,,,,,,,,,,,,,,,,,15.17,,,,,,,,,,,,,,,,,,,,,,,,,,5.52,,,9.56,,,,,,,,,,,,,,,,,,,,,,,,1.02,,,,,,,,,,,,,,,,,,,,,,,,,,,,,,,2.68,,,,25.22,,,,,,27.03,,1.03,,,,,,,,,,,,,,,,,1.12
IE00BKY59G90,,,,,,,,,,,,,,,4.18,,,,,,,,21.59,,,,,,,,,,,,,,,,,,,,,,,,,,2.42,,,14.2,,,,,,,,,,,,,,,,,,,,,,,,1.45,,,2.42,,,,,,,,,,,,,,,,,,,,,,,,3.35,,,,,,,3.59,,,,,,,37.44,,1.56,,,,,,,1.7,,,,,,,,,,6.1
IE00BKY59K37,,,,,1.62,,,,,,,,,,,,,,,3.59,,,,,,,,,,,,,,,,,,,2.21,,,2.11,,,,,,,,,,,,,1.92,,,,,,6.27,,,,,,,,,,,,,,,,,,,,,,,1.44,,,,,,,,,,,,,,,,,,,,,,,,,,,3.34,,,,,2.54,,,,,,,,,,,3.99,65.31,,,,,,,,5.66
IE00BKZGB098,,,,,,,,,,,,,,,,,,,,,,,,,,,,,,,,,,,,,,,,,,,,,,,,,,,,,,,,,,,,,,,,,,,,,,,,,,,,,,,,,,,,,,,,,,,,,,,,,,,,,,,,,,,,,,,,,,,,,,,,,,,,,,,,,,,,,,,,
IE00BL0BLZ15,,,,,1.49,,,,,,,,,,2.02,,,,,,,,,,,,,,,,,,,,,,,,1.9,,,,,,,,,,,,,,,,,,1.18,2.69,,,,,,,,,,,,,,,,,,,,,,,,,,,,,,,,,,,,,,,,,,,,,,,,,,,,,,,,,,,,,,,,,,,,,2.46,35.64,,,,,,,,52.62
IE00BL0BMX65,,,,,,,,,,,,,,,,,,,,1.63,,,,,,,,,,,,,,,,,,1.3,4.66,,,5.12,,,,,,,,,,,,,,,,,,,,,,,,,,,,,,,,,,,,,,,,,,,2.88,,3.47,,,,,,,,,,,,,,,,,,,,,,,,,2.56,,,2.33,,,,,,,,,,,,4.94,8.28,,,,,,,,62.83
IE00BL0BMZ89,,,,,2.98,,,,,,1.13,,,,2.07,,,,,,,,13.17,,,,,,,,,,,,,,,,8.81,,,5.57,,,,,,,,,,,,,1.1,,,,,,5.22,,,,,,,,,,,,,,,,,,,,,,,8.83,,,,,,,,,,,,,,,,,,,,,,,,,,,,,,,1.68,1.02,2.4,,,,,,,,,,8.68,36.34,,,,,,,,1.0
IE00BL0L0D23,,,,,,,,,,,,,,,,,,,,,,,,,,,,,,,,,,,,,,,,,,,,,,,,,,,,,,,2.07,,,,,,,,,,,,,,,,,,,,,,,,,,,,,,,,,,,,,,,,,,,,,,,,,,,,,,,,,,,,,,,,,,,,,,,,2.12,93.5,,,,,,,,2.31
IE00BL0L0H60,,,,,,,,,,,,,,,,,,,,,,,,,,,,,,2.62,,,,,,,,,,,,2.63,,,,,,,,,,,,,4.24,,,,,,,,,,,,,,,,,,,,,,,,,,,,,3.12,,,,,,,,,,,,,,,,,,,,,,,,,,,,,,,,2.48,,,,,,,,,,,,84.84,,,,,,,,0.07
IE00BL2F2474,,1.72,,,,,,,4.54,,,,,,6.62,,,,,,,2.5,1.15,4.12,1.81,,,,,,5.87,,3.85,,,,,,,,,,1.53,,,,,,,2.37,,,2.89,,,,,,,1.23,,,,,,,,,,,,,,,,1.06,,,4.12,,,,1.07,,,3.84,,1.82,1.03,2.33,,,2.14,2.46,2.31,,,,,2.33,,,4.13,,,,,,,5.1,,,1.93,,,,,,,,,6.81,,,,,,,1.5,,,,,,,15.82
IE00BL58LJ19,,,,,0.5671,,,,,,,,0.0294,,0.1952,,,,,2.8598,,,0.4475,,,,,,,,,,,,,,,,0.2055,,,0.7887,,,,,,,0.0198,,,,,,0.6253,,,,,,3.3575,,,,,,,,,,,,,,,,,,0.4305,,,,,0.8692,,,,,,,,,,,,,,,,,,,,,,,,,,,,1.2447,,,,0.481,0.2118,,,,,,,,,,5.5634,82.1031,,,,,,,,0.0006
IE00BL58LL31,,,,,0.5671,,,,,,,,0.0294,,0.1952,,,,,2.8598,,,0.4475,,,,,,,,,,,,,,,,0.2055,,,0.7887,,,,,,,0.0198,,,,,,0.6253,,,,,,3.3575,,,,,,,,,,,,,,,,,,0.4305,,,,,0.8692,,,,,,,,,,,,,,,,,,,,,,,,,,,,1.2447,,,,0.481,0.2118,,,,,,,,,,5.5634,82.1031,,,,,,,,0.0006
IE00BL643144,,,,,,,,,,,,,,,,,,,,,,,,,,,,,,,,,,,,,,,,,,,,,,,,,,,,,,,,,,,,,,,,,,,,,,,,,,,,,,,,,,,,,,,,,,,,,,,,,,,,,,,,,,,,,,,,,,,,,,,,,,,,,,,,,,,,,,,,100.0
IE00BL6K6H97,,,,,,,,,,,,,,,,,,,,,,,1.45,,,,,,,,,,,,,,,,,,,,,,,,,,,,,75.05,,,,,,,,,,,,,,,,,,,,,,,,,,,,,,,,,,,,,,,,,,,,,,,,,,,,,,,,,,,,,,,,,,,,,,,,,,,1.19,3.95,,,2.53,,,,,15.83
IE00BL6K8C82,,,,,,0.5531,,,,,2.182,,,,,,,,,,,,,,,,,,,2.8116,,,,,,,,2.5982,14.2551,,,11.7156,,,,,,,,,,,,,0.6573,,,5.367,,,,,,,,,,,,,,,,,,,,,,,,,,9.5802,,,2.7132,,,,,,,,,0.8297,,,,,,,,,,,,,,,,5.9822,,,5.2268,15.5883,,,,,,,,,,,19.6313,0.0267,,,,,,0.2817,,
IE00BL6K8D99,,,,,,1.1701,,,,,3.9123,,,,,,,,,,,,,,,,,,,,,,,,,,,4.5737,26.1439,,,23.19,,,,,,,,,,,,,0.933,,,10.3851,,,,,,,,,,,,,,,,,,,,,,,,,,17.3543,,,,,,,,,,,,0.9654,,,,,,,,,,,,,,,,11.0035,,,,,,,,,,,,,,,0.0079,0.0277,,,,,,0.3332,,
IE00BLB2GQ94,,,0.0308,0.0029,0.9806,1.0507,0.0014,,0.0334,0.001,1.1385,0.0013,0.0024,0.0015,0.2488,,0.003,,,0.786,,0.0812,0.7223,0.1313,0.0158,0.0024,0.0058,0.1081,,0.1486,0.0351,0.0161,0.0242,0.0107,0.0015,,,1.2943,8.632,0.0016,0.0008,3.4926,0.0105,0.1173,,0.0099,,0.0023,0.0686,0.0893,0.0042,0.4565,0.2487,,1.4768,0.0008,0.004,3.3045,0.0064,0.0076,1.1606,0.0042,0.0086,0.0189,0.0079,0.0028,0.0012,0.0026,0.002,,,,0.4568,,,0.2348,,,0.302,,0.0032,0.0017,0.009,1.1043,0.0362,,0.1883,0.0367,0.0007,0.03,0.0005,0.0094,0.0754,0.0381,0.2333,0.4275,,0.0031,,0.1127,0.0,0.0008,0.1025,0.0035,0.0068,,0.2083,0.001,,0.2562,0.2139,3.536,0.012,0.0019,0.735,0.4886,0.3688,,0.1828,,0.0047,0.0626,,,0.0139,0.0684,8.941,53.8977,0.0353,0.0077,,,0.0021,1.5215,,
IE00BLB2GS19,,,0.0769,0.0072,1.0433,0.2053,0.0035,,0.0832,0.0025,0.3435,0.0032,0.0002,0.0038,0.571,,0.0076,,,0.7484,,0.1718,3.0892,0.1963,0.0393,0.0002,0.0026,0.0903,,0.28,0.0875,0.0403,0.0682,0.0266,0.0001,,,0.3905,3.098,0.004,0.0021,2.0816,0.0262,0.1153,,0.0248,,0.0058,0.2798,0.1473,0.0003,1.6891,0.3131,,0.2995,0.0001,0.0267,1.174,0.016,0.019,4.5336,0.003,0.0214,0.0471,0.0198,0.0175,0.0029,0.0065,0.0049,,,,0.0695,,,0.3466,,,0.4463,,0.008,0.0042,0.0224,1.0921,0.031,,0.2349,0.0915,0.0017,0.0749,0.0013,0.0234,0.1243,0.1014,0.3322,0.1344,,0.0195,,0.1585,0.0,0.002,0.418,0.0086,0.0169,,0.2592,0.0001,,0.62,1.3264,1.2315,0.03,0.0047,0.6797,1.5262,2.2423,,0.2106,,0.0118,0.1355,,,0.0347,0.2606,4.4753,62.0026,0.0881,0.0191,,,0.0053,-0.489,,
IE00BLB2GT26,,,0.1252,0.0118,0.8111,0.7468,0.0058,,0.1369,0.004,0.7128,0.0053,0.0018,0.0062,0.498,,0.0124,,,0.7968,,0.2174,1.8449,0.2551,0.0644,0.002,0.0036,0.1125,,0.2366,0.1442,0.0663,0.0973,0.0437,0.0012,,,0.8289,6.1227,0.0065,0.0034,3.0753,0.0431,0.1046,,0.0405,,0.0094,0.1258,0.2239,0.003,1.0459,0.3828,,0.7439,0.0006,0.0145,2.4893,0.0264,0.0311,2.6706,0.0042,0.0325,0.077,0.0326,0.0094,0.0048,0.0107,0.008,,,,0.2156,,,0.318,,,0.4805,,0.013,0.0068,0.0367,1.107,0.0268,,0.2014,0.1498,0.0028,0.1229,0.0021,0.0384,0.17,0.1548,0.4061,0.3092,,0.0104,,0.2481,0.0,0.0033,0.3861,0.0143,0.0277,,0.1729,0.0008,,0.5096,0.7331,2.7462,0.0494,0.0077,0.6789,1.0274,1.2114,,0.2133,,0.0193,0.1794,,,0.0576,0.2603,6.0282,56.1198,0.1444,0.0318,,,0.0088,0.2122,,
IE00BLCGR455,,,,,,,,,,,,,,,6.08,,,,,,,3.42,2.62,2.14,,,,,,,,,,,,,,,,,,,,,,,,,9.09,,,2.84,,,,,1.47,,,,,,,,,1.28,,,,,,,1.84,,,,,,5.41,,,,,,,,,,,,,,1.71,,,,,1.33,,,,,2.77,,,,2.08,,,1.45,4.16,,,,,,,,,,,2.24,,,,6.16,5.21,3.07,,,,,,,,33.63
IE00BLCH1X54,,,,,,,,,,,,,,,,,,,,,,,,,,,,,,,,,,,,,,,,,,,,,,,,,,,,,,,,,,,,,,,,,,,,,,,,,,,,,,,,,,,,,,,,,,,,,,,,,,,,,,,,,,,,,,,,,,,,,,,,,,,,,,,,98.25,,,,,,1.75,,
IE00BLCHJ534,,,,,,,,,,,,,,,,,,,,,,,,,,,,,,,,,,,,,,,,,,,,,,,,,,,,,,,6.47,,,,,,,,,,,,,,,,,,,,,,,,,,,,,,,,,,,,,,,,,,,,,,,,,,,,,,,,,,,,,,,,,,,,,,,,,92.43,,,,,,,,1.1
IE00BLCHJ641,,,,,,,,,,,,,,,,,,,,,,,,,,,,,,,,,,,,,,,,,,,,,,,,,,,,,,,6.47,,,,,,,,,,,,,,,,,,,,,,,,,,,,,,,,,,,,,,,,,,,,,,,,,,,,,,,,,,,,,,,,,,,,,,,,,92.43,,,,,,,,1.1
IE00BLCHJB90,,,,,,,,,,,,,,,,,,,,,,,5.64,,,,,,,,,,,,,,,1.06,,,,,,,,,,,,,,,,,,,,,,,34.74,,,,,,,,,,,,,,,,,,,,,,,,,,1.3,,,,,,,,,,,,,,,,,,,,,,,,4.07,,,,,10.8,,,,,,,,,,,1.48,36.85,,,,,,,,4.06
IE00BLCHJC08,,,,,,,,,,,,,,,,,,,,,,,5.64,,,,,,,,,,,,,,,1.06,,,,,,,,,,,,,,,,,,,,,,,34.74,,,,,,,,,,,,,,,,,,,,,,,,,,1.3,,,,,,,,,,,,,,,,,,,,,,,,4.07,,,,,10.8,,,,,,,,,,,1.48,36.85,,,,,,,,4.06
IE00BLCHJH52,,,,,,,,,,,,,7.27,,,,,,,4.38,,,2.21,,,,,,,6.13,,,,,,,,,,,,3.4,,,,,,,,,,2.49,4.71,,,,13.56,4.43,,,1.11,,,,,,,,,,,,,,,,,,,,,,,,10.06,,2.48,,,,,,,,,,,,,,,,,,,,,,,,1.78,16.33,,,,,,,1.05,,,,,,,,3.6,7.14,,,,,,,,7.87
IE00BLCHJN13,,,,,8.04,,,,,,,,,,,,,,,,,3.27,35.55,,,,,,,,,,,,,,,,,,,,,,,,,,,,,,,,,,,,,,12.12,,,,,,,,,,,,,,,,,,,,,,,,,,,,,,,,,,,,,,,,,,,,,,,,,,10.74,,,,,,,,,,,,,,,,15.18,12.22,,,,,,,,2.88
IE00BLCHJT74,,,,,,1.27,,,,,,,,,,,,,,,,,,,,,,,,,,,,,,,,,2.69,,,,,,,,,,,,,,,,1.63,,,,,,2.06,,,,,,,,,,,,,,,,,,,,,,,1.59,,,1.16,,,,,,,,,,,,,,,,,,,,,,,,,,,,1.24,17.62,10.38,,,,,,,,,,,54.75,,,,,,,,5.61
IE00BLCHJZ35,,,,,1.41,,,,,,,,,,,,,,,,,,,,,,,,,,,,,,,,,,,,,,,,,,,,,,,,,,,,,,,,,,,,,,,,,,,,,,,,,,,,,,,4.03,1.57,,,,,,,,,,,,,,,,,,,,,,,,,,,,,,,1.08,,,,,,,,,,,1.49,80.94,,,,,,,,9.48
IE00BLCHK052,,,,,1.41,,,,,,,,,,,,,,,,,,,,,,,,,,,,,,,,,,,,,,,,,,,,,,,,,,,,,,,,,,,,,,,,,,,,,,,,,,,,,,,4.03,1.57,,,,,,,,,,,,,,,,,,,,,,,,,,,,,,,1.08,,,,,,,,,,,1.49,80.94,,,,,,,,9.48
IE00BLDGH447,,,,,,6.3082,,,,,2.5997,,,,,,,,,,,,,,,,,,,,,,,,,,,3.6754,29.7342,,,14.6658,,,,,,,,,,,,,1.4849,,,17.552,,,,,,,,,,,,,,,,,,,,,,,,,,1.1665,,,,,,,,,,,,2.1814,,,,,,,,,,,,1.1405,,,,19.3077,,,,,,,,,,,,,,,0.0035,,,,,,,0.1802,,
IE00BLDGH553,,,,,,6.3082,,,,,2.5997,,,,,,,,,,,,,,,,,,,,,,,,,,,3.6754,29.7342,,,14.6658,,,,,,,,,,,,,1.4849,,,17.552,,,,,,,,,,,,,,,,,,,,,,,,,,1.1665,,,,,,,,,,,,2.1814,,,,,,,,,,,,1.1405,,,,19.3077,,,,,,,,,,,,,,,0.0035,,,,,,,0.1802,,
IE00BLDGHF56,,,,,,,,,,,,,,,,,,,,,,,,,,,,,,,,,,,,,,,,,,,,,,,,,,,,,,,,,,,,,,,,,,,,,,,,,,,,,,,,,,,,,,,,,,,,,,,,,,,,,,,,,,,,,,,,,,,,,,,,,,,,,,,,,,,,,,,,
IE00BLDGHQ61,,,,,,,,,,,,,,,,,,,,,,,,,,,,,,,,,,,,,,,,,,,,,,,,,,,,,,,,,,,,,,,,,,,,,,,,,,,,,,,,,,,,,,,,,,,,,,,,,,,,,,,,,,,,,,,,,,,,,,,,,,,,,,,,,,,,,,,,
IE00BLDGHT92,,,,,,,,,,,,,,,,,,,,,,,,,,,,,,,,,,,,,,,,,,,,,,,,,,,,,,,,,,,,,,,,,,,,,,,,,,,,,,,,,,,,,,,,,,,,,,,,,,,,,,,,,,,,,,,,,,,,,,,,,,,,,,,,,,,,,,,,
IE00BLDGHX39,,,,,,,,,,,,,,,,,,,,,,,,,,,,,,,,,,,,,,,,,,,,,,,,,,,,,,,,,,,,,,,,,,,,,,,,,,,,,,,,,,,,,,,,,,,,,,,,,,,,,,,,,,,,,,,,,,,,,,,,,,,,,,,,,,,,,,,,
IE00BLF7VX27,,,,,0.7576,,,,,,1.0766,,,,0.2353,,,,,4.9733,,0.2126,0.2099,,,,,,,,,,,,,,,0.1019,0.288,,,1.152,,,,,,,,,,,,,0.1048,,,0.0717,,,0.5002,,,,,,,,,,,,,0.3722,,,,,0.0572,,,,,0.312,,,,,,,,,,,,,,,,,,,,,,,,,,,,3.7921,,,,0.1604,0.964,,,,,,,,,,8.6012,76.0499,,,,,,,0.0069,
IE00BLNMYC90,,,,,,,,,,,,,,,,,,,,,,,,,,,,,,,,,,,,,,,,,,,,,,,,,,,,,,,1.0401,,,,,,,,,,,,,,,,,,,,,,,,,,,,,0.1469,,,,,,,,,,,,,,,,,,,,,,,,,,,,,,,,-0.0001,,,,,,,,,,,0.0077,98.8017,,,,,,,,0.0036
IE00BLPK3577,,,,,,,,,,,,,,,,,,,,,,,,,,,,,,,,,,,,,,,,,,,,,,,,,,,,,,,,,2.86,,,,5.15,,,,,,,,,,,,,,,,,,,,,,,,,,,,,,,,,,,,,,,,,,,,,,,,,,,,,,,,,,,,,,,,,,,91.66,,,,,,,,0.33
IE00BLR6Q544,,,,,,,,,,,,,,,,,,,,,,,16.26,,,,,,,,,,,,,,,,4.05,,,,,,,,,,3.41,,,,,,,,,,,,28.19,,,,,,,,,,,,,,,,,,,,,,,,,,,,,,,,,,4.34,,,,,,,,,,,,,,,,13.67,,,,3.28,,5.78,,,,,,,,,,,20.44,,,,,,,,0.58
IE00BLR6Q650,,,,,,,,,,,,,,,,,,,,,,,16.26,,,,,,,,,,,,,,,,4.05,,,,,,,,,,3.41,,,,,,,,,,,,28.19,,,,,,,,,,,,,,,,,,,,,,,,,,,,,,,,,,4.34,,,,,,,,,,,,,,,,13.67,,,,3.28,,5.78,,,,,,,,,,,20.44,,,,,,,,0.58
IE00BLR6QB00,,,,,4.95,,,,,,,,,,,,,,,,,,3.74,,,,,,,,,,,,,,,,,,,,,,,,,,2.52,,,,,,,,,,,,,,,,,,,,,,,,,,,,,,,,,,,3.65,,,,,,,,,,,,,,,,,,,,,,,,,,,,,,,,,,,,,,,,,,,,79.59,,,,,,,,5.55
IE00BLR6QC17,,,,,4.95,,,,,,,,,,,,,,,,,,3.74,,,,,,,,,,,,,,,,,,,,,,,,,,2.52,,,,,,,,,,,,,,,,,,,,,,,,,,,,,,,,,,,3.65,,,,,,,,,,,,,,,,,,,,,,,,,,,,,,,,,,,,,,,,,,,,79.59,,,,,,,,5.55
IE00BLRB0028,,,,,,1.02,,,,,1.03,,,,,,,,,2.73,,0.98,12.6,,,,,,,3.06,,,,,,,,0.84,3.9,,,3.68,,,,,,,0.64,,,,,,1.44,,2.71,2.97,,,5.46,,,,,,,,,,,,,,,,,,,,,,,1.03,1.1,,,,,,,,,,,,,,,,,,,,,,,,,1.0,7.76,4.46,,,0.99,1.05,14.77,,,,,,,,,,1.32,23.35,,,,,,0.11,,
IE00BLRB0242,,,,,,1.02,,,,,1.03,,,,,,,,,2.73,,0.98,12.6,,,,,,,3.06,,,,,,,,0.84,3.9,,,3.68,,,,,,,0.64,,,,,,1.44,,2.71,2.97,,,5.46,,,,,,,,,,,,,,,,,,,,,,,1.03,1.1,,,,,,,,,,,,,,,,,,,,,,,,,1.0,7.76,4.46,,,0.99,1.05,14.77,,,,,,,,,,1.32,23.35,,,,,,0.11,,
IE00BLRPN388,,,,,,,,,,,,,,,4.05,,,,,,,,18.36,,,,,,,,,,,,,,,,,,,,,,,,,,,,,12.05,,,,,,,,,,,,,,,,,,,,,,,,1.07,,,1.83,,,,,,,,,,,,,,,,,,,,,,,,1.72,,,,,,,2.37,23.29,,,,,,26.15,,1.11,,,,,,,,,,,,,,,,,8.0
IE00BLRPPV00,,,,,,,,,,,,,,,,,,,,,,,,,,,,,,,,,,,,,,,,,,,,,,,,,,,,,,,,,,,,,,,,,,,,,,,,,,,,,,,,,,,,,,,,,,,,,,,,,,,,,,,,,,,,,,,,,,,,,,,,,,,,,,,,31.64,,,,,,,,68.36
IE00BLRPQH31,,,,,1.17,,,,,,,,,,,,,,,,,,5.13,,,,,,,,,,,,,,,,,,,4.16,,,,,,,,,,,,,2.67,,,,,,7.86,,,,,,,,,,,,3.05,,,,,,,,,,,,,,4.32,,,,,,,,,,,,,,,,,,,,,,,,,,,,2.61,9.76,1.58,,,,,,,,,,4.04,51.98,,,,,,,,1.67
IE00BLRPQK69,,,,,,,,,,,,,,,,,,,,,,,,,,,,,,,,,,,,,,,,,,,,,,,,,,,,,,,,,,,,,,,,,,,,,,,,,,,,,,,,,,,,,,,,,,,,,,,,,,,,,,,,,,,,,,,,,,,,,,,,,,,,,,,89.86,,,,,,,,,10.14
IE00BLRPQL76,,,,,,,,,,,,,,,,,,,,,,,78.81,,,,,,,,,,,,,,,,,,,,,,,,,,,,,,,,,,,,,,,,,,,,,,,,,,,,,,,,,,,,,,,,,,,,,,,,,,,,,,,,,,,,,,,,,,,,,,,,,,,,,,,,,,,,,,,,,21.19
IE00BLRPQM83,,,,,,,,,,,,,,,,,,,,,,,,,,,,,,1.4,,,,,,,,,6.21,,,2.58,,,,,,,,,,,,,,,,,,,,,,,,,,,,,,,,,,,,,,,,,,2.46,,,,,,,,,,,,,,,,,,,,,,,,,,,,2.29,,,,1.46,,,,,,,,,,,49.25,15.62,,,,,,,,18.73
IE00BLRPQN90,,,,,,,,,,,,,,,,,,,,,,,,,,,,,,,,,,,,,,,4.62,,,7.64,,,,,,,,,,,,,,,,1.36,,,,,,,,,,,,,,,,,,,,,,,,,,1.31,,,,,,,,,,,,,,,,,,,,,,,,,,,,,,,,2.43,,,,,,,,,,,4.17,66.78,,,,,,,,11.69
IE00BLRPQP15,,,,,,,,,,,,,,,,,,,,,,,,,,,,,,,,,,,,,,,4.62,,,7.64,,,,,,,,,,,,,,,,1.36,,,,,,,,,,,,,,,,,,,,,,,,,,1.31,,,,,,,,,,,,,,,,,,,,,,,,,,,,,,,,2.43,,,,,,,,,,,4.17,66.78,,,,,,,,11.69
IE00BLRPRD67,,,,,1.79,,,,,,,,,,,,,,,3.03,,,,,,,,,,,,,,,,,,,1.25,,,1.82,,,,,,,,,,,,,,,,,,,2.34,,,,,,,,,,,,,,,,,,,,,,,1.09,,,,,,,,,,,,,,,,,,,,,,,,,,,,1.16,,,,,,,,,,,,,,,3.78,63.19,,,,,,,,20.55
IE00BLRPRF81,,,,,,,,,,,,,,,6.08,,,,,,,3.42,2.62,2.14,,,,,,,,,,,,,,,,,,,,,,,,,9.09,,,2.84,,,,,1.47,,,,,,,,,1.28,,,,,,,1.84,,,,,,5.41,,,,,,,,,,,,,,1.71,,,,,1.33,,,,,2.77,,,,2.08,,,1.45,4.16,,,,,,,,,,,2.24,,,,6.16,5.21,3.07,,,,,,,,33.63
IE00BLRPRJ20,,,,,,,,,,,,,,,,,,,,,,,,,,,,,,,,,,,,,,,,,,,,,,,,,,,,,,,,,,,,,,,,,,,,,,,,,,,,,,,,,,,,,,,,,,,,,,,,,,,,,,,,,,,,,,,,,,,,,,,,,,,,,,,,,,,,,,,,
IE00BLRPRL42,,,,,,,,,,,,,,,,,,,,,,,,,,,,,,,,,,,,,,,,,,,,,,,,,,,,,,,,,,,,,,,,,,,,,,,,,,,,,,,,,,,,,,,,,,,,,,,,,,,,,,,,,,,,,,,,,,,,,,,,,,,,,,,,,,,,,,,,
IE00BLRPRR04,,,,,,1.53,,,,,1.76,,,,4.26,,,,,3.12,,,,,,,,,,1.19,,,,,,,,2.33,8.19,,,4.28,,,,,,,,,,,,,2.36,,1.03,3.3,,,8.74,,,,,,,,,,,,,,,,,,,,,,,2.12,1.83,,1.66,,,,,,,,,,,,,,,,,,,,,,,,2.62,1.04,,,6.19,1.1,,,,,,,,,,,5.8,32.29,,,,,,,,3.26
IE00BLS09N40,,,,,,,,,,,,,,,,,,,,,,,,,,,,,,,,,,,,,,,,,,,,,,,,,,,,,,,,,,,,,,,,,,,,,,,,,,,,,,,,,,,,,,,,,,,,,,,,,,,,,,,,,,,,,,,,,,,,,,,,,,,,,,,,,,,,,,,,
IE00BLSN7N96,,,,,,,,,,,,,,,,,,,,,,,,,,,,,,,,,,,,,,,,,,,,,,,,,,,,,,,4.76,,,,,,,,,,,,,,,,,,,,,,,,,,,,,,,,,,,,,,,,,,,,,,,,,,,,,,,,,,,,,,,,,,,,,,,,,94.24,,,,,,,,1.0
IE00BLSN7P11,,,,,,,,,,,,,,,,,,,,,,,,,,,,,,,,,,,,,,,,,,,,,,,,,,,,,,,4.76,,,,,,,,,,,,,,,,,,,,,,,,,,,,,,,,,,,,,,,,,,,,,,,,,,,,,,,,,,,,,,,,,,,,,,,,,94.24,,,,,,,,1.0
IE00BLSN7W87,,,,,,,,,,,,,,,,,,,,,,,,,,,,,,,,,,,,,,,,,,,,,,,,,,,,,,,4.76,,,,,,,,,,,,,,,,,,,,,,,,,,,,,,,,,,,,,,,,,,,,,,,,,,,,,,,,,,,,,,,,,,,,,,,,,94.24,,,,,,,,1.0
IE00BLSN7X94,,,,,,,,,,,,,,,,,,,,,,,,,,,,,,,,,,,,,,,,,,,,,,,,,,,,,,,4.76,,,,,,,,,,,,,,,,,,,,,,,,,,,,,,,,,,,,,,,,,,,,,,,,,,,,,,,,,,,,,,,,,,,,,,,,,94.24,,,,,,,,1.0
IE00BLSNMW37,,,,,0.15,,,,,,,,0.26,,0.03,,,,,1.13,,,2.62,,,,,,,0.44,,,,,,,,,1.36,,0.04,0.05,,,,,,,0.03,,,,0.01,,1.27,,0.08,0.01,,,12.95,,,,,,,,,,,,0.74,,,,,,0.1,,,,,2.27,0.07,,0.97,,,,,,,,,,0.28,,,,,,,,,,0.01,,,0.02,0.21,0.42,,,0.15,0.61,0.14,,0.11,,,,,,,,4.5,68.99,,,,,,,,
IE00BM67HK77,,,,,1.0358,,,,,,0.4018,,,,,,,,,,,,,,,,,,,2.1129,,,,,,,,0.1147,2.0631,,,1.5057,,,,,,,0.0,,,,,,1.6465,,0.498,0.0734,,,3.2974,,,,,,,,,,,,0.107,,,,,,,,,,,1.0687,0.1781,,,,,,,,,,,,,,,,,,,,,,,,,,,,,,0.1016,9.8684,,,,,,,,,,0.0,4.1772,71.712,,,,,,,,0.0376
IE00BM67HM91,,,,,1.715,0.3125,,,,,,,,,,,,,,14.6046,,,,,,,,,,,,,,,,,,0.4201,4.809,,,,,,,,,,,,,,,,,,0.0,1.3461,,,1.3058,,,,,,,,,,,,0.2267,,,,,,,,,,,6.9377,,,1.2399,,,,,,,,,0.2707,,,,,,,,,,,,,,,,0.9384,,,,0.0,,,,,,,,,,,3.8795,61.8556,,,,,,,,0.1385
IE00BM67HQ30,,,,,1.0824,0.2018,,,,,0.2817,,,,,,,,,3.2924,,,,,,,,,,0.4316,,,,,,,,0.4613,3.3722,,,3.9071,,,,,,,1.8853,,,,,,0.2172,,0.7333,5.3053,,,2.1554,,,,,,,,,,,,,,,,,,,,,,,,0.4242,,,,,,,,,,,0.6932,,,,,,,,,,,0.1983,,,,,8.5109,,,,0.1421,,,,,,,,,,,6.8389,59.8114,,,,,,,,0.0542
IE00BM67HR47,,,,,0.6267,,,,,,,,,,,,,,,0.5922,,,,,,,,,,0.0003,,,,,,,,0.1345,1.4069,,,2.875,,,,,,,0.1237,,,,,,0.2118,,0.0001,0.3462,,,7.83,,,,,,,,,,,,1.9579,,,,,,,,,,,0.8082,0.0051,,0.2078,,,,,,,,,,,,,,,,,,,,0.6057,,,,,0.6935,,,0.4815,0.4792,,,,,,,,,,,1.47,79.0864,,,,,,,,0.0573
IE00BM67HS53,,,,,17.7209,,,,,,0.2101,,,,2.3697,,,,,12.8554,,1.1113,,,,,,,,0.7283,,,,,,,,0.6467,3.9527,,,3.1042,,,,,,,,,,,,,3.2008,,0.1279,0.1129,,,6.4829,,,,,,,,,,,,0.9867,,,,,,,,,,,0.3467,0.0003,,0.4025,,,,,,,,,,,,,,,,,,,,,,,,,,,,0.7291,5.1657,,,,,,,,,,,9.6147,29.3589,,,,,0.7029,,,0.0686
IE00BM67HV82,,,,,0.5847,,,,,,,,,,,,,,,2.5985,,,0.166,,,,,0.0327,,0.9021,,,,,,,,0.4575,5.4696,,,5.739,,,,,,,0.4368,,,,,,4.0311,,0.2075,0.6524,,,12.0686,,,,,,,,,,,,,,,,,,,,,,,1.8492,0.0873,,0.1402,,,,,,,,0.0426,,,,,,,,,,,,0.4081,,,,,0.4343,,,3.3316,2.5043,,,,,,,,,,,4.529,53.2882,,,,,,,,0.0388
IE00BM8QRY62,,,,,,,,,,,,,,,,,,,,,,,,,,,,,,,,,,,,,,,,,,,,,,,,,,,,,,,,,,,,,,,,,,,,,,,,,,,,,,,,,,,,0.15,,,,,,,,,,,,,,,,,,,,,,,,,,,,,,,,0.19,,,,,,,,,,,,99.5,,,,,,0.17,,
IE00BM8QRZ79,,,,,,,,,,,,,,,,,,,,1.76,,,12.43,,,,,,,,,,,,,,,,,,,2.91,,,,,,,,,,1.35,,,,,17.61,,,,2.04,,,,,,,,,,,,,,,,,,,,,,,,,,1.96,,,,,,,,,,,,,,,,,,,,,,,1.87,1.59,5.33,,,,,4.53,,0.63,,,0.88,,,,,,45.13,,,,,,-0.02,,
IE00BM8QS095,,,,,,,,,,,,,,,,,,,,,,,99.95,,,,,,,,,,,,,,,,,,,,,,,,,,,,,,,,,,,,,,,,,,,,,,,,,,,,,,,,,,,,,,,,,,,,,,,,,,,,,,,,,,,,,,,,,,,,,,,,,,,,,,,,,,,,,,,0.05,,
IE00BM8R0H36,,,,,,,,,,,,,,,,,,,,,,,,,,,,,,,,,,,,,,,,,,,,,,,,,,,,,,,,,,,,,,,,,,,,,,,,,,,,,,,,,,,,1.54,,,,,,,,,,,,,,,,,,,,,,,,,,,,,,,,,,,,,,,,,,,1.97,96.14,,,,,,,,0.35
IE00BM8R0J59,,,,,,,,,,,,,,,,,,,,,,,,,,,,,,,,,,,,,,,,,,,,,,,,,,,,,,,,,,,,,,,,,,,,,,,,,,,,,,,,,,,,1.54,,,,,,,,,,,,,,,,,,,,,,,,,,,,,,,,,,,,,,,,,,,1.97,96.14,,,,,,,,0.35
IE00BM8R0N95,,,,,,,,,,,,,,,,,,,,,,,1.55,,,,,,,,,,,,,,,,,,,2.91,,,,,,,,,,,,,,,,,,,,,,,,,,,,,,,,,,,,,,,,,,5.64,,,,,,,,,,,,,,,,,,,,,,,,,,,,,,,,3.36,,,,,,,,,,,1.64,83.99,,,,,,,,0.91
IE00BM97MR69,,,,,,,,,,,,,,,,,,,,,,,,,,,,,,,,,,,,,,,,,,,,,,,,,,,,,,,0.2817,,,,,,,,,,,,,,,,,,,,,,,,-0.0286,,,,,,,,,,,,,,,,,,,,,,,,,,,,,,,,,,,,,,,,,,,,,,,,,99.7469,,,,,,,,0.0001
IE00BM9GRM34,,,,,,,,,,,,,,,,,,,,,,1.08,,,,,,,,1.35,,,,,,,,,4.56,,,1.8,,,,,,,,,,,,,,,,1.65,,,1.15,,,,,,,,,,,,,,,,,,,,,,,1.59,,,,,,,,,,,,,,,,,,,,,,,,,,,,,,,2.64,2.09,,,,,,,,,,,3.5,49.52,,,,,,,,29.07
IE00BM9GRN41,,,,,,,,,,,,,,,,,,,,,,1.08,,,,,,,,1.35,,,,,,,,,4.56,,,1.8,,,,,,,,,,,,,,,,1.65,,,1.15,,,,,,,,,,,,,,,,,,,,,,,1.59,,,,,,,,,,,,,,,,,,,,,,,,,,,,,,,2.64,2.09,,,,,,,,,,,3.5,49.52,,,,,,,,29.07
IE00BM9GRP64,,,3.32,,,,,,3.98,,,,,,3.69,,,,,,,4.31,1.67,,1.2,,,,,,4.13,2.88,1.74,,,,,,,,,,,,,1.26,,,,2.62,,,4.22,,,,,,,,,,1.07,,,,,,,,,,,,,1.26,,,1.8,,,,,,,,,4.62,,2.88,,,1.87,4.4,4.06,,,,,3.76,,,4.39,,,,,,,2.08,,,1.2,,,,,,,,,3.07,,,1.26,2.22,,,4.14,1.38,,,,,,19.52
IE00BM9GRQ71,,,3.32,,,,,,3.98,,,,,,3.69,,,,,,,4.31,1.67,,1.2,,,,,,4.13,2.88,1.74,,,,,,,,,,,,,1.26,,,,2.62,,,4.22,,,,,,,,,,1.07,,,,,,,,,,,,,1.26,,,1.8,,,,,,,,,4.62,,2.88,,,1.87,4.4,4.06,,,,,3.76,,,4.39,,,,,,,2.08,,,1.2,,,,,,,,,3.07,,,1.26,2.22,,,4.14,1.38,,,,,,19.52
IE00BM9TSP27,,,,,,,,,,,,,,,2.03,,,,,,,,15.07,,,,,,,,,,,,,,,,,,,,,,,,,,,,,11.7,,,,,,,,,,,,,,,,,,,,,,,,1.07,,,2.28,,,,,,,,,,,,,,,,,,,,,,,,2.42,,,,,,,3.26,21.83,,,,,,23.31,,1.48,,,,,,,,,,,,,,,,,15.55
IE00BM9TV208,,,,,1.75,,,,,,1.18,,,,,,,,,10.87,,,,,,,,,,,,,,,,,,3.36,3.24,,,3.41,,,,,,,,,,,,,1.4,,,2.18,,,16.74,,,,,,,,,,,,,,,,,,,,,,,,,,2.16,,,,,,,,,,,,,,,,,,,,,,,,2.44,,,,,8.08,,,,,,,,,,,13.67,26.74,,,,,,,,2.78
IE00BMBKBZ46,,,,,,,,,,,,,,,,,,,,,,,,,,,,,,,,,,,,,,,,,,,,,,,,,,,,,,,0.0486,,,,,,,,,,,,,,,,,,,,,,,,,,,,,,,,,,,,,,,,,,,,,,,,,,,,,,,,,,,,,,,,,,,,,,,,0.0057,99.9438,,,,,,0.0019,,
IE00BMC38736,,,,,,,,,,,,,,,,,,,,,,,,,,,,,,,,,,,,,,,,,,,,,,,,,,,,,,,,,,,,,,,,,,,,,,,,,,,,,,,,,,,,10.3,,,,,,,,,,,,,,,,,,,,,,,,,,,,,,,,,9.9,,,,,,,,,,,79.1,,,,,,,,0.7
IE00BMC5DV85,,,,,,,,,,,,,,,,,,,,,,,,,,,,,,,,,,,,,,,,,,,,,,,,,,,,,,,,,,,,,,,,,,,,,,,,,,,,,,,,,,,,,,,,,,,,,,,,,,,,,,,,,,,,,,,,,,,,,,,,,,,,,,,,,,,,,,,,
IE00BMC5DW92,,,,,,,,,,,,,,,,,,,,,,,,,,,,,,,,,,,,,,,,,,,,,,,,,,,,,,,,,,,,,,,,,,,,,,,,,,,,,,,,,,,,,,,,,,,,,,,,,,,,,,,,,,,,,,,,,,,,,,,,,,,,,,,,,,,,,,,,
IE00BMC7BF44,,,,,,,,,,,,,,,,,,,,,,,99.916,,,,,,,,,,,,,,,,,,,,,,,,,,,,,,,,,,,,,,,,,,,,,,,,,,,,,,,,,,,,,,,,,,,,,,,,,,,,,,,,,,,,,,,,,,,,,,,,,,,,,,,,,0.0817,,,,,,0.0023,,
IE00BMCZLH06,,,,,,,,,,,,,,,,,,,,,,,,,,,,,,,,,,,,,,,,,,,,,,,,,,,,,,,0.1534,,,,,,,,,,,,,,,,,,,,,,,,,,,,,,,,,,,,,,,,,,,,,,,,,,,,,,,,,,,,,0.0067,,,,,,,,,,,0.0084,-0.036,,,,,,0.0102,99.8573,
IE00BMCZLJ20,,,,,0.2937,0.0466,,,,,0.7434,,,,,,,,,3.7717,,,,,,,,,,0.1681,,,,,,,,0.832,2.4975,,,1.6685,,,,,,,1.4049,,,,,,0.354,,0.8528,0.5643,,,10.5607,,,,,,,,,,,,,,,,,,,,,,,1.1836,0.1271,,,,,,,,,,,0.1309,,,,,,,,,,,1.2517,,,,,1.2268,,,0.1332,3.066,,,,,,,,,,,1.4247,67.6441,,,,,,0.0536,,
IE00BMD8KM66,,,,,,,,,,,,,,,,,,,,,,,,,,,,,,,,,,,,,,,,,,,,,,,,,,,,,,,,,,,,,,,,,,,,,,,,,,,,,,,,,,,,,,,,,,,,,,,,,,,,,,,,,,,,,,,,,,,,,,,,,,,,,,,,12.91,,,,,,,,87.09
IE00BMD8KP97,,,,,0.75,,,,,,,,,,,,,,,,,,2.06,,,,,,,0.77,,,,,,,,,,,,0.63,,,,,,,,,,,,,,,3.6,0.57,,,,,,,,,,,,,,,,,,,,,,,,,,1.4,,,,,,,,,,,,,,,,,,,,,,,0.68,,,,,,,,,0.67,,,,,,,,,,,,88.89,,,,,,-0.01,,
IE00BMDBMG37,,,,,,0.1854,,,,,1.2129,,,,,,,,,,,,,,,,,,,3.6994,,,,,,,,2.5795,18.2402,,,10.4098,,,,,,,,,,,,,0.7578,,,2.1215,,,,,,,,,,,,,,,,,,,,,,,,,,16.0109,,,1.6488,,,,,,,,,0.8362,,,,,,,,,,,,,,,,3.2073,,,4.4151,22.0882,,,,,,,,,,,12.7303,0.018,,,,,,-0.1613,,
IE00BMDBMK72,,,,,59.9115,,,,,,,,,,,,,,,,,,,,,,,,,,,,,,,,,,,,,,,,,,,,19.8444,,,,,,0.0432,,,,,,,,,,,,,,,,,,,,,,,,,,,,,,3.5988,,,,,,,,,,,,,,,,,,,,,,16.4717,,,,,,,,,,,,,,,,,,,,0.0037,0.1261,,,,,,0.0006,,
IE00BMDBMN04,,,,,0.322,2.4795,,,,,3.2567,,,,,,,,,0.3997,,0.2165,,,,,,0.1629,,1.4922,,,,,,,,1.3777,16.1231,,,22.4144,,0.4048,,,,,0.6604,0.6945,,,,,3.1424,,,8.0665,,,0.6492,,,,,,,0.0793,,,,0.0791,0.7865,,,,,,,,,,,8.8256,0.1362,,2.2667,,,,,,,,0.8391,0.8892,,,,0.2415,,,0.1578,,,,0.1011,0.1646,,,0.3974,5.4294,,,2.3728,0.0686,,,,,,,,,,0.1578,1.6862,1.2257,,,,,,0.0094,12.2236,
IE00BMDBMT65,,,,,61.62,,,,,,,,,,,,,,,,,,2.3,,,,,,,,,,,,,,,,,,,,,,,,,,13.56,,,,,,,,,,,,,,,,,,,,,,,,,0.4,,,,,,,,,,,2.64,,,,,,,,,,,,,,,,,,,,,,19.39,,,,,,,,,,,,,,,,,,,,,,,,,,,0.09,,
IE00BMDBMV87,,,,,,,,,,,,,,,,,,,,,,,,,,,,,,,,,,,,,,,,,,,,,,,,,,,,,,,,,,,,,100.02,,,,,,,,,,,,,,,,,,,,,,,,,,,,,,,,,,,,,,,,,,,,,,,,,,,,,,,,,,,,,,,,,,,,,,,,,-0.02,,
IE00BMDBMW94,,,,,,0.88,,,,,1.79,,,,0.04,,,,,,,,0.63,,,,,,,2.76,,,,,,,,2.53,13.72,,,16.12,,,,0.03,,,,,,,,,1.03,,,7.14,,,,,,,,,,,,,,,0.36,,,,,,,,,,,10.45,,,1.27,,,,,,,,0.05,0.44,,,,,,,,,,,0.26,,,,0.03,9.33,,,5.67,12.96,,,,,,,,,,,0.3,12.11,,,,,,0.08,,
IE00BMDBMY19,,,,,0.42,,,,,,,,,,3.67,,,,,,,0.42,25.2,0.27,,,,0.1,,,,,0.14,,,,,,,,,,,0.88,,,,,,0.34,,12.03,0.5,,,,,,,,,,,,,0.62,,,,,,,,,,1.6,,,2.16,,,,,,,,,,,,,,0.4,0.28,1.37,,,0.41,,0.09,,,3.17,,,,,,,4.55,17.46,,,,,,20.22,,1.19,,,0.28,,,,1.58,,0.38,,,,,,0.24,,
IE00BMDFDY08,,,,,1.0249,,,,,,0.1034,,,,,,,,,4.4268,0.1736,,,0.2998,,,,,,0.3389,,,,,,,,,0.1312,,,0.1425,,,,,,,,,,,,,1.4124,,,0.4054,,,1.5509,0.0837,,,,,,,,,,,0.1425,,,,,,,,,,,0.7879,,,0.0753,,,,,,,,,,,,,,,,,,,,,,,,,0.0843,,,,,,,,,,,,,,,2.0484,86.7609,,,,,,0.007,,
IE00BMDH1538,,,,,,,,,,,,,,,,,,,,5.05,,,1.52,,,,,,,,,,,,,,,,8.12,,,,,,,,,,,,,,,,,,,7.54,,,17.6,,,,,,,,,,,,,,,,,,,,,,,,,,2.03,,,,,,,,,,,,,,,,,,,,,,,,7.2,,,,,,,,,,,,,,,,18.74,30.66,,,,,,,,1.54
IE00BMDKNW35,,,,,6.33,,,,,,,,,,,,,,,,3.15,,,,,,,,,,,,,,,,,,,,,,,,,,,,2.64,,,,,,,,,,,,2.82,,,,,,,,,,,,,,,,,,,,,,,,,,,,,,,,,,,,,,,,,,,,,,4.52,,,,,,,,,,,,,,,,,,,,,80.55,,,,,,,,
IE00BMDPBY65,,,,,,,,,,,1.55,,,,,,,,,,,,,,,,,,,3.76,,,,,,,,2.62,14.31,,,10.77,,,,,,,,,,,,,,,,5.15,,,,,,,,,,,,,,,,,,,,,,,,,,8.77,,,2.83,,,,,,,,,,,,,,,,,,,,,,,,,6.88,,,5.66,15.25,,,,,,,,,,,19.08,,,,,,,,,3.37
IE00BMDPBZ72,,,,,,,,,,,,,,,,,,,,,,,,,,,,,,,,,,,,,,,,,,,,,,,,,,,,,,,1.52,,,,,,,,,,,,,,,,,,,,,,,,,,,,,,,,,,,,,,,,,,,,,,,,,,,,,,,,,,,,,,,,,,,,,,,,,98.07,,,,,,,,0.41
IE00BMDV7354,,,,,11.39,,,,,,,,,,,,,,,,,,19.63,,,,,,,,,,,,,,,,,,,,,,,,,,3.53,,,10.23,,,,,,,,,,,,,,,,,,,,,,,,,,,,,,,,,,,,,,,,,,,,,,,,,,,,,,,3.17,,,,23.54,,,,,,25.94,,,,,,,,,,,,,,,,,,,2.57
IE00BMDV7578,,,,,,,,,,,,,,,,,,,,,,,98.87,,,,,,,,,,,,,,,,,,,,,,,,,,,,,,,,,,,,,,,,,,,,,,,,,,,,,,,,,,,,,,,,,,,,,,,,,,,,,,,,,,,,,,,,,,,,,,,,,,,,,,,,,,,,,,,,,1.13
IE00BMDWYZ92,,,,,1.88,,,,,,,,,,,,,,,4.96,,,,,,,,,,,,,,,,,,,1.44,,,1.62,,,,,,,,,,,,,,,,,,,6.39,,,,,,,,,,,,,,,,,,,,,,,2.81,,,,,,,,,,,,,,,,,,,,,,,,,,,,1.78,,,1.13,2.7,,,,,,,,,,,1.83,58.9,,,,,,,,14.56
IE00BMFJGP26,,,,,,3.4189,,,,,4.9135,,,,,,0.2744,,,,,,,,,0.3732,0.116,,,,,,,,0.042,,,1.7465,24.0484,,,19.1004,,1.0184,,,,,,,,,,,1.6351,,,21.8355,,,,,,,,,,0.1684,,,,0.2468,0.1798,,,,,,,,,,,3.9716,,,,,,,,,,,,1.924,,,,,,,,,,,,0.7689,0.3762,,,13.8571,,,,0.0003,,,,,,,,,,,0.0042,0.0001,,,,,,-0.0198,,
IE00BMFNW783,,,,,3.04,,,,,,,,5.1,,,,,,,1.17,,,3.55,,,,,,,,,,,,,,,,2.57,,,1.66,,,,,,,,,,,,,4.49,,,,,,5.45,,,,,,,,,,,,,,,,,,,,,,,,,,,,,,,,,,,,,,,,,,,,,,3.7,,,,,2.83,,,,,,,1.09,,,,,,,,11.25,48.23,,,,,,,,5.87
IE00BMG6Z448,,,,,,,,,,,,,,,0.0051,,,,,,,0.5879,,0.2294,,,,0.1606,,,,,0.0829,,,,,,,,,4.9433,,0.7331,,,,,,0.4566,,14.5504,0.6253,,,,,,,,,,,,,0.7163,,,,,,,,,,1.2363,,,2.15,,,,,,,,,,,,,,0.5241,0.3773,1.5238,,,0.5928,,,,,3.1999,,,,,,,4.2244,25.057,,,,,,34.5049,,1.2418,,,0.5102,,,,1.5575,0.0022,0.1965,,,,,,0.0102,,
IE00BMG8GR03,,,,,,,,,,,,,,,,,,,,2.79,,,,,,,,,,,,,,,,,,,3.06,,,1.75,,,,,,,,,,,,,1.16,,,1.04,,,6.65,,,,,,,,,,,,,,,,,,,,,,,1.33,,,,,,,,,,,,,,,,,,,,,,,1.12,,,,,1.4,,,,4.06,,,,,,,,,,,3.44,69.24,,,,,,,,2.96
IE00BMH5VP31,,,,,1.047,0.1014,,,,,0.7218,,,,,,,,,2.0317,,,,,,,,,,0.1169,,,,,,,,0.8848,1.9462,,,2.1664,,,,,,,1.3717,,,,,,0.186,,0.8536,0.6426,,,10.609,,,,,,,,,,,,,,,,,,,,,,,0.9084,0.126,,0.4939,,,,,,,,,0.158,,,,,,,,,,,1.2398,,,,,2.0563,,,0.4499,2.4779,,,,,,,,,,,1.2565,68.1334,,,,,,0.0207,,
IE00BMH5XY61,,,,,,,,,,,,,,,,,,,,3.49,,,14.17,,,,,,,,,,,,,,,,,,,,,,,,,,1.74,,,,,,3.44,,2.75,,,,3.63,,,,,,,,,,,,4.52,,,,,,,,,,,,,,,,,,,,,,,,,,,,,,,,,,6.66,,,,,,,,,,,,,,,,,,,,,53.59,3.87,,,,,,,2.14
IE00BMH5Y327,,,,,5.81,,,,,,,,,,,,,,,,,,6.47,,,,,,,,,,,,,,,,,,,,,,,,,,,,,,,,,,,,,,,,,,,,,,,,,,,,,,,,,,,,,,,,,,,,,,,,,,,,,,,,,,,,3.53,,,,5.37,,,,,,2.15,,,,,,,,,,,75.63,,,,,,,,1.04
IE00BMH5Y871,,,,,,,,,,,,,,,,,,,,,,,,,,,,,,,,,,,,,,,,,,,,,,,,,,,,,,,,,5.72,,,,4.8,,,,,,,,,,,,,,,,,,,,,,,,,,,,,,,,,,,,,,,,,,,,,,,,,,,,,,,,,,,,,,,,,,1.11,86.79,,,,,,,,1.58
IE00BMH5YF48,,,,,,,,,,,,,,,,,,,,3.47,,,2.01,,,,,,,,,,,,,,,,,,,,,,,,,,,,,,,,,,1.94,,,,,,,,,,,,,,,,,,,,,,,,,,,,,,,,,,,,,,,,,,,,,,,,,,,,,,,,,,2.35,,,,,,,,,,,,,89.91,,,,,,,,0.32
IE00BMH5YL08,,,,,,,,,,,,,,,,,,,,1.86,,,10.57,,,,,,,6.06,,,,,,,,,,,,6.12,,,,,,,,,,,,,,,2.95,,,,,,,,,,,,,,,,,,,,,,,,,,,,,,,,,,,,,,,,,,,,,,,,,,,,,,9.79,,,,4.06,1.36,7.52,,,,,,,,,,5.66,43.9,,,,,,,,0.15
IE00BMH5YR69,,,,,2.53,,,,,,,,,,,,,,,3.51,,,6.02,,,,,,,,,,,,,,,,1.78,,,3.14,,,,,,,,,,,,,,,,,,,10.49,,,,,,,,,,,,,,,,,,,,,,,4.68,,,,,,,,,,,,,,,,,,,,,,,,,,,4.51,,,,,2.57,2.83,,,,,,,,,,1.67,51.06,,,,,,,,5.21
IE00BMH5YS76,,,,,2.53,,,,,,,,,,,,,,,3.51,,,6.02,,,,,,,,,,,,,,,,1.78,,,3.14,,,,,,,,,,,,,,,,,,,10.49,,,,,,,,,,,,,,,,,,,,,,,4.68,,,,,,,,,,,,,,,,,,,,,,,,,,,4.51,,,,,2.57,2.83,,,,,,,,,,1.67,51.06,,,,,,,,5.21
IE00BMP3HG27,,,,,1.75,,,,,,1.18,,,,,,,,,10.87,,,,,,,,,,,,,,,,,,3.36,3.24,,,3.41,,,,,,,,,,,,,1.4,,,2.18,,,16.74,,,,,,,,,,,,,,,,,,,,,,,,,,2.16,,,,,,,,,,,,,,,,,,,,,,,,2.44,,,,,8.08,,,,,,,,,,,13.67,26.74,,,,,,,,2.78
IE00BMP3HN93,,,,,,,,,,,,,,,,,,,,,,,,,,,,,,,,,,,,,,,,,,,,,,,,,,,,,,,2.93,,,,,,,,,,,,,,,,,,,,,,,,,,,,,,,,,,,,,,,,,,,,,,,,,,,,,,,,,,,,,,,,,,,,,,,,90.03,,,,,,,,,7.04
IE00BMQ5Y557,,,,,,,,,,,,,,,,,,,,,,,,,,,,,,,,,,,,,,,,,,,,,,,,,,,,,,,,,,,,,,,,,,,,,,,,,,,,,,,,,,,,,,,,,,,,,,,,,,,,,,,,,,,,,,,,,,,,,,,,,,,,,,,,,,,,,,,,
IE00BMTX1Y45,,,,,,,,,,,,,,,,,,,,,,,,,,,,,,,,,,,,,,,,,,,,,,,,,,,,,,,1.13,,,,,,,,,,,,,,,,,,,,,,,,,,,,,,,,,,,,,,,,,,,,,,,,,,,,,,,,,,,,,,,,,,,,,,,,,97.7,,,,,,,,1.17
IE00BMTX2B82,,,,,,,,,,,0.4019,,,,,,,,,,,,,,,,,,,,,,,,,,,,2.7335,,,,,,,,,,,,,,,,0.4845,,,,,,,,,,,,,,,,,,,,,,,,,,,,,61.297,,,,,,,,,,,,,,,,,,,,,,,,,,,,,,,,,,,,,,,,,,,34.442,0.1395,,,,,,0.5016,,
IE00BMVB5K07,,,,,,,,,,,,,,,,,,,,,,,,,,,,,,,,,,,,,,,,,,,,,,,,,,,,,,,,,,,,,,,,,,,,,,,,,,,,,,,,,,,,,,,,,,,,,,,,,,,,,,,,,,,,,,,,,,,,,,,,,,,,,,,,,,,,,,,,
IE00BMVB5L14,,,,,,,,,,,,,,,,,,,,,,,,,,,,,,,,,,,,,,,,,,,,,,,,,,,,,,,,,,,,,,,,,,,,,,,,,,,,,,,,,,,,,,,,,,,,,,,,,,,,,,,,,,,,,,,,,,,,,,,,,,,,,,,,,,,,,,,,
IE00BMVB5M21,,,,,,,,,,,,,,,,,,,,,,,,,,,,,,,,,,,,,,,,,,,,,,,,,,,,,,,,,,,,,,,,,,,,,,,,,,,,,,,,,,,,,,,,,,,,,,,,,,,,,,,,,,,,,,,,,,,,,,,,,,,,,,,,,,,,,,,,
IE00BMVB5N38,,,,,,,,,,,,,,,,,,,,,,,,,,,,,,,,,,,,,,,,,,,,,,,,,,,,,,,,,,,,,,,,,,,,,,,,,,,,,,,,,,,,,,,,,,,,,,,,,,,,,,,,,,,,,,,,,,,,,,,,,,,,,,,,,,,,,,,,
IE00BMVB5P51,,,,,,,,,,,,,,,,,,,,,,,,,,,,,,,,,,,,,,,,,,,,,,,,,,,,,,,,,,,,,,,,,,,,,,,,,,,,,,,,,,,,,,,,,,,,,,,,,,,,,,,,,,,,,,,,,,,,,,,,,,,,,,,,,,,,,,,,
IE00BMVB5Q68,,,,,,,,,,,,,,,,,,,,,,,,,,,,,,,,,,,,,,,,,,,,,,,,,,,,,,,,,,,,,,,,,,,,,,,,,,,,,,,,,,,,,,,,,,,,,,,,,,,,,,,,,,,,,,,,,,,,,,,,,,,,,,,,,,,,,,,,
IE00BMVB5R75,,,,,,,,,,,,,,,,,,,,,,,,,,,,,,,,,,,,,,,,,,,,,,,,,,,,,,,,,,,,,,,,,,,,,,,,,,,,,,,,,,,,,,,,,,,,,,,,,,,,,,,,,,,,,,,,,,,,,,,,,,,,,,,,,,,,,,,,
IE00BMVB5S82,,,,,,,,,,,,,,,,,,,,,,,,,,,,,,,,,,,,,,,,,,,,,,,,,,,,,,,,,,,,,,,,,,,,,,,,,,,,,,,,,,,,,,,,,,,,,,,,,,,,,,,,,,,,,,,,,,,,,,,,,,,,,,,,,,,,,,,,
IE00BMW13836,,,,,,,,,,,,,,,,,,,,,,,81.83,,,,,,,,,,,,,,,,,,,,,,,,,,5.01,,,,,,7.95,,,,,,,,,,,,,,,,,,,,,,,,,,,,,,,,,,,,,,,,,,,,,,,,,,,,4.97,,,,,,,,,,,,,,,,,,,,,,,,,,,,,
IE00BMW3QX54,,,,,,,,,,,,,,,,,,,,3.03,,,4.42,,,,,,,,,,,,,,,1.06,1.37,,,10.17,,,,,,,,,,,,,,,,,,,20.81,,,,,,,,,,,,,,,,,,,,,,,,,,1.33,,,,,,,,,,,,,,,,,,,,,,,,1.1,,,,2.11,3.57,6.76,,,,,,,,,,2.27,40.83,,,,,,,,1.17
IE00BMW42074,,,,,,,,,,,6.2985,,,,,,,,,,,,,,,,,,,1.0903,,,,,,,,0.5771,15.1386,,,2.4157,,,,,,,,,,,,,1.2694,,,0.3301,,,,,,,,,,,,,,,,,,,,,,,,,,8.0863,,,1.7545,,,,,,,,,0.4708,,,,,,,,,,,,,,,,,,,1.3686,23.5299,,,,,,,,,,,37.4465,0.002,,,,,,0.2218,,
IE00BMW42181,,,,,,,,,,,5.1957,,,,,,,,,,,,,,,,,,,9.7457,,,,,,,,0.5325,10.0199,,,7.4375,,,,,,,,,,,,,,,,0.341,,,,,,,,,,,,,,,,,,,,,,,,,,1.1163,,,,,,,,,,,,,,,,,,,,,,,,,,,,,,,0.4677,43.2346,,,,,,,,,,,21.6787,0.0048,,,,,,0.2255,,
IE00BMW42298,,,,,,,,,,,0.4738,,,,,,,,,,,,,,,,,,,1.0241,,,,,,,,,27.0325,,,15.2332,,,,,,,,,,,,,,,,8.1306,,,,,,,,,,,,,,,,,,,,,,,,,,6.3135,,,,,,,,,,,,,,,,,,,,,,,,,,,,11.2758,,,2.012,14.8913,,,,,,,,,,,12.682,0.0045,,,,,,0.9266,,
IE00BMW42306,,,,,,1.7869,,,,,1.5502,,,,,,,,,,,,,,,,,,,1.1548,,,,,,,,2.3641,8.1432,,,12.245,,,,,,,,,,,,,1.3815,,,10.8568,,,,,,,,,,,,,,,,,,,,,,,,,,5.9725,,,0.8876,,,,,,,,,0.2747,,,,,,,,,,,,,,,,12.2379,,,5.2739,11.4398,,,,,,,,,,,23.7187,0.0557,,,,,,0.6568,,
IE00BMW42413,,,,,,,,,,,,,,,,,,,,,,,,,,,,,,,,,,,,,,6.2606,8.3315,,,29.8478,,,,,,,,,,,,,,,,,,,,,,,,,,,,,,,,,,,,,,,,,,42.8305,,,,,,,,,,,,,,,,,,,,,,,,,,,,0.6486,,,6.3158,1.7478,,,,,,,,,,,3.7369,0.0169,,,,,,0.2636,,
IE00BMW42520,,,,,,,,,,,,,,,,,,,,,,,,,,,,,,3.3937,,,,,,,,1.7248,25.7351,,,21.5849,,,,,,,,,,,,,1.1698,,,2.4465,,,,,,,,,,,,,,,,,,,,,,,,,,1.8088,,,0.5337,,,,,,,,,,,,,,,,,,,,,,,,,2.9663,,,12.6404,9.398,,,,,,,,,,,16.3237,0.0122,,,,,,0.2622,,
IE00BMW42637,,,,,,2.131,,,,,,,,,,,,,,,,,,,,,,,,,,,,,,,,2.8772,17.5899,,,,,,,,,,,,,,,,,,,10.7476,,,,,,,,,,,,,,,,,,,,,,,,,,,,,8.5864,,,,,,,,,1.8532,,,,,,,,,,,,,,,,6.4132,,,0.0019,,,,,,,,,,,,49.6532,0.5323,,,,,,-0.3858,,
IE00BMWXKN31,,,,,,,,,,,,,,,,,,,,,,,91.6,,,,,,,,,,,,,,,,,,,,,,,,,,5.83,,,,,,,,,,,,,,,,,,,,,,,,,,,,,,,,,,,,,,,,,,,,,,,,,,,,,,,,,,2.58,,,,,,,,,,,,,,,,,,,,,,,,,,,,,
IE00BMX0B524,,,,,,,,,,,,,,,,,,,,,,,,,,,,,,,,,,,,,,,,,,,,,,,,,,,,,,,,,,,,,,,,,,,,,,,,,,,,,,,,,,,,,,,,,,,,,,,,,,,,,,,,,,,,,,,,,,,,,,,,,,,,,,,85.24,,,,,,,,,14.76
IE00BMX0B631,,,,,,,,,,,,,,,,,,,,,,,,,,,,,,,,,,,,,,,,,,,,,,,,,,,,,,,,,,,,,,,,,,,,,,,,,,,,,,,,,,,,,,,,,,,,,,,,,,,,,,,,,,,,,,,,,,,,,,,,,,,,,,,,68.9,,,,,,,,31.1
IE00BMX0DF60,,,,,,,,,,,,,,,,,,,,,,,,,,,,,,,,,,,,,,,,,,,,,,,,,,,,,,,0.0708,,,,,,,,,,,,,,,,,,,,,,,,,,,,,,,,,,,,,,,,,,,,,,,,,,,,,,,,,,,,,,,,,,,,,,,,0.0083,99.9192,,,,,,0.0016,,
IE00BMXC7V63,,,,,,,,,,,,,,,,,,,,,,,,,,,,,,,,,,,,,,,,,,,,,,,,,,,,,,,0.3019,,,,,,,,,,,,,,,,,,,,,,,,,,,,,,,,,,,,,,,,,,,,,,,,,,,,,,,,,,,,,,,,,,,,,,,,0.0067,99.6852,,,,,,0.0062,,
IE00BMXC7W70,,,,,1.5719,0.1034,,,,,0.2071,,,,,,,,,4.6638,,,,,,,,,,0.5765,,,,,,,,0.4393,2.2451,,,1.2006,,,,,,,0.6694,,,,,,0.0318,,0.2973,0.7822,,,5.7089,,,,,,,,,,,,,,,,,,,,,,,1.3545,0.0439,,0.4799,,,,,,,,,0.132,,,,,,,,,,,0.2938,,,,,0.9435,,,0.6137,1.9683,,,,,,,,,,,2.6205,73.0409,,,,,,0.0116,,
IE00BMYDM794,,,,,3.54,,,,,,,,,,,,,,,3.57,,,6.18,,,,,,,3.43,,,,,,,,,3.72,,,5.44,,,,,,,,,,,,,,,,,,,12.04,,,,,,,,,,,,,,,,,,,,,,,,,,,,,,,,,,,,,,,,,,,,,,,,,,10.39,4.01,,,3.77,,,,,,,,,,,,12.69,29.76,,,,,,,,1.46
IE00BMYDM802,,,,,,,,,,,,,,,,,,,,,,,,,,,,,,,,,,,,,,,,,,,,,,,,,,,,,,,,,,,,,,,,,,,,,,,,,,,,,,,,,,,,,,,,,,,,,,,,,,,,,,,,,,,,,,,,,,,,,,,,,,,,,,,99.89,,,,,,,,,0.11
IE00BMYDM919,,,,,,3.99,,,,,3.65,,,,,,,,,,,,,,,,,,,2.88,,,,,,,,4.49,15.26,,,11.47,,,,,,,,,,,,,1.02,,,11.99,,,,,,,,,,,,,,,,,,,,,,,,,,4.86,,,6.96,,,,,,,,4.66,1.09,,,,,,,,,,,,,,,,10.27,,,6.09,8.33,,,,,,,,,,,,,,,,,,,,2.99
IE00BMYDMB35,,,,,27.23,,,,,,,,,,,,,,,,,,1.06,,,,,,,,,,,,,,,,,,,,,,,,,,20.96,,,,,,,,,,,,,,,,,,,,,,,,,,,,,,,,,,,,5.47,,,,,,,,,,,,,,,,,,,,,,14.79,,,,30.33,,,,,,,,,,,,,,,,,,,,,,,,,0.16
IE00BMYDMC42,,,,,,,,,,,,,,,7.46,,,,,,,1.93,24.85,,,,,,,,,,,,,,,,,,,,,,,,,,5.4,1.11,,4.85,1.64,,,,,,,,,,,,,,,,,,,,,,,4.69,,,3.47,,,,,,,,,,,,,,,1.19,,,,1.48,,,,,2.48,,,,,,,2.49,,,,,,,26.34,,3.74,,,1.52,,,,1.69,,,,,,,,,,3.67
IE00BMYHQM42,,,,,,3.4131,,,,,4.917,,,,,,0.295,,,,,,,,,0.325,0.0989,,,,,,,,0.0412,,,1.7559,23.9942,,,19.1848,,1.0441,,,,,,,,,,,1.346,,,21.8604,,,,,,,,,,0.1417,,,,0.2693,0.2033,,,,,,,,,,,3.9963,,,,,,,,,,,,1.9248,,,,,,,,,,,,0.7992,0.3544,,,13.887,,,,,,,,,,,,,,,,,,,,,,,0.1457,
IE00BMYMHS24,,,,,,,,,,,,,,,,,,,,1.96,,,,,,,,,,,,,,,,,,,6.5,,,1.67,,,,,,,,,,,,,3.2,,,5.79,,,6.04,,,,,,,,,,,,,,,,,,,,,,,4.65,,,,,,,,,,,,,,,,,,,,,,,,,,,,,,,,7.48,7.03,,,,,,,,,,15.15,38.57,,,,,,,,1.96
IE00BMZ17T93,,,,,1.0329,0.0379,,,,,0.2022,,,,,,,,,3.8115,,,,,,,,,,0.5712,,,,,,,,0.6765,2.9557,,,2.5294,,,,,,,0.6771,,,,,,0.1067,,0.0867,0.3506,,,7.5773,,,,,,,,,,,,,,,,,,,,,,,5.6391,0.0772,,0.3365,,,,,,,,,0.1641,,,,,,,,,,,0.1856,,,,,0.5988,,,0.8662,3.9366,,,,,,,,,,,2.2046,65.3462,,,,,,0.0293,,
IE00BMZ17W23,,,,,1.0329,0.0379,,,,,0.2022,,,,,,,,,3.8115,,,,,,,,,,0.5712,,,,,,,,0.6765,2.9557,,,2.5294,,,,,,,0.6771,,,,,,0.1067,,0.0867,0.3506,,,7.5773,,,,,,,,,,,,,,,,,,,,,,,5.6391,0.0772,,0.3365,,,,,,,,,0.1641,,,,,,,,,,,0.1856,,,,,0.5988,,,0.8662,3.9366,,,,,,,,,,,2.2046,65.3462,,,,,,0.0293,,
IE00BMZ17X30,,,,,1.0329,0.0379,,,,,0.2022,,,,,,,,,3.8115,,,,,,,,,,0.5712,,,,,,,,0.6765,2.9557,,,2.5294,,,,,,,0.6771,,,,,,0.1067,,0.0867,0.3506,,,7.5773,,,,,,,,,,,,,,,,,,,,,,,5.6391,0.0772,,0.3365,,,,,,,,,0.1641,,,,,,,,,,,0.1856,,,,,0.5988,,,0.8662,3.9366,,,,,,,,,,,2.2046,65.3462,,,,,,0.0293,,
IE00BN2BCY94,,,,,1.342,,,,,,,,,,,,,,,0.0016,,,,,,,,,,,,,,,,,,,4.1316,,,,,,,,,,2.8783,,,,,,,,,,,,6.9713,,,,,,,,,,,,,,,,,,,,,,,,,,,,,,,,,,,,,,,,,,,,,,5.034,,,,,0.7586,,,0.8214,4.603,,,,,,,,,,,4.4477,69.0056,,,,,,,,0.0049
IE00BN4GXL63,,,,,,,,,,,,,,,,,,,,,,,,,,,,,,,,,,,,,,,,,,,,,,,,,,,,,,,,,,,,,,,,,,,,,,,,,,,,,,,,,,,,,,,,,,,,,,,,,,,,,,,,,,,,,,,,,,,,,,,,,,,,,,,,,,,,,,,,
IE00BN4PXC48,,,,,1.2,,,,,,,,,,,,,,,1.84,,,,,,,,,,,,,,,,,,,3.26,,,2.97,,,,,,,,,,,,,1.34,,,1.13,,,3.85,,,,,,,,,,,,,,,,,,,,,,,1.84,,,,,,,,,,,,,,,,,,,,,,,,,,,,1.33,,,1.26,3.41,,,,,,,,,,,5.0,66.31,,,,,,,,5.26
IE00BN4Q0370,,,,,4.97,,,,,,1.23,,,,,,,,,12.81,,,,,,,,,,1.72,,,,,,,,1.46,7.15,,,6.3,,,,,,,1.8,,,,,,,,,2.7,,,19.84,,,,,,,,,,,,,,,,,,,,,,,6.45,,,1.4,,,,,,,,,,,,,,,,,,,,1.21,,,,,2.88,,,3.67,10.34,,,,,,,,,,,9.6,,,,,,,,,4.47
IE00BN4Q0602,,,,,,,,,,,,,,,,,,,,,,,,,,,,,,,,,,,,,,,,,,,,,,,,,,,,,,,,,,,,,,,,,,,,,,,,,,,,,,,,,,,,,,,,,,,,,,,,,,,,,,,,,,,,,,,,,,,,,,,,,,,,,,,,99.6,,,,,,,,0.4
IE00BN4Q0933,,,,,,,,,,,2.29,,,,,,,,,,,,,,,,,,,3.0,,,,,,,,2.34,12.6,,,11.66,,,,,,,,,,,,,,,,4.61,,,,,,,,,,,,,,,,,,,,,,,,,,11.04,,,1.77,,,,,,,,,,,,,,,,,,,,,,,,,5.92,,,6.53,17.89,,,,,,,,,,,17.06,,,,,,,,,3.29
IE00BN4Q0L55,,,,,,1.18,,,,,3.72,,,,,,,,,,,,,,,,,,,,,,,,,,,4.51,24.7,,,21.26,,,,,,,,,,,,,1.12,,,8.94,,,,,,,,,,,,,,,,,,,,,,,,,,20.56,,,,,,,,,,,,,,,,,,,,,,,,,,,,11.3,,,,1.01,,,,,,,,,,,,,,,,,,,,1.7
IE00BN4Q0P93,,,,,1.62,,,,,,,,,,,,,,,4.07,,,2.16,,,,,,,,,,,,,,,,2.17,,,,,,,,,,,,,1.06,,,,,,,,,3.28,,,,,,,,,,,,,,,,,,,,,,,1.84,,,,,,,,,,,,,,,,,,,,,,,,,,,2.02,,,,,3.05,3.36,,,,,,,,,,2.53,63.22,,,,,,,,9.62
IE00BN4Q0X77,,,,,,,,,,,,,,,,,,,,,,,,,,,,,,,,,,,,,,,,,,,,,,,,,,,,,,,,,,,,,98.79,,,,,,,,,,,,,,,,,,,,,,,,,,,,,,,,,,,,,,,,,,,,,,,,,,,,,,,,,,,,,,,,,,,,,,,,,,,1.21
IE00BN4Q1675,,,,,,,,,,,,,,,4.14,,,,,,,,16.86,,,,,,,,,,,,,,,,,,,,,,,,,,,,,10.79,,,,,,,,,,,,,,,,,,,,,,,,,,,3.69,,,,,,,,,,,,,,,,2.1,,,,,,,,2.9,,,,,,,3.34,18.29,,,,,,29.82,,,,,,,,,,,,,,,,,,,8.07
IE00BN4RDY28,,,,,,,,,,,,,,,,,,,,,,,,,,,,,,,,,,,,,,,1.25,,,,,,,,,,,,,,,,,,,,,,,,,,,,,,,,,,,,,,,,,,,,,,,,,,,,,,,,,,,,,,,,,,,,,,,,,,,,,,,,,,,,,,,,2.37,41.19,,,,,,,,55.19
IE00BN7J5Z03,,,,,3.72,,,,,,,,,,,,,,,,,0.2,,,,,,,,,,,,,,,,,,,,,,0.07,,,,,0.36,,,,,,,,,1.52,,,,,,,,,,,,,,,,,,,,,,,,,,,,,,,,,,,0.24,,,,,,,,,,,,,,,,,0.59,,,,,,,,,,,,,,,,,79.92,12.89,,,,,,0.49,,
IE00BN92ZL31,,,,,1.5719,0.1034,,,,,0.2071,,,,,,,,,4.6638,,,,,,,,,,0.5765,,,,,,,,0.4393,2.2451,,,1.2006,,,,,,,0.6694,,,,,,0.0318,,0.2973,0.7822,,,5.7089,,,,,,,,,,,,,,,,,,,,,,,1.3545,0.0439,,0.4799,,,,,,,,,0.132,,,,,,,,,,,0.2938,,,,,0.9435,,,0.6137,1.9683,,,,,,,,,,,2.6205,73.0409,,,,,,0.0116,,
IE00BN940Z87,,,,,,,,,,,,,,,,,,,,,,,,,,,,,,,,,,,,,,,,,,,,,,,,,,,,,,,,,,,,,,,,,,,,,,,,,,,,,,,,,,,,,,,,,,,,,,,,,,,,,,,,,,,,,,,,,,,,,,,,,,,,,,,,,,,,,,,,
IE00BN941009,,,,,,,,,,,,,,,,,,,,,,,,,,,,,,,,,,,,,,,,,,,,,,,,,,,,,,,,,,,,,,,,,,,,,,,,,,,,,,,,,,,,,,,,,,,,,,,,,,,,,,,,,,,,,,,,,,,,,,,,,,,,,,,,,,,,,,,,
IE00BNC0M350,,,,,,,,,,,,,,,,,,,,,,,,,,,,,,,,,,,,,,,,,,,,,,,,,,,,,,,1.4,,,,,,,,,,,,,,,,,,,,,,,,,,,,,,,,,,,,,,,,,,,,,,,,,,,,,,,,,,,,,,,,,,,,,,,,,97.57,,,,,,,,1.03
IE00BNC0M913,,,,,,1.29,,,,,3.12,,,,,,,,,,,,,,,,,,,,,,,,,,,4.03,21.53,,,25.89,,,,,,,,,,,,,1.46,,,10.1,,,,,,,,,,,,,,,,,,,,,,,,,,16.56,,,,,,,,,,,,,,,,,,,,,,,,,,,,13.25,,,,,,,,,,,,,,,,,,,,,,,,2.77
IE00BNC0MD55,,,,,,,,,,,,,,,,,,,,,,,,,,,,,,,,,,,,,,,,,,,,,,,,,,,,,,,,,,,,,96.01,,,,,,,,,,,,,,,,,,,,,,,,,,,,,,,,,,,,,,,,,,,,,,,,,,,,,,,,,,,,,,,,,,,,,,,,,,,3.99
IE00BNC0MH93,,,,,,,,,,,,,,,1.95,,,,,,,,,,,,,,,,,,,,,,,,,,,,,,,,,,,,,9.46,,,,,,,,,,,,,,,,,,,,,,,,2.16,,,3.2,,,,,,,,,,,,,,1.19,,,,,,,,,,,,,,,,,10.42,24.08,,,,,,39.39,,2.57,,,,,,,,,,,,,,,,,5.58
IE00BNC1F287,,,,,,,,,,,,,,,,,,,,1.35,,,2.66,,,,,,,2.27,,,,,,,,,11.9,,,8.5,,,,,,,,,,,,,8.75,,,4.27,,,,,,,,,,,,,,,,,,,,,,,,,,3.52,,,,,,,,,,,,,,,,,,,,,,,,,,,1.64,4.87,,,2.81,2.79,,,,,,,,,,,6.18,35.24,,,,,,,,3.25
IE00BNC1G707,,,,,,,,,,,,,,,,,,,,,,,,,,,,,,,,,,,,,,,,,,,,,,,,,,,,,,,0.6103,,,,,,,,,,,,,,,,,,,,,,,,,,,,,,,,,,,,,,,,,,,,,,,,,,,,,,,,,,,,,,,,,,,,,,,,,99.3891,,,,,,,,0.0006
IE00BNDS1P30,,,,,1.15,,,,,,,,,,,,,,,2.91,,,,,,,,,,,,,,,,,,,5.06,,,3.23,,,,,,,,,,,,,,,,,,,1.86,,,,,,,,,,,,,,,,,,,,,,,2.08,,,,,,,,,,,,,,,,,,,,,,,,,,,,2.12,,,,1.34,,,,,,,,,,,6.86,41.78,,,,,,,,31.61
IE00BNDS1Q47,,,,,1.15,,,,,,,,,,,,,,,2.91,,,,,,,,,,,,,,,,,,,5.06,,,3.23,,,,,,,,,,,,,,,,,,,1.86,,,,,,,,,,,,,,,,,,,,,,,2.08,,,,,,,,,,,,,,,,,,,,,,,,,,,,2.12,,,,1.34,,,,,,,,,,,6.86,41.78,,,,,,,,31.61
IE00BNDS1R53,,,,,1.15,,,,,,,,,,,,,,,2.91,,,,,,,,,,,,,,,,,,,5.06,,,3.23,,,,,,,,,,,,,,,,,,,1.86,,,,,,,,,,,,,,,,,,,,,,,2.08,,,,,,,,,,,,,,,,,,,,,,,,,,,,2.12,,,,1.34,,,,,,,,,,,6.86,41.78,,,,,,,,31.61
IE00BNDS1S60,,,,,1.15,,,,,,,,,,,,,,,2.91,,,,,,,,,,,,,,,,,,,5.06,,,3.23,,,,,,,,,,,,,,,,,,,1.86,,,,,,,,,,,,,,,,,,,,,,,2.08,,,,,,,,,,,,,,,,,,,,,,,,,,,,2.12,,,,1.34,,,,,,,,,,,6.86,41.78,,,,,,,,31.61
IE00BNDS1T77,,,,,1.15,,,,,,,,,,,,,,,2.91,,,,,,,,,,,,,,,,,,,5.06,,,3.23,,,,,,,,,,,,,,,,,,,1.86,,,,,,,,,,,,,,,,,,,,,,,2.08,,,,,,,,,,,,,,,,,,,,,,,,,,,,2.12,,,,1.34,,,,,,,,,,,6.86,41.78,,,,,,,,31.61
IE00BNDS1V99,,,,,1.15,,,,,,,,,,,,,,,2.91,,,,,,,,,,,,,,,,,,,5.06,,,3.23,,,,,,,,,,,,,,,,,,,1.86,,,,,,,,,,,,,,,,,,,,,,,2.08,,,,,,,,,,,,,,,,,,,,,,,,,,,,2.12,,,,1.34,,,,,,,,,,,6.86,41.78,,,,,,,,31.61
IE00BNDS1W07,,,,,1.15,,,,,,,,,,,,,,,2.91,,,,,,,,,,,,,,,,,,,5.06,,,3.23,,,,,,,,,,,,,,,,,,,1.86,,,,,,,,,,,,,,,,,,,,,,,2.08,,,,,,,,,,,,,,,,,,,,,,,,,,,,2.12,,,,1.34,,,,,,,,,,,6.86,41.78,,,,,,,,31.61
IE00BNDS1X14,,,,,1.15,,,,,,,,,,,,,,,2.91,,,,,,,,,,,,,,,,,,,5.06,,,3.23,,,,,,,,,,,,,,,,,,,1.86,,,,,,,,,,,,,,,,,,,,,,,2.08,,,,,,,,,,,,,,,,,,,,,,,,,,,,2.12,,,,1.34,,,,,,,,,,,6.86,41.78,,,,,,,,31.61
IE00BNG70R26,,,,,,,,,,,,,,,,,,,,,,,,,,,,,,,,,,,,,,,,,,,,,0.05,,,,,,,,,,,,,,,,,,,,,,,,,,,,,,,,,,,,,,,,,,,,,,,,,,,,,,,,,,,,,,,,,,,,,,,,,,,,,,,,,,,99.4,,,,,,0.55,,
IE00BNG8L278,,,,,1.37,,,,,,,,,,,,,,,2.17,,,2.25,,,,,,,,,,,,,,,,1.06,,,1.66,,,,,,,,,,1.42,,,,,,,,,5.86,,,,,,,,,,,,,,,,,,,,,,,1.54,,,,,,,,,,,,,,,,,,,,,,,,,,,3.12,,,,,2.26,4.19,,,,,,,,,,2.39,61.3,,,,,,,,9.41
IE00BNG8L385,,,,,1.37,,,,,,,,,,,,,,,2.17,,,2.25,,,,,,,,,,,,,,,,1.06,,,1.66,,,,,,,,,,1.42,,,,,,,,,5.86,,,,,,,,,,,,,,,,,,,,,,,1.54,,,,,,,,,,,,,,,,,,,,,,,,,,,3.12,,,,,2.26,4.19,,,,,,,,,,2.39,61.3,,,,,,,,9.41
IE00BNGFMX61,,,,,,,,,,,,,,,,,,,,,,,,,,,,,,,,,,,,,,,,,,,,,,,,,,,,,,,,,,,,,100.0,,,,,,,,,,,,,,,,,,,,,,,,,,,,,,,,,,,,,,,,,,,,,,,,,,,,,,,,,,,,,,,,,,,,,,,,,,,
IE00BNGFMY78,,,,,63.71,,,,,,,,,,,,,,,,,,,,,,,,,,,,,,,,,,,,,,,,,,,,16.41,,,,,,,,,,,,,,,,,,,,,,,,,,,,,,,,,,,,1.93,,,,,,,,,,,,,,,,,,,,,,16.03,,,,,,,,,,,,,,,,,,,,1.05,,,,,,,,,0.87
IE00BNGJJT35,,,,,,,,,,,,,,,,,,,,,,,,,,,,,,,,,,,,,,,,,,,,,,,,,,,,,,,,,,,,,,,,,,,,,,,,,,,,,,,,,,,,0.15,,,,,,,,,,,,,,,,,,,,,,,,,,,,,,,,0.19,,,,,,,,,,,,99.5,,,,,,0.17,,
IE00BNH72088,,,,,0.6651,,,,,,,,,,,,,,,,,,12.5523,,,,,,,,,,,,,,,,4.819,,,5.1019,,,,,,,,,,,,,,,,2.192,,,7.2287,,,,,,,,,,,,,,,0.2495,,,,,,,,0.2287,,,,,,,,,,,,,,,,,,,,,,,,,,0.4996,1.7279,1.8183,,,0.1847,0.3355,3.4448,,,,,,,,,,0.1457,56.7262,,,,0.2094,,1.8708,,
IE00BNKF6C99,,,,,,0.5663,,,,,,,,,,,,,,,,,,,,,,,,4.6439,,,,,,,,,36.1673,,,14.735,,,,,,,,,,,,,,,,0.2229,,,,,,,,,,,,,,,0.4583,,,,,,,,,,,4.276,,,0.0089,,,,,,,,,,,,,,,,,,,,0.1166,,,,,4.0811,,,2.8913,24.7711,,,,,,,,,,,7.0556,0.0029,,,,,,,,0.0026
IE00BNRQM384,,,,,,,,,,,,,,,0.4,,,,,1.0,,,0.3,,,,,,,,,,,,,,,,,,,,,,,,,,,,,,,,,,,,,,,,,,,,,,,,,,,,,,,,,,,,,1.2,,,,,,,,,,,,,,,,,,,,,,,,,,,,,,,,,,,,,,,,,,,0.2,96.9,,,,,,,,
IE00BNTVVR89,,,,,7.25,,,,,,,,,,,,,,,51.22,,,,,,,,,,,,,,,,,,,,,,,,,,,,,,,,,,,,,,,,,,,,,,,,,,,,,,,,,,,1.2,,,,,,,,,,,,,,,,,,,,,,,,,,,,,,,7.01,,,,,,,,,,,,,,,,,2.0,25.29,,,,,,,,6.03
IE00BP2C0316,,,,,,,,,,,2.59,,,,,,,,,,,,,,,,,,,3.04,,,,,,,,2.68,13.32,,,10.63,,,,,,,,,,,,,,,,5.26,,,,,,,,,,,,,,,,,,,,,,,,,,10.51,,,1.64,,,,,,,,,,,,,,,,,,,,,,,,,6.38,,,6.35,17.8,,,,,,,,,,,17.2,,,,,,,,,2.6
IE00BP2C1S34,,,,,,,,,,,,,,,,,,,,,,,,,,,,,,,,,,,,,,,,,,,,,,,,,,,,,,,,,,,,,,,,,,,,,,,,,,,,,,,,,,,,,,,,,,,,,,,,,,,,,,,,,,,,,,,,,,,,,,,,,,,,,,,,99.85,,,,,,,,0.15
IE00BP2C1V62,,,,,1.8,,,,,,,,,,,,,,,4.83,,,,,,,,,,,,,,,,,,,2.54,,,,,,,,,,,,,,,,,,,,,,3.42,,,,,,,,,,,,,,,,,,,,,,,2.06,,,,,,,,,,,,,,,,,,,,,,,,,,,,,,,,3.31,,,,,,,,,,,2.62,71.27,,,,,,,,8.15
IE00BP2NF958,,,,,,,,,,,,,,,,,,,,,,,,,,,,,,,,,,,,,,,,,,,,,,,,,,,,,,,,,,,,,99.57,,,,,,,,,,,,,,,,,,,,,,,,,,,,,,,,,,,,,,,,,,,,,,,,,,,,,,,,,,,,,,,,,,,,,,,,,,,0.43
IE00BP3QZ825,,,,,1.1816,0.2659,,,,,0.0229,,,,,,,,,7.0069,,,,,,,,,,0.2657,,,,,,,,0.669,1.9174,,,1.478,,,,,,,0.7692,,,,,,0.152,,0.8246,1.0059,,,11.1558,,,,,,,,,,,,,,,,,,,,,,,3.2275,0.0008,,0.2465,,,,,,,,,0.0549,,,,,,,,,,,1.1111,,,,,2.8734,,,0.7651,3.122,,,,,,,,,,,5.2153,56.6687,,,,,,-0.0002,,
IE00BP3QZB59,,,,,0.6453,0.2585,,,,,0.1086,,,,,,,,,1.4954,,,,,,,,,,0.409,,,,,,,,0.845,6.5569,,,4.4867,,,,,,,1.4892,,,,,,0.3411,,0.5612,1.8808,,,19.5658,,,,,,,,,,,,,,,,,,,,,,,1.4624,,,0.4068,,,,,,,,,0.0611,,,,,,,,,,,0.4675,,,,,1.9826,,,0.9259,0.0477,,,,,,,,,,,8.1772,47.782,,,,,,0.0434,,
IE00BP3QZD73,,,,,4.3988,0.4661,,,,,1.0956,,,,,,,,,5.773,,,,,,,,,,1.3059,,,,,,,,1.1275,3.4172,,,3.0246,,,,,,,2.5245,,,,,,0.6617,,1.2861,2.286,,,14.1866,,,,,,,,,,,,,,,,,,,,,,,2.0939,0.6642,,1.1871,,,,,,,,,0.6681,,,,,,,,,,,1.4901,,,,,1.3027,,,3.3375,2.3646,,,,,,,,,,,4.6573,40.607,,,,,,0.0742,,
IE00BP3QZJ36,,,,,,,,,,,,,,,,,,,,,,,,,,,,,,,,,,,,,,,99.7185,,,,,,,,,,,,,,,,0.105,,,,,,,,,,,,,,,,,,,,,,,,,,,,,,,,,,,,,,,,,,,,,,,,,,,,,,,,,,,,,,,,,,,,,,,,0.0053,0.0034,,,,,,0.1678,,
IE00BP46NG52,,1.2249,1.7809,0.3527,,,,,2.1371,,,,,,2.8054,,,,,,,1.2931,4.5137,2.1999,0.1968,,,,,,1.5296,0.2306,3.088,0.3176,,,,,,,,,0.3577,,,0.4769,,0.2886,3.1059,1.1883,,1.1229,6.2704,0.1795,,,2.3576,,,0.2003,,,0.8001,1.1857,0.4116,3.0666,,,,,,,,,,0.4343,,,2.5666,,0.3849,,0.3995,,,1.5111,,2.3333,0.9782,0.7801,,,0.5536,2.5405,1.5113,,,2.563,,1.7845,,,10.0117,,0.3365,,0.7586,,,1.3665,9.9108,,0.4012,,,,,,,,0.1928,8.5821,,,,6.0107,,0.4742,0.4982,0.4138,,,,,0.0195,
IE00BP8FKB21,,,,,,0.4356,,,,,11.7545,,,,,,,,,,,,,,,,,,,,,,,,,,,0.9301,23.2597,,,15.5853,,,,,,,,,,,,,0.4686,,,0.1567,,,,,,,,,,,,,,,1.4876,,,,,,,,,,,1.4899,,,0.2803,,,,,,,,,,,,,,,,,,,,,,,,,5.8089,,,19.6991,18.4653,,,,,,,,,,,0.0,,,,,,,,,0.1788
IE00BP9F2H18,,,,,,,,,,,,,,,,,,,,,,,,,,,,,,,,,,,,,,,,,,,,,,,,,,,,,,,,,,,,,,,,,,,,,,,,,,,,,,,,,,,,,,,,,,,,,,,,,,,,,,,,,,,,,,,,,,,,,,,,,,,,,,,,,,,,,,,,
IE00BP9F2J32,,,,,,,,,,,,,,,,,,,,,,,,,,,,,,,,,,,,,,,,,,,,,,,,,,,,,,,,,,,,,,,,,,,,,,,,,,,,,,,,,,,,,,,,,,,,,,,,,,,,,,,,,,,,,,,,,,,,,,,,,,,,,,,,,,,,,,,,
IE00BPRCH686,,,,,,,,,,,,,,,,,,,,,,,,,,,,,,,,,,,,,,,,,,,,,,,,,,,,,,,,,,,,,100,,,,,,,,,,,,,,,,,,,,,,,,,,,,,,,,,,,,,,,,,,,,,,,,,,,,,,,,,,,,,,,,,,,,,,,,,,,
IE00BPVLQF37,,,,,,,,,,,,,,,,,,,,,,,,,,,,,,,,,,,,,,,,,,,,,,,,,,,,,,,,,,,,,99.9959,,,,,,,,,,,,,,,,,,,,,,,,,,,,,,,,,,,,,,,,,,,,,,,,,,,,,,,,,,,,,,,,,,-0.002,0.0003,,,,,,,,0.0057
IE00BQ70R696,,,,,0.1,,,,,,0.03,,,,,,,,,0.7,,,0.1,,,,,,,1.2,,,,,,,,,0.4,,,0.8,,,,,,,,,,,,,0.2,,0.03,,,,,,,,,,,,,,,,0.1,,,,,,,,,,,2.4,,,,,,,,,,,,,,,,,,,,,,,,,,,,0.1,,,,0.4,0.01,,,,,,,,,,0.3,93.2,,,,,,0.1,,
IE00BQN1K562,,,,,,0.0943,,,,,0.3671,,,,,,,,,,,,,,,,,,,2.61,,,,,,,,2.1928,11.0132,,,11.0464,,,,,,,,,,,,,0.4615,,,2.9494,,,,,,,,,,,,,,,,,,,,,,,,,,11.1729,,,0.5822,,,,,,,,,,,,,,,,,,,,,,,,,4.6917,,,4.1634,21.9946,,,,,,,,,,,26.4819,0.0251,,,,,,0.1535,,
IE00BQN1K786,,,,,,1.3161,,,,,0.5815,,,,,,,,,,,,,,,,,,,1.2846,,,,,,,,3.5519,9.1051,,,7.8201,,,,,,,,,,,,,0.841,,,4.956,,,,,,,,,,,,,,,,,,,,,,,,,,8.4244,,,1.2527,,,,,,,,,0.2717,,,,,,,,,,,,,,,,13.6235,,,3.9835,14.9043,,,,,,,,,,,27.5879,0.0968,,,,,,0.3991,,
IE00BQN1K901,,,,,,0.8009,,,,,1.0961,,,,,,,,,,,,,,,,,,,1.6553,,,,,,,,2.1558,23.8678,,,24.0142,,,,,,,,,,,,,0.9418,,,5.2956,,,,,,,,,,,,,,,,,,,,,,,,,,5.0771,,,0.746,,,,,,,,,0.2389,,,,,,,,,,,,,,,,5.9702,,,4.5449,0.0381,,,,,,,,,,,23.0377,0.0379,,,,,,0.4817,,
IE00BQN1KC32,,,,,,1.5696,,,,,3.7516,,,,,,,,,,,,,,,,,,,4.4787,,,,,,,,3.8971,11.8066,,,10.3813,,,,,,,,,,,,,2.0769,,,7.9115,,,,,,,,,,,,,,,,,,,,,,,,,,7.2007,,,4.0934,,,,,,,,-0.0003,2.2573,,,,,,,,,,,,,,,,4.5272,,,11.5627,8.1298,,,,,,,,,,,15.9897,0.0083,,,,,,0.358,,
IE00BQQ3Q067,,,,,,,,,,,,,,,5.47,,,,,,,,17.82,,,,,,,,,,,,,,,,,,,,,,,,,,,,,1.4,2.03,,,,,,,,,,,,,,,,,,,,,,,2.9,,,6.48,,,,,,,,,,,,,,,,3.15,,,,,,,,3.57,,,,,,,4.48,2.31,,,,,,30.69,,2.31,,,,,,,,,,,,,,,,,17.39
IE00BQQP9F84,,,,,8.32,,,,,,,,,,,,,,,56.07,,,,,,,,,,,,,,,,,,,,,,,,,,,,,,,,,,,,,,,,,,,,,,,,,,,,,,,,,,,2.76,,,,,,,,,,,,,,,,,,,,,,,,,,,,,,,5.16,,,,,,,,,,,,,,,,,1.73,22.5,,,,,,,,3.46
IE00BQQP9G91,,,,,18.29,,,,,,,,,,,,,,,50.5,,,1.92,,,,,,,,,,,,,,,,,,,,,,,,,,,,,,1.35,,,,,,,,,,,,,,,,,,,,,,,,,,2.9,,,,,,,,,,,,,,1.5,,,,,,,,,,,,,,,,,2.87,,,,,,,,,,,,,,,,,6.11,12.9,,,,,,,,1.66
IE00BQQP9H09,,,,,,,,,,,,,,,,,,,,,,,,,,,,,,,,,,,,,,,,,,,,,,,,,,,,,,,,,,,,,,,,,,,,,,,,,,,,,,,,,,,,,,,,,,,,,,,,,,,,,,,,,,,,,,,,,,,,,,,,,,,,,,,,,,,,,,,,
IE00BQT3WG13,,,,,,,,,,,,,,,,,,,,,,,98.7896,,,,,,,,,,,,,,,,,,,,,,,,,,,,,,,,0.0081,,,,,,,,,,,,,,,,,,,,,,,,,,,,,,,,,,,,,,,,,,,,,,,,,,,,,,,,,,,,,,,,,,,,,,,,,1.2022,,,,,,0.0002,,
IE00BQWJFQ70,,,,,2.1586,0.1129,,,,,0.329,,,,0.8558,,,,,8.0181,,0.3391,1.1098,0.197,,,,0.369,,1.2308,0.0377,0.0301,,,,,,0.2709,5.2512,,,3.1321,,0.1352,,,,,0.9468,,,1.5458,0.31,,0.247,,0.1046,3.0685,,0.0181,3.37,,,,,0.012,,,,,,,,,,0.5239,,,0.9186,,,,,0.9391,0.2952,0.0857,0.2438,,,,,,0.1442,0.1844,0.0872,0.3387,,0.0913,,0.0213,,,0.3019,,,,0.128,0.0312,,0.0306,0.3066,3.8807,,,0.0717,0.2429,0.1856,,0.1485,,0.0192,0.0998,,,,0.8031,4.1734,52.5032,,,,,,,,
IE00BQXKVQ19,,,,,,,,,,,,,,,,,,,,,,,,,,,,,,,,,,,,,,,,,,,,,,,,,,,,,,,,,,,,,,,,,,,,,,,,,,,,,,,,,,,,,,,,,,,,,,,,,,,,,,,,,,,,,,,,,,,,,,,,,,,,,,,,,,,,,,,,
IE00BQZJBM26,,,,,,,,,,,,,,,5.35,,,,,,,,5.9,,,,,,,,,,,,,,,,,,,,,,,,,,,,,6.75,1.23,,,,,,,,,,,,,,,,,,,,,,,3.88,,,1.86,,,,,,,,,,,,,,,,,,,,,,,,3.72,,,,,,,8.57,8.57,,,,,,25.93,,4.29,,,,,,,,,,,,,,,,,23.95
IE00BQZJBQ63,,,,,,,,,,,,,,,,,,,,,,,,,,,,,,,,,,,,,,,,,,,,,,,,,,,,,,,,,,,,,,,,,,,,,,,,,,,,,,,,,,,,,,,,,,,,,,,,,,,,,,,,,,,,,,,,,,,,,,,,,,,,,,,,99.85,,,,,,,,0.15
IE00BQZJBX31,,,,,,,,,,,1.52,,,,,,,,,,,,,,,,,,,,,,,,,,,3.24,15.81,,,8.62,,,,,,,,,,,,,,,,11.01,,,,,,,,,,,,,,,,,,,,,,,,,,1.42,,,7.62,,,,,,,,,2.14,,,,,,,,,,,,,,,,10.42,,,3.54,2.49,,,,,,,,,,,19.05,,,,,,,,,13.12
IE00BQZJC527,,,,,,,,,,,,,,,,,,,,,,,,,,,,,,,,,,,,,,3.29,4.32,,,3.36,,,,,,,,,,,,,,,,3.91,,,,,,,,,,,,,,,,,,,,,,,,,,3.8,,,9.35,,,,,,,,,4.24,,,,,,,,,,,,,,,,5.07,,,10.95,,,,,,,,,,,,23.41,,,,,,,,,28.3
IE00BRHZ0398,,,,,,,,,,,,,,,,,,,,,,,,,,,,,,,,,,,,,,,,,,,,,,,,,,,,,,,0.0155,,,,,,,,,,,,,,,,,,,,,,,,,,,,,,,,,,,,,,,,,,,,,,,,,,,,,,,,,,,,,,,,,,,,,,,,99.8134,0.0053,,,,,,0.1657,,
IE00BRKWGL70,,,,,,,,,,,,,,,,,,,,,,,,,,,,,,,,,,,,,,,,,,,,,,,,,,,,,,,,,,,,,,,,,,,,,,,,,,,,,,,,,,,,0.1,,,,,,,,,,,,,,,,,,,,,,,,,,,,,,,,0.1,,,,,,,,,,,,99.8,,,,,,,,
IE00BS7K8821,,,,,,3.4605,,,,,3.2296,,,,,,0.2801,,,,,,,,,0.331,,,,,,,,,0.0885,,,1.6253,23.7857,,,20.944,,0.7179,,,,,,,,,,,1.5207,,,25.5054,,,,,,,,,,0.1638,,,,0.1988,,,,,,,,,,,,3.6935,,,,,,,,,,,,1.2769,,,,,,,,,,,,0.5611,0.2716,,,12.211,,,,,,,,,,,,,,,,,,,,,,,0.1332,
IE00BSJCQV56,,,,,,0.4371,,,,,11.7907,,,,,,,,,,,,,,,,,,,,,,,,,,,0.9193,23.1761,,,17.4831,,,,,,,,,,,,,0.4,,,0.1564,,,,,,,,,,,,,,,,,,,,,,,,,,1.4839,,,0.5326,,,,,,,,,,,,,,,,,,,,,,,,,5.813,,,19.136,18.672,,,,,,,,,,,,,,,,,,,,
IE00BSKRJX20,,,,,,8.4405,,,,,14.9067,,,,,,,,,,,,,,,,,,,,,,,,,,,1.321,22.1536,,,46.9153,,,,,,,,,,,,,2.3796,,,,,,,,,,,,,,,,,,,,,,,,,,,,,3.87,,,,,,,,,,,,,,,,,,,,,,,,,,,,,,,,,,,,,,,,,,,0.0082,,,,,,,0.005,,
IE00BSKRJZ44,,,,,0.0001,,,,,,,,,,,,,,,,,,,,,,,,,,,,,,,,,,,,,,,,,,,,,,,,,,0.0917,,,,,,,,,,,,,,,,,,,,,,,,0.0045,,,,,,,,,,,,,,,,,,,,,,,,,,,,,,,,,,,,,0.0005,,,,,,,,,,,0.0132,99.883,,,,,,0.007,,
IE00BSPLC298,,,,,,2.3296,,,,,3.6966,,,,,,,,,,,,,,,,,,,3.8417,,,,,,,,2.2196,11.6206,,,10.6752,,,,,,,,,,,,,0.5098,,,5.7365,,,,,,,,,,,,,,,,,,,,,,,,,,3.9129,,,4.8079,,,,,,,,,0.5643,,,,,,,,,,,,,,,,2.7776,,,7.8989,7.2991,,,,,,,,,,,32.1098,,,,,,,,,
IE00BSPLC306,,,,,,0.6204,,,,,0.4391,,,,,,,,,,,,,,,,,,,3.4135,,,,,,,,0.3959,27.5246,,,15.4714,,,,,,,,,,,,,1.5254,,,1.8601,,,,,,,,,,,,,,,,,,,,,,,,,,3.9452,,,0.1584,,,,,,,,,0.1883,,,,,,,,,,,,,,,,6.255,,,6.8104,8.1885,,,,,,,,,,,23.204,,,,,,,,,
IE00BSPLC413,,,,,,,,,,,,,1.72,,,,,,,,,,,,,,,,,,,,,,,,,,,,,,,,,,,,,,,,,,,,,,,,,,,,,,,,,,,,,,,,,,,,,,,,,,,,,,,,,,,,,,,,,,,,,,,,,,,,,,,,,,,,,,,,,,,96.31,,,,,,,,1.97
IE00BSPLC520,,,,,,,,,,,,,,,,,,,,,,,,,,,,,,,,,,,,,,,,,,,,,,,,,,,,,,,3.8,,,,,,,,,,,,,,,,,,,,,,,,,,,,,,,,,,,,,,,,,,,,,,,,,,,,,,,,,,,,,,,,,,,,,,,,,94.01,,,,,,,,2.19
IE00BT9PVG14,,,,,4.05,,,,,,,,,,,,,,,12.55,,,39.93,,,,,,,,,,,,,,,,,,,2.74,,,,,,,,,,,,,4.65,,,,,,2.39,,,,,,,,,,,,1.35,,,,,,,,,,,8.27,1.08,,,,,,,,,,,,,,,,,,,,,,4.69,,,4.41,3.72,,,,5.59,,,,,,,,,,,,1.62,,,,,,,,,2.96
IE00BTJRMP35,,,,,,,,,,,,,,,3.6212,,,,,0.0591,,0.4485,19.9724,0.1828,,,,0.1178,,,,,0.0534,,,,,,,,,,,0.5633,,,,,0.2109,0.3557,,11.1546,0.5112,,0.9132,,,,,,,,,0.0204,,0.5368,,,,,,,0.0567,,,0.953,,,1.8083,,,,,0.0351,,,,,,,,,0.2474,0.2949,1.137,,,0.4602,,0.0454,0.0,,2.4779,,,,,,,3.1265,20.4987,,,,,0.1843,26.8229,,0.9613,,,0.3904,,,,1.1735,,0.3823,,,,,,,,0.2231
IE00BVFZGC04,,,,,,,,,,,,,,,,,,,,,,,,,,,,,,,,,,,,,,,,,,,,,,,,,,,,,,,,,,,,,,,,,,,,,,,,,,,,,,,,,,,,,,,,,,,,,,,,,,,,,,,,,,,,,,,,,,,,,,,,,,,,,,,,,,,,,,,,
IE00BVFZGD11,,,,,,,,,,,,,,,,,,,,,,,,,,,,,,,,,,,,,,,,,,,,,,,,,,,,,,,,,,,,,,,,,,,,,,,,,,,,,,,,,,,,,,,,,,,,,,,,,,,,,,,,,,,,,,,,,,,,,,,,,,,,,,,,,,,,,,,,
IE00BVGC6645,,,,,,,,,,,,,,,,,,,,,,,,,,,,,,,,,,,,,,,,,,,,,,,,,,,,,,,,,,,,,100,,,,,,,,,,,,,,,,,,,,,,,,,,,,,,,,,,,,,,,,,,,,,,,,,,,,,,,,,,,,,,,,,,,,,,,,,,,
IE00BVGC6751,,,,,,,,,,,,,,,,,,,,,,,,,,,,,,,,,,,,,,,,,,,,,,,,,,,,,,,,,,,,,100,,,,,,,,,,,,,,,,,,,,,,,,,,,,,,,,,,,,,,,,,,,,,,,,,,,,,,,,,,,,,,,,,,,,,,,,,,,
IE00BVXBH163,,,,,,,,,,,4.65,,,,,,,,,,,,,,,,,,,,,,,,,,,4.23,21.25,,,21.6,,,,,,,,,,,,,,,,4.74,,,,,,,,,,,,,,,1.57,,,,,,,,,,,9.03,,,,,,,,,,,,,,,,,,,,,,,,,,,,18.28,,,,,,,,,,,,,,,,,,,,,,,,14.65
IE00BVXC4854,,,,,,,,,,,,,,,,,,,,,,,,,,,,,,,,,,,,,,,,,,,,,,,,,,,,,,,,,,,,,92.94,,,,,,,,,,,,,,,,,,,,,,,,,,,,,,,,,,,,,,,,,,,,,,,,,,,,,,,,,,,,,,,,,,,,,,,,,,,7.06
IE00BVZ6SP04,,,,,,,,,,,,,,,,,,,,,,,,,,,,,,,,,,,,,,,,,,,,,,,,,,,,,,,,,,,,,,,,,,,,,,,,,,,,,,,,,,,,,,,,,,,,,,,,,,,,,,,,,,,,,,,,,,,,,,,,,,,,,,,,,,,,,,,,
IE00BVZ6SQ11,,,,,,,,,,,,,,,,,,,,2.44,,,,,,,,,,,,,,,,,,,,,,,,,,,,,,,,,,,,,,,,,1.4,,,,,,,,,,,,,,,,,,,,,,,,,,,,,,,,,,,,,,,,,,,,,,,,,,,,,,,,,,,,,,,,,,1.94,56.74,,,,,,,,37.48
IE00BWBXM278,,,,,,,,,,,,,,,,,,,,,,,,,,,,,,,,,,,,,,,,,,,,,,,,,,,,,,,,,,,,,,,,,,,,,,,,,,,,,,,,,,,,,,,,,,,,,,,,,,,,,,,,,,,,,,,,,,,,,,,,,,,,,,,,100.0,,,,,,,,
IE00BWBXM385,,,,,,,,,,,,,,,,,,,,,,,,,,,,,,,,,,,,,,,,,,,,,,,,,,,,,,,,,,,,,,,,,,,,,,,,,,,,,,,,,,,,,,,,,,,,,,,,,,,,,,,,,,,,,,,,,,,,,,,,,,,,,,,,100.0,,,,,,,,
IE00BWBXM492,,,,,,,,,,,,,,,,,,,,,,,,,,,,,,,,,,,,,,,,,,,,,,,,,,,,,,,,,,,,,,,,,,,,,,,,,,,,,,,,,,,,,,,,,,,,,,,,,,,,,,,,,,,,,,,,,,,,,,,,,,,,,,,,100.0,,,,,,,,
IE00BWBXM500,,,,,,,,,,,,,,,,,,,,,,,,,,,,,,,,,,,,,,,,,,,,,,,,,,,,,,,,,,,,,,,,,,,,,,,,,,,,,,,,,,,,,,,,,,,,,,,,,,,,,,,,,,,,,,,,,,,,1.62,,,,,,,,,,,,96.49,,,,,,,,1.89
IE00BWBXM617,,,,,,,,,,,,,,,,,,,,,,,,,,,,,,,,,,,,,,,,,,,,,,,,,,,,,,,,,,,,,,,,,,,,,,,,,,,,,,,,,,,,,,,,,,,,,,,,,,,,,,,,,,,,,,,,,,,,,,,,,,,,,,,,100.0,,,,,,,,
IE00BWBXM724,,,,,,,,,,,,,,,,,,,,,,,,,,,,,,,,,,,,,,,,,,,,,,,,,,,,,,,6.51,,,,,,,,,,,,,,,,,,,,,,,,,,,,,,,,,,,,,,,,,,,,,,,,,,,,,,,,,,,,,,,,,,,,,,,,,90.54,,,,,,,,2.95
IE00BWBXM831,,,,,,,,,,,,,,,,,,,,,,,,,,,,,,,,,,,,,,,,,,,,,,,,,,,,,,,2.05,,,,,,,,,,,,,,,,,,,,,,,,,,,,,,,,,,,,,,,,,,,,,,,,,,,,,,,,,,,,,1.7,,,,,,,,,,,21.47,73.21,,,,,,,,
IE00BWBXM948,,,,,,,,,,,,,,,,,,,,,,,,,,,,,,,,,,,,,,,,,,,,,,,,,,,,,,,,,,,,,,,,,,,,,,,,,,,,,,,,,,,,,,,,,,,,,,,,,,,,,,,,,,,,,,,,,,,,,,,,,,,,,,,,100.0,,,,,,,,
IE00BWBXMB69,,,,,,,,,,,,,,,,,,,,,,,,,,,,,,,,,,,,,,,,,,,,,,,,,,,,,,,,,,,,,,,,,,,,,,,,,,,,,,,,,,,,,,,,,,,,,,,,,,,,,,,,,,,,,,,,,,,,,,,,,,,,,,,,100.0,,,,,,,,
IE00BWC52F58,,,,,,,,,,,,,,,,,,,,,,,,,,,,,,,,,,,,,,,,,,,,,,,,,,,,,,,,,,,,,,,,,,,,,,,,,,,,,,,,,,,,,,,,,,,,,,,,,,,,,,,,,,,,,,,,,,,,,,,,,,,,,,,,,,,,,,,,
IE00BWC52G65,,,,,,,,,,,,,,,,,,,,2.44,,,,,,,,,,,,,,,,,,,,,,,,,,,,,,,,,,,,,,,,,1.4,,,,,,,,,,,,,,,,,,,,,,,,,,,,,,,,,,,,,,,,,,,,,,,,,,,,,,,,,,,,,,,,,,1.94,56.74,,,,,,,,37.48
IE00BWK1SP74,,,,,,1.0557,,,,,3.146,,,,,,,,,,,,,,,,,,,,,,,,,,,3.2451,27.8862,,,25.3278,,,,,,,,,,,,,1.5745,,,9.5149,,,,,,,,,,,,,,,,,,,,,,,,,,16.4253,,,,,,,,,,,,0.5928,,,,,,,,,,,,,,,,11.3702,,,,-0.5195,,,,,,,,,,,0.0035,0.0076,,,,,,0.3701,,
IE00BWT3KJ20,,,,,,,,,,,,,1.14,,,,,,,,,,,,,,,,,,,,,,,,,,,,,,,,,,,,,,,,,,1.75,,,,,,,,,,,,,,,,,,,,,,,,,,,,,,,,,,,,,,,,,,,,,,,,,,,,,,,,,,,,,1.49,,,,,,,,,,,1.61,92.22,,,,,,,,1.79
IE00BWT3KL42,,,,,,,,,,,,,,,,,,,,,,,,,,,,,,,,,,,,,,,,,,,,,,,,,,,,,,,6.92,,,,,,,,,,,,,,,,,,,,,,,,,,,,,,,,,,,,,,,,,,,,,,,,,,,,,,,,,,,,,1.77,,,,,,,,,,,,90.05,,,,,,,,1.26
IE00BWT3KN65,,,,,,,,,,,,,,,,,,,,,,,,,,,,,,,,,,,,,,,,,,,,,,,,,,,,,,,3.14,,,,,,,,,,,,,,,,,,,,,,,,,,,,,,,,,,,,,,,,,,,,,,,,,,,,,,,,,,,,,,,,,,,,,,,,,96.25,,,,,,,,0.61
IE00BWT3KS11,,,,,98.9,,,,,,,,,,,,,,,,,,,,,,,,,,,,,,,,,,,,,,,,,,,,,,,,,,,,,,,,,,,,,,,,,,,,,,,,,,,,,,,,,,,,,,,,,,,,,,,,,,,,,,,,,,,,,,,,,,,,,,,,,,,,,,,,,,,1.1
IE00BWTN6Y99,,,,,,,,,,,,,,,,,,,,,,,,,,,,,,,,,,,,,,,,,,,,,,,,,,,,,,,,,,,,,,,,,,,,,,,,,,,,,,,,,,,,,,,,,,,,,,,,,,,,,,,,,,,,,,,,,,,,,,,,,,,,,,,,99.88,,,,,,0.12,,
IE00BWTNM743,,,,,,,,,,,,,,,,,,,,1.31,,,3.33,,,,,,,,,,,,,,,2.45,,,,1.81,,,,,,,1.28,,,6.74,,,,,,1.37,,,11.85,,,,,,,,,,,,,,,,,,,,,,,1.75,,,,,,,,,,,,,,,,,,,,,,,,,,1.06,4.5,,,,2.14,1.81,11.35,,,,,,,,,,2.11,36.51,,,,,,,,8.63
IE00BWTNM966,,,,,,,,,,,,,,,,,,,,,,,,,,,,,,,,,,,,,,,,,,95.89,,,,,,,,,,,,,,,,,,,,,,,,,,,,,,,3.54,,,,,,,,,,,,,,,,,,,,,,,,,,,,,,,,,,,,,,,,,,,,,,,,,,,,,,,,,,,,,,,0.57
IE00BWTNMB87,,,,,,,,,,,,,,,,,,,,,,,,,,,,,,,,,,,,,,,,,,,,,,,,,,,,,,,1.53,,,,,,,,,,,,,,,,,,,,,,,,,,,,,,,,,,,,,,,,,,,,,,,,,,,,,,,,,,,,,,,,,,,,,,,,,96.29,,,,,,,,2.18
IE00BWZN1T31,,,,,,1.0641,,,,,3.1724,,,,,,,,,,,,,,,,,,,,,,,,,,,3.2763,28.1581,,,25.5679,,,,,,,,,,,,,1.3855,,,9.6082,,,,,,,,,,,,,,,,,,,,,,,,,,16.5883,,,,,,,,,,,,0.597,,,,,,,,,,,,,,,,11.4631,,,,,,,,,,,,,,,0.0089,-1.2671,,,,,,0.3772,,
IE00BX7RQY03,,,,,,,,,,,,,1.14,,,,,,,,,,,,,,,,,,,,,,,,,,,,,,,,,,,,,,,,,,1.75,,,,,,,,,,,,,,,,,,,,,,,,,,,,,,,,,,,,,,,,,,,,,,,,,,,,,,,,,,,,,1.49,,,,,,,,,,,1.61,92.22,,,,,,,,1.79
IE00BX7RR706,,,,,,,,,,,,,,,,,,,,,,,,,,,,,,,,,,,,,,,,,,,,,,,,,,,,,,,6.92,,,,,,,,,,,,,,,,,,,,,,,,,,,,,,,,,,,,,,,,,,,,,,,,,,,,,,,,,,,,,1.77,,,,,,,,,,,,90.05,,,,,,,,1.26
IE00BX7RRJ27,,,,,,,,,,,,,,,,,,,,,,,,,,,,,,,,,,,,,,,,,,,,,,,,,,,,,,,3.14,,,,,,,,,,,,,,,,,,,,,,,,,,,,,,,,,,,,,,,,,,,,,,,,,,,,,,,,,,,,,,,,,,,,,,,,,96.25,,,,,,,,0.61
IE00BX7RS555,,,,,98.9,,,,,,,,,,,,,,,,,,,,,,,,,,,,,,,,,,,,,,,,,,,,,,,,,,,,,,,,,,,,,,,,,,,,,,,,,,,,,,,,,,,,,,,,,,,,,,,,,,,,,,,,,,,,,,,,,,,,,,,,,,,,,,,,,,,1.1
IE00BX7RS779,,,,,98.9,,,,,,,,,,,,,,,,,,,,,,,,,,,,,,,,,,,,,,,,,,,,,,,,,,,,,,,,,,,,,,,,,,,,,,,,,,,,,,,,,,,,,,,,,,,,,,,,,,,,,,,,,,,,,,,,,,,,,,,,,,,,,,,,,,,1.1
IE00BXDZNH00,,,,,,,,,,,,,,,,,,,,,,,,,,,,,,,,,,,,,,,,,,,,,,,,,,,,,,,6.92,,,,,,,,,,,,,,,,,,,,,,,,,,,,,,,,,,,,,,,,,,,,,,,,,,,,,,,,,,,,,1.77,,,,,,,,,,,,90.05,,,,,,,,1.26
IE00BXDZNK39,,,,,,,,,,,,,,,,,,,,,,,,,,,,,,,,,,,,,,,,,,,,,,,,,,,,,,,3.14,,,,,,,,,,,,,,,,,,,,,,,,,,,,,,,,,,,,,,,,,,,,,,,,,,,,,,,,,,,,,,,,,,,,,,,,,96.25,,,,,,,,0.61
IE00BXDZNQ90,,,,,98.9,,,,,,,,,,,,,,,,,,,,,,,,,,,,,,,,,,,,,,,,,,,,,,,,,,,,,,,,,,,,,,,,,,,,,,,,,,,,,,,,,,,,,,,,,,,,,,,,,,,,,,,,,,,,,,,,,,,,,,,,,,,,,,,,,,,1.1
IE00BYM11H29,,,,,1.37,,,,,,,,,,,,,,,2.9,,,2.09,,,,,,,,,,,,,,,,1.89,,,1.85,,,,,,,,,,1.33,,,,,,,,,4.99,,,,,,,,,,,,,,,,,,,,,,,1.61,,,,,,,,,,,,,,,,,,,,,,,,,,,2.89,,,,,2.38,3.31,,,,,,,,,,3.13,61.83,,,,,,,,8.43
IE00BYM11J43,,,,,1.37,,,,,,,,,,,,,,,2.9,,,2.09,,,,,,,,,,,,,,,,1.89,,,1.85,,,,,,,,,,1.33,,,,,,,,,4.99,,,,,,,,,,,,,,,,,,,,,,,1.61,,,,,,,,,,,,,,,,,,,,,,,,,,,2.89,,,,,2.38,3.31,,,,,,,,,,3.13,61.83,,,,,,,,8.43
IE00BYM11K57,,,,,1.37,,,,,,,,,,,,,,,2.9,,,2.09,,,,,,,,,,,,,,,,1.89,,,1.85,,,,,,,,,,1.33,,,,,,,,,4.99,,,,,,,,,,,,,,,,,,,,,,,1.61,,,,,,,,,,,,,,,,,,,,,,,,,,,2.89,,,,,2.38,3.31,,,,,,,,,,3.13,61.83,,,,,,,,8.43
IE00BYM11L64,,,,,1.37,,,,,,,,,,,,,,,2.9,,,2.09,,,,,,,,,,,,,,,,1.89,,,1.85,,,,,,,,,,1.33,,,,,,,,,4.99,,,,,,,,,,,,,,,,,,,,,,,1.61,,,,,,,,,,,,,,,,,,,,,,,,,,,2.89,,,,,2.38,3.31,,,,,,,,,,3.13,61.83,,,,,,,,8.43
IE00BYM8JD58,,,,,,,,,,,,,,,,,,,,,,,,,,,,,,,,,,,,,,,,,,,,,,,,,,,,,,,,,,,,,,,,,,,,,,,,,,,,,,,,,,,,,,,,,,,,,,,,,,,,,,,,,,,,,,,,,,,,,,,,,,,,,,,,100,,,,,,,,
IE00BYML9W36,,,,,,,,,,,,,,,,,,,,,,,,,,,,,,,,,,,,,,,,,,,,,,,,,,,,,,,,,,,,,,,,,,,,,,,,,,,,,,,,,,,,0.1,,,,,,,,,,,,,,,,,,,,,,,,,,,,,,,,0.1,,,,,,,,,,,,99.8,,,,,,,,
IE00BYMLZY74,,,,,,,,,,,,,,,,,,,,,,,,,,,,,,,,,,,,,,,,,,,,,,,,,,,,,,,,,,,,,,,,,,,,,,,,,,,,,,,,,,,,,,,,,,,,,,,,,,,,,,,,,,,,,,,,,,,,,,,,,,,,,,,,,,,,,,,,
IE00BYMS5W68,,,,,,,,,,,,,,,,,,,,2.3,2.0,,,,,,,,,,,,,,,,,,,,,,,,,,,,,,,,,,,,1.3,,,,,,,,,,,,,,,,,,,,,,,,,,,,,,,,,,,,,,,,2.0,,,,,,,,,,,,,,,,,,,,,,,,,,,,,,,92.4,,,,,,,,
IE00BYNQMK61,,,,,,,,,,,,,,,,,,,,,,,,,,,,,,,,,,,,,,,,,,,,,,,,,,,,,,,2.93,,,,,,,,,,,,,,,,,,,,,,,,,,,,,,,,,,,,,,,,,,,,,,,,,,,,,,,,,,,,,,,,,,,,,,,,90.03,,,,,,,,,7.04
IE00BYPC1H27,,,,,,,,,,,,,,,,,,,,,,,99.7998,,,,,,,,,,,,,,,,,,,,,,,,,,,,,,,,,,,,,,,,,,,,,,,,,,,,,,,,,,,,,,,,,,,,,,,,,,,,,,,,,,,,,,,,,,,,,,,,,,,,,,,,0.0121,0.1746,,,,,,0.0136,,
IE00BYPHT736,,,,,2.2046,1.4751,,,,,2.6144,,0.1033,,,,,,,1.1225,,,0.3753,,,,,0.8977,,2.3075,,,,,0.0332,,,0.6587,19.8554,,,11.4606,,0.8501,,,,,0.0628,0.1869,,,0.0275,,1.6906,,,6.3307,,,1.8747,,,,,,,,,,,,2.1638,,,,,,,,,,,5.8255,0.0321,,0.4563,,,,,,,,0.5115,0.4694,,0.048,,0.4096,,,,,,,,0.0908,0.0665,0.1361,0.0325,5.959,,,2.105,2.0062,0.0318,,,,,,,,,0.0936,9.3766,16.0768,,,,,,,,-0.0226
IE00BYPLS672,,,,,,,,,,,,,,,,,,,,11.96,,,,,,,,,,,,,,,,,,,,,,,,,,,,,,,,,,,,,5.04,,,,4.4,,,,,,,,,,,,,,,,,,,,,,,,,,,,,,,,,,,,,,,,,,,,,,,,,,,,,,,,,,,,,,,,,,,78.12,,,,,,,,0.48
IE00BYQ00Y50,,,,,,,,,,,,,,,,,,,,,,,,,,,,,,,,,,,,,,,,,,,,,,,,,,,,,,,1.12,,,,,,,,,,,,,,,,,,,,,,,,,,,,,,,,,,,,,,,,,,,,,,,,,,,,,,,,,,,,,,,,,,,,,,,,,96.95,,,,,,,,1.93
IE00BYQCZD50,,,,,,,,,,,,,,,,,,,,,,,,,,,,,,,,,,,,,,,,,,,,,,,,,,,,,,,,,,,,,92.94,,,,,,,,,,,,,,,,,,,,,,,,,,,,,,,,,,,,,,,,,,,,,,,,,,,,,,,,,,,,,,,,,,,,,,,,,,,7.06
IE00BYQCZF74,,,,,,,,,,,,,,,,,,,,,,,,,,,,,,,,,,,,,,,,,,,,,,,,,,,,,,,,,,,,,92.94,,,,,,,,,,,,,,,,,,,,,,,,,,,,,,,,,,,,,,,,,,,,,,,,,,,,,,,,,,,,,,,,,,,,,,,,,,,7.06
IE00BYQCZJ13,,,,,,,,,,,,,,,,,,,,,,,,,,,,,,,,,,,,,,,,,,,,,,,,,,,,,,,,,,,,,92.94,,,,,,,,,,,,,,,,,,,,,,,,,,,,,,,,,,,,,,,,,,,,,,,,,,,,,,,,,,,,,,,,,,,,,,,,,,,7.06
IE00BYQCZL35,,,,,,,,,,,,,,,,,,,,,,,,,,,,,,,,,,,,,,,,,,,,,,,,,,,,,,,,,,,,,92.94,,,,,,,,,,,,,,,,,,,,,,,,,,,,,,,,,,,,,,,,,,,,,,,,,,,,,,,,,,,,,,,,,,,,,,,,,,,7.06
IE00BYQCZN58,,,,,,,,,,,,,,,,,,,,,,,,,,,,,,,,,,,,,,,,,,,,,,,,,,,,,,,,,,,,,92.94,,,,,,,,,,,,,,,,,,,,,,,,,,,,,,,,,,,,,,,,,,,,,,,,,,,,,,,,,,,,,,,,,,,,,,,,,,,7.06
IE00BYQCZP72,,,,,,,,,,,4.65,,,,,,,,,,,,,,,,,,,,,,,,,,,4.23,21.25,,,21.6,,,,,,,,,,,,,,,,4.74,,,,,,,,,,,,,,,1.57,,,,,,,,,,,9.03,,,,,,,,,,,,,,,,,,,,,,,,,,,,18.28,,,,,,,,,,,,,,,,,,,,,,,,14.65
IE00BYQCZQ89,,,,,,,,,,,4.65,,,,,,,,,,,,,,,,,,,,,,,,,,,4.23,21.25,,,21.6,,,,,,,,,,,,,,,,4.74,,,,,,,,,,,,,,,1.57,,,,,,,,,,,9.03,,,,,,,,,,,,,,,,,,,,,,,,,,,,18.28,,,,,,,,,,,,,,,,,,,,,,,,14.65
IE00BYQCZT11,,,,,,,,,,,4.65,,,,,,,,,,,,,,,,,,,,,,,,,,,4.23,21.25,,,21.6,,,,,,,,,,,,,,,,4.74,,,,,,,,,,,,,,,1.57,,,,,,,,,,,9.03,,,,,,,,,,,,,,,,,,,,,,,,,,,,18.28,,,,,,,,,,,,,,,,,,,,,,,,14.65
IE00BYQCZX56,,,,,,,,,,,4.65,,,,,,,,,,,,,,,,,,,,,,,,,,,4.23,21.25,,,21.6,,,,,,,,,,,,,,,,4.74,,,,,,,,,,,,,,,1.57,,,,,,,,,,,9.03,,,,,,,,,,,,,,,,,,,,,,,,,,,,18.28,,,,,,,,,,,,,,,,,,,,,,,,14.65
IE00BYSX4176,,,,,,,,,,,,,,,,,,,,,,,,,,,,,,2.46,,,,,,,,,14.31,,,10.58,,,,,,,,,,,,,2.1,,,5.03,,,,,,,,,,,,,,,,,,,,,,,,,,7.96,,,3.33,,,,,,,,,,,,,,,,,,,,,,,,,9.16,,,5.61,17.58,,,,,,,,,,,20.66,,,,,,,,,1.22
IE00BYSX4283,,,,,,,,,,,,,,,,,,,,,,,,,,,,,,2.46,,,,,,,,,14.31,,,10.58,,,,,,,,,,,,,2.1,,,5.03,,,,,,,,,,,,,,,,,,,,,,,,,,7.96,,,3.33,,,,,,,,,,,,,,,,,,,,,,,,,9.16,,,5.61,17.58,,,,,,,,,,,20.66,,,,,,,,,1.22
IE00BYSX4408,,,,,,,,,,,,,,,,,,,,,,,,,,,,,,2.46,,,,,,,,,14.31,,,10.58,,,,,,,,,,,,,2.1,,,5.03,,,,,,,,,,,,,,,,,,,,,,,,,,7.96,,,3.33,,,,,,,,,,,,,,,,,,,,,,,,,9.16,,,5.61,17.58,,,,,,,,,,,20.66,,,,,,,,,1.22
IE00BYSX4739,,,,,,,,,,,,,,,,,,,,,,,10.94,,,,,,,,,,,,,,,,,,,,,,,,,,2.76,,,11.41,1.07,,,,,,,,,,,,,,,,,,,,,,,,,,2.9,,,,,,,,,,,,,,,,2.78,,,,,,,,2.48,,,,,,,2.88,23.06,,,,,,33.98,,,,,,,,,2.23,,,,,,,,,,3.51
IE00BYSX4846,,,,,,,,,,,,,,,,,,,,,,,10.94,,,,,,,,,,,,,,,,,,,,,,,,,,2.76,,,11.41,1.07,,,,,,,,,,,,,,,,,,,,,,,,,,2.9,,,,,,,,,,,,,,,,2.78,,,,,,,,2.48,,,,,,,2.88,23.06,,,,,,33.98,,,,,,,,,2.23,,,,,,,,,,3.51
IE00BYSZ5R67,,,,,,,,,,,,,,,,,,,,,,,,,,,,,,,,,,,,,,,,,,,,,,,,,,,,,,,,,,,,,,,,,,,,,,,,,,,,,,,,,,,,,,,,,,,,,,,,,,,,,,,,,,,,,,,,,,,,,,,,,,,,,,,,99.9951,,,,,,,,
IE00BYSZ5T81,,,,,,,,,,,,,,,,,,,,,,,,,,,,,,,,,,,,,,,,,,,,,,,,,,,,,,,,,,,,,,,,,,,,,,,,,,,,,,,0.0066,,,,,,,,,,,,,,,,,,,,,,,,,,,,,,,,,,,,,,,,,,,,,,,,,99.9915,,,,,,,,
IE00BYSZ5V04,,,,,,,,,,,,,,,,,,,,,,,,,,,,,,,,,,,,,,,,,,,,,,,,,,,,,,,,,,,,,,,,,,,,,,,,,,,,,,,,,,,,,,,,,,,,,,,,,,,,,,,,,,,,,,,,,,,,,,,,,,,,,,,,99.9981,,,,,,,,
IE00BYSZ6062,,,,,,4.2406,,,,,5.8341,,,,,,0.296,,,,,,,,,0.124,0.0659,,,,,,,,,,,1.8118,22.2159,,,17.8562,,1.0572,,,,,,,,,,,1.5929,,,20.5956,,,,,,,,,,0.053,,,,0.2186,0.1276,,,,,,,,,,,5.867,,,,,,,,,,,,2.116,,,,,,,,,,,,0.7891,0.3319,,,14.5781,,,,,,,,,,,,,,,,,,,,,,,0.2282,
IE00BYT5CV85,,,,,,,,,,,,,,,,,,,,,,,,,,,,,,,,,,,,,,,,,,,,,,,,,,,,,,,,,,,,,,,,,,,,,,,,,,,,,,,,,,,,,,,,,,,,,,,,,,,,,,,,,,,,,,,,,,,,,,,,,,,,,,,,,,,,,,,,
IE00BYT5CW92,,,,,,,,,,,,,,,,,,,,,,,,,,,,,,,,,,,,,,,,,,,,,,,,,,,,,,,,,,,,,,,,,,,,,,,,,,,,,,,,,,,,,,,,,,,,,,,,,,,,,,,,,,,,,,,,,,,,,,,,,,,,,,,,,,,,,,,,
IE00BYT5CX00,,,,,,,,,,,,,,,,,,,,,,,,,,,,,,,,,,,,,,,,,,,,,,,,,,,,,,,,,,,,,,,,,,,,,,,,,,,,,,,,,,,,,,,,,,,,,,,,,,,,,,,,,,,,,,,,,,,,,,,,,,,,,,,,,,,,,,,,
IE00BYTH5602,,,,,1.383,,,,,,,,,,,,,,,8.0036,,,,,,,,,,,,,,,,,,,1.1249,,,0.1488,,,,,,,1.6983,,,,,,0.0097,,,0.3374,,,2.0705,0.077,,,,,,,,,,,,1.2327,,,,,,,,,,,,,0.7797,,,,,,,,,,,,,,,,,,,,,,,,,1.013,,,,,,,,,,,,,,,1.9223,80.0443,,,,,,,0.1548,
IE00BYTH5R14,,,,,,,,,,,,,,,,,,,,,,,,,,,,,,,,,,,,,,,,,,,,,,,,,,,,,,,1.63,,,,,,,,,,,,,,,,,,,,,,,,,,,,,,,,,,,,,,,,,,,,,,,,,,,,,,,,,,,,,2.83,,,,,,,,,,,,94.41,,,,,,,,1.13
IE00BYTH5S21,,,,,1.8384,,,,,,0.7766,,,,,,,,,6.9365,,,6.0609,,,,,,,,,,,,,,,1.5717,2.6533,,,,,,,,,,1.5032,,,,,,,,,2.8665,,,3.4907,,,,,,,,,,,,,,,,,,0.71,,,,,0.7438,,,1.041,,,,,,,,,0.8533,,,,,,,0.7621,,,,,,,,0.6578,,,,,3.8077,1.4307,,,,,,,,,0.7633,7.3912,54.1413,,,,,,,,
IE00BYTH5T38,,,,,,5.7479,,,,,5.4875,,,,,,,,,,,,,,,,,,,,,,,,,,,13.7555,12.4114,,,19.97,,,,,,,,,,,,,1.4645,,,21.6124,,,,,,,,,,,,,,,,,,,,,,,,,,13.4287,,,,,,,,,,,,3.5807,,,,,,,,,,,,,,,,2.5414,,,,,,,,,,,,,,,,,,,,,,,,
IE00BYTH6121,,,,,1.94,,,,,,,,,,2.25,,,,,2.56,,,6.04,,,,,,,2.95,,,,,,,,,7.71,,,6.55,,1.32,,,,,2.16,,,2.09,1.02,,1.29,,1.88,7.33,,,2.68,,,,,,,,,,,,,,,1.13,,,,,,,,,,,,,,,,,,,1.54,,,,,,,,,,,,3.91,,,1.52,3.37,6.19,,,,3.14,1.19,,1.85,,,,,,,,5.36,14.67,,,,,,,,6.36
IE00BYTH6238,,,,,,,,,,,,,,,,,,,,,1.2,,,,,,,,,,,,,,,,,,,,,,,,,,,,,,,,,,,,,,,,,,,,,,,,,,,,,,,,,,,,,,,,,,,,,,,,,,,,,,,,,,,,,,,,,,,,,,,,,,,,,,,,,,,94.08,,,,,,,,4.72
IE00BYTRR640,,,,,1.2327,,,,,,0.0546,,,,,,,,,1.2099,,,,,,,,,,0.1267,,,,,,,,,3.0209,,,1.7147,,,,,,,0.165,,,,,,,,,0.9022,,,9.5283,,,,,,,,,,,,,,,,,,,,,,,0.6962,,,,,,,,,,,,,,,,,,,,,,,0.5525,,,,,1.2698,,,0.2268,1.6569,,,,,,,,,,,1.4143,76.2287,,,,,,,,
IE00BYTRR756,,,,,1.236,,,,,,1.6453,,,,,,,,,2.2492,,,,,,,,,,0.2783,,,,,,,,0.1436,3.9708,,,0.6462,,,,,,,0.1775,,,,,,0.3197,,,0.0855,,,4.2696,,,,,,,,,,,,,,,,,,,,,,,2.1265,,,0.4584,,,,,,,,,0.1214,,,,,,,,,,,0.0937,,,,,,,,0.3723,6.212,,,,,,,,,,,9.8067,65.7871,,,,,,,,
IE00BYTRR863,,,,,1.7139,0.3077,,,,,,,,,,,,,,14.6212,,,,,,,,,,,,,,,,,,0.4163,4.8199,,,,,,,,,,,,,,,,,,,1.5814,,,1.2981,,,,,,,,,,,,,,,,,,,,,,,,,,1.2376,,,,,,,,,0.2792,,,,,,,,,,,,,,,,0.9474,,,,,,,,,,,,,,,10.0209,62.7564,,,,,,,,
IE00BYTRR970,,,,,3.8845,0.4486,,,,,0.3846,,,,,,,,,8.2874,,,,,,,,,,0.2949,,,,,,,,0.5672,2.015,,,3.0215,,,,,,,1.2599,,,,,,0.3031,,0.7756,2.6717,,,6.4185,,,,,,,,,,,,,,,,,,,,,,,1.4698,0.0544,,0.2227,,,,,,,,,0.063,,,,,,,,,,,1.7018,,,,,3.03,,,1.3174,2.8379,,,,,,,,,,,5.822,53.1484,,,,,,,,
IE00BYTRRB94,,,,,1.036,,,,,,1.1235,,,,,,,,,,,,,,,,,,,2.1056,,,,,,,,0.1193,2.1662,,,1.6055,,,,,,,,,,,,,,,0.5018,0.0777,,,3.3196,,,,,,,,,,,,,,,,,,,,,,,0.2537,0.1675,,,,,,,,,,,,,,,,,,,,,,,,,,,,,,0.1006,9.3839,,,,,,,,,,,4.6637,73.3752,,,,,,,,
IE00BYTRRC02,,,,,0.725,,,,,,,,,,,,,,,2.7525,,,,,,,,,,0.8985,,,,,,,,0.4667,6.8569,,,5.7464,,,,,,,0.7327,,,,,,0.2809,,0.2024,0.646,,,12.0744,,,,,,,,,,,,,,,,,,,,,,,0.4827,0.0866,,0.1413,,,,,,,,,,,,,,,,,,,,0.5,,,,,0.7864,,,3.3662,2.5178,,,,,,,,,,,4.3335,56.403,,,,,,,,
IE00BYTRRD19,,,,,0.0535,,,,,,,,,,,,,,,1.0475,,,,,,,,,,,,,,,,,,0.1986,0.2556,,,1.1703,,,,,,,,,,,,,,,0.1723,,,,3.4602,,,,,,,,,,,,,,,,,,,,,,,2.7682,,,,,,,,,,,,,,,,,,,,,,,,,,,,0.0158,,,0.1986,0.0539,,,,,,,,,,,0.1113,90.4941,,,,,,,,
IE00BYTRRF33,,,,,11.9971,,,,,,0.2162,,,,,,,,,16.3337,,,,,,,,,,0.7222,,,,,,,,0.6554,4.9529,,,3.1273,,,,,,,,,,,,,,,0.1238,0.1136,,,6.5013,,,,,,,,,,,,,,,,,,,,,,,0.8841,,,0.6361,,,,,,,,,,,,,,,,,,,,,,,,,,,,0.7346,3.9495,,,,,,,,,,,8.8918,40.1605,,,,,,,,
IE00BYTRRG40,,,,,0.5892,,,,,,,,,,,,,,,0.5543,,,,,,,,,,,,,,,,,,0.1352,1.3297,,,2.6954,,,,,,,0.1227,,,,,,,,,0.3291,,,7.3776,,,,,,,,,,,,,,,,,,,,,,,0.7664,,,0.1851,,,,,,,,,,,,,,,,,,,,0.5446,,,,,0.6532,,,2.2676,0.4443,,,,,,,,,,,1.3773,80.6284,,,,,,,,
IE00BYTRRH56,,,,,1.0856,0.2006,,,,,0.2812,,,,,,,,,3.5074,,,,,,,,,,0.4288,,,,,,,,0.4617,3.3828,,,3.9243,,,,,,,1.8889,,,,,,,,0.7348,5.3263,,,2.1561,,,,,,,,,,,,,,,,,,,,,,,,0.4273,,,,,,,,,,,0.9132,,,,,,,,,,,0.1881,,,,,8.3234,,,,0.1405,,,,,,,,,,,6.8604,59.7688,,,,,,,,
IE00BYTYHM11,,,,,,,,,,,,,,,,,,,,,,,,,,,,,,,,,,,,,,,,,,,,,,,,,,,,,,,,,,,,,,,,,,,,,,,,,,,,,,,,,,,,,,,,,,,,,,,,,,,,,,,,,,,,,,,,,,,,,,,,,,,,,,,,,,,,,,,,
IE00BYTYHN28,,,,,,,,,,,,,,,,,,,,,,,,,,,,,,,,,,,,,,,,,,,,,,,,,,,,,,,,,,,,,,,,,,,,,,,,,,,,,,,,,,,,,,,,,,,,,,,,,,,,,,,,,,,,,,,,,,,,,,,,,,,,,,,,,,,,,,,,
IE00BYV03C98,,,,,,,,,,,,,,,,,,,,,,,,,,,,,,,,,,,,,,,,,,,,,,,,,,,,,,,1.68,,,,,,,,,,,,,,,,,,,,,,,,,,,,,,,,,,,,,,,,,,,,,,,,,,,,,,,,,,,,,,,,,,,,,,,,,95.78,,,,,,,,2.54
IE00BYV12Y75,,,,,0.9318,,,,,,0.2376,,0.1215,,0.2989,,,,,3.4962,,0.0595,0.2012,,,,,,,,,,,,,,,,0.2839,,,0.4673,,,,,,,,,,,,,0.535,,,0.0411,,,2.4432,,,,,,,,,,,,0.1555,0.0892,,,,,0.179,,,,,0.6573,,,,,,,,,,,,,,,,,,,,,,,,,,,,0.6792,,,,0.2854,0.0311,,,,,,,,,,4.6461,84.1595,,,,,,,,
IE00BYV1Y969,,,,,,,,,,,,,,,,,,,,,,,,,,,,,,,,,,,,,,,,,,,,,,,,,,,,,,,1.68,,,,,,,,,,,,,,,,,,,,,,,,,,,,,,,,,,,,,,,,,,,,,,,,,,,,,,,,,,,,,,,,,,,,,,,,,95.78,,,,,,,,2.54
IE00BYV1YF22,,,,,,,,,,,,,,,,,,,,2.79,,,,,,,,,,,,,,,,,,,3.06,,,1.75,,,,,,,,,,,,,1.16,,,1.04,,,6.65,,,,,,,,,,,,,,,,,,,,,,,1.33,,,,,,,,,,,,,,,,,,,,,,,1.12,,,,,1.4,,,,4.06,,,,,,,,,,,3.44,69.24,,,,,,,,2.96
IE00BYV1YH46,,,,,,,,,,,,,,,,,,,,2.79,,,,,,,,,,,,,,,,,,,3.06,,,1.75,,,,,,,,,,,,,1.16,,,1.04,,,6.65,,,,,,,,,,,,,,,,,,,,,,,1.33,,,,,,,,,,,,,,,,,,,,,,,1.12,,,,,1.4,,,,4.06,,,,,,,,,,,3.44,69.24,,,,,,,,2.96
IE00BYVDRC61,,,,,1.37,,,,,,,,,,,,,,,2.9,,,2.09,,,,,,,,,,,,,,,,1.89,,,1.85,,,,,,,,,,1.33,,,,,,,,,4.99,,,,,,,,,,,,,,,,,,,,,,,1.61,,,,,,,,,,,,,,,,,,,,,,,,,,,2.89,,,,,2.38,3.31,,,,,,,,,,3.13,61.83,,,,,,,,8.43
IE00BYVDRD78,,,,,1.37,,,,,,,,,,,,,,,2.9,,,2.09,,,,,,,,,,,,,,,,1.89,,,1.85,,,,,,,,,,1.33,,,,,,,,,4.99,,,,,,,,,,,,,,,,,,,,,,,1.61,,,,,,,,,,,,,,,,,,,,,,,,,,,2.89,,,,,2.38,3.31,,,,,,,,,,3.13,61.83,,,,,,,,8.43
IE00BYVDRF92,,,,,1.37,,,,,,,,,,,,,,,2.9,,,2.09,,,,,,,,,,,,,,,,1.89,,,1.85,,,,,,,,,,1.33,,,,,,,,,4.99,,,,,,,,,,,,,,,,,,,,,,,1.61,,,,,,,,,,,,,,,,,,,,,,,,,,,2.89,,,,,2.38,3.31,,,,,,,,,,3.13,61.83,,,,,,,,8.43
IE00BYVHJM24,,,,,1.53,,,,,,,,,,,,,,,2.86,,,1.97,,,,,,,,,,,,,,,,1.86,,,2.0,,,,,,,,,,1.08,,,,,,,,,5.42,,,,,,,,,,,,,,,,,,,,,,,1.88,,,,,,,,,,,,,,,,,,,,,,,,,,,3.41,1.05,,,,2.66,3.92,,,,,,,,,,3.24,59.48,,,,,,,,7.64
IE00BYVJRP78,,,,,,,,,,,,,,,1.3143,,,,,,,0.8343,22.0959,0.636,,,,0.1708,,,,,,,,,,,,,,,,0.5722,,,,,0.1613,0.001,,8.1429,0.0015,,0.1527,,,,,,,,,,,,,,,,,,,,,2.0306,,,2.1263,,,,,,,,,,,,,,0.6934,0.0008,1.5017,,,0.0009,,,,,0.3704,,,,,,,7.5119,16.4852,,,,,,33.0108,,0.7977,,,0.0592,,,,1.3782,,-0.0527,,,,,,0.0029,,
IE00BYVJRR92,,,,,,,,,,,,,,,,,,,,,,,,,,,,,,,,,,,,,,,,,,,,,,,,,,,,,,,,,,,,,,,,,,,,,,,,,,,,,,,,,,,,,,,,,,,,,,,,,,,,,,,,,,,,,,,,,,,,,,,,,,,,,,,0.0009,99.9972,,,,,,0.0018,,
IE00BYVQ9F29,,,,,,,,,,,,,,,,,,,,0.9643,,,0.267,,,,,,,,,,,,,,,,,,,,,,,,,,,,,,,,0.1883,,,,,,,,,,,,,,,,,,,,,,,,,,,,,1.1274,,,,,,,,,,,,,,,,,,,,,,,,,,,,0.2048,,,,,,,,,,,,,,,0.4669,96.7802,,,,,,0.0012,,
IE00BYVQ9G36,,,,,,,,,,,,,,,,,,,,,,,,,,,,,,,,,,,,,,,,,,,,,,,,,,,,,,,,,,,,,,,,,,,,,,,,,,,,,,,0.0034,,,,,,,,,,,,,,,,,,,,,,,,,,,,,,,,,,,,,0.0005,,,,,,,,,,,0.0214,99.974,,,,,,0.0007,,
IE00BYVTMS52,,,,,,,,,,,,,,,0.43,,,,,0.97,,,0.26,,,,,,,,,,,,,,,,,,,,,,,,,,,,,,,,,,,,,,,,,,,,,,,,,,,,,,,,,,,,,1.17,,,,,,,,,,,,,,,,,,,,,,,,,,,,,,,,,,,,,,,,,,,0.21,96.73,,,,,,0.22,,
IE00BYVTMT69,,,,,,,,,,,,,,,,,,,,,,,,,,,,,,,,,,,,,,,,,,,,,,,,,,,,,,,,,,,,,,,,,,,,,,,,,,,,,,,,,,,,1.57,,,,,,,,,,,,,,,,,,,,,,,,,,,,,,,,,,,,,,,,,,,1.92,95.12,,,,,,,,1.39
IE00BYVTMZ20,,,,,,,,,,,,,,,,,,,,,,,,,,,,,,,,,,,,,,,,,,,,,,,,,,,,,,,,,,,,,3.26,,,,,,,,,,,,,,,,,,,,,,,,,,,,,,,,,,,,,,,,,,,,,,,,,,,,,,,,,,,,,,,,,,,95.3,,,,,,1.44,,
IE00BYVZV757,,,,,,3.35,,,,,2.83,,,,,,,,,,,,,,,,,,,,,,,,,,,1.57,28.28,,,18.91,,,,,,,,,,,,,1.13,,,18.01,,,,,,,,,,,,,,,,,,,,,,,,,,3.74,,,,,,,,,,,,1.41,,,,,,,,,,,,,,,,15.51,,,,,,,,,,,,,,,,,,,,,,,,5.26
IE00BYWQWR46,,,,,5.59,,,,,,,,,,,,,,,,,,19.38,,,,,,,,,,,,,,,,1.59,,,,,,,,,,1.93,,,,,,,,,,,,22.7,,,,,,,,,,,,,,,,,,,,,,,,,,,,,,,,,,3.91,,,,,,,,,,,,,,,,6.55,,,,1.08,,7.8,,,,,,,,,,,29.46,,,,,,,,0.01
IE00BYWZ0333,,,,,0.4232,,,,,,,,,,0.1867,,,,,2.9351,,,0.3096,,,,,0.0002,,0.0001,,,,,,,,1.6055,1.0292,,,7.6505,,,,,,,0.0056,0.0002,,,,,0.0037,,0.9235,0.03,,,13.6962,,,,,,,,,,,,,,,0.0338,,,0.0002,,,,,0.0975,0.0001,,0.1026,,,,,,,,,,,,,,,,,,,,0.0001,,,0.0002,0.4736,,,,1.1993,3.1483,3.891,,,,,0.0007,,,,0.0001,1.1934,61.0964,,,,,,-0.0365,,
IE00BYX2JD69,,,,,1.0329,0.0379,,,,,0.2022,,,,,,,,,3.8115,,,,,,,,,,0.5712,,,,,,,,0.6765,2.9557,,,2.5294,,,,,,,0.6771,,,,,,0.1067,,0.0867,0.3506,,,7.5773,,,,,,,,,,,,,,,,,,,,,,,5.6391,0.0772,,0.3365,,,,,,,,,0.1641,,,,,,,,,,,0.1856,,,,,0.5988,,,0.8662,3.9366,,,,,,,,,,,2.2046,65.3462,,,,,,0.0293,,
IE00BYX5K108,,,,,,0.7,,,,,1.7,,,,0.1,,,,,,,,0.5,,,,,0.02,,3.3,,,,,,,,2.3,16.3,,,17.3,,,,0.1,,,,,,,,,0.9,,,6.5,,,,,,,,,,,,,,,0.4,,,,,,,,,,,11.0,,,1.1,,,,,,,,0.04,0.4,,,,,,,,,,,0.4,,,,0.1,7.6,,,6.0,12.5,,,,,,,,,,,0.3,10.5,,,,,,,,
IE00BYX8XC17,,,,,,,,,,,,,,,,,,,,,,,,,,,,,,,,,,,,,,,,,,,,,,,,,,,,,,,,,,,,,99.9449,,,,,,,,,,,,,,,,,,,,,,,,,,,,,,,,,,,,,,,,,,,,,,,,,,,,,,,,,,,,,,,,,,0.001,0.0539,,,,,,0.0002,,
IE00BYX8XD24,,,,,,,,,,,,,,,,,,,,,,,,,,,,,,,,,,,,,,,,,,,,,,,,,,,,,,,0.001,,,,,,,,,,,,,,,,,,,,,,,,,,,,,,,,,,,,,,,,,,,,,,,,,,,,,,,,,,,,,,,,,,,,,,,,0.0032,99.9888,,,,,,0.007,,
IE00BYXG2H39,,,,,0.0568,,,,,,1.8041,,,,,,,,,0.2261,,,0.9608,,,,,,,1.1559,,,,,,,,,1.1002,,,0.8133,,,,,,,,0.0768,,,,,0.1293,,0.0298,,,,,,,,,,,,,,,,,,,,,,,,,,,0.1562,,,,,,,,,,,,,,,,,,,,,,,,,,,,0.0604,,,,0.0159,0.0092,,,,,,,,,,0.3148,93.0844,,,,,,0.0062,,
IE00BYXPSP02,,,,,,,,,,,,,,,,,,,,,,,,,,,,,,,,,,,,,,,,,,,,,,,,,,,,,,,,,,,,,,,,,,,,,,,,,,,,,,,0.0028,,,,,,,,,,,,,,,,,,,,,,,,,,,,,,,,,,,,,0.0073,,,,,,,,,,,0.0192,99.9692,,,,,,0.0015,,
IE00BYXPXK00,,,,,1.2393,0.7435,,,,,0.2592,,,,,,,,,4.0101,,,,,,,,,,1.2184,,,,,,,,0.271,1.8108,,,1.0421,,,,,,,0.8898,,,,,,0.5566,,1.2363,2.7459,,,8.9867,,,,,,,,,,,,,,,,,,,,,,,1.4656,0.151,,0.7998,,,,,,,,,,,,,,,,,,,,0.8306,,,,,1.6426,,,2.2679,0.6702,,,,,,,,,,,1.5625,65.5321,,,,,,0.068,,
IE00BYXPXL17,,,,,0.2937,0.0466,,,,,0.7434,,,,,,,,,3.7717,,,,,,,,,,0.1681,,,,,,,,0.832,2.4975,,,1.6685,,,,,,,1.4049,,,,,,0.354,,0.8528,0.5643,,,10.5607,,,,,,,,,,,,,,,,,,,,,,,1.1836,0.1271,,,,,,,,,,,0.1309,,,,,,,,,,,1.2517,,,,,1.2268,,,0.1332,3.066,,,,,,,,,,,1.4247,67.6441,,,,,,0.0536,,
IE00BYXVGX24,,,,,,,,,,,,,,,,,,,,,,,,,,,,,,,,,,,,,,,,,,,,,,,,,,,,,,,1.68,,,,,,,,,,,,,,,,,,,,,,,,,,,,,,,,,,,,,,,,,,,,,,,,,,,,,,,,,,,,,,,,,,,,,,,,,95.78,,,,,,,,2.54
IE00BYXVGY31,,,,,,,,,,,,,,,,,,,,,,,,,,,,,,,,,,,,,,,,,,,,,,,,,,,,,,,1.68,,,,,,,,,,,,,,,,,,,,,,,,,,,,,,,,,,,,,,,,,,,,,,,,,,,,,,,,,,,,,,,,,,,,,,,,,95.78,,,,,,,,2.54
IE00BYXVGZ48,,,,,,,,,,,,,,,,,,,,2.79,,,,,,,,,,,,,,,,,,,3.06,,,1.75,,,,,,,,,,,,,1.16,,,1.04,,,6.65,,,,,,,,,,,,,,,,,,,,,,,1.33,,,,,,,,,,,,,,,,,,,,,,,1.12,,,,,1.4,,,,4.06,,,,,,,,,,,3.44,69.24,,,,,,,,2.96
IE00BYXVWC37,,,,,,,,,,,,,,,,,,,,2.44,,,,,,,,,,,,,,,,,,,,,,,,,,,,,,,,,,,,,,,,,1.4,,,,,,,,,,,,,,,,,,,,,,,,,,,,,,,,,,,,,,,,,,,,,,,,,,,,,,,,,,,,,,,,,,1.94,56.74,,,,,,,,37.48
IE00BYXYX521,,,,,,,,,,,,,,,,,,,,,,,,,,,,,,,,,,,,,,,,,,,,,,,,,,,,,,,,,,,,,,,,,,,,,,,,,,,,,,,,,,,,,,,,,,,,,,,,,,,,,,,,,,,,,,,,,,,,,,,,,,,,,,,,,,,,,,,,
IE00BYXYX745,,,,,,1.4546,,,,,2.0761,,,,,,,,,,,,,,,,,,,4.3751,,,,,,,,4.0153,9.0919,,,7.7133,,,,,,,,,,,,,3.3543,,,10.2646,,,,,,,,,,,,,,,,,,,,,,,,,,8.8808,,,3.562,,,,,,,,,1.9147,,,,,,,,,,,,,,,,5.4359,,,9.4647,11.0261,,,,,,,,,,,17.1221,0.0132,,,,,,0.2355,,
IE00BYXYYK40,,1.7138,3.2814,,,,0.1464,,3.2417,,,0.1711,,0.1471,3.8767,,0.2056,,,,,3.3868,3.2762,3.3775,1.017,,,,,,3.4669,1.862,3.1738,0.3184,,,,,,,,,0.8568,,,0.3414,,,,3.3855,,0.6885,4.2954,,0.8666,,,,1.0476,0.533,,,0.5179,1.1561,0.9447,,,0.1798,0.3421,,,,,,,2.0262,,,6.2409,,,,0.6344,,,2.6512,,2.712,0.5447,3.1794,,0.2929,3.034,3.4661,3.6238,,,,,3.3296,,,6.3094,0.2364,0.693,,-0.0,,,3.315,,,0.9338,0.2009,,0.0003,,,,,0.1426,4.9097,,,1.797,,0.0113,-0.2424,2.1384,,,,,0.0014,,
IE00BYXYYM63,,,,,0.2134,0.0219,,,,,0.1246,,0.0162,,0.0833,,,,,1.021,,0.0791,0.0554,,,,,,,,,,,,,,,0.0017,0.0647,,,0.1999,,,,,,,0.009,0.0063,,,0.1164,,4.5997,,0.0944,0.0247,,,0.5248,,,,,,,,,,,,0.0185,0.0109,,,,,0.3769,,,,,0.085,,,0.0317,,,0.098,,,0.096,0.1379,0.0952,,,,,,,,,,,,0.0057,,,0.0031,0.0875,0.1257,,,0.0069,0.1188,0.0125,,,,,,,,,,1.0145,89.2154,0.0628,,,,,0.009,1.1325,
IE00BYXZ2585,,,,,,1.047,,,,,3.1296,,,,,,,,,,,,,,,,,,,,,,,,,,,3.2401,27.8353,,,25.3136,,,,,,,,,,,,,1.2048,,,9.5038,,,,,,,,,,,,,,,,,,,,,0.0001,,,,,16.3926,,,,,,,,,,,,0.5957,,,,,,,,,,,,,,,,11.3322,,,,,,,,,,,,,,,0.004,0.0127,,,,,,0.3886,,
IE00BYYHSM20,,,,,,1.2767,,,,,3.2458,,,,,,,,,,,,,,,,,,,1.6109,,,,,,,,3.1953,7.0476,,,12.6399,,,,,,,,,,,,,1.7804,,,7.5657,,,,,,,,,,,,,,,,,,,,,,,,,,5.5584,,,2.8624,,,,,,,,,,,,,,,,,,,,,,,,,6.6724,,,3.8684,22.0913,,,,,,,,,,,20.6631,0.0146,,,,,,-0.0928,,
IE00BYYHSQ67,,,,,1.2158,0.1251,,,,,0.5115,,,,,,,,,2.4006,,,,,,,,,,1.1843,,,,,,,,0.6201,4.1341,,,6.3719,,,,,,,0.7099,,,,,,0.431,,0.3022,2.1204,,,7.9059,,,,,,,,,,,,,,,,,,,,,,,1.4842,0.0643,,0.4486,,,,,,,,,,,,,,,,,,,,1.2455,,,,,3.0655,,,1.5271,6.6069,,,,,,,,,,,5.1502,52.3602,,,,,,0.0148,,
IE00BYYLVH00,,,,,,,,,,,,,,,,,,,,,,,,,,,,,,,,,,,,,,,,,,,,,,,,,,,,,,,,,,,,,,,,,,,,,,,,,,,,,,,,,,,,,,,,,,,,,,,,,,,,,,,,,,,,,,,,,,,,,,,,,,,,,,,,,,,,,,,,
IE00BYYLVJ24,,,,,,,,,,,,,,,,,,,,,,,,,,,,,,,,,,,,,,,,,,,,,,,,,,,,,,,,,,,,,,,,,,,,,,,,,,,,,,,,,,,,,,,,,,,,,,,,,,,,,,,,,,,,,,,,,,,,,,,,,,,,,,,,,,,,,,,,
IE00BYYLVK39,,,,,,,,,,,,,,,,,,,,,,,,,,,,,,,,,,,,,,,,,,,,,,,,,,,,,,,,,,,,,,,,,,,,,,,,,,,,,,,,,,,,,,,,,,,,,,,,,,,,,,,,,,,,,,,,,,,,,,,,,,,,,,,,,,,,,,,,
IE00BYYR0489,,,,,,,,,,,,,,,,,,,,,,,,,,,,,,,,,,,,,,,,,,,,,,,,,,,,,,,0.1288,,,,,,,,,,,,,,,,,,,,,,,,,,,,,,,,,,,,,,,,,,,,,,,,99.6662,,,,,,,,,,,,,,,,,,,,,,,,,0.2047,,,,,,0.0003,,
IE00BYYW2S15,,,,,,,,,,,,,,,,,,,,,,,,,,,,,,,,,,,,,,,,,,,,,,,,,,,,,,,1.13,,,,,,,,,,,,,,,,,,,,,,,,,,,,,,,,,,,,,,,,,,,,,,,,,,,,,,,,,,,,,,,,,,,,,,,,,97.58,,,,,,,,1.29
IE00BYYW2V44,,,,,,,,,,,,,,,,,,,,,,,,,,,,,,,,,,,,,,,,,,,,,,,,,,,,,,,1.13,,,,,,,,,,,,,,,,,,,,,,,,,,,,,,,,,,,,,,,,,,,,,,,,,,,,,,,,,,,,,,,,,,,,,,,,,97.58,,,,,,,,1.29
IE00BYYXBF44,,,,,,,,,,,,,,,21.7,,,,,,,1.62,32.96,0.77,,,,0.55,,,,,,,,,,,,,,,,1.55,,,,,,1.12,0.21,,3.22,,,,,,,,,,,,,1.8,,,,,,,,,,0.91,,,4.85,,,,,,,,,,,,,,,,,,,,,,,,5.74,,,,,,,4.76,,,,,,,7.87,,4.91,,,1.66,,,,2.81,,0.59,,,,,,0.4,,
IE00BYZ28V50,,,,,,,,,,,,,,,,,,,,2.6176,,,,,,,,,,,,,,,,,,,8.6968,,,6.936,,,,,,,,,,,,,,,,7.9524,,,11.145,,,,,,,,,,,,,,,,,,,,,,,,,,,,,,,,,,,,,,,,,,,,,,,,,,,,,,,0.0093,,,,,,,,,,,7.0774,55.5618,,,,,,0.0036,,
IE00BYZ28W67,,,,,,,,,,,,,,,,,,,,,,,,,,,,,,,,,,,,,,,,,,,,0.1773,,,0.193,,,,,,,,0.3024,,,,,,,,,,,,,,,,,,,,,,,,,,,,,0.6108,,,,,,,,,,,,,,,,,,,,,,,,,,,,0.546,,,,,,,,,,,,,,,97.9895,0.1781,,,,,,0.0029,,
IE00BYZK4552,,,,,0.4232,,,,,,,,,,0.1867,,,,,2.9351,,,0.3096,,,,,0.0002,,0.0001,,,,,,,,1.6055,1.0292,,,7.6505,,,,,,,0.0056,0.0002,,,,,0.0037,,0.9235,0.03,,,13.6962,,,,,,,,,,,,,,,0.0338,,,0.0002,,,,,0.0975,0.0001,,0.1026,,,,,,,,,,,,,,,,,,,,0.0001,,,0.0002,0.4736,,,,1.1993,3.1483,3.891,,,,,0.0007,,,,0.0001,1.1934,61.0964,,,,,,-0.0365,,
IE00BYZK4669,,,,,3.7513,,,,,,0.5468,,,,1.2214,,,,,2.7207,,,2.8862,,,,,,,0.7636,,,,,,,,0.2963,2.5501,,,1.9435,,,,,,,0.5786,,,0.4651,0.0042,,0.8512,,2.1706,1.1031,,,6.0217,,,,,,,,,,,,,,,0.4464,,,,,,,,1.2735,0.1977,,0.0031,,,,,,,,0.3842,,,,,,,,,,,,0.1244,,,1.3388,1.2974,0.2092,,,1.3855,3.9536,1.8827,,1.0682,,,0.0689,,,,,5.3087,53.2405,,,,,,-0.0574,,
IE00BYZK4776,,,,,1.0013,,,,,,2.5201,,,,,,,,,0.3222,,,1.7108,,,,,,,2.5567,,,,,,,,1.0209,1.4354,,,1.7394,,,,,,,0.2484,,,0.003,,,0.0343,,0.0627,0.1706,,,4.4805,,,,,,,,,,,,,,,,,,,,,,,0.083,,,0.002,,,,,,,,,,,,,,,,,,,,0.1711,,,,3.9642,0.1228,,,1.0382,5.3986,0.0023,,,,,,,,,,1.5936,70.3166,,,,,,0.0011,,
IE00BYZK4883,,,,,1.4239,0.0445,,,,,,,,,0.1396,,,,,3.4266,,,0.0728,,,,,,,0.004,,,0.0353,,,,,,0.0714,,,3.1796,,,,,,,0.0182,,,0.289,0.0041,,0.0214,,0.7885,0.1373,,,5.5024,,,,,,,,,,,,,,,,,,,,,,,1.6872,0.0001,,0.1855,,,,,,,,0.4418,0.0242,,,,,,,,,,,0.2263,,,0.0009,1.3156,0.0282,,,2.8419,0.2347,0.104,,,,,,,,,,1.6411,76.1081,,,,,,0.0017,,
IE00BYZLWM19,,,,,1.89,,,,,,,,,,,,,,,,,,,,,,,,,,,,,,,,,3.91,21.65,,,1.99,,,,,,,,,,,,,,,,,,,7.51,,,,,,,,,,,,,,,,,,,,,,,7.95,,,,,,,,,,,,,,,,,,,,,,,,,,,,14.11,,,,7.88,,,,,,,,,,,32.61,,,,,,,0.49,,
IE00BYZNF849,,,0.0694,,4.1462,,,,,,0.6602,,,,0.5374,,,,,4.5479,0.0182,,1.6528,,,,,,,,,,,,,,,,10.0295,,,3.9669,,,,,,,0.0258,,,,,,,,,7.3747,,,0.3543,,,,,,,,,,,,,,,,,,1.4987,,,,,3.096,0.6536,,,,,,,,,,,,,,,,,,,,,,0.1102,,,,,8.5686,,,,0.4136,,,,,,,,,,,7.292,44.9795,,,,,,,,0.0046
IE00BYZTVT56,,,,,1.6829,1.0728,,,,,1.3156,,,,0.0489,,,,,1.2095,,,0.1935,,,0.0434,0.0256,0.1534,,2.2912,,,,,0.0427,,,1.3612,18.6108,,,11.0794,,0.6242,,,,,0.0301,0.2065,,,,,1.1159,,,4.0374,,,2.7449,,,,,,,,,,,,0.4594,,,,,,0.0759,,,,,5.0056,0.2946,,0.7621,,,,,,,,0.3677,0.5146,,,,0.1206,,,,,,,0.0342,0.0073,,0.0232,0.022,5.9389,,,2.9681,3.8847,0.0277,,,,,,,,,,9.2386,22.6013,,,,,,-0.2369,,
IE00BYZTVV78,,,,,1.4816,1.392,,,,,1.1733,,,,0.059,,,,,1.1951,,,0.1409,,,0.1097,0.0683,0.2674,,2.3449,,,,,0.064,,,1.6564,19.1073,,,11.4808,,0.9541,,,,,0.0666,0.3053,,,,,1.3688,,,5.079,,,1.791,,,,,,,,,,,,0.3577,,,,,,0.1164,,,,,5.4348,0.5652,,1.2937,,,,,,,,0.5867,0.544,,,,0.0265,,,,,,,0.0225,0.0291,0.0381,,,7.1076,,,4.0546,3.2249,,,,,,,,,,,7.6532,18.8041,,,,,,0.0355,,
IE00BZ036H21,,,,,0.9321,,,,,,0.7045,,,,0.2561,,,,,2.5801,,,0.2186,,,,,,,,,,,,,,,,0.4629,,,0.4422,,,,,,,,,,,,,0.4052,,,,,,1.8703,,,,,,,,,0.0278,,,0.0732,,,,,,0.3025,,,,,0.4916,,,,,,,,,,,,,,,,,,,,,,,,,,,,0.7058,,,,0.2602,0.1069,,,,,,,,,,4.257,85.9031,,,,,,,,-0.0001
IE00BZ036J45,,,,,0.9321,,,,,,0.7045,,,,0.2561,,,,,2.5801,,,0.2186,,,,,,,,,,,,,,,,0.4629,,,0.4422,,,,,,,,,,,,,0.4052,,,,,,1.8703,,,,,,,,,0.0278,,,0.0732,,,,,,0.3025,,,,,0.4916,,,,,,,,,,,,,,,,,,,,,,,,,,,,0.7058,,,,0.2602,0.1069,,,,,,,,,,4.257,85.9031,,,,,,,,-0.0001
IE00BZ048579,,,,,1.7461,,,,,,,,0.0342,,0.0938,,,,,4.9465,,0.1212,0.1802,,,,,,,,,,,,,,,0.0379,0.0903,,,0.6097,,,,,,,0.0117,,,,,,3.3569,,,,,,3.3963,,,,,,,,,,,,0.1026,,,,,,0.0388,,,,,1.0312,,,,,,,,,,,,,,,,,,,,,,,0.0392,,,,,1.209,,,,0.6381,0.1063,,,,,,,,,,5.4044,76.802,,,,,,0.0037,,
IE00BZ0G8860,,,,,0.813,,,,,,1.1488,,0.059,,0.1561,,,,,2.3331,,0.0555,0.1583,,,,,,,,,,,,,,,0.0827,0.3479,,,,,,,,,,,,,,,,0.063,,,,,,0.6406,,,,,,,,,,,,0.0347,,,,,,0.3421,,,,,0.3186,,,,,,,,,,,,,,,,,,,,,,,,,,,,0.1786,,,,0.0676,,,,,,,,,,,2.1364,91.0616,,,,,,,,
IE00BZ0G8977,,,,,,,,,,,,,,,,,,,,,,,,,,,,,,,,,,,,,,,,,,,,,,,,,,,,,,,,,,,,,,,,,,,,,,,,,,,,,,,,,,,,,,,,,,,,,,,,,,,,,,,,,,,,,,,,,,,,,,,,,,,,,,,,99.9984,,,,,,,,
IE00BZ0G8B96,,,,,,,,,,,,,,,,,,,,,,,,,,,,,,,,,,,,,,,,,,,,,,,,,,,,,,,,,,,,,100.0,,,,,,,,,,,,,,,,,,,,,,,,,,,,,,,,,,,,,,,,,,,,,,,,,,,,,,,,,,,,,,,,,,,,,,,,,,,
IE00BZ0G8C04,,,,,,,,,,,,,,,,,,,,,,,,,,,,,,,,,,,,,,,,,,,,,,,,,,,,,,,,,,,,,100.0,,,,,,,,,,,,,,,,,,,,,,,,,,,,,,,,,,,,,,,,,,,,,,,,,,,,,,,,,,,,,,,,,,,,,,,,,,,
IE00BZ0PKS76,,,,,,,,,,,,,,,,,,,,,,,,,,,,,,,,,,,,,,,,,,,,,,,,,,,,,,,0.0515,,0.0117,,,,,,,,,,,,,,,,,,,,,,,,,,,0.741,,,,,,,,,,,,,,,,,,,,,,,,,,,,,,,0.637,,,,,,,,,,,,0.0062,98.5512,,,,,,0.0014,,
IE00BZ0PKT83,,,,,1.2393,0.7435,,,,,0.2592,,,,,,,,,4.0101,,,,,,,,,,1.2184,,,,,,,,0.271,1.8108,,,1.0421,,,,,,,0.8898,,,,,,0.5566,,1.2363,2.7459,,,8.9867,,,,,,,,,,,,,,,,,,,,,,,1.4656,0.151,,0.7998,,,,,,,,,,,,,,,,,,,,0.8306,,,,,1.6426,,,2.2679,0.6702,,,,,,,,,,,1.5625,65.5321,,,,,,0.068,,
IE00BZ0PKV06,,,,,,2.6911,,,,,0.7633,,,,,,,,,,,,,,,,,,,2.5441,,,,,,,,2.3305,13.7759,,,11.3868,,,,,,,,,,,,,2.1031,,,6.7112,,,,,,,,,,,,,,,,,,,,,,,,,,9.6067,,,2.1094,,,,,,,,,0.6111,,,,,,,,,,,,,,,,6.4695,,,4.8525,13.8187,,,,,,,,,,,19.8998,0.0474,,,,,,0.2786,,
IE00BZ0RTB90,,,,,,,,,,,,,,,,,,,,,,,,,,,,,,,,,,,,,,,,,,,,,,,,,,,,,,,2.93,,,,,,,,,,,,,,,,,,,,,,,,,,,,,,,,,,,,,,,,,,,,,,,,,,,,,,,,,,,,,,,,,,,,,,,,90.03,,,,,,,,,7.04
IE00BZ0XVF52,,,,,,,,,,,,,,,,,,,,,,,,,,,,,,,,,,,,,,,,,,,,,,,,,,,,,,,,,,,,,,,,,,,,,,,,,,,,,,,,,,,,,,,,,,,,,,,,,,,,,,,,,,,,,,,,,,,,,,,,,,,,,,,,,,,,,,,,
IE00BZ0XVG69,,,,,,,,,,,,,,,,,,,,,,,,,,,,,,,,,,,,,,,,,,,,,,,,,,,,,,,,,,,,,,,,,,,,,,,,,,,,,,,,,,,,,,,,,,,,,,,,,,,,,,,,,,,,,,,,,,,,,,,,,,,,,,,,,,,,,,,,
IE00BZ163G84,,,,,1.27,,,,,,1.63,,,,,,,,,,,,,,,,,,,1.46,,,,,,,,,14.44,,,9.08,,,,,,,,,,,,,,,,4.19,,,1.02,,,,,,,,,,,,,,,,,,,,,,,4.2,,,,,,,,,,,,,,,,,,,,,,,,,,,,4.47,,,1.94,2.54,,,,,,,,,,,6.89,12.14,,,,,,,,34.73
IE00BZ163H91,,,,,,3.27,,,,,4.48,,,,,,,,,,,,,,,,,,,,,,,,,,,1.43,21.08,,,15.9,,,,,,,,,,,,,1.14,,,17.81,,,,,,,,,,,,,,,,,,,,,,,,,,3.68,,,,,,,,,,,,1.72,,,,,,,,,,,,,,,,12.37,,,,,,,,,,,,,,,,,,,,,,,,17.12
IE00BZ163K21,,,,,,,,,,,,,,,,,,,,1.8,,,,,,,,,,,,,,,,,,,1.32,,,,,,,,,,,,,,,,,,,,,,1.67,,,,,,,,,,,,,,,,,,,,,,,,,,,,,,,,,,,,,,,,,,,,,,,,,,,,,,,,,,,,,,,,,,3.39,57.49,,,,,,,,34.33
IE00BZ163L38,,,3.27,,,,,,1.26,,,,,,2.56,,,,,,,2.84,2.44,2.17,,,,,,,1.37,,1.28,,,,,,,,,,,,,,,,,1.09,,,4.59,,,,1.75,,,,,,,,,,,,,,,,,,,,,,6.51,,,,,,,,,1.28,,1.56,,,1.28,2.02,1.52,,,2.92,,1.07,,,8.63,,,,,,,1.25,2.17,,,,,,,,,,,3.94,,,,6.35,,,,,,,,,,34.88
IE00BZ163M45,,,,,,,,,,,,,,,,,,,,,,,,,,,,,,,,,,,,,,,,,,,,,,,,,,,,,,,,,,,,,,,,,,,,,,,,,,,,,,,,,,,,,,,,,,,,,,,,,,,,,,,,,,,,,,,,,,,,,,,,,,,,,,,,68.9,,,,,,,,31.1
IE00BZ171348,,,,,11.0481,6.8239,,,,,,,,,,,,,,15.8706,,,,,,,,,,1.5203,,,,,,,,3.4802,,,,20.0269,,,,,,,0.2134,,,,,,2.7698,,,,,,,,,,,,,,,,,,0.3403,,,,,,,,,,,7.9409,2.2072,,1.1958,,,,,,,,,,,,,,,,,,,,2.8389,,,,,,,,1.4192,2.2312,,,,,,,,,,,10.0359,9.8486,,,,,,0.1889,,
IE00BZ173T46,,,,,,,,,,,,,,,,,,,,,,,,,,,,,,,,,,,,,,,,,,,,,,,,,,,,,,,,,,,,,,,,,,,,,,,,,,,,,,,,,,,,,,,,,,,,,,,,,,,,,,,,,,,,,,,,,,,,,,,,,,,,,,,0.0009,99.9972,,,,,,0.0018,,
IE00BZ173V67,,,,,,,,,,,,,,,,,,,,,,,,,,,,,,,,,,,,,,,,,,,,,,,,,,,,,,,,,,,,,,,,,,,,,,,,,,,,,,,,,,,,,,,,,,,,,,,,,,,,,,,,,,,,,,,,,,,,,,,,,,,,,,,0.0009,99.9972,,,,,,0.0018,,
IE00BZ1GHD37,,,,,,,,,,,,,,,,,,,,,,,,,,,,,,,,,,,,,,,,,,,,,,,,,,,,,,,,,,,,,,,,,,,,,,,,,,,,,,,,,,,,,,,,,,,,,,,,,,,,,,,,,,,,,,,,,,,,,,,,,,,,,,,,,,,,,,,,
IE00BZ1NCS44,,,,,,,,,,,,,,,,,,,,,,,,,,,,,,,,,,,,,,,,,,,,,,,,,,,,,,,,,,,,,,,,,,,,,,,,,,,,,,,,,,,,,,,,,,,,,,,,,,,,,,,,,,,,,,,,,,,,,,,,,,,,,,,,,,,,,,,,
IE00BZ2GTT26,,,,,1.37,,,,,,,,,,,,,,,2.9,,,2.09,,,,,,,,,,,,,,,,1.89,,,1.85,,,,,,,,,,1.33,,,,,,,,,4.99,,,,,,,,,,,,,,,,,,,,,,,1.61,,,,,,,,,,,,,,,,,,,,,,,,,,,2.89,,,,,2.38,3.31,,,,,,,,,,3.13,61.83,,,,,,,,8.43
IE00BZ2GV965,,,,,,,,,,,,,,,,,,,,,,,,,,,,,,,,,,,,,,,,,,,,,,,,,,,,,,,,,,,,,,,,,,,,,,,,,,,,,,,,,,,,,,,,,,,,,,,,,,,,,,,,,,,,,,,,,,,,,,,,,,,,,,,,,,,,,,,,
IE00BZ4BMM98,,,,,,4.37,,,,,11.45,,,,,,,,,,,,,,,,,,,,,,,,,,,11.57,14.59,,,14.64,,,,,,,,,,,,,,,,13.57,,,,,,,,,,,,,,,,,,,,,,,,,,10.29,,,,,,,,,,,,2.91,,,,,,,,,,,,,,,,14.43,,,,,,,,,,,,,,,,1.94,,,,,,0.25,,
IE00BZ56RD98,,,,,,,,,,,,,,,,,,,,,,,,,,,,,,,,,,,,,,,,,,,,,,,,,,,,,,,,,,,,,,,,,,,,,,,,,,,,,,,,,,,,,,,,,,,,,,,,,,,,,,,,,,,,,,,,,,,,,,,,,,,,,,,,99.72,,,,,,,,0.28
IE00BZ56RG20,,,,,,,,,,,,,,,,,,,,,,,,,,,,,,,,,,,,,,,,,,,,,,,,,,,,,,,,,,,,,,,,,,,,,,,,,,,,,,,,,,,,,,,,,,,,,,,,,,,,,,,,,,,,,,,,,,,,,,,,,,,,,,,,99.72,,,,,,,,0.28
IE00BZ56RN96,,,,,,,,,,,,,,,,,,,,,,,,,,,,,,1.26,,,,,,,,,4.38,,,3.38,,,,,,,,,,,,,1.24,,,,,,8.07,,,,,,,,,,,,,,,,,,,,,,,1.26,,,,,,,,,,,,,,,,,,,,,,,,,,,,1.81,,,2.19,2.04,,,,,,,,,,,4.93,59.64,,,,,,,,9.8
IE00BZ56SW52,,,,,,,,,,,,,,,,,,,,,,,,,,,,,,1.26,,,,,,,,,4.38,,,3.38,,,,,,,,,,,,,1.24,,,,,,8.07,,,,,,,,,,,,,,,,,,,,,,,1.26,,,,,,,,,,,,,,,,,,,,,,,,,,,,1.81,,,2.19,2.04,,,,,,,,,,,4.93,59.64,,,,,,,,9.8
IE00BZ56SY76,,,,,,7.26,,,,,1.57,,,,,,,,,,,,,,,,,,,,,,,,,,,2.3,19.71,,,20.58,,,,,,,,,,,,,,,,5.25,,,,,,,,,,,,,,,,,,,,,,,,,,12.88,,,,,,,,,,,,,,,,,,,,,,,,,,,,13.92,,,,,,,,,,,,,,,,,,,,,,,,16.53
IE00BZ56TQ67,,,,,,7.26,,,,,1.57,,,,,,,,,,,,,,,,,,,,,,,,,,,2.3,19.71,,,20.58,,,,,,,,,,,,,,,,5.25,,,,,,,,,,,,,,,,,,,,,,,,,,12.88,,,,,,,,,,,,,,,,,,,,,,,,,,,,13.92,,,,,,,,,,,,,,,,,,,,,,,,16.53
IE00BZBW4Z27,,,,,,,,,,,,,,,,,,,,,,,,,,,,,,,,,,,,,,,,,,,,,,,,,,,,,,,2.45,,,,,,,,,,,,,,,,,,,,,,,,,,,,,,,,,,,,,,,,,,1.11,,,,,,,,,,,,,,,,,,,,,,,,,,,,,,,96.16,,,,,,,,0.28
IE00BZCQB185,,,,,,,,,,,,,,,,,,,,,,,,,,,,,,,,,,,,,,,,,,,,,,,,,,,,99.9316,,,,,,,,,,,,,,,,,,,,,,,,,,,,,,,,,,,,,,,,,,,,,,,,,,,,,,,,,,,,,,,,,,,,,,,,,,,,0.0684,,,,,,,,
JE00B1VS2W53,,,,,,,,,,,,,,,,,,,,,,,,,,,,,,,,,,,,,,,,,,,,,,,,,,,,,,,,,,,,,,,,,,,,,,,,,,,,,,,,,,,,,,,,,,,,,,,,,,,,,,,,,,,,,,,,,,,,,,,,,,,,,,,,,,,,,,,,
JE00B1VS3002,,,,,,,,,,,,,,,,,,,,,,,,,,,,,,,,,,,,,,,,,,,,,,,,,,,,,,,,,,,,,,,,,,,,,,,,,,,,,,,,,,,,,,,,,,,,,,,,,,,,,,,,,,,,,,,,,,,,,,,,,,,,,,,,,,,,,,,,
JE00B1VS3333,,,,,,,,,,,,,,,,,,,,,,,,,,,,,,,,,,,,,,,,,,,,,,,,,,,,,,,,,,,,,,,,,,,,,,,,,,,,,,,,,,,,,,,,,,,,,,,,,,,,,,,,,,,,,,,,,,,,,,,,,,,,,,,,,,,,,,,,
JE00B1VS3770,,,,,,,,,,,,,,,,,,,,,,,,,,,,,,,,,,,,,,,,,,,,,,,,,,,,,,,,,,,,,,,,,,,,,,,,,,,,,,,,,,,,,,,,,,,,,,,,,,,,,,,,,,,,,,,,,,,,,,,,,,,,,,,,,,,,,,,,
JE00B1VS3W29,,,,,,,,,,,,,,,,,,,,,,,,,,,,,,,,,,,,,,,,,,,,,,,,,,,,,,,,,,,,,,,,,,,,,,,,,,,,,,,,,,,,,,,,,,,,,,,,,,,,,,,,,,,,,,,,,,,,,,,,,,,,,,,,,,,,,,,,
JE00B24DK975,,,,,,,,,,,,,,,,,,,,,,,,,,,,,,,,,,,,,,,,,,,,,,,,,,,,,,,,,,,,,,,,,,,,,,,,,,,,,,,,,,,,,,,,,,,,,,,,,,,,,,,,,,,,,,,,,,,,,,,,,,,,,,,,,,,,,,,,
JE00B24DKC09,,,,,,,,,,,,,,,,,,,,,,,,,,,,,,,,,,,,,,,,,,,,,,,,,,,,,,,,,,,,,,,,,,,,,,,,,,,,,,,,,,,,,,,,,,,,,,,,,,,,,,,,,,,,,,,,,,,,,,,,,,,,,,,,,,,,,,,,
JE00B24DKH53,,,,,,,,,,,,,,,,,,,,,,,,,,,,,,,,,,,,,,,,,,,,,,,,,,,,,,,,,,,,,,,,,,,,,,,,,,,,,,,,,,,,,,,,,,,,,,,,,,,,,,,,,,,,,,,,,,,,,,,,,,,,,,,,,,,,,,,,
JE00B24DKJ77,,,,,,,,,,,,,,,,,,,,,,,,,,,,,,,,,,,,,,,,,,,,,,,,,,,,,,,,,,,,,,,,,,,,,,,,,,,,,,,,,,,,,,,,,,,,,,,,,,,,,,,,,,,,,,,,,,,,,,,,,,,,,,,,,,,,,,,,
JE00B24DKK82,,,,,,,,,,,,,,,,,,,,,,,,,,,,,,,,,,,,,,,,,,,,,,,,,,,,,,,,,,,,,,,,,,,,,,,,,,,,,,,,,,,,,,,,,,,,,,,,,,,,,,,,,,,,,,,,,,,,,,,,,,,,,,,,,,,,,,,,
JE00B24DMC49,,,,,,,,,,,,,,,,,,,,,,,,,,,,,,,,,,,,,,,,,,,,,,,,,,,,,,,,,,,,,,,,,,,,,,,,,,,,,,,,,,,,,,,,,,,,,,,,,,,,,,,,,,,,,,,,,,,,,,,,,,,,,,,,,,,,,,,,
JE00B24DMD55,,,,,,,,,,,,,,,,,,,,,,,,,,,,,,,,,,,,,,,,,,,,,,,,,,,,,,,,,,,,,,,,,,,,,,,,,,,,,,,,,,,,,,,,,,,,,,,,,,,,,,,,,,,,,,,,,,,,,,,,,,,,,,,,,,,,,,,,
JE00B24DMJ18,,,,,,,,,,,,,,,,,,,,,,,,,,,,,,,,,,,,,,,,,,,,,,,,,,,,,,,,,,,,,,,,,,,,,,,,,,,,,,,,,,,,,,,,,,,,,,,,,,,,,,,,,,,,,,,,,,,,,,,,,,,,,,,,,,,,,,,,
JE00B24DMK23,,,,,,,,,,,,,,,,,,,,,,,,,,,,,,,,,,,,,,,,,,,,,,,,,,,,,,,,,,,,,,,,,,,,,,,,,,,,,,,,,,,,,,,,,,,,,,,,,,,,,,,,,,,,,,,,,,,,,,,,,,,,,,,,,,,,,,,,
JE00B2NFT427,,,,,,,,,,,,,,,,,,,,,,,,,,,,,,,,,,,,,,,,,,,,,,,,,,,,,,,,,,,,,,,,,,,,,,,,,,,,,,,,,,,,,,,,,,,,,,,,,,,,,,,,,,,,,,,,,,,,,,,,,,,,,,,,,,,,,,,,
JE00B2NFTD12,,,,,,,,,,,,,,,,,,,,,,,,,,,,,,,,,,,,,,,,,,,,,,,,,,,,,,,,,,,,,,,,,,,,,,,,,,,,,,,,,,,,,,,,,,,,,,,,,,,,,,,,,,,,,,,,,,,,,,,,,,,,,,,,,,,,,,,,
JE00B2NFTF36,,,,,,,,,,,,,,,,,,,,,,,,,,,,,,,,,,,,,,,,,,,,,,,,,,,,,,,,,,,,,,,,,,,,,,,,,,,,,,,,,,,,,,,,,,,,,,,,,,,,,,,,,,,,,,,,,,,,,,,,,,,,,,,,,,,,,,,,
JE00B2NFTG43,,,,,,,,,,,,,,,,,,,,,,,,,,,,,,,,,,,,,,,,,,,,,,,,,,,,,,,,,,,,,,,,,,,,,,,,,,,,,,,,,,,,,,,,,,,,,,,,,,,,,,,,,,,,,,,,,,,,,,,,,,,,,,,,,,,,,,,,
JE00B2NFTL95,,,,,,,,,,,,,,,,,,,,,,,,,,,,,,,,,,,,,,,,,,,,,,,,,,,,,,,,,,,,,,,,,,,,,,,,,,,,,,,,,,,,,,,,,,,,,,,,,,,,,,,,,,,,,,,,,,,,,,,,,,,,,,,,,,,,,,,,
JE00B2NFTS64,,,,,,,,,,,,,,,,,,,,,,,,,,,,,,,,,,,,,,,,,,,,,,,,,,,,,,,,,,,,,,,,,,,,,,,,,,,,,,,,,,,,,,,,,,,,,,,,,,,,,,,,,,,,,,,,,,,,,,,,,,,,,,,,,,,,,,,,
JE00B2NFTW01,,,,,,,,,,,,,,,,,,,,,,,,,,,,,,,,,,,,,,,,,,,,,,,,,,,,,,,,,,,,,,,,,,,,,,,,,,,,,,,,,,,,,,,,,,,,,,,,,,,,,,,,,,,,,,,,,,,,,,,,,,,,,,,,,,,,,,,,
JE00B2NFV134,,,,,,,,,,,,,,,,,,,,,,,,,,,,,,,,,,,,,,,,,,,,,,,,,,,,,,,,,,,,,,,,,,,,,,,,,,,,,,,,,,,,,,,,,,,,,,,,,,,,,,,,,,,,,,,,,,,,,,,,,,,,,,,,,,,,,,,,
JE00B2NFV803,,,,,,,,,,,,,,,,,,,,,,,,,,,,,,,,,,,,,,,,,,,,,,,,,,,,,,,,,,,,,,,,,,,,,,,,,,,,,,,,,,,,,,,,,,,,,,,,,,,,,,,,,,,,,,,,,,,,,,,,,,,,,,,,,,,,,,,,
JE00B2QXZK10,,,,,,,,,,,,,,,,,,,,,,,,,,,,,,,,,,,,,,,,,,,,,,,,,,,,,,,,,,,,,,,,,,,,,,,,,,,,,,,,,,,,,,,,,,,,,,,,,,,,,,,,,,,,,,,,,,,,,,,,,,,,,,,,,,,,,,,,
JE00B44F1611,,,,,,,,,,,,,,,,,,,,,,,,,,,,,,,,,,,,,,,,,,,,,,,,,,,,,,,,,,,,,,,,,,,,,,,,,,,,,,,,,,,,,,,,,,,,,,,,,,,,,,,,,,,,,,,,,,,,,,,,,,,,,,,,,,,,,,,,
JE00B4PDKD43,,,,,,,,,,,,,,,,,,,,,,,,,,,,,,,,,,,,,,,,,,,,,,,,,,,,,,,,,,,,,,,,,,,,,,,,,,,,,,,,,,,,,,,,,,,,,,,,,,,,,,,,,,,,,,,,,,,,,,,,,,,,,,,,,,,,,,,,
JE00B4RKQV36,,,,,,,,,,,,,,,,,,,,,,,,,,,,,,,,,,,,,,,,,,,,,,,,,,,,,,,,,,,,,,,,,,,,,,,,,,,,,,,,,,,,,,,,,,,,,,,,,,,,,,,,,,,,,,,,,,,,,,,,,,,,,,,,,,,,,,,,
JE00B588CD74,,,,,,,,,,,,,,,,,,,,,,,,,,,,,,,,,,,,,,,,,,,,,,,,,,,,,,,,,,,,,,,,,,,,,,,,,,,,,,,,,,,,,,,,,,,,,,,,,,,,,,,,,,,,,,,,,,,,,,,,,,,,,,,,,,,,,,,,
JE00B5SV2703,,,,,,,,,,,,,,,,,,,,,,,,,,,,,,,,,,,,,,,,,,,,,,,,,,,,,,,,,,,,,,,,,,,,,,,,,,,,,,,,,,,,,,,,,,,,,,,,,,,,,,,,,,,,,,,,,,,,,,,,,,,,,,,,,,,,,,,,
JE00B6SV8B36,,,,,,,,,,,,,,,,,,,,,,,,,,,,,,,,,,,,,,,,,,,,,,,,,,,,,,,,,,,,,,,,,,,,,,,,,,,,,,,,,,,,,,,,,,,,,,,,,,,,,,,,,,,,,,,,,,,,,,,,,,,,,,,,,,,,,,,,
JE00B6XF0923,,,,,,,,,,,,,,,,,,,,,,,,,,,,,,,,,,,,,,,,,,,,,,,,,,,,,,,,,,,,,,,,,,,,,,,,,,,,,,,,,,,,,,,,,,,,,,,,,,,,,,,,,,,,,,,,,,,,,,,,,,,,,,,,,,,,,,,,
JE00B7305Z55,,,,,,,,,,,,,,,,,,,,,,,,,,,,,,,,,,,,,,,,,,,,,,,,,,,,,,,,,,,,,,,,,,,,,,,,,,,,,,,,,,,,,,,,,,,,,,,,,,,,,,,,,,,,,,,,,,,,,,,,,,,,,,,,,,,,,,,,
JE00B78CGV99,,,,,,,,,,,,,,,,,,,,,,,,,,,,,,,,,,,,,,,,,,,,,,,,,,,,,,,,,,,,,,,,,,,,,,,,,,,,,,,,,,,,,,,,,,,,,,,,,,,,,,,,,,,,,,,,,,,,,,,,,,,,,,,,,,,,,,,,
JE00B78CP782,,,,,,,,,,,,,,,,,,,,,,,,,,,,,,,,,,,,,,,,,,,,,,,,,,,,,,,,,,,,,,,,,,,,,,,,,,,,,,,,,,,,,,,,,,,,,,,,,,,,,,,,,,,,,,,,,,,,,,,,,,,,,,,,,,,,,,,,
JE00B78NNK09,,,,,,,,,,,,,,,,,,,,,,,,,,,,,,,,,,,,,,,,,,,,,,,,,,,,,,,,,,,,,,,,,,,,,,,,,,,,,,,,,,,,,,,,,,,,,,,,,,,,,,,,,,,,,,,,,,,,,,,,,,,,,,,,,,,,,,,,
JE00B78NNS84,,,,,,,,,,,,,,,,,,,,,,,,,,,,,,,,,,,,,,,,,,,,,,,,,,,,,,,,,,,,,,,,,,,,,,,,,,,,,,,,,,,,,,,,,,,,,,,,,,,,,,,,,,,,,,,,,,,,,,,,,,,,,,,,,,,,,,,,
JE00B78NNV14,,,,,,,,,,,,,,,,,,,,,,,,,,,,,,,,,,,,,,,,,,,,,,,,,,,,,,,,,,,,,,,,,,,,,,,,,,,,,,,,,,,,,,,,,,,,,,,,,,,,,,,,,,,,,,,,,,,,,,,,,,,,,,,,,,,,,,,,
JE00B78NPQ01,,,,,,,,,,,,,,,,,,,,,,,,,,,,,,,,,,,,,,,,,,,,,,,,,,,,,,,,,,,,,,,,,,,,,,,,,,,,,,,,,,,,,,,,,,,,,,,,,,,,,,,,,,,,,,,,,,,,,,,,,,,,,,,,,,,,,,,,
JE00B78NPW60,,,,,,,,,,,,,,,,,,,,,,,,,,,,,,,,,,,,,,,,,,,,,,,,,,,,,,,,,,,,,,,,,,,,,,,,,,,,,,,,,,,,,,,,,,,,,,,,,,,,,,,,,,,,,,,,,,,,,,,,,,,,,,,,,,,,,,,,
JE00B78NPY84,,,,,,,,,,,,,,,,,,,,,,,,,,,,,,,,,,,,,,,,,,,,,,,,,,,,,,,,,,,,,,,,,,,,,,,,,,,,,,,,,,,,,,,,,,,,,,,,,,,,,,,,,,,,,,,,,,,,,,,,,,,,,,,,,,,,,,,,
JE00B7VG2M16,,,,,,,,,,,,,,,,,,,,,,,,,,,,,,,,,,,,,,,,,,,,,,,,,,,,,,,,,,,,,,,,,,,,,,,,,,,,,,,,,,,,,,,,,,,,,,,,,,,,,,,,,,,,,,,,,,,,,,,,,,,,,,,,,,,,,,,,
JE00B8DFY052,,,,,,,,,,,,,,,,,,,,,,,,,,,,,,,,,,,,,,,,,,,,,,,,,,,,,,,,,,,,,,,,,,,,,,,,,,,,,,,,,,,,,,,,,,,,,,,,,,,,,,,,,,,,,,,,,,,,,,,,,,,,,,,,,,,,,,,,
JE00BDD9Q840,,,,,,,,,,,,,,,,,,,,,,,,,,,,,,,,,,,,,,,,,,,,,,,,,,,,,,,,,,,,,,,,,,,,,,,,,,,,,,,,,,,,,,,,,,,,,,,,,,,,,,,,,,,,,,,,,,,,,,,,,,,,,,,,,,,,,,,,
JE00BDD9Q956,,,,,,,,,,,,,,,,,,,,,,,,,,,,,,,,,,,,,,,,,,,,,,,,,,,,,,,,,,,,,,,,,,,,,,,,,,,,,,,,,,,,,,,,,,,,,,,,,,,,,,,,,,,,,,,,,,,,,,,,,,,,,,,,,,,,,,,,
JE00BDD9QB77,,,,,,,,,,,,,,,,,,,,,,,,,,,,,,,,,,,,,,,,,,,,,,,,,,,,,,,,,,,,,,,,,,,,,,,,,,,,,,,,,,,,,,,,,,,,,,,,,,,,,,,,,,,,,,,,,,,,,,,,,,,,,,,,,,,,,,,,
JE00BDD9QC84,,,,,,,,,,,,,,,,,,,,,,,,,,,,,,,,,,,,,,,,,,,,,,,,,,,,,,,,,,,,,,,,,,,,,,,,,,,,,,,,,,,,,,,,,,,,,,,,,,,,,,,,,,,,,,,,,,,,,,,,,,,,,,,,,,,,,,,,
JE00BN2CJ301,,,,,,,,,,,,,,,,,,,,,,,,,,,,,,,,,,,,,,,,,,,,,,,,,,,,,,,,,,,,,,,,,,,,,,,,,,,,,,,,,,,,,,,,,,,,,,,,,,,,,,,,,,,,,,,,,,,,,,,,,,,,,,,,,,,,,,,,
JE00BN7KB334,,,,,,,,,,,,,,,,,,,,,,,,,,,,,,,,,,,,,,,,,,,,,,,,,,,,,,,,,,,,,,,,,,,,,,,,,,,,,,,,,,,,,,,,,,,,,,,,,,,,,,,,,,,,,,,,,,,,,,,,,,,,,,,,,,,,,,,,
JE00BN7KB441,,,,,,,,,,,,,,,,,,,,,,,,,,,,,,,,,,,,,,,,,,,,,,,,,,,,,,,,,,,,,,,,,,,,,,,,,,,,,,,,,,,,,,,,,,,,,,,,,,,,,,,,,,,,,,,,,,,,,,,,,,,,,,,,,,,,,,,,
JE00BN7KB557,,,,,,,,,,,,,,,,,,,,,,,,,,,,,,,,,,,,,,,,,,,,,,,,,,,,,,,,,,,,,,,,,,,,,,,,,,,,,,,,,,,,,,,,,,,,,,,,,,,,,,,,,,,,,,,,,,,,,,,,,,,,,,,,,,,,,,,,
JE00BN7KB664,,,,,,,,,,,,,,,,,,,,,,,,,,,,,,,,,,,,,,,,,,,,,,,,,,,,,,,,,,,,,,,,,,,,,,,,,,,,,,,,,,,,,,,,,,,,,,,,,,,,,,,,,,,,,,,,,,,,,,,,,,,,,,,,,,,,,,,,
JE00BN7KB771,,,,,,,,,,,,,,,,,,,,,,,,,,,,,,,,,,,,,,,,,,,,,,,,,,,,,,,,,,,,,,,,,,,,,,,,,,,,,,,,,,,,,,,,,,,,,,,,,,,,,,,,,,,,,,,,,,,,,,,,,,,,,,,,,,,,,,,,
JE00BNG8LN89,,,,,,,,,,,,,,,,,,,,,,,,,,,,,,,,,,,,,,,,,,,,,,,,,,,,,,,,,,,,,,,,,,,,,,,,,,,,,,,,,,,,,,,,,,,,,,,,,,,,,,,,,,,,,,,,,,,,,,,,,,,,,,,,,,,,,,,,
JE00BP2PWW32,,,,,,,,,,,,,,,,,,,,,,,,,,,,,,,,,,,,,,,,,,,,,,,,,,,,,,,,,,,,,,,,,,,,,,,,,,,,,,,,,,,,,,,,,,,,,,,,,,,,,,,,,,,,,,,,,,,,,,,,,,,,,,,,,,,,,,,,
JE00BPRDNL86,,,,,,,,,,,,,,,,,,,,,,,,,,,,,,,,,,,,,,,,,,,,,,,,,,,,,,,,,,,,,,,,,,,,,,,,,,,,,,,,,,,,,,,,,,,,,,,,,,,,,,,,,,,,,,,,,,,,,,,,,,,,,,,,,,,,,,,,
JE00BPRDNM93,,,,,,,,,,,,,,,,,,,,,,,,,,,,,,,,,,,,,,,,,,,,,,,,,,,,,,,,,,,,,,,,,,,,,,,,,,,,,,,,,,,,,,,,,,,,,,,,,,,,,,,,,,,,,,,,,,,,,,,,,,,,,,,,,,,,,,,,
JE00BQRFDY49,,,,,,,,,,,,,,,,,,,,,,,,,,,,,,,,,,,,,,,,,,,,,,,,,,,,,,,,,,,,,,,,,,,,,,,,,,,,,,,,,,,,,,,,,,,,,,,,,,,,,,,,,,,,,,,,,,,,,,,,,,,,,,,,,,,,,,,,
LU0136234068,,,,,,,,,,,,,,,,,,,,,,,,,,,,,,,,,,,,,,,,,,,,,,,,,,,,,,,,,,,,,,,,,,,,,,,,,,,,,,,,,,,,,,,,,,,,,,,,,,,,,,,,,,,,,,,,,,,,,,,,,,,,,,,,,,,,,,,,
LU0136234654,,,,,,,,,,,,,,,,,,,,,,,,,,,,,,,,,,,,,,,,,,,,,,,,,,,,,,,,,,,,,,,,,,,,,,,,,,,,,,,,,,,,,,,,,,,,,,,,,,,,,,,,,,,,,,,,,,,,,,,,,,,,,,,,,,,,,,,,
LU0136240974,,,,,,,,,,,,,,,,,,,,,,,,,,,,,,,,,,,,,,,,,,,,,,,,,,,,,,,,,,,,,95.69,,,,,,,,,,,,,,,,,,,,,,,,,,,,,,,,,,,,,,,,,,,,,,,,,,,,,,,,,,,,,,,,,,,,,,,,,,,4.31
LU0136242590,,,,,,,,,,,,,,,,,,,,,,,,,,,,,,,,,,,,,,,,,,,,,,,,,,,,,,,,,,,,,,,,,,,,,,,,,,,,,,,,,,,,,,,,,,,,,,,,,,,,,,,,,,,,,,,,,,,,,,,,,,,,,,,,,,,,,,,,
LU0147308422,,,,,,,,,,,,,,,,,,,,,,,,,,,,,,,,,,,,,,,,,,,,,,,,,,,,,,,,,,,,,,,,,,,,,,,,,,,,,,,,,,,,,,,,,,,,,,,,,,,,,,,,,,,,,,,,,,,,,,,,,,,,,,,,,,,,,,,,
LU0192223062,,,,,,1.068,,,,,20.0823,,,,,,,,,,,,,,,,,,,,,,,,,,,2.187,34.2549,,,20.7613,,0.9429,,,1.3444,,,,,,,,0.9678,,,0.3918,,,,,,,,,,,,,,,3.7073,,,,,,,,,,,3.6655,,,,,,,,,,,,,,,,,,,,,,,,,,,,10.4173,,,,,,,,,,,,,,,,,,,,,,0.2096,,
LU0249326488,,,,,,,,,,,,,,,,,,,,,,,,,,,,,,,,,,,,,,,,,,,,,,,,,,,,,,,,,,,,,,,,,,,,,,,,,,,,,,,,,,,,,,,,,,,,,,,,,,,,,,,,,,,,,,,,,,,,,,,,,,,,,,,,,,,,,,,,
LU0252633754,,,,,,,,,,,,,,,,,,,,,,,,,,,,,,,,,,,,,,,,,,100.0,,,,,,,,,,,,,,,,,,,,,,,,,,,,,,,,,,,,,,,,,,,,,,,,,,,,,,,,,,,,,,,,,,,,,,,,,,,,,,,,,,,,,,,,,,,,,,
LU0252634307,,,,,,,,,,,,,,,,,,,,,,,,,,,,,,,,,,,,,,,,,,100.0,,,,,,,,,,,,,,,,,,,,,,,,,,,,,,,,,,,,,,,,,,,,,,,,,,,,,,,,,,,,,,,,,,,,,,,,,,,,,,,,,,,,,,,,,,,,,,
LU0259322260,,,,,,,,,,,,,,,,,,,,,,,,,,,,,,,,,,,,,,,,,,,,,,,,,,,,,,,,,,,,,,,,,,,,,,,,,,,,,,,,,,,,,,,,,,,,,,,,,,,,,,,,,,,,,,,,,,,,,,,,,,,,,,,,,,,,,,,,
LU0274208692,,,,,1.57,,,,,,,,,,,,,,,3.28,,,,,,,,,,,,,,,,,,,2.12,,,2.08,,,,,,,,,,,,,1.56,,,,,,5.62,,,,,,,,,,,,,,,,,,,,,,,1.82,,,,,,,,,,,,,,,,,,,,,,,,,,,,,,,,2.67,,,,,,,,,,,3.56,69.7,,,,,,,,6.02
LU0274210672,,,,,,,,,,,,,,,,,,,,,,,,,,,,,,,,,,,,,,,,,,,,,,,,,,,,,,,1.13,,,,,,,,,,,,,,,,,,,,,,,,,,,,,,,,,,,,,,,,,,,,,,,,,,,,,,,,,,,,,,,,,,,,,,,,,97.47,,,,,,,,1.4
LU0274211217,,,,,,,,,,,1.5193,,,,,,,,,,,,1.0688,,,,,,,,,,,,,,,1.2952,29.3913,,,29.628,,,,,,,,,,,,,0.665,,,8.7577,,,,,,,,,,,,,,,,,,,,,,,,,,16.5479,,,,,,,,,,,,,,,,,,,,,,,,,,,,11.3415,,,,,,,,,,,,,,,,0.0008,,,,,,,,-0.2155
LU0274212538,,,,,,,,,,,,,,,,,,,,,,,,,,,,,,,,,,,,,,,,,,,,,,,,,,,,,,,0.2678,,,93.2263,,,,,,,,,,,,,,,0.9619,,,,,,,,,,,1.7135,,,,,,,,,,,,,,,,,,,,,,,3.7433,,,,,,,,,,,,,,,,,,,,,0.0314,,,,,,,,0.0558
LU0290355717,,,,,,3.4059,,,,,4.9364,,,,,,0.2403,,,,,,,,,0.276,,0.1061,,,,,,,0.068,,,1.7595,23.994,,,19.2257,,1.0316,,,,,,,,,,,1.7021,,,21.9758,,,,,,,,,,0.1191,,,,0.2478,0.203,,,,,,,,,,,3.9725,,,,,,,,,,,,1.9355,,,,,,,,,,,,0.7659,0.3579,,,13.8775,,,,,,,,,,,,,,,0.0001,-0.0003,,,,,,,,-0.2004
LU0290356871,,,,,,,,,,,,,,,,,,,,,,,,,,,,,,,,,,,,,,,28.3889,,,30.4615,,,,,,,,,,,,,0.0993,,,27.618,,,,,,,,,,,,,,,,,,,,,,,,,,,,,,,,,,,,,,,,,,,,,,,,,,,,,,13.404,,,,,,,,,,,,,,,0.0,0.0,,,,,,,,0.0283
LU0290356954,,,,,,,,,,,,,,,,,,,,,,,,,,,,,,,,,,,,,,,23.542,,,29.0994,,,,,,,,,,,,,0.1015,,,32.0202,,,,,,,,,,,,,,,,,,,,,,,,,,4.51,,,,,,,,,,,,,,,,,,,,,,,,,,,,10.6958,,,,,,,,,,,,,,,0.0001,0.0,,,,,,,,0.0309
LU0290357176,,,,,,,,,,,,,,,,,,,,,,,,,,,,,,,,,,,,,,,28.9081,,,22.8171,,,,,,,,,,,,,0.0104,,,28.5782,,,,,,,,,,,,,,,,,,,,,,,,,,3.4421,,,,,,,,,,,,,,,,,,,,,,,,,,,,16.282,,,,,,,,,,,,,,,0.0001,0.0001,,,,,,,,-0.0382
LU0290357259,,,,,,,,,,,,,,,,,,,,,,,,,,,,,,,,,,,,,,,26.8551,,,26.0858,,,,,,,,,,,,,0.18,,,22.6279,,,,,,,,,,,,,,,,,,,,,,,,,,4.9768,,,,,,,,,,,,,,,,,,,,,,,,,,,,19.2812,,,,,,,,,,,,,,,0.0001,-0.0005,,,,,,,,-0.0064
LU0290357507,,,,,,,,,,,,,,,,,,,,,,,,,,,,,,,,,,,,,,,28.875,,,24.2539,,,,,,,,,,,,,0.2434,,,22.895,,,,,,,,,,,,,,,,,,,,,,,,,,9.4135,,,,,,,,,,,,,,,,,,,,,,,,,,,,14.3978,,,,,,,,,,,,,,,,,,,,,,,,-0.0787
LU0290357846,,,,,,,,,,,,,,,,,,,,,,,,,,,,,,,,,,,,,,,36.5815,,,24.1734,,,,,,,,,,,,,0.3641,,,17.5804,,,,,,,,,,,,,,,,,,,,,,,,,,7.7944,,,,,,,,,,,,,,,,,,,,,,,,,,,,13.7853,,,,,,,,,,,,,,,,,,,,,,,,-0.2792
LU0290357929,,,,,1.0624,,,,,,,,,,,,,,,1.3147,,,,,,,,,,0.2202,,,,,,,,,8.7441,,,1.9217,,,,,,,,,,,,,0.0265,,,7.2036,,,1.536,,,,,,,,,,,,,,,,,,,,,,,,0.4485,,,,,,,,,,,,,,,,,,,,,,,,,,,3.3164,,,0.5222,0.0001,,,,,,,,,,,22.0098,51.6551,,,,,,,,0.0187
LU0290358224,,,,,,,,,,,,,,,,,,,,,,,,,,,,,,,,,,,,,,,41.2378,,,9.1007,,,,,,,,,,,,,,,,34.0,,,,,,,,,,,,,,,,,,,,,,,,,,,,,,,,,,,,,,,,,,,,,,,,,,,,,,15.6393,,,,,,,,,,,,,,,,,,,,,,,,0.0222
LU0290358497,,,,,,,,,,,,,,,,,,,,,,,,,,,,,,,,,,,,,,,,,,,,,,,,,,,,,,,,,,,,,,,,,,,,,,,,,,,,,,,,,,,,,,,,,,,,,,,,,,,,,,,,,,,,,,,,,,,,,,,,,,,,,,,,,,,,,,,,
LU0292095535,,,,,,,,,,,,,,,,,,,,,,,,,,,,,,,,,,,,,,0.9321,31.0733,,,16.3037,,,,,,,,,,,,,3.2971,,,17.0326,,,,,,,,,,,,,,,1.3205,,,,,,,,,,,14.84,,,,,,,,,,,,3.3392,,,,,,,,,,,,,,,,11.7841,,,,,,,,,,,,,,,,0.0338,,,,,,,,0.0436
LU0292096186,,,,,9.34,,,,,,1.17,,,,,,,,,8.14,,,,,,,,,,,,,,,,,,,9.38,,,2.78,,,,,,,9.55,,,,,,,,,1.39,,,6.67,,,,,,,,,,,,,,,,,,,,,,,8.79,,,1.55,,,,,,,,1.05,,,,,,,,,,,,4.34,,,,,,,,,,,,,,,,,,,,11.2,21.35,,,,,,,,3.3
LU0292097234,,,,,5.2631,,,,,,,,0.2224,,,,,,,,,0.4893,,,,,,,,,,,,,,,,,,,,,,,,,0.1897,,1.0025,,,,,,0.5839,,,0.345,,,,,,,,,,,,,,,,,,,,,,,,,,7.4703,,,,,,,,,,,,,,,,,,,,,,,,,,,,,,,,1.2379,,,,,,,,,,0.0,83.1858,0.005,,,,,,,,0.0051
LU0292097317,,,,,,,,,,,,,0.264,,,,,,,0.0,0.2451,,,,,,,0.3601,,,,,,,,,,,,,0.6689,,,,,,3.9755,,0.0,0.2901,,,,,1.0476,0.2443,0.8183,,,,,1.328,0.775,,,,,,,,,0.2757,,,,,,,,,,,,0.2468,,,,,,,,,,,,,,,,,,,,,,,0.1392,,,,,,,,,0.3948,,,,,,,,,,,88.1698,0.7342,,,,,,,,0.0227
LU0292100806,,,,,23.3529,,,,,,0.8506,,,,0.9593,,,,,,,2.2384,,,,,,,,2.9243,,,,,,,,2.6153,15.9603,,,12.5374,,,,,,,,,,,,,,,,0.4555,,,0.0004,,,,,,,,,,,,3.9841,,,,,,,,,,,1.401,,,1.6158,,,,,,,,,,,,,,,,,,,,,,,,,,,,2.9466,18.0391,,,,,,,,,,,10.1036,0.003,,,,,,,,0.0123
LU0292103222,,,,,,,,,,,1.863,,,,,,,,,,,,,,,,,,,9.7182,,,,,,,,0.5358,9.5599,,,6.9761,,,,,,,,,,,,,,,,0.3416,,,,,,,,,,,,,,,0.4998,,,,,,,,,,,4.9528,,,,,,,,,,,,,,,,,,,,,,,,,,,,,,,0.4674,45.7223,,,,,,,,,,,19.3226,0.0058,,,,,,,,0.0348
LU0292103651,,,,,,1.813,,,,,1.5625,,,,,,,,,,,,,,,,,,,1.1654,,,,,,,,2.3825,7.813,,,12.3413,,,,,,,0.9517,,,,,,1.2687,,,10.9391,,,,0.3491,,,,,,,,,,,,,,,,,,,,,,6.3128,,,0.8924,,,,,,,,,0.2778,,,,,,,,,,,,,,,,12.3535,,,5.3241,11.5594,,,,,,,,,,,22.6443,0.0028,,,,,,,,0.0464
LU0292104030,,,,,,,,,,,,,,,,,,,,,,,,,,,,,,,,,,,,,,1.2372,12.9944,,,26.5579,,,,,,,,,,,,,,,,3.198,,,0.0001,,,,,,,,,,,,18.0773,,,,,,,,,,,7.4644,,,1.8663,,,,,,,,,,,,,,,,,,,,,,,,,6.405,,,4.3068,4.2929,,,,,,,,,,,13.5379,0.0062,,,,,,,,0.0557
LU0292104469,,,,,,,,,,,,,,,,,,,,,,,,,,,,,,,,,,,,,,6.2714,4.4574,,,29.8994,,,,,,,,,,,,,0.0305,,,,,,,,,,,,,,,,,,,,,,,,,,,,,42.9035,,,,,,,,,,,,,,,,,,,,,,,3.8881,,,,,0.649,,,5.8676,1.7489,,,,,,,,,,,3.7431,0.4672,,,,,,,,0.0738
LU0292104899,,,,,,0.6689,,,,,0.9339,,,,,,,,,,,,,,,,,,,1.4217,,,,,,,,1.5248,11.164,,,12.9414,,,,,,,,,,,,,0.1309,,,17.5656,,,0.0,,,,,,,,,,,,,,,,,,,,,,,,,,,,,,,,,,,2.2981,,,,,,,,,,,,,,,,28.1881,,,0.0007,0.4694,,,,,,,,,,,22.6357,0.001,,,,,,,,0.056
LU0292105359,,,,,,,,,,,6.3147,,,,,,,,,,,,,,,,,,,1.0892,,,,,,,,0.58,15.1636,,,2.4215,,,,,,,,,,,,,1.3977,,,1.3603,,,0.001,,,,,,,,,,,,,,,,,,,,,,,6.3183,,,1.752,,,,,,,,,0.4732,,,,,,,,,,,,,,,,,,,1.3711,23.5552,,,,,,,,,,,38.1385,0.0028,,,,,,,,0.0609
LU0292106084,,,,,,,,,,,,,,,,,,,,,,,,,,,,0.1243,,3.3938,,,,,,,,1.722,20.634,,,21.6488,,,,,,,,,,,,,1.9467,,,2.4623,,,0.0,,,,,,,,,,,,,,,,,,,,,,,6.9787,,,0.5202,,,,,,,,0.1643,,,,,,,,,,,,,,,,,1.638,,,12.5729,9.4455,,,,,,,,,,,15.4969,1.1942,,,,,,,,0.0572
LU0292106167,,,,,,,,,,,,,,,,,,,,,,,,,,,,,,,,,,,,,,,,,,,,,,,,,,,,,,,,,,,,,,,,,,,,,,,,,,,,,,,,,,,,,,,,,,,,,,,,,,,,,,,,,,,,,,,,,,,,,,,,,,,,,,,,,,,,,,,,
LU0292106241,,,,,,,,,,,,,,,,,,,,,,,,,,,,,,,,,,,,,,,,,,,,,,,,,,,,,,,,,,,,,,,,,,,,,,,,,,,,,,,,,,,,,,,,,,,,,,,,,,,,,,,,,,,,,,,,,,,,,,,,,,,,,,,,,,,,,,,,
LU0292106753,,,,,,,,,,,,,,,,,,,,,,,,,,,,,,,,,,,,,,,,,,,,,,,,,,,,,,,,,,,,,,,,,,,,,,,,,,,,,,,,,,,,,,,,,,,,,,,,,,,,,,,,,,,,,,,,,,,,,,,,,,,,,,,,,,,,,,,,
LU0292107645,,,,,,,,,,,,,,,3.68,,,,,,,,17.1,,,,,,,,,,,,,,,,,,,,,,,,,,1.05,,,11.04,,,,,,,,,,,,,,,,,,,,,,,,,,,1.64,,,,,,,,,,,,,,,,,,,,,,,,2.38,,,,,,,2.48,23.61,,,,,,27.19,,,,,,,,,1.12,,,,,,,,,,8.71
LU0292107991,,,,,,,,,,,,,,,,,,,,,,,,,,,,,,,,,,,,,,,,,,,,,,,,,,,,,,,,,,,,,,,,,,,,,,,,,,,,,,,,,,,,,,,,,,,,,,,,,,,,,,,,,,,,,,,,,,,,,,,,,,,,,,,,,,,,,,,,
LU0292108619,,,,,,,,,,,,,,,57.63,,,,,,,6.87,,2.22,,,,,,,,,,,,,,,,,,,,,,,,,,,,,,,,,,,,,,,,,,,,,,,,,,,,,,,25.72,,,,,,,,,,,,,,3.92,,,,,,,,,,,,,,,,,,,,,,,,,,,,,,,,,,,2.27,,,,,,,,1.37
LU0292109005,,,,,,,,,,,,,,,,,,,,,,,,,,,,,,,,,,,,,,,,,,,,,,,,,,,,,,,,,,,,,,,,,,,,,,,,,,,,,,,,,,,,,,,,,,,,,,,,,,,,,,,,,,,,,,,,,,,,,,,,,,,,,,,,,,,,,,,,
LU0292109690,,,,,,,,,,,,,,,,,,,,,,,,,,,,,,,,,,,,,,,,,,,,,,,,,,,,,,,,,,,,,,,,,,,,,,,,,,,,,,,,,,,,,,,,,,,,,,,,,,,,,,,,,,,,,,,,,,,,,,,,,,,,,,,,,,,,,,,,
LU0321462870,,,,,,,,,,,,,,,,,,,,,,,,,,,,,,,,,,,,,,,,,,,,,,,,,,,,,,,,,,,,,,,,,,,,,,,,,,,,,,,,,,,,,,,,,,,,,,,,,,,,,,,,,,,,,,,,,,,,,,,,,,,,,,,,,,,,,,,,
LU0321462953,,1.6243,2.7489,0.2337,,,0.2404,,2.9652,,,0.252,,0.276,3.3114,,0.1567,,,,,3.1744,3.4484,2.9845,0.9527,,,,0.1895,,3.0014,1.7046,2.9736,0.8787,,0.1166,,,,0.2102,0.1496,,0.697,,,1.1832,,0.2838,,2.9246,,0.706,4.2297,,0.6778,,,,0.8724,0.5524,,,0.5736,1.6693,1.1829,,0.1414,0.1713,0.484,,,,,,,2.5245,,,5.4138,,0.2675,,0.7088,,,2.4861,,2.9978,0.6103,2.8187,,0.7603,2.6238,3.1192,3.0754,,,,0.1451,2.8638,,,5.3907,0.2043,0.6429,,,,,2.8995,,,1.0827,0.2511,,,,,,,0.5268,4.3144,,,1.7455,,,0.0349,2.0764,0.7984,1.6637,,,,,0.011
LU0321464652,,,,,,,,,,,,,,,,,,,,,,,,,,,,,,,,,,,,,,,,,,,,,,,,,,,,,,,,,,,,,,,,,,,,,,,,,,,,,,,,,,,,,,,,,,,,,,,,,,,,,,,,,,,,,,,,,,,,,,,,,,,,,,,,,,,,,,,,
LU0321465469,,,,,,,,,,,,,,,,,,,,,,,,,,,,,,,,,,,,,,,,,,,,,,,,,,,,,,,,,,,,,,,,,,,,,,,,,,,,,,,,,,,,,,,,,,,,,,,,,,,,,,,,,,,,,,,,,,,,,,,,,,,,,,,,,,,,,,,,
LU0322248146,,,,,,,,,,,,,,,,,,,,,,,,,,,,,,,,,,,,,,,,,,,,,,,,,,,,,,,,,,,,,,,,,,,,,,,,,,,,,,,,,,,,,,,,,,,,,,,,,,,,,,,,,,,,,,,,,,,,97.9707,,,,,,,,,,,,1.987,,,,,,,,0.0423
LU0322250712,,,,,,,,,,,,,,,,,,,,,,,,,,,,,,,,,,,,,,,,,,,,,,,,,,,,,,,,,,,,,,,,,,,,,,,,,,,,,,,,,,,,,,,,,,,,,,,,,,,,,,,,,,,,,,,,,,,,,,,,,,,,,,,,,,,,,,,,
LU0322250985,,,,,,,,,,,,,,,,,,,,,,,,,,,,,,,,,,,,,,,88.6837,,,,,,,,,,,,,,,,0.3027,,,,,,,,,,,,,,,,,,1.8346,,,,,,,,,,,7.6358,,,,,,,,,,,,,,,,,,,,,,,1.4714,,,,,,,,,,,,,,,,,,,,0.009,0.0093,,,,,,,,0.0535
LU0322251520,,,,,,,,,,,,,,,,,,,,,,,,,,,,,,,,,,,,,,,,,,,,,,,,,,,,,,,,,,,,,,,,,,,,,,,,,,,,,,,,,,,,,,,,,,,,,,,,,,,,,,,,,,,,,,,,,,,,,,,,,,,,,,,,,,,,,,,,
LU0322252171,,,,,,,,,,,,,,,,,,,,,,,,,,,,,,,,,,,,,,,,,,,,,,,,,,,,,,,,,,,,,,,,,,,,,,,,,,,,,,,,,,,,,,,,,,,,,,,,,,,,,,,,,,,,,,,,,,,,,,,,,,,,,,,,,,,,,,,,
LU0322252924,,,,,,,,,,,,,,,,,,,,,,,,,,,,,,,,,,,,,,,,,,,,,,,,,,,,,,,,,,,,,,,,,,,,,,,,,,,,,,,,,,,,,,,,,,,,,,,,,,,,,,,,,,,,,,,,,,,,,,,,,,,,,,,,,,,,,,,,
LU0322253229,,,,,9.42,,,,,,,,,,,,,,,8.05,,,2.04,,,,,,,,,,,,,,,,6.24,,,3.37,,,,,,,1.61,,,,,,,,,2.95,,,1.09,,,,,,,,,,,,,,,,,,7.3,,,,,,3.03,,,,,,,,,,,,,,,,,,,,,,1.76,,,,,9.26,,,,2.22,,,,,,,,,,,3.26,36.51,,,,,,,,1.89
LU0328473581,,,,,,,,,,,,,,,,,,,,,,,,,,,,,,,,,,,,,,,,,,,,,,,,,,,,,,,,,,,,,,,,,,,,,,,,,,,,,,,,,,,,,,,,,,,,,,,,,,,,,,,,,,,,,,,,,,,,,,,,,,,,,,,,,,,,,,,,
LU0328475792,,,,,1.1601,0.6414,,,,,1.4312,,0.0917,,0.048,,,,,,,0.1238,0.356,,,,,0.0226,,2.6869,,,,,,,0.0156,1.8926,14.0631,,0.0199,13.0833,,,,,,,0.2226,,,,,,0.76,,0.022,5.4552,,,,0.0952,0.0233,,,,,,,,,,0.3407,,,,,,,,,,,10.8402,,,1.1627,,,,,,,,0.9811,0.2672,,,,,,,,,,,0.2138,,,0.0,0.0527,5.788,,,4.7633,14.2507,,,,,,,,,,0.0,19.0311,0.028,,,,,,,,0.0661
LU0328476410,,,,,,,,,,,,,,,,,,,,,,,,,,,,,,,,,,,,,,,,,,,,,,,,,,,,,,,,,,,,,,,,,,,,,,,,,,,,,,,,,,,,,,,,,,,,,,,,,,,,,,,,,,,,,,,,,,,,,,,,,,,,,,,,,,,,,,,,
LU0335044896,,,,,,,,,,,,,,,,,,,,,,,,,,,,,,,,,,,,,,,,,,,,,,,,,,,,,,,,,,,,,,,,,,,,,,,,,,,,,,,,,,,,,,,,,,,,,,,,,,,,,,,,,,,,,,,,,,,,,,,,,,,,,,,,,,,,,,,,
LU0340285161,,,,,,,,,,,,,,,,,,,,,,,,,,,,,,,,,,,,,,,,,,,,,,,,,,,,,,,,,,,,,,,,,,,,,,,,,,,,,,,,,,,,,,,,,,,,,,,,,,,,,,,,,,,,,,,,,,,,,,,,,,,,,,,,,,,,,,,,
LU0378818131,,,,,1.3949,1.0548,,,,,1.5238,,,,,,,,,2.27,,,,,,,,,,0.2108,,,,,,,,0.5345,7.4389,,,5.9413,,,,,,,,,,,,,0.728,,0.4763,6.7974,,,9.6208,,,,,,,,,,,,,,,,,,,,,,,1.2205,0.3229,,0.1847,,,,,,,,,0.5926,,,,,,,,,,,0.39,0.198,,,1.3349,4.2984,,,0.2001,0.0004,,,,,,,,,,,6.073,47.2497,,,,,,,,-0.0566
LU0378818560,,,,,,,,,,,,,,,,,,,,,,,,,,,,,,,,,,,,,,,,,,,,,,,,,,,,,,,,,,,,,,,,,,,,,,,,,,,,,,,,,,,,,,,,,,,,,,,,,,,,,,,,,,,99.9983,,,,,,,,,,,,,,,,,,,,,,,,,,,,,0.0017
LU0380865021,,,,,,,,,,,1.5193,,,,,,,,,,,,1.0688,,,,,,,,,,,,,,,1.2952,29.3913,,,29.628,,,,,,,,,,,,,0.665,,,8.7577,,,,,,,,,,,,,,,,,,,,,,,,,,16.5479,,,,,,,,,,,,,,,,,,,,,,,,,,,,11.3415,,,,,,,,,,,,,,,,0.0008,,,,,,,,-0.2155
LU0397221945,,,,,,,,,,,,,,,,,,,,,,,,,,,,,,,,,,,,,,,,,,,,,,,,,,,,,,,,,,,,,,,,,,,,,,,,,11.0479,,,,,,,,,,,,,,,,,,,,,,,,,,,,,,,,,,,,,,,,,,,,,,,,,,,,,,0.0,0.006,,,,,,,,88.946
LU0411075020,,,,,,,,,,,,,,,,,,,,,,,,,,,,,,,,,,,,,,,,,,,,,,,,,,,,,,,,,,,,,,,,,,,,,,,,,,,,,,,,,,,,,,,,,,,,,,,,,,,,,,,,,,,,,,,,,,,,,,,,,,,,,,,,,,,,,,,,
LU0411075376,,,,,,,,,,,,,,,,,,,,,,,,,,,,,,,,,,,,,,,,,,,,,,,,,,,,,,,,,,,,,,,,,,,,,,,,,,,,,,,,,,,,,,,,,,,,,,,,,,,,,,,,,,,,,,,,,,,,,,,,,,,,,,,,,,,,,,,,
LU0411078552,,,,,,,,,,,,,,,,,,,,,,,,,,,,,,,,,,,,,,,,,,,,,,,,,,,,,,,,,,,,,,,,,,,,,,,,,,,,,,,,,,,,,,,,,,,,,,,,,,,,,,,,,,,,,,,,,,,,,,,,,,,,,,,,,,,,,,,,
LU0411078636,,,,,,,,,,,,,,,,,,,,,,,,,,,,,,,,,,,,,,,,,,,,,,,,,,,,,,,,,,,,,,,,,,,,,,,,,,,,,,,,,,,,,,,,,,,,,,,,,,,,,,,,,,,,,,,,,,,,,,,,,,,,,,,,,,,,,,,,
LU0429458895,,,,,,,,,,,,,,,,,,,,,,,,,,,,,,,,,,,,,,,,,,,,,,,,,,,,,,,0.1513,,,,,,,,,,,,,,,,,,,,,,,,,,,,,,,,,,,,,,,,,,,,,,,,,,,,,,,,,,,,,,,,,,,,,,,,,99.8476,,,,,,,,0.0011
LU0429459356,,,,,,,,,,,,,,,,,,,,,,,,,,,,,,,,,,,,,,,,,,,,,,,,,,,,,,,0.2037,,,,,,,,,,,,,,,,,,,,,,,,,,,,,,,,,,,,,,,,,,,,,,,,,,,,,,,,,,,,,,,,,,,,,,,,0.0003,99.7952,,,,,,,,0.0009
LU0429790743,,,,,,,,,,,,,,,,,,,,,,,,,,,,,,,,,,,,,,,,,,,,,,,,,,,,,,,,,,,,,,,,,,,,,,,,,,,,,,,,,,,,,,,,,,,,,,,,,,,,,,,,,,,,,,,,,,,,,,,,,,,,,,,,,,,,,,,,
LU0446734104,,,,,,,,,,,,,,,,,,,,,,,,,,,,,,,,,,,,,,,,,,,,,,,,,,,,,,,,,,,,,,,,,,,,,,,,,,,,,,,,,,,,,,,,,,,,,,,,,,,,,,,,,,,,,,,,,,,,,,,,,,,,,,,,,,,,,,,,
LU0446734369,,,,,,1.24,,,,,1.73,,,,,,,,,,,,,,,,,,,,,,,,,,,4.59,27.49,,,23.99,,,,,,,,,,,,,2.08,,,13.22,,,,,,,,,,,,,,,,,,,,,,,,,,8.3,,,,,,,,,,,,,,,,,,,,,,,,,,,,14.87,,,,,,,,,,,,,,,,,,,,,,,,2.49
LU0446734526,,,,,,,,,,,,,,,,,,,,,,,,,,,,,,,,,,,,,,,,,,,,,,,,,,,,,,,,,,,,,,,,,,,,,,,,,,,,,,,,,,,,,,,,,,,,,,,,,,,,,,,,,,,,,,,,,,,,,,,,,,,,,,,,,,,,,,,,
LU0446734872,,,,,,,,,,,,,,,,,,,,97.06,,,,,,,,,,,,,,,,,,,,,,,,,,,,,,,,,,,,,,,,,,,,,,,,,,,,,,,,,,,,,,,,,,,,,,,,,,,,,,,,,,,,,,,,,,,,,,,,,,,,,,,,,,,,2.29,,,,,,,,0.65
LU0460391732,,,,,,,,,,,,,,,,,,,,,,,,,,,,,,,,,,,,,,,,,,,,,,,,,,,,,,,,,,,,,,,,,,,,,,,,,,,,,,,,,,,,,,,,,,,,,,,,,,,,,,,,,,,,,,,,,,,,,,,,,,,,,,,,,,,,,,,,
LU0460391906,,,,,,,,,,,,,,,,,,,,,,,,,,,,,,,,,,,,,,,,,,,,,,,,,,,,,,,,,,,,,,,,,,,,,,,,,,,,,,,,,,,,,,,,,,,,,,,,,,,,,,,,,,,,,,,,,,,,,,,,,,,,,,,,,,,,,,,,
LU0468896575,,,,,,,,,,,,,,,,,,,,,,,,,,,,,,,,,,,,,,,,,,99.9091,,,,,,,,,,,,,0.3667,,,,,,,,,,,,,,,,,,,,,,,,,,,,,,,,,,,,,,,,,,,,,,,,,,,,,,,,,,,,,,,,,,,,,,,,0.0001,0.0002,,,,,,,,-0.276
LU0468897110,,,,,,,,,,,,,,,,,,,,,,,,,,,,,,,,,,,,,,,,,,99.2559,,,,,,,,,,,,,,,,,,,,,,,,,,,,,,,,,,,,,,,,,,,,,,,,,,,,,,,,,,,,,,,,,,,,,,,,,,,,,,,,,,,,,,,,,,,,,,0.7441
LU0476289466,,,,,,,,,,,,,,,,,,,,,,,,,,,,,,,,,,,,,,,,,,,,,,,,,,,,,,,0.0384,,,,,,,,,,,,,,,,,,,,,,,,99.9275,,,,,,,,,,,,,,,,,,,,,,,,,,,,,,,,,,,,,,,,,,,,,,,,,0.0312,,,,,,,,0.0029
LU0476289623,,,,,,,,,,,,,,,,,,,,,,,,,,,,,,,,,,,,,,,,,,,,,,,,,,,,,100.0,,,,,,,,,,,,,,,,,,,,,,,,,,,,,,,,,,,,,,,,,,,,,,,,,,,,,,,,,,,,,,,,,,,,,,,,,,,,,,,,,,,
LU0480132876,,,,,,,,,,,,,,,3.74,,,,,,,,17.19,,,,,,,,,,,,,,,,,,,,,,,,,,1.04,,,10.75,,,,,,,,,,,,,,,,,,,,,,,,,,,1.67,,,,,,,,,,,,,,,,,,,,,,,,2.4,,,,,,,2.47,23.66,,,,,,27.39,,,,,,,,,1.11,,,,,,,,,,8.58
LU0484968812,,,,,1.8843,1.2185,,,,,1.3224,,,,,,,,,1.1751,,,0.2194,,,0.0442,,0.1567,,2.3669,,,,,0.0482,,,1.2078,18.7439,,,10.2467,,0.6352,,,,,0.0358,0.0723,0.0957,,,,1.3045,,,3.2566,,,2.5216,,,,,,,,,,,,0.8551,,,,,,0.0545,,,,,6.2884,0.2706,,0.8782,,,,,,,,0.3334,0.6385,,,,0.1152,,,,,,,0.0342,0.0283,,,0.0315,6.2444,,,3.1499,2.4117,0.027,,,,,,,,,,8.5901,23.3006,,,,,,,,0.1927
LU0484968903,,,,,1.8843,1.2185,,,,,1.3224,,,,,,,,,1.1751,,,0.2194,,,0.0442,,0.1567,,2.3669,,,,,0.0482,,,1.2078,18.7439,,,10.2467,,0.6352,,,,,0.0358,0.0723,0.0957,,,,1.3045,,,3.2566,,,2.5216,,,,,,,,,,,,0.8551,,,,,,0.0545,,,,,6.2884,0.2706,,0.8782,,,,,,,,0.3334,0.6385,,,,0.1152,,,,,,,0.0342,0.0283,,,0.0315,6.2444,,,3.1499,2.4117,0.027,,,,,,,,,,8.5901,23.3006,,,,,,,,0.1927
LU0484969463,,,,,,,,,,,,,,,,,,,,,,,,,,,,,,,,,,,,,,,,,,,,,,,,,,,,,,,0.2419,,,51.522,,,,,,,,,,,,,,,,,,,,,,,,,,,,,,,,,,,,,,,,,,,,,,,,,,,,,,48.203,,,,,,,,,,,,,,,0.0012,,,,,,,,,0.032
LU0490618542,,,,,,,,,,,,,,,,,,,,,,,,,,,,,,,,,,,,,,,,,,,,,,,,,,,,,,,1.13,,,,,,,,,,,,,,,,,,,,,,,,,,,,,,,,,,,,,,,,,,,,,,,,,,,,,,,,,,,,,,,,,,,,,,,,,97.7,,,,,,,,1.17
LU0494592974,,,,,99.9961,,,,,,,,,,,,,,,,,,,,,,,,,,,,,,,,,,,,,,,,,,,,,,,,,,,,,,,,,,,,,,,,,,,,,,,,,,,,,,,,,,,,,,,,,,,,,,,,,,,,,,,,,,,,,,,,,,,,,,,,,,0.0028,0.0003,,,,,,,,0.0009
LU0496786574,,,,,,,,,,,,,,,,,,,,,,,,,,,,,,,,,,,,,,,,,,,,,,,,,,,,,,,1.13,,,,,,,,,,,,,,,,,,,,,,,,,,,,,,,,,,,,,,,,,,,,,,,,,,,,,,,,,,,,,,,,,,,,,,,,,97.7,,,,,,,,1.17
LU0496786657,,,,,,,,,,,,,,,,,,,,,,,,,,,,,,,,,,,,,,,,,,,,,,,,,,,,,,,1.13,,,,,,,,,,,,,,,,,,,,,,,,,,,,,,,,,,,,,,,,,,,,,,,,,,,,,,,,,,,,,,,,,,,,,,,,,97.7,,,,,,,,1.17
LU0496786905,,,,,96.2647,,,,,,,,,,,,,,,,,,,,,,,,,,,,,,,,,,,,,,,,,,,,,,,,,,,,,,,,,,,,,,,,,,,,,,,,,,,,,,,,1.4165,,,,,,,,,,,,,,,,,,,,,,,,,,,,,,,,,,,,,,,,,,,2.3189,,,,,,,,
LU0514694370,,,,,,,,,,,,,,,,,,,,,,,,,,,,,,,,,,,,,,,,,,,,,,,,,,,,,,,,,,,,,,,,,,,,,,,,,,,,99.9893,,,,,,,,,,,,,,,,,,,,,,,,,,,,,,,,,,,,,,,,,,,,,,,,,,,,0.0106,,,,,,,,0.0001
LU0514695187,,,,,,,,,,,,,,,,,,,,,,,,,,,,,,,,,,,,,,,,,,,,,,,,,,,,99.54,,,,,,,,,,,,,,,,,,,,,,,,,,,,,,,,,,,,,,,,,,,,,,,,,,,,,,,,,,,,,,,,,,,,,,,,,,,,,,,,,,,,0.46
LU0524480265,,,,,,,,,,,,,,,,,0.2443,,,,,,,,,,,,,,,,,,,,,,50.0964,,,,,2.1537,,,,,,,,,,,0.1353,,,45.8504,,,,,,,,,,,,,,,,,,,,,,,,,,,,,,,,,,,,,,,,,,,,,,,,,,1.4834,,,,,,,,,,,,,,,,,,,,,,,,,,,,0.0366
LU0533032859,,,,,3.8877,0.4434,,,,,0.3824,,,,,,,,,8.2838,,,,,,,,,,0.285,,,,,,,,0.5828,2.0075,,,3.0183,,,,,,,1.2626,,,,,,0.3105,,0.7866,2.676,,,6.4272,,,,,,,,,,,,,,,,,,,,,,,1.4726,0.0525,,0.2177,,,,,,,,,0.0679,,,,,,,,,,,1.7041,,,,,3.0216,,,1.3015,2.8262,,,,,,,,,,,5.8315,53.1503,,,,,,,,
LU0533033071,,,,,3.8877,0.4434,,,,,0.3824,,,,,,,,,8.2838,,,,,,,,,,0.285,,,,,,,,0.5828,2.0075,,,3.0183,,,,,,,1.2626,,,,,,0.3105,,0.7866,2.676,,,6.4272,,,,,,,,,,,,,,,,,,,,,,,1.4726,0.0525,,0.2177,,,,,,,,,0.0679,,,,,,,,,,,1.7041,,,,,3.0216,,,1.3015,2.8262,,,,,,,,,,,5.8315,53.1503,,,,,,,,
LU0533033238,,,,,1.0349,,,,,,1.1274,,,,,,,,,,,,,,,,,,,2.0997,,,,,,,,0.1157,2.1745,,,1.6112,,,,,,,,,,,,,,,0.4992,0.074,,,3.3019,,,,,,,,,,,,,,,,,,,,,,,0.2425,0.1693,,,,,,,,,,,,,,,,,,,,,,,,,,,,,,0.1007,9.384,,,,,,,,,,,4.6715,73.3934,,,,,,,,
LU0533033311,,,,,1.0349,,,,,,1.1274,,,,,,,,,,,,,,,,,,,2.0997,,,,,,,,0.1157,2.1745,,,1.6112,,,,,,,,,,,,,,,0.4992,0.074,,,3.3019,,,,,,,,,,,,,,,,,,,,,,,0.2425,0.1693,,,,,,,,,,,,,,,,,,,,,,,,,,,,,,0.1007,9.384,,,,,,,,,,,4.6715,73.3934,,,,,,,,
LU0533033667,,,,,0.0559,,,,,,,,,,,,,,,1.0481,,,,,,,,,,,,,,,,,,0.1936,0.2576,,,1.1664,,,,,,,,,,,,,,,0.1768,,,,3.4515,,,,,,,,,,,,,,,,,,,,,,,2.9321,,,,,,,,,,,,,,,,,,,,,,,,,,,,0.0201,,,0.1952,0.0538,,,,,,,,,,,0.1152,90.3336,,,,,,,,
LU0533033741,,,,,0.0559,,,,,,,,,,,,,,,1.0481,,,,,,,,,,,,,,,,,,0.1936,0.2576,,,1.1664,,,,,,,,,,,,,,,0.1768,,,,3.4515,,,,,,,,,,,,,,,,,,,,,,,2.9321,,,,,,,,,,,,,,,,,,,,,,,,,,,,0.0201,,,0.1952,0.0538,,,,,,,,,,,0.1152,90.3336,,,,,,,,
LU0592215403,,,,,,,,,,,,,,,,,,,,,,,,,,,,,,,,,,,,,,,,,,,,,,,,,,,,,,,,,,,,,,,,,,,,,,,,,,,,,,,,,,,,,,,,,,,,,,99.9596,,,,,,,,,,,,,,,,,,,,,,,,,,,,,,,,,,0.0238,,,,,,,,0.0166
LU0592216393,,,,,,,,,,,,,,,,,,,,,,,,,,,,,,,,,,,,,,,,,,,,,,,,,,,,,,,0.0303,,,,,,,,,,,,,,,,,,3.0637,,,,,,,,,,,3.0074,,,,,,,,,,,,,,,,,,,,,,,,,,,,91.9616,,,,,,,,,,,,,,,1.8085,0.0,,,,,,,,0.1284
LU0592217524,,,,,,,,,,,,,,,,,,,,,,,,,,,,,,,,,,,,,,,,,,,,,,,,,,,,,,,,,,,,,,,,,,,,,,,,,,,,,,,,,,,,,,,,,,,,,,,,,,,,,,,,,,,,,,,,,,,,,,,,,,,,,,,,,,,,,,,,
LU0599612842,,,,,,,,,,,3.94,,,,,,,,,,,,,,,,,,,3.16,,,,,,,,5.96,21.73,,,10.71,,,,,,,,,,,,,,,,2.26,,,,,,,,,,,,,,,,,,,,,,,,,,14.17,,,2.68,,,,,,,,,,,,,,,,,,,,,,,,,7.85,,,5.39,5.76,,,,,,,,,,,11.83,,,,,,,,,4.56
LU0599613147,,,,,,1.74,,,,,2.08,,,,,,,,,,,,,,,,,,,4.39,,,,,,,,3.44,11.99,,,11.86,,,,,,,,,,,,,1.05,,,6.02,,,,,,,,,,,,,,,1.04,,,,,,,,,,,5.7,,,2.92,,,,,,,,1.18,,,,,,,,,,,,,,,,,4.46,,,9.08,10.35,,,,,,,,,,,20.25,,,,,,,,,2.45
LU0613540268,,,,,,,,,,,,,,,,,,,,,,,,,,,,,,,,,,,,,,,,,,,,,,,,,,,,,,,,,,,,,,,,,,,,,,,,,,,,,,,,,,,,,,,,,,,,,,,,,,,,,,,,,,,,,,,,,,,,,,,,,,,,,,,,,,,,,,,,
LU0614173549,,,,,,,,,,,,,,,,,,,,,,,,,,,,,,,,,,,,,,,28.3889,,,30.4615,,,,,,,,,,,,,0.0993,,,27.618,,,,,,,,,,,,,,,,,,,,,,,,,,,,,,,,,,,,,,,,,,,,,,,,,,,,,,13.404,,,,,,,,,,,,,,,0.0,0.0,,,,,,,,0.0283
LU0614173895,,,,,,,,,,,,,,,,,,,,,,,,,,,,,,,,,,,,,,,23.5182,,,29.0769,,,,,,,,,,,,,0.1014,,,31.9874,,,,,,,,,,,,,,,,,,,,,,,,,,4.5059,,,,,,,,,,,,,,,,,,,,,,,,,,,,10.6842,,,,,,,,,,,,,,,0.0273,0.0,,,,,,,,0.0987
LU0629459743,,,,,,,,,,,,,,,,,,,,3.89,,,,,,,,,,,,,,,,,,,2.98,,,,,,,,,,,,,,,,1.63,,,,,,6.31,,,,,,,,,,,,,,,,,,,,,,,4.55,,,,,,,,,,,,,,,,,,,,,,,,,,,,,,,,4.21,,,,,,,,,,,1.82,68.48,,,,,,,,6.13
LU0629460089,,,,,,,,,,,,,,,,,,,,,,,,,,,,,,,,,,,,,,,,,,,,,,,,,,,,,,,2.16,,,,,,,,,,,,,,,,,,,,,,,,,,,,,,,,,,,,,,,,,,,,,,,,,,,,,,,,,,,,,,,,,,,,,,,,,96.88,,,,,,,,0.96
LU0629460675,,,,,,,,,,,4.51,,,,,,,,,,,,,,,,,,,,,,,,,,,7.85,29.74,,,13.61,,,,,,,,,,,,,3.22,,,5.6,,,,,,,,,,,,,,,,,,,,,,,,,,27.17,,,,,,,,,,,,,,,,,,,,,,,,,,,,7.08,,,,,,,,,,,,,,,,,,,,,,,,1.22
LU0629460832,,,,,10.97,,,,,,,,,,,,,,,,,,,,,,,,,,,,,,,,,,,,,,,,,,,,5.89,,,,,,,,,,,,80.83,,,,,,,,,,,,,,,,,,,,,,,,,,,,,,,,,,,,,,,,,,,,,,1.31,,,,,,,,,,,,,,,,,,,,,,,,,,,,,1.0
LU0641006290,,,,,1.3949,1.0548,,,,,1.5238,,,,,,,,,2.27,,,,,,,,,,0.2108,,,,,,,,0.5345,7.4389,,,5.9413,,,,,,,,,,,,,0.728,,0.4763,6.7974,,,9.6208,,,,,,,,,,,,,,,,,,,,,,,1.2205,0.3229,,0.1847,,,,,,,,,0.5926,,,,,,,,,,,0.39,0.198,,,1.3349,4.2984,,,0.2001,0.0004,,,,,,,,,,,6.073,47.2497,,,,,,,,-0.0566
LU0641006456,,,,,1.3949,1.0548,,,,,1.5238,,,,,,,,,2.27,,,,,,,,,,0.2108,,,,,,,,0.5345,7.4389,,,5.9413,,,,,,,,,,,,,0.728,,0.4763,6.7974,,,9.6208,,,,,,,,,,,,,,,,,,,,,,,1.2205,0.3229,,0.1847,,,,,,,,,0.5926,,,,,,,,,,,0.39,0.198,,,1.3349,4.2984,,,0.2001,0.0004,,,,,,,,,,,6.073,47.2497,,,,,,,,-0.0566
LU0641006613,,,,,1.3949,1.0548,,,,,1.5238,,,,,,,,,2.27,,,,,,,,,,0.2108,,,,,,,,0.5345,7.4389,,,5.9413,,,,,,,,,,,,,0.728,,0.4763,6.7974,,,9.6208,,,,,,,,,,,,,,,,,,,,,,,1.2205,0.3229,,0.1847,,,,,,,,,0.5926,,,,,,,,,,,0.39,0.198,,,1.3349,4.2984,,,0.2001,0.0004,,,,,,,,,,,6.073,47.2497,,,,,,,,-0.0566
LU0641007009,,,,,1.0624,,,,,,,,,,,,,,,1.3147,,,,,,,,,,0.2202,,,,,,,,,8.7441,,,1.9217,,,,,,,,,,,,,0.0265,,,7.2036,,,1.536,,,,,,,,,,,,,,,,,,,,,,,,0.4485,,,,,,,,,,,,,,,,,,,,,,,,,,,3.3164,,,0.5222,0.0001,,,,,,,,,,,22.0098,51.6551,,,,,,,,0.0187
LU0641007264,,,,,1.0624,,,,,,,,,,,,,,,1.3147,,,,,,,,,,0.2202,,,,,,,,,8.7441,,,1.9217,,,,,,,,,,,,,0.0265,,,7.2036,,,1.536,,,,,,,,,,,,,,,,,,,,,,,,0.4485,,,,,,,,,,,,,,,,,,,,,,,,,,,3.3164,,,0.5222,0.0001,,,,,,,,,,,22.0098,51.6551,,,,,,,,0.0187
LU0641007421,,,,,1.0624,,,,,,,,,,,,,,,1.3147,,,,,,,,,,0.2202,,,,,,,,,8.7441,,,1.9217,,,,,,,,,,,,,0.0265,,,7.2036,,,1.536,,,,,,,,,,,,,,,,,,,,,,,,0.4485,,,,,,,,,,,,,,,,,,,,,,,,,,,3.3164,,,0.5222,0.0001,,,,,,,,,,,22.0098,51.6551,,,,,,,,0.0187
LU0643975161,,,,,,,,,,,,,,,,,,,,,,,,,,,,,,,,,,,,,,,,,,99.9091,,,,,,,,,,,,,0.3667,,,,,,,,,,,,,,,,,,,,,,,,,,,,,,,,,,,,,,,,,,,,,,,,,,,,,,,,,,,,,,,,,,,,,,,,0.0001,0.0002,,,,,,,,-0.276
LU0643975591,,,,,,3.4059,,,,,4.9364,,,,,,0.2403,,,,,,,,,0.276,,0.1061,,,,,,,0.068,,,1.7595,23.994,,,19.2257,,1.0316,,,,,,,,,,,1.7021,,,21.9758,,,,,,,,,,0.1191,,,,0.2478,0.203,,,,,,,,,,,3.9725,,,,,,,,,,,,1.9355,,,,,,,,,,,,0.7659,0.3579,,,13.8775,,,,,,,,,,,,,,,0.0001,-0.0003,,,,,,,,-0.2004
LU0659579063,,,,,,99.7214,,,,,,,,,,,,,,,,,,,,,,,,,,,,,,,,,,,,,,,,,,,,,,,,,0.1817,,,,,,,,,,,,,,,,,,,,,,,,,,,,,,,,,,,,,,,,,,,,,,,,,,,,,,,,,,,,,,,,,,,,,,,,0.0003,0.0003,,,,,,,,0.0964
LU0659579147,,,,,,,,,,,,,,,,,,,,,,,,,,,,,,,,,,,,,,,,,,,,,,,,,,,,,,,,,,,,,,,,,,,,,,,,,,,,,,,,,,,,,,,,,,,,,,,,,,,,,,,,,,,,,,,,,,,,,,,,,,,,,,,,,,,,,,,,
LU0659579733,,,,,1.57,,,,,,,,,,,,,,,3.28,,,,,,,,,,,,,,,,,,,2.12,,,2.08,,,,,,,,,,,,,1.56,,,,,,5.62,,,,,,,,,,,,,,,,,,,,,,,1.82,,,,,,,,,,,,,,,,,,,,,,,,,,,,,,,,2.67,,,,,,,,,,,3.56,69.7,,,,,,,,6.02
LU0671493277,,,,,,5.58,,,,,8.72,,,,,,,,,,,,,,,,,,,,,,,,,,,5.68,20.89,,,21.9,,,,,,,,,,,,,1.72,,,14.92,,,,,,,,,,,,,,,1.64,,,,,,,,,,,7.97,,,,,,,,,,,,1.17,,,,,,,,,,,,,,,,8.61,,,,,,,,,,,,,,,,,,,,,,,,1.2
LU0677077884,,1.6243,2.7489,0.2337,,,0.2404,,2.9652,,,0.252,,0.276,3.3114,,0.1567,,,,,3.1744,3.4484,2.9845,0.9527,,,,0.1895,,3.0014,1.7046,2.9736,0.8787,,0.1166,,,,0.2102,0.1496,,0.697,,,1.1832,,0.2838,,2.9246,,0.706,4.2297,,0.6778,,,,0.8724,0.5524,,,0.5736,1.6693,1.1829,,0.1414,0.1713,0.484,,,,,,,2.5245,,,5.4138,,0.2675,,0.7088,,,2.4861,,2.9978,0.6103,2.8187,,0.7603,2.6238,3.1192,3.0754,,,,0.1451,2.8638,,,5.3907,0.2043,0.6429,,,,,2.8995,,,1.0827,0.2511,,,,,,,0.5268,4.3144,,,1.7455,,,0.0349,2.0764,0.7984,1.6637,,,,,0.011
LU0690964092,,,,,1.3949,1.0548,,,,,1.5238,,,,,,,,,2.27,,,,,,,,,,0.2108,,,,,,,,0.5345,7.4389,,,5.9413,,,,,,,,,,,,,0.728,,0.4763,6.7974,,,9.6208,,,,,,,,,,,,,,,,,,,,,,,1.2205,0.3229,,0.1847,,,,,,,,,0.5926,,,,,,,,,,,0.39,0.198,,,1.3349,4.2984,,,0.2001,0.0004,,,,,,,,,,,6.073,47.2497,,,,,,,,-0.0566
LU0721552544,,,,,,,,,,,,,,,,,,,,,,,,,,,,,,,,,,,,,,,,,,,,,,,,,,,,,,,,,,,,,,,,,,,,,,,,,,,,,,,,,,,,,,,,,,,,,,,,,,,,,,,,,,,,,,,,,,,,,,,,,,,,,,,,68.43,,,,,,,,31.57
LU0721552973,,,,,,,,,,,,,,,,,,,,,,,,,,,,,,,,,,,,,,,,,,,,,,,,,,,,,,,,,,,,,,,,,,,,,,,,,,,,,,,,,,,,,,,,,,,,,,,,,,,,,,,,,,,,,,,,,,,,,,,,,,,,,,,,65.61,,,,,,,,34.39
LU0779800910,,,,,,,,,,,,,,,,,,,,,,,99.66,,,,,,,,,,,,,,,,,,,,,,,,,,,,,,,,,,,,,,,,,,,,,,,,,,,,,,,,,,,,,,,,,,,,,,,,,,,,,,,,,,,,,,,,,,,,,,,,,,,,,,,,,,,,,,,,,0.34
LU0832435464,,,,,,,,,,,,,,,,,,,,,,,,,,,,,,,,,,,,,,,,,,,,,,,,,,,,,,,,,,,,,,,,,,,,,,,,,,,,,,,,,,,,,,,,,,,,,,,,,,,,,,,,,,,,,,,,,,,,,,,,,,,,,,,,,,,,,,,,
LU0832436512,,,,,8.2292,,,,,,,,,,,,,,,11.839,,,,,,,,,,,,,,,,,,1.3185,5.3486,,,,,,,,,,2.7961,,,,,,1.547,,,4.8633,,,9.7833,,,,,,,,,,,,,,,,,,,,,,,,,,1.2408,,,,,,,,,,,,,,,,,,,,2.6062,,,,,1.3282,,,4.0296,1.2421,,,,,,,,,,,10.4878,33.3403,,,,,,,,
LU0838780707,,,,,5.2629,,,,,,,,0.2221,,,,,,,,,0.4902,,,,,,,,,,,,,,,,,,,,,,,,,0.1895,,1.0024,,,,,,0.5599,,,0.3455,,,,,,,,,,,,,,,,,,,,,,,,,,7.47,,,,,,,,,,,,,,,,,,,,,,,,,,,,,,,,1.2378,,,,,,,,,,0.0,83.2094,0.005,,,,,,,,0.0051
LU0875160326,,,,,,,,,,,,,,,,,,,,,,,99.9787,,,,,,,,,,,,,,,,,,,,,,,,,,,,,,,,,,,,,,,,,,,,,,,,,,,,,,,,,,,,,,,,,,,,,,,,,,,,,,,,,,,,,,,,,,,,,,,,,,,,,,,,,0.0203,,,,,,,,0.001
LU0879397742,,,,,4.85,4.16,,,,,,,,,,,,,,10.6,,1.88,,,,,,,,,,,,,,,,,16.83,,,10.77,,,,,,,,,,,,,,,,,,,,,,,,,,,,,,,1.01,,,,,,,,,,,3.88,2.78,,1.92,,,,,,,,,,,,,,,,,,,,,,,,1.35,3.26,,,1.99,,,,,,,,,,,,4.64,9.33,,,1.64,,,,,19.11
LU0879399441,,,,,3.76,2.28,,,,,,,,,,,,,,10.0,,,,,,,,,,1.42,,,,,,,,,7.79,,,12.51,,,,,,,,,,,,,,,,,,,,,,,,,,,,,,,1.86,,,,,,,,,,,1.08,1.61,,,,,,,,,1.74,,,,,,,,,,,,,,1.53,,,,2.5,,,1.98,,,,,,,,,,,,1.92,5.41,,,,,,,,42.61
LU0908500753,,,,,,0.6492,,,,,1.8475,,,,,,,,,,,,,,,,,,,2.6856,,,,,,,,1.9035,15.3305,,,13.2239,,,,,,,,,,,,,0.6818,,,5.7329,,,,,,,,,,,,,,,,,,,,,,,,,,8.0173,,,1.3259,,,,,,,,0.9699,0.3049,,,,,,,,,,,,,,,,5.958,,,4.8242,13.8917,,,,,,,,,,,22.6531,,,,,,,,,
LU0908501058,,,,,,1.1715,,,,,3.5314,,,,,,,,,,,,,,,,,,,,,,,,,,,3.7528,26.2699,,,23.9186,,,,,,,,,,,,,1.1319,,,10.465,,,,,,,,,,,,,,,,,,,,,,,,,,17.4854,,,,,,,,,,,,0.7627,,,,,,,,,,,,,,,,11.5108,,,,,,,,,,,,,,,,,,,,,,,,
LU0908501132,,,,,,1.1715,,,,,3.5314,,,,,,,,,,,,,,,,,,,,,,,,,,,3.7528,26.2699,,,23.9186,,,,,,,,,,,,,1.1319,,,10.465,,,,,,,,,,,,,,,,,,,,,,,,,,17.4854,,,,,,,,,,,,0.7627,,,,,,,,,,,,,,,,11.5108,,,,,,,,,,,,,,,,,,,,,,,,
LU0908508731,,,,,1.3949,1.0548,,,,,1.5238,,,,,,,,,2.27,,,,,,,,,,0.2108,,,,,,,,0.5345,7.4389,,,5.9413,,,,,,,,,,,,,0.728,,0.4763,6.7974,,,9.6208,,,,,,,,,,,,,,,,,,,,,,,1.2205,0.3229,,0.1847,,,,,,,,,0.5926,,,,,,,,,,,0.39,0.198,,,1.3349,4.2984,,,0.2001,0.0004,,,,,,,,,,,6.073,47.2497,,,,,,,,-0.0566
LU0908508814,,,,,1.0624,,,,,,,,,,,,,,,1.3147,,,,,,,,,,0.2202,,,,,,,,,8.7441,,,1.9217,,,,,,,,,,,,,0.0265,,,7.2036,,,1.536,,,,,,,,,,,,,,,,,,,,,,,,0.4485,,,,,,,,,,,,,,,,,,,,,,,,,,,3.3164,,,0.5222,0.0001,,,,,,,,,,,22.0098,51.6551,,,,,,,,0.0187
LU0925589839,,,,,,,,,,,,,,,,,,,,,,,,,,,,,,,,,,,,,,,53.2356,,,,,1.5898,,,,,,,,,,,0.1128,,,44.3906,,,,,,,,,,,,,,,,,,,,,,,,,,,,,,,,,,,,,,,,,,,,,,,,,,0.6378,,,,,,,,,,,,,,,,,,,,,,,,,,,,0.0334
LU0937836467,,,,,,,,,,,,,,,,,,,,,,,,,,,,,,,,,,,,,,,,,,,,,,,,,1.08,,,,,,,,,,,,,,,,,,,,,,,,,,,,,,,,,,,,,,,,,,,,,,,,,,,,,,,,,,,,,,,,,,,2.49,,,,,,,,,,,91.77,,,,,,,,,4.66
LU0940748279,,,,,63.71,,,,,,,,,,,,,,,,,,,,,,,,,,,,,,,,,,,,,,,,,,,,16.17,,,,,,,,,,,,,,,,,,,,,,,,,,,,,,,,,,,,2.12,,,,,,,,,,,,,,,,,,,,,,16.2,,,,,,,,,,,,,,,,,,,,,,,,,,,,,1.8
LU0942970103,,,,,1.8355,0.6785,,,,,1.0921,,0.0273,,0.0211,,0.0488,,,4.2752,,0.4246,0.1252,0.0,,0.05,,0.3137,,0.5302,,,,,0.0147,,,0.4149,5.8367,,,5.1954,,0.2067,,,,,0.1334,0.2771,0.029,0.018,0.7402,,0.6971,,0.3806,3.3424,,,9.1452,,,0.0223,,,,0.0349,,,,0.0189,0.3031,,,0.6072,,,0.0564,,,,,1.4482,0.2829,,0.2654,,,0.1754,,0.0064,0.1941,,0.7716,0.309,,0.1553,,0.312,,,,,,,0.3752,0.1389,0.04,0.0057,1.2731,2.5869,,,0.7964,0.945,0.028,,,,,,,,,0.2184,4.9463,44.756,0.1003,,,,,,,2.9732
LU0942970442,,,,,1.8355,0.6785,,,,,1.0921,,0.0273,,0.0211,,0.0488,,,4.2752,,0.4246,0.1252,0.0,,0.05,,0.3137,,0.5302,,,,,0.0147,,,0.4149,5.8367,,,5.1954,,0.2067,,,,,0.1334,0.2771,0.029,0.018,0.7402,,0.6971,,0.3806,3.3424,,,9.1452,,,0.0223,,,,0.0349,,,,0.0189,0.3031,,,0.6072,,,0.0564,,,,,1.4482,0.2829,,0.2654,,,0.1754,,0.0064,0.1941,,0.7716,0.309,,0.1553,,0.312,,,,,,,0.3752,0.1389,0.04,0.0057,1.2731,2.5869,,,0.7964,0.945,0.028,,,,,,,,,0.2184,4.9463,44.756,0.1003,,,,,,,2.9732
LU0942970798,,,,,1.8355,0.6785,,,,,1.0921,,0.0273,,0.0211,,0.0488,,,4.2752,,0.4246,0.1252,0.0,,0.05,,0.3137,,0.5302,,,,,0.0147,,,0.4149,5.8367,,,5.1954,,0.2067,,,,,0.1334,0.2771,0.029,0.018,0.7402,,0.6971,,0.3806,3.3424,,,9.1452,,,0.0223,,,,0.0349,,,,0.0189,0.3031,,,0.6072,,,0.0564,,,,,1.4482,0.2829,,0.2654,,,0.1754,,0.0064,0.1941,,0.7716,0.309,,0.1553,,0.312,,,,,,,0.3752,0.1389,0.04,0.0057,1.2731,2.5869,,,0.7964,0.945,0.028,,,,,,,,,0.2184,4.9463,44.756,0.1003,,,,,,,2.9732
LU0950381748,,,,,,1.068,,,,,20.0823,,,,,,,,,,,,,,,,,,,,,,,,,,,2.187,34.2549,,,20.7613,,0.9429,,,1.3444,,,,,,,,0.9678,,,0.3918,,,,,,,,,,,,,,,3.7073,,,,,,,,,,,3.6655,,,,,,,,,,,,,,,,,,,,,,,,,,,,10.4173,,,,,,,,,,,,,,,,,,,,,,0.2096,,
LU0950668367,,,,,,,,,,,1.69,,,,,,,,,,,,,,,,,,,,,,,,,,,1.28,29.55,,,28.77,,,,,,,,,,,,,,,,8.35,,,,,,,,,,,,,,,,,,,,,,,,,,18.66,,,,,,,,,,,,,,,,,,,,,,,,,,,,11.31,,,,,,,,,,,,,,,,,,,,,,,,0.39
LU0950668524,,,,,,,,,,,1.37,,,,,,,,,,,,,,,,,,,2.63,,,,,,,,1.88,13.5,,,13.37,,,,,,,,,,,,,,,,4.75,,,,,,,,,,,,,,,,,,,,,,,,,,11.09,,,,,,,,,,,,,,,,,,,,,,,,,,,,5.8,,,5.18,15.68,,,,,,,,,,,20.37,,,,,,,,,4.38
LU0950668870,,,,,,1.01,,,,,2.49,,,,,,,,,,,,,,,,,,,,,,,,,,,3.41,24.67,,,24.23,,,,,,,,,,,,,1.39,,,8.73,,,,,,,,,,,,,,,,,,,,,,,,,,20.09,,,,,,,,,,,,,,,,,,,,,,,,,,,,10.58,,,,,,,,,,,,,,,,,,,,,,,,3.4
LU0950669845,,,,,,1.24,,,,,1.73,,,,,,,,,,,,,,,,,,,,,,,,,,,4.59,27.49,,,23.99,,,,,,,,,,,,,2.08,,,13.22,,,,,,,,,,,,,,,,,,,,,,,,,,8.3,,,,,,,,,,,,,,,,,,,,,,,,,,,,14.87,,,,,,,,,,,,,,,,,,,,,,,,2.49
LU0950670009,,,,,,5.58,,,,,8.72,,,,,,,,,,,,,,,,,,,,,,,,,,,5.68,20.89,,,21.9,,,,,,,,,,,,,1.72,,,14.92,,,,,,,,,,,,,,,1.64,,,,,,,,,,,7.97,,,,,,,,,,,,1.17,,,,,,,,,,,,,,,,8.61,,,,,,,,,,,,,,,,,,,,,,,,1.2
LU0950670777,,,,,4.85,4.16,,,,,,,,,,,,,,10.6,,1.88,,,,,,,,,,,,,,,,,16.83,,,10.77,,,,,,,,,,,,,,,,,,,,,,,,,,,,,,,1.01,,,,,,,,,,,3.88,2.78,,1.92,,,,,,,,,,,,,,,,,,,,,,,,1.35,3.26,,,1.99,,,,,,,,,,,,4.64,9.33,,,1.64,,,,,19.11
LU0950670850,,,,,,,,,,,,,,,,,,,,,,,,,,,,,,,,,,,,,,,,,,,,,,,,,1.08,,,,,,,,,,,,,,,,,,,,,,,,,,,,,,,,,,,,,,,,,,,,,,,,,,,,,,,,,,,,,,,,,,,2.49,,,,,,,,,,,91.77,,,,,,,,,4.66
LU0950671825,,,,,,,,,,,,,,,,,,,,,,,,,,,,,,,,,,,,,,,,,,,,,,,,,,,,,,,,,,,,,95.69,,,,,,,,,,,,,,,,,,,,,,,,,,,,,,,,,,,,,,,,,,,,,,,,,,,,,,,,,,,,,,,,,,,,,,,,,,,4.31
LU0950672807,,,,,,,,,,,,,,,,,,,,97.06,,,,,,,,,,,,,,,,,,,,,,,,,,,,,,,,,,,,,,,,,,,,,,,,,,,,,,,,,,,,,,,,,,,,,,,,,,,,,,,,,,,,,,,,,,,,,,,,,,,,,,,,,,,,2.29,,,,,,,,0.65
LU0950674175,,,,,,,,,,,,,,,3.74,,,,,,,,17.19,,,,,,,,,,,,,,,,,,,,,,,,,,1.04,,,10.75,,,,,,,,,,,,,,,,,,,,,,,,,,,1.67,,,,,,,,,,,,,,,,,,,,,,,,2.4,,,,,,,2.47,23.66,,,,,,27.39,,,,,,,,,1.11,,,,,,,,,,8.58
LU0950674332,,,,,,,,,,,,,,,,,,,,3.89,,,,,,,,,,,,,,,,,,,2.98,,,,,,,,,,,,,,,,1.63,,,,,,6.31,,,,,,,,,,,,,,,,,,,,,,,4.55,,,,,,,,,,,,,,,,,,,,,,,,,,,,,,,,4.21,,,,,,,,,,,1.82,68.48,,,,,,,,6.13
LU0950674761,,,,,,,,,,,4.51,,,,,,,,,,,,,,,,,,,,,,,,,,,7.85,29.74,,,13.61,,,,,,,,,,,,,3.22,,,5.6,,,,,,,,,,,,,,,,,,,,,,,,,,27.17,,,,,,,,,,,,,,,,,,,,,,,,,,,,7.08,,,,,,,,,,,,,,,,,,,,,,,,1.22
LU0950674928,,,,,10.97,,,,,,,,,,,,,,,,,,,,,,,,,,,,,,,,,,,,,,,,,,,,5.89,,,,,,,,,,,,80.83,,,,,,,,,,,,,,,,,,,,,,,,,,,,,,,,,,,,,,,,,,,,,,1.31,,,,,,,,,,,,,,,,,,,,,,,,,,,,,1.0
LU0950676113,,,,,,,,,,,,,,,,,,,,,,,,,,,,,,,,,,,,,,,,,,,,,,,,,,,,,,,,,,,,,,,,,,,,,,,,,,,,,,,,,,,,,,,,,,,,,,,,,,,,,,,,,,,,,,,,,,,,,,,,,,,,,,,,68.43,,,,,,,,31.57
LU0950676469,,,,,,,,,,,,,,,,,,,,,,,,,,,,,,,,,,,,,,,,,,,,,,,,,,,,,,,,,,,,,,,,,,,,,,,,,,,,,,,,,,,,,,,,,,,,,,,,,,,,,,,,,,,,,,,,,,,,,,,,,,,,,,,,65.61,,,,,,,,34.39
LU0950677863,,,,,3.76,2.28,,,,,,,,,,,,,,10.0,,,,,,,,,,1.42,,,,,,,,,7.79,,,12.51,,,,,,,,,,,,,,,,,,,,,,,,,,,,,,,1.86,,,,,,,,,,,1.08,1.61,,,,,,,,,1.74,,,,,,,,,,,,,,1.53,,,,2.5,,,1.98,,,,,,,,,,,,1.92,5.41,,,,,,,,42.61
LU0952581584,,,,,,,,,,,,,,,,,,,,,,,,,,,,,,,,,,,,,,,,,,,,,,,,,,,,,,,,,,,,,99.9994,,,,,,,,,,,,,,,,,,,,,,,,,,,,,,,,,,,,,,,,,,,,,,,,,,,,,,,,,,,,,,,,,,0.0004,-0.0001,,,,,,,,0.0004
LU0959210278,,,,,,5.695,,,,,5.4912,,,,,,,,,,,,,,,,,,,,,,,,,,,13.5953,12.5236,,,19.9837,,,,,,,,,,,,,1.4585,,,21.6322,,,,,,,,,,,,,,,,,,,,,,,,,,13.5929,,,,,,,,,,,,3.5297,,,,,,,,,,,,,,,,2.498,,,,,,,,,,,,,,,,,,,,,,,,
LU0959211243,,,,,,,,,,,,,,,,,,,,,,,,,,,,,,,,,,,,,,,,,,,,,,,,,,,,,,,1.13,,,,,,,,,,,,,,,,,,,,,,,,,,,,,,,,,,,,,,,,,,,,,,,,,,,,,,,,,,,,,,,,,,,,,,,,,97.7,,,,,,,,1.17
LU0959211326,,,,,,,,,,,,,,,,,,,,,,,,,,,,,,,,,,,,,,,,,,,,,,,,,,,,,,,1.13,,,,,,,,,,,,,,,,,,,,,,,,,,,,,,,,,,,,,,,,,,,,,,,,,,,,,,,,,,,,,,,,,,,,,,,,,97.7,,,,,,,,1.17
LU0962071741,,,,,,,,,,,,,,,,,0.2443,,,,,,,,,,,,,,,,,,,,,,50.0964,,,,,2.1537,,,,,,,,,,,0.1353,,,45.8504,,,,,,,,,,,,,,,,,,,,,,,,,,,,,,,,,,,,,,,,,,,,,,,,,,1.4834,,,,,,,,,,,,,,,,,,,,,,,,,,,,0.0366
LU0962078753,,,,,1.0624,,,,,,,,,,,,,,,1.3147,,,,,,,,,,0.2202,,,,,,,,,8.7441,,,1.9217,,,,,,,,,,,,,0.0265,,,7.2036,,,1.536,,,,,,,,,,,,,,,,,,,,,,,,0.4485,,,,,,,,,,,,,,,,,,,,,,,,,,,3.3164,,,0.5222,0.0001,,,,,,,,,,,22.0098,51.6551,,,,,,,,0.0187
LU0969639128,,,,,,3.09,,,,,4.4,,,,,,,,,,,,,,,,,,,,,,,,,,,1.56,22.09,,,16.88,,,,,,,,,,,,,1.24,,,19.46,,,,,,,,,,,,,,,,,,,,,,,,,,3.21,,,,,,,,,,,,1.89,,,,,,,,,,,,,,,,12.62,,,,,,,,,,,,,,,,,,,,,,,,13.56
LU0969639474,,,,,,3.09,,,,,4.4,,,,,,,,,,,,,,,,,,,,,,,,,,,1.56,22.09,,,16.88,,,,,,,,,,,,,1.24,,,19.46,,,,,,,,,,,,,,,,,,,,,,,,,,3.21,,,,,,,,,,,,1.89,,,,,,,,,,,,,,,,12.62,,,,,,,,,,,,,,,,,,,,,,,,13.56
LU0977261329,,,,,,,,,,,,,,,,,,,,,,,,,,,,,,,,,,,,,,,,,,,,,,,,,,,,,,,,,,,,,,,,,,,,,,,,,,,,,,,,,,,,,,,,,,,,,,,,,,,,,,,,,,,,,,,,,,,,99.55,,,,,,,,,,,,,,,,,,,,0.45
LU0979892907,,,,,,,,,,,,,,,,,,,,,,,,,,,,,,,,,,,,,,,,,,,,,,,,,,,,,,,,,,,,,,,,,,,,,,,,,,,,,,,,,,,,,,,,,,,,,,,,,,,,,,,,,,,,,,,,,,,,,,,,,,,,,,,,,,,,,,,,
LU0994505336,,,,,,,,,,,,,,,,,,,,,,,,,,,,,,,,,,,,,,,,,,,,,,,,,,,,,,,0.0303,,,,,,,,,,,,,,,,,,3.0637,,,,,,,,,,,3.0074,,,,,,,,,,,,,,,,,,,,,,,,,,,,91.9616,,,,,,,,,,,,,,,1.8085,0.0,,,,,,,,0.1284
LU1048313891,,,,,,,,,,,,,,,1.57,,,,,,,,16.75,,,,,,,,,,,,,,,,,,,,,,,,,,2.34,,,7.67,,,,,,,,,,,,,,,,,,,,,,,,,,,2.39,,,,,,,,,,,,,,,,,,,,,,,,,,,,,,,7.75,20.26,,,,,,32.99,,2.17,,,,,,,,,,,,,,,,,6.11
LU1048313974,,,,,,,,,,,,,,,1.57,,,,,,,,16.75,,,,,,,,,,,,,,,,,,,,,,,,,,2.34,,,7.67,,,,,,,,,,,,,,,,,,,,,,,,,,,2.39,,,,,,,,,,,,,,,,,,,,,,,,,,,,,,,7.75,20.26,,,,,,32.99,,2.17,,,,,,,,,,,,,,,,,6.11
LU1048314196,,,,,,1.87,,,,,2.37,,,,,,,,,,,,,,,,,,,,,,,,,,,1.7,22.07,,,15.56,,1.29,,,,,,,,,,,1.56,,,7.27,,,,,,,,,,,,,,,,,,,,,,,,,,6.53,,,,,,,,,,,,,,,,,,,,,,,,,,,,9.87,,,,,,,,,,,,,,,,,,,,,,,,29.91
LU1048314949,,,,,,,,,,,,,,,,,,,,,,,,,,,,,,,,,,,,,,,,,,,,,,,,,,,,,,,,,,,,,,,,,,,,,,,,,,,,,,,,,,,,,,,,,,,,,,,,,,,,,,,,,,,,,,,,,,,,,,,,,,,,,,,,30.95,,,,,,,,69.05
LU1048315086,,,,,,,,,,,,,,,,,,,,,,,,,,,,,,,,,,,,,,,,,,,,,,,,,,,,,,,,,,,,,,,,,,,,,,,,,,,,,,,,,,,,,,,,,,,,,,,,,,,,,,,,,,,,,,,,,,,,,,,,,,,,,,,,30.95,,,,,,,,69.05
LU1048315243,,,,,,,,,,,,,,,,,,,,,,,,,,,,,,,,,,,,,,,,,,,,,,,,,,,,,,,,,,,,,,,,,,,,,,,,,,,,,,,,,,,,,,,,,,,,,,,,,,,,,,,,,,,,,,,,,,,,,,,,,,,,,,,,30.95,,,,,,,,69.05
LU1048315326,,,,,,,,,,,,,,,,,,,,,,,,,,,,,,,,,,,,,,,,,,,,,,,,,,,,,,,,,,,,,,,,,,,,,,,,,,,,,,,,,,,,,,,,,,,,,,,,,,,,,,,,,,,,,,,,,,,,,,,,,,,,,,,,30.95,,,,,,,,69.05
LU1048315755,,,,,,,,,,,,,,,,,,,,,,,,,,,,,,,,,,,,,,,,,,,,,,,,,,,,,,,,,,,,,,,,,,,,,,,,,,,,,,,,,,,,,,,,,,,,,,,,,,,,,,,,,,,,,,,,,,,,,,,,,,,,,,,,30.95,,,,,,,,69.05
LU1048316647,,,,,,,,,,,,,,,,,,,,,,,,,,,,,,,,,,,,,,,,,,,,,,,,,,,,,,,,,,,,,,,,,,,,,,,,,,,,,,,,,,,,,,,,,,,,,,,,,,,,,,,,,,,,,,,,,,,,,,,,,,,,,,,,31.04,,,,,,,,68.96
LU1048316720,,,,,,,,,,,,,,,,,,,,,,,,,,,,,,,,,,,,,,,,,,,,,,,,,,,,,,,,,,,,,,,,,,,,,,,,,,,,,,,,,,,,,,,,,,,,,,,,,,,,,,,,,,,,,,,,,,,,,,,,,,,,,,,,31.04,,,,,,,,68.96
LU1048317025,,,,,,,,,,,,,,,,,,,,,,,,,,,,,,,,,,,,,,,,,,,,,,,,,,,,,,,,,,,,,,,,,,,,,,,,,,,,,,,,,,,,,,,,,,,,,,,,,,,,,,,,,,,,,,,,,,,,,,,,,,,,,,,,31.04,,,,,,,,68.96
LU1048317298,,,,,,,,,,,,,,,,,,,,,,,,,,,,,,,,,,,,,,,,,,,,,,,,,,,,,,,,,,,,,,,,,,,,,,,,,,,,,,,,,,,,,,,,,,,,,,,,,,,,,,,,,,,,,,,,,,,,,,,,,,,,,,,,31.04,,,,,,,,68.96
LU1048317538,,,,,,,,,,,,,,,,,,,,,,,,,,,,,,,,,,,,,,,,,,,,,,,,,,,,,,,,,,,,,,,,,,,,,,,,,,,,,,,,,,,,,,,,,,,,,,,,,,,,,,,,,,,,,,,,,,,,,,,,,,,,,,,,31.04,,,,,,,,68.96
LU1079841273,,,,,,,,,,,,,,,,,,,,,,,,,,,,,,,,,,,,,,,,,,,,,,,,,,,,,,,,,,,,,,,,,,,,,,,,,,,,,,,,,,,,,,,,,,,,,,,,,,,,,,,,,,,,,,,,,,,,,,,,,,,,,,,,,,,,,,,,
LU1079841513,,,,,,,,,,,,,,,,,,,,,,,,,,,,,,,,,,,,,,,,,,,,,,,,,,,,,,,,,,,,,,,,,,,,,,,,,,,,,,,,,,,,,,,,,,,,,,,,,,,,,,,,,,,,,,,,,,,,,,,,,,,,,,,,,,,,,,,,
LU1079842321,,,,,,,,,,,,,,,,,,,,,,,,,,,,,,,,,,,,,,,,,,,,,,,,,,,,,,,,,,,,,,,,,,,,,,,,,,,,,,,,,,,,,,,,,,,,,,,,,,,,,,,,,,,,,,,,,,,,,,,,,,,,,,,,,,,,,,,,
LU1094612022,,,,,,,,,,,,,,,,,,,,,,,99.989,,,,,,,,,,,,,,,,,,,,,,,,,,,,,,,,,,,,,,,,,,,,,,,,,,,,,,,,,,,,,,,,,,,,,,,,,,,,,,,,,,,,,,,,,,,,,,,,,,,,,,,,,0.011,,,,,,,,
LU1109939865,,,,,,,,,,,,,,,,,,,,,,,,,,,,,,,,,,,,,,,31.2067,,,14.9122,,6.2286,,,,,,,,,,,5.1885,,3.0972,12.2915,,,3.0998,,,,,,,,,,,,,,,,,,,,,,,5.5614,,,,,,,,,,,,,,,,,,,,,,,,,,,,,,,,3.1014,,,,,,,,,,,6.2209,9.3005,,,,,,,,-0.2088
LU1109941689,,,,,,,,,,,,,,,,,,,,,,,,,,,,,,,,,,,,,,,31.2067,,,14.9122,,6.2286,,,,,,,,,,,5.1885,,3.0972,12.2915,,,3.0998,,,,,,,,,,,,,,,,,,,,,,,5.5614,,,,,,,,,,,,,,,,,,,,,,,,,,,,,,,,3.1014,,,,,,,,,,,6.2209,9.3005,,,,,,,,-0.2088
LU1109942653,,,,,,0.8092,,,,,0.6463,,,,,,0.6019,,,0.1656,,,0.1093,,,,,1.4434,,0.4218,,,,,,,,0.9923,18.6585,,,10.4289,,1.3333,,,,,,0.483,,,,,2.1201,,1.5033,16.3695,,,2.3404,0.262,,,,,,0.0204,,,,0.1996,6.8681,,,,,,0.1273,,,,,4.1793,,,0.0852,,,,,,,,0.8606,0.2717,,,,0.4593,,,,,0.2286,,,,1.0077,0.1742,,2.6653,,,2.166,0.7659,,,,,,,,,,,8.635,12.8387,,,,,,,,-0.242
LU1109943388,,,,,,0.8092,,,,,0.6463,,,,,,0.6019,,,0.1656,,,0.1093,,,,,1.4434,,0.4218,,,,,,,,0.9923,18.6585,,,10.4289,,1.3333,,,,,,0.483,,,,,2.1201,,1.5033,16.3695,,,2.3404,0.262,,,,,,0.0204,,,,0.1996,6.8681,,,,,,0.1273,,,,,4.1793,,,0.0852,,,,,,,,0.8606,0.2717,,,,0.4593,,,,,0.2286,,,,1.0077,0.1742,,2.6653,,,2.166,0.7659,,,,,,,,,,,8.635,12.8387,,,,,,,,-0.242
LU1130155432,,,,,,,,,,,,,,,,,,,,97.06,,,,,,,,,,,,,,,,,,,,,,,,,,,,,,,,,,,,,,,,,,,,,,,,,,,,,,,,,,,,,,,,,,,,,,,,,,,,,,,,,,,,,,,,,,,,,,,,,,,,,,,,,,,,2.29,,,,,,,,0.65
LU1130155606,,,,,,,,,,,,,,,,,,,,97.06,,,,,,,,,,,,,,,,,,,,,,,,,,,,,,,,,,,,,,,,,,,,,,,,,,,,,,,,,,,,,,,,,,,,,,,,,,,,,,,,,,,,,,,,,,,,,,,,,,,,,,,,,,,,2.29,,,,,,,,0.65
LU1130155861,,,,,,,,,,,,,,,,,,,,97.06,,,,,,,,,,,,,,,,,,,,,,,,,,,,,,,,,,,,,,,,,,,,,,,,,,,,,,,,,,,,,,,,,,,,,,,,,,,,,,,,,,,,,,,,,,,,,,,,,,,,,,,,,,,,2.29,,,,,,,,0.65
LU1130156323,,,,,,,,,,,,,,,,,,,,97.06,,,,,,,,,,,,,,,,,,,,,,,,,,,,,,,,,,,,,,,,,,,,,,,,,,,,,,,,,,,,,,,,,,,,,,,,,,,,,,,,,,,,,,,,,,,,,,,,,,,,,,,,,,,,2.29,,,,,,,,0.65
LU1130156596,,,,,,,,,,,,,,,,,,,,97.06,,,,,,,,,,,,,,,,,,,,,,,,,,,,,,,,,,,,,,,,,,,,,,,,,,,,,,,,,,,,,,,,,,,,,,,,,,,,,,,,,,,,,,,,,,,,,,,,,,,,,,,,,,,,2.29,,,,,,,,0.65
LU1135865084,,,,,,,,,,,,,,,,,,,,,,,,,,,,,,,,,,,,,,,,,,,,,,,,,,,,,,,1.13,,,,,,,,,,,,,,,,,,,,,,,,,,,,,,,,,,,,,,,,,,,,,,,,,,,,,,,,,,,,,,,,,,,,,,,,,97.7,,,,,,,,1.17
LU1169819635,,,,,,1.01,,,,,2.49,,,,,,,,,,,,,,,,,,,,,,,,,,,3.41,24.67,,,24.23,,,,,,,,,,,,,1.39,,,8.73,,,,,,,,,,,,,,,,,,,,,,,,,,20.09,,,,,,,,,,,,,,,,,,,,,,,,,,,,10.58,,,,,,,,,,,,,,,,,,,,,,,,3.4
LU1169819718,,,,,,1.01,,,,,2.49,,,,,,,,,,,,,,,,,,,,,,,,,,,3.41,24.67,,,24.23,,,,,,,,,,,,,1.39,,,8.73,,,,,,,,,,,,,,,,,,,,,,,,,,20.09,,,,,,,,,,,,,,,,,,,,,,,,,,,,10.58,,,,,,,,,,,,,,,,,,,,,,,,3.4
LU1169819809,,,,,,1.01,,,,,2.49,,,,,,,,,,,,,,,,,,,,,,,,,,,3.41,24.67,,,24.23,,,,,,,,,,,,,1.39,,,8.73,,,,,,,,,,,,,,,,,,,,,,,,,,20.09,,,,,,,,,,,,,,,,,,,,,,,,,,,,10.58,,,,,,,,,,,,,,,,,,,,,,,,3.4
LU1169819981,,,,,,1.01,,,,,2.49,,,,,,,,,,,,,,,,,,,,,,,,,,,3.41,24.67,,,24.23,,,,,,,,,,,,,1.39,,,8.73,,,,,,,,,,,,,,,,,,,,,,,,,,20.09,,,,,,,,,,,,,,,,,,,,,,,,,,,,10.58,,,,,,,,,,,,,,,,,,,,,,,,3.4
LU1169820138,,,,,,1.01,,,,,2.49,,,,,,,,,,,,,,,,,,,,,,,,,,,3.41,24.67,,,24.23,,,,,,,,,,,,,1.39,,,8.73,,,,,,,,,,,,,,,,,,,,,,,,,,20.09,,,,,,,,,,,,,,,,,,,,,,,,,,,,10.58,,,,,,,,,,,,,,,,,,,,,,,,3.4
LU1169820997,,,,,,,,,,,,,,,,,,,,,,,,,,,,,,,,,,,,,,,,,,,,,,,,,1.08,,,,,,,,,,,,,,,,,,,,,,,,,,,,,,,,,,,,,,,,,,,,,,,,,,,,,,,,,,,,,,,,,,,2.49,,,,,,,,,,,91.77,,,,,,,,,4.66
LU1169821029,,,,,,,,,,,,,,,,,,,,,,,,,,,,,,,,,,,,,,,,,,,,,,,,,1.08,,,,,,,,,,,,,,,,,,,,,,,,,,,,,,,,,,,,,,,,,,,,,,,,,,,,,,,,,,,,,,,,,,,2.49,,,,,,,,,,,91.77,,,,,,,,,4.66
LU1169821292,,,,,,,,,,,,,,,,,,,,,,,,,,,,,,,,,,,,,,,,,,,,,,,,,1.08,,,,,,,,,,,,,,,,,,,,,,,,,,,,,,,,,,,,,,,,,,,,,,,,,,,,,,,,,,,,,,,,,,,2.49,,,,,,,,,,,91.77,,,,,,,,,4.66
LU1169821375,,,,,,,,,,,,,,,,,,,,,,,,,,,,,,,,,,,,,,,,,,,,,,,,,1.08,,,,,,,,,,,,,,,,,,,,,,,,,,,,,,,,,,,,,,,,,,,,,,,,,,,,,,,,,,,,,,,,,,,2.49,,,,,,,,,,,91.77,,,,,,,,,4.66
LU1169821458,,,,,,,,,,,,,,,,,,,,,,,,,,,,,,,,,,,,,,,,,,,,,,,,,1.08,,,,,,,,,,,,,,,,,,,,,,,,,,,,,,,,,,,,,,,,,,,,,,,,,,,,,,,,,,,,,,,,,,,2.49,,,,,,,,,,,91.77,,,,,,,,,4.66
LU1169821888,,,,,,,,,,,,,,,,,,,,,,,,,,,,,,,,,,,,,,,,,,,,,,,,,,,,,,,,,,,,,95.69,,,,,,,,,,,,,,,,,,,,,,,,,,,,,,,,,,,,,,,,,,,,,,,,,,,,,,,,,,,,,,,,,,,,,,,,,,,4.31
LU1169822001,,,,,,,,,,,,,,,,,,,,,,,,,,,,,,,,,,,,,,,,,,,,,,,,,,,,,,,,,,,,,95.69,,,,,,,,,,,,,,,,,,,,,,,,,,,,,,,,,,,,,,,,,,,,,,,,,,,,,,,,,,,,,,,,,,,,,,,,,,,4.31
LU1169822266,,,,,,,,,,,,,,,,,,,,,,,,,,,,,,,,,,,,,,,,,,,,,,,,,,,,,,,,,,,,,95.69,,,,,,,,,,,,,,,,,,,,,,,,,,,,,,,,,,,,,,,,,,,,,,,,,,,,,,,,,,,,,,,,,,,,,,,,,,,4.31
LU1169822340,,,,,,,,,,,,,,,,,,,,,,,,,,,,,,,,,,,,,,,,,,,,,,,,,,,,,,,,,,,,,95.69,,,,,,,,,,,,,,,,,,,,,,,,,,,,,,,,,,,,,,,,,,,,,,,,,,,,,,,,,,,,,,,,,,,,,,,,,,,4.31
LU1169822779,,,,,,,,,,,,,,,,,,,,,,,,,,,,,,,,,,,,,,,,,,,,,,,,,,,,,,,,,,,,,95.69,,,,,,,,,,,,,,,,,,,,,,,,,,,,,,,,,,,,,,,,,,,,,,,,,,,,,,,,,,,,,,,,,,,,,,,,,,,4.31
LU1169825954,,,,,,,,,,,,,,,,,,,,,,,1.88,,,,,,,,,,,,,,,,,,,,,,,,,,,,,,,,,,,,,,,,,,,,,,,,,,,,,,,,,,,,,,,,,,,,,,,,,,,,,,,,,,,,97.94,,,,,,,,,,,,,,,,,,,,,,,,,,,,,0.18
LU1169827224,,,,,,,,,,,,,4.49,,,,,,,,,,,,,,,,,,,,,,,,,,,,,,,,,,,,94.62,,,,,,,,,,,,,,,,,,,,,,,,,,,,,,,,,,,,,,,,,,,,,,,,,,,,,,,,,,,,,,,,,,,,,,,,,,,,,,,,,,,,,,,0.89
LU1169830012,,,,,,,,,,,,,,,,,,,,,,,,,,,,,,,,,,,,,,,,,,,,,,,,,,,,,,,,,,,,,,,,,,,,,,,,,,,,,,,,,,,,,,,,,,,,,,,,,,,,,,,,,,,,,,,,,,,,99.55,,,,,,,,,,,,,,,,,,,,0.45
LU1169830103,,,,,,,,,,,,,,,,,,,,,,,,,,,,,,,,,,,,,,,,,,,,,,,,,,,,,,,,,,,,,,,,,,,,,,,,,,,,,,,,,,,,,,,,,,,,,,,,,,,,,,,,,,,,,,,,,,,,99.55,,,,,,,,,,,,,,,,,,,,0.45
LU1169830285,,,,,,,,,,,,,,,,,,,,,,,,,,,,,,,,,,,,,,,,,,,,,,,,,,,,,,,,,,,,,,,,,,,,,,,,,,,,,,,,,,,,,,,,,,,,,,,,,,,,,,,,,,,,,,,,,,,,99.55,,,,,,,,,,,,,,,,,,,,0.45
LU1169830368,,,,,,,,,,,,,,,,,,,,,,,,,,,,,,,,,,,,,,,,,,,,,,,,,,,,,,,,,,,,,,,,,,,,,,,,,,,,,,,,,,,,,,,,,,,,,,,,,,,,,,,,,,,,,,,,,,,,99.55,,,,,,,,,,,,,,,,,,,,0.45
LU1169830442,,,,,,,,,,,,,,,,,,,,,,,,,,,,,,,,,,,,,,,,,,,,,,,,,,,,,,,,,,,,,,,,,,,,,,,,,,,,,,,,,,,,,,,,,,,,,,,,,,,,,,,,,,,,,,,,,,,,99.55,,,,,,,,,,,,,,,,,,,,0.45
LU1169830525,,,,,,,,,,,,,,,,,,,,,,,,,,,,,,,,,,,,,,,,,,,,,,,,,,,,,,,,,,,,,,,,,,,,,,,,,,,,,,,,,,,,,,,,,,,,,,,,,,,,,,,,,,,,,,,,,,,,99.55,,,,,,,,,,,,,,,,,,,,0.45
LU1190417599,,,,,,,,,,,,,,,,,,,,,,,,,,,,,,,,,,,,,,,,,,,,,,,,,,,,,,,,,,,,,,,,,,,,,,,,,,,,,,,,,,,,,,,,,,,,,,,,,,,,,,,,,,,,,,,,,,,,,,,,,,,,,,,,,,,,,,,,
LU1215415214,,,,,,1.5793,,,,,0.8732,,,,,,,,,0.5187,,,,,,,,,,1.4918,,,,,,,,0.5264,27.9844,,,6.4661,,3.3671,,,,,,0.6318,,,,,0.948,,,13.0994,,,4.3379,0.7839,,,,,,,,,,,5.2569,,,,,,,,,,,10.3529,,,,,,,,,,,1.1184,2.9973,,,,,,,,,,,,,,,,0.9837,,,2.9759,,,,,,,,,,,,5.2219,8.4851,,,,,,,,
LU1215451524,,,,,,,,,,,1.61,,,,,,,,,,,,,,,,,,,,,,,,,,,8.48,17.11,,,26.61,,,,,,,,,,,,,1.91,,,9.72,,,,,,,,,,,,,,,,,,,,,,,,,,24.79,,,,,,,,,,,,,,,,,,,,,,,,,,,,6.55,,,,,,,,,,,,,,,2.72,,,,,,,,,0.5
LU1215452092,,,,,,,,,,,1.61,,,,,,,,,,,,,,,,,,,,,,,,,,,8.48,17.11,,,26.61,,,,,,,,,,,,,1.91,,,9.72,,,,,,,,,,,,,,,,,,,,,,,,,,24.79,,,,,,,,,,,,,,,,,,,,,,,,,,,,6.55,,,,,,,,,,,,,,,2.72,,,,,,,,,0.5
LU1215452928,,,,,,,,,,,1.59,,,,,,,,,,,,,,,,,,,,,,,,,,,7.62,20.49,,,32.12,,,,,,,,,,,,,6.47,,,6.08,,,,,,,,,,,,,,,,,,,,,,,,,,8.0,,,,,,,,,,,,1.74,,,,,,,,,,,,,,,,12.35,,,,,,,,,,,,,,,2.46,,,,,,,,,1.08
LU1215454460,,,,,,,,,,,5.2,,,,,,,,,,,,,,,,,,,,,,,,,,,8.58,24.37,,,16.51,,,,,,,,,,,,,2.57,,,12.76,,,,,,,,,,,,,,,,,,,,,,,,,,14.17,,,,,,,,,,,,,,,,,,,,,,,,,,,,10.96,,,,,,,,,,,,,,,1.76,,,,,,,,,3.12
LU1215461085,,,,,,,,,,,,,,,,,,,,,,,,,,,,,,,,,,,,,,,,,,,,,,,,,,,,,,,,,,,,,,,,,,,,,,,,,,,,,,,,,,,,,,,,,,,,,,,,,,,,,,,,,,,,,,,,,,,,,,,,,,,,,,,,30.73,,,,,,,,69.27
LU1215461168,,,,,,,,,,,,,,,,,,,,,,,,,,,,,,,,,,,,,,,,,,,,,,,,,,,,,,,,,,,,,,,,,,,,,,,,,,,,,,,,,,,,,,,,,,,,,,,,,,,,,,,,,,,,,,,,,,,,,,,,,,,,,,,,30.73,,,,,,,,69.27
LU1215461325,,,,,,,,,,,,,,,,,,,,,,,,,,,,,,,,,,,,,,,,,,,,,,,,,,,,,,,,,,,,,,,,,,,,,,,,,,,,,,,,,,,,,,,,,,,,,,,,,,,,,,,,,,,,,,,,,,,,,,,,,,,,,,,,30.73,,,,,,,,69.27
LU1215461598,,,,,,,,,,,,,,,,,,,,,,,,,,,,,,,,,,,,,,,,,,,,,,,,,,,,,,,,,,,,,,,,,,,,,,,,,,,,,,,,,,,,,,,,,,,,,,,,,,,,,,,,,,,,,,,,,,,,,,,,,,,,,,,,30.73,,,,,,,,69.27
LU1215461754,,,,,,,,,,,,,,,,,,,,,,,,,,,,,,,,,,,,,,,,,,,,,,,,,,,,,,,,,,,,,,,,,,,,,,,,,,,,,,,,,,,,,,,,,,,,,,,,,,,,,,,,,,,,,,,,,,,,,,,,,,,,,,,,30.73,,,,,,,,69.27
LU1215827756,,,,,,,,,,,,,,,,,,,,,,,,,,,,,,,,,,,,,,,,,,,,,,,,,,,,,,,0.2667,,,,,,99.906,,,,,,,,,,,,,,,,,,,,,,,,,,,,,,,,,,,,,,,,,,,,,,,,,,,,,,,0.0014,,,,,,,,,,,0.0008,-0.1958,,,,,,,,0.0209
LU1220245556,,,,,63.4065,,,,,,,,,,,,,,,,,,,,,,,,,,,,,,,,,,,,,,,,,,,,17.2167,,,,,,,,,,,,,,,,,,,,,,,,,,,,,,,,,,,,1.7625,,,,,,,,,,,,,,,,,,,,,,17.6143,,,,,,,,,,,,,,,,,,,,,,,,,,,,,
LU1230136894,,,,,,,,,,,,,,,,,,,,,,,,,,,,,,,,,,,,,,,,,,,,,,,,,,,,,,,,,,,,,,,,,,,,,,,,,,,,,,,,,,,,,,,,,,,,,,,,,,,,,,,,,,,,,,,,,,,,,,,,,,,,,,,,,,,,,,,,
LU1230561679,,,,,,,,,,,,,,,,,,,,,,,,,,,,,,,,,,,,,,,,,,,,,,,,,,,,,,,,,,,,,99.55,,,,,,,,,,,,,,,,,,,,,,,,,,,,,,,,,,,,,,,,,,,,,,,,,,,,,,,,,,,,,,,,,,,,,,,,,,,0.45
LU1230563022,,,,,,,,,,,,,,,,,,,,,,,,,,,,,,,,,,,,,,,,,,,,,,,,,,,,,,,,,,,,,99.55,,,,,,,,,,,,,,,,,,,,,,,,,,,,,,,,,,,,,,,,,,,,,,,,,,,,,,,,,,,,,,,,,,,,,,,,,,,0.45
LU1233598447,,,,,,,,,,,,,,,,,,,,,,,,,,,,,,,,,,,,,,,,,,,,,,,,,,,,,,,,,,,,,,,,,,,,,,,,,,,,,,,,,,,,,,,,,,,,,,,,,,,,,,,,,,,,,,,,,,,,,,,,,,,,,,,,,,,,,,,,
LU1248511575,,,,,,,,,,,,,,,,,,,,,,,,,,,,,,,,,,,,,,,,,,,,,,,,,,,,,,,,,,,,,,,,,,,,,,,,,,,,,,,,,,,,,,,,,,,,,,,,,,,,,,,,,,,,,,,,,,,,,,,,,,,,,,,,,,,,,,,,
LU1273488475,,,,,,,,,,,,,,,,,,,,,,,,,,,,,,,,,,,,,,,,,,,,,,,,,,,,,,,,,,,,,99.55,,,,,,,,,,,,,,,,,,,,,,,,,,,,,,,,,,,,,,,,,,,,,,,,,,,,,,,,,,,,,,,,,,,,,,,,,,,0.45
LU1273488715,,,,,,,,,,,,,,,,,,,,,,,,,,,,,,,,,,,,,,,,,,,,,,,,,,,,,,,,,,,,,99.55,,,,,,,,,,,,,,,,,,,,,,,,,,,,,,,,,,,,,,,,,,,,,,,,,,,,,,,,,,,,,,,,,,,,,,,,,,,0.45
LU1273489440,,,,,,,,,,,,,,,,,,,,,,,,,,,,,,,,,,,,,,,,,,,,,,,,,,,,,,,,,,,,,99.55,,,,,,,,,,,,,,,,,,,,,,,,,,,,,,,,,,,,,,,,,,,,,,,,,,,,,,,,,,,,,,,,,,,,,,,,,,,0.45
LU1273641503,,,,,,,,,,,,,,,,,,,,,,,,,,,,,,,,,,,,,,,,,,,,,,,,,,,,,,,2.16,,,,,,,,,,,,,,,,,,,,,,,,,,,,,,,,,,,,,,,,,,,,,,,,,,,,,,,,,,,,,,,,,,,,,,,,,96.88,,,,,,,,0.96
LU1273642816,,,,,,,,,,,4.51,,,,,,,,,,,,,,,,,,,,,,,,,,,7.85,29.74,,,13.61,,,,,,,,,,,,,3.22,,,5.6,,,,,,,,,,,,,,,,,,,,,,,,,,27.17,,,,,,,,,,,,,,,,,,,,,,,,,,,,7.08,,,,,,,,,,,,,,,,,,,,,,,,1.22
LU1273642907,,,,,,,,,,,4.51,,,,,,,,,,,,,,,,,,,,,,,,,,,7.85,29.74,,,13.61,,,,,,,,,,,,,3.22,,,5.6,,,,,,,,,,,,,,,,,,,,,,,,,,27.17,,,,,,,,,,,,,,,,,,,,,,,,,,,,7.08,,,,,,,,,,,,,,,,,,,,,,,,1.22
LU1280300770,,,,,,,,,,,4.51,,,,,,,,,,,,,,,,,,,,,,,,,,,7.85,29.74,,,13.61,,,,,,,,,,,,,3.22,,,5.6,,,,,,,,,,,,,,,,,,,,,,,,,,27.17,,,,,,,,,,,,,,,,,,,,,,,,,,,,7.08,,,,,,,,,,,,,,,,,,,,,,,,1.22
LU1280300853,,,,,,,,,,,4.51,,,,,,,,,,,,,,,,,,,,,,,,,,,7.85,29.74,,,13.61,,,,,,,,,,,,,3.22,,,5.6,,,,,,,,,,,,,,,,,,,,,,,,,,27.17,,,,,,,,,,,,,,,,,,,,,,,,,,,,7.08,,,,,,,,,,,,,,,,,,,,,,,,1.22
LU1280303014,,,,,,,,,,,,,,,,,,,,,,,,,,,,,,,,,,,,,,,,,,,,,,,,,,,,,,,2.16,,,,,,,,,,,,,,,,,,,,,,,,,,,,,,,,,,,,,,,,,,,,,,,,,,,,,,,,,,,,,,,,,,,,,,,,,96.88,,,,,,,,0.96
LU1285959703,,,,,0.1019,,,,,,,,0.2915,,,,,,,1.8231,,,,,,,,,,,,,,,,,,0.0369,0.1693,,,0.5326,,,,,,,0.0676,,,,,,0.1809,,,,,,0.7061,,,,,,,,,,,,,,,,,,,,,,,0.1068,,,,,,,,,,,,,,,,,,,,,,,,,,,,0.6205,,,,,,,,,,,,,,,3.6339,91.7291,,,,,,,,
LU1285959885,,,,,0.1019,,,,,,,,0.2915,,,,,,,1.8231,,,,,,,,,,,,,,,,,,0.0369,0.1693,,,0.5326,,,,,,,0.0676,,,,,,0.1809,,,,,,0.7061,,,,,,,,,,,,,,,,,,,,,,,0.1068,,,,,,,,,,,,,,,,,,,,,,,,,,,,0.6205,,,,,,,,,,,,,,,3.6339,91.7291,,,,,,,,
LU1285960032,,,,,0.1019,,,,,,,,0.2915,,,,,,,1.8231,,,,,,,,,,,,,,,,,,0.0369,0.1693,,,0.5326,,,,,,,0.0676,,,,,,0.1809,,,,,,0.7061,,,,,,,,,,,,,,,,,,,,,,,0.1068,,,,,,,,,,,,,,,,,,,,,,,,,,,,0.6205,,,,,,,,,,,,,,,3.6339,91.7291,,,,,,,,
LU1287022708,,,,,4.0681,,,,,,,,,,,,,,,25.0412,,,,,,,,,,,,,9.5658,,,,,,,,,,,,,,,,,,,,,,,,,,,,,,,,,,,,,,,,,,,,,,,,,,22.0005,,,,,,,,,,,,,,,,,,,,,,,,,,,32.3922,,,,,,,,,,,,,,,,,6.9323,,,,,,,,,
LU1287023003,,,,,,3.7069,,,,,7.4079,,,,,,,,,,,,,,,,,,,,,,,,,,,1.7255,23.8065,,,15.7891,,,,,,,,,,,,,1.5622,,,24.6696,,,,,,,,,,,,,,,,,,,,,,,,,,3.7754,,,,,,,,,,,,1.5252,,,,,,,,,,,,,,,,16.0317,,,,,,,,,,,,,,,,,,,,,,,,
LU1287023185,,,,,,3.4924,,,,,6.0298,,,,,,,,,,,,,,,,,,,,,,,,,,,2.5275,26.9232,,,20.3824,,,,,,,,,,,,,1.4544,,,20.0087,,,,,,,,,,,,,,,,,,,,,,,,,,2.9616,,,,,,,,,,,,2.9653,,,,,,,,,,,,,,,,13.2546,,,,,,,,,,,,,,,,,,,,,,,,
LU1287023268,,,,,,4.6704,,,,,6.3465,,,,,,,,,,,,,,,,,,,,,,,,,,,1.8566,24.9589,,,19.996,,,,,,,,,,,,,2.0192,,,18.0226,,,,,,,,,,,,,,,,,,,,,,,,,,7.0646,,,,,,,,,,,,2.0746,,,,,,,,,,,,,,,,12.9907,,,,,,,,,,,,,,,,,,,,,,,,
LU1287023342,,,,,,5.3221,,,,,,,,,,,,,,,,,,,,,,,,,,,,,,,,2.8708,27.8512,,,50.1045,,,,,,,,,,,,,,,,,,,,,,,,,,,,,,,,,,,,,,,,,,13.8513,,,,,,,,,,,,,,,,,,,,,,,,,,,,,,,,,,,,,,,,,,,,,,,,,,,,
LU1291097779,,,,,0.0413,,,,,,,,,,3.8776,,,,,0.0445,0.1653,0.4779,17.2052,0.2054,,,,0.0819,,,,,0.0621,,,,,,,,,,,0.5134,,,,,3.034,0.3478,,11.3275,0.4303,,0.4091,,,,,,,,,,,0.5352,,,,,,,0.1782,,,1.1088,,,1.7332,,,,,0.1041,,,,,,,,,0.295,0.2709,1.001,,,0.4083,,,,,2.4626,,,,0.2609,,,2.7055,20.0939,,,,,0.166,26.6066,,1.1419,,,0.3695,,,,1.1838,,1.102,,,,,,0.0369,,
LU1291098314,,,,,,,,,,,,,,,1.9167,,,,,,0.2896,1.2817,17.6559,0.4551,,,,0.3375,,,,,,,,,,,,,,,,0.5587,,,,,2.1217,,,8.6186,,,,,,,,,,,,,,,,,,,,,1.4548,,,1.799,,,3.3424,,,,,0.9004,,,,,,,,,1.1835,,0.7147,,,,,,,,1.0137,,,,0.3342,,,6.4303,15.6007,,,,,,29.9851,,2.4014,,,-0.0002,,,,1.7818,,-0.1742,,,,,,0.0002,,
LU1291098827,,,,,,1.093,,,,,2.6686,,,,,,,,,,,,,,,,,0.0103,,,,,,,,,,3.7719,25.1297,,,23.858,,,,,,,,,,,,,1.5662,,,9.3849,,,,0.0518,,,,,,,,,,,0.4326,,,,,,,,,,,19.1826,,,,,,,,,,,,0.5887,,,,,,,,,,,,,,,,11.5665,,,,0.2299,,,,,,,,,,,0.288,0.0001,,,,,,0.177,,
LU1291099718,,,,,,0.5958,,,,,1.4832,,,,,,,,,,,,,,,,,,,2.5533,,,,,,,,2.0874,13.5421,,,12.6526,,,,,,,0.2782,,,,,,1.1209,,,5.1021,,,,0.0146,,,,,,,,,,,0.7706,,,,,,0.0219,,,,,10.3691,,,1.22,,,,,,,,,0.2947,,,,,,,,,,,,,,,,6.2831,,,4.7103,15.6683,,,,,,,,,,,20.973,0.2292,,,,,,0.0295,,
LU1291101555,,,,,,2.076,,,,,3.215,,1.5632,,,,,,,,,,,,,,,,,2.5688,,,,,,,,4.6925,5.3533,,,3.2857,,,,,,,,,,,,,2.5672,,,2.598,,,,,,,,,,,,,,,0.2116,,,,,,,,,,,2.7355,,,4.9574,,,,,,,,,0.7083,,,,,,,,,,,,,,,,3.1439,,,12.9695,14.7776,,,,,,,,,,,32.4225,,,,,,,0.1539,,
LU1291102447,,,,,,,,,,,,,,,,,,,,,,,,,,,,,,,,,,,,,,,,,,,,,,,,,,,,,,,,,,,,,100.161,,,,,,,,,,,,,,,,,,,,,,,,,,,,,,,,,,,,,,,,,,,,,,,,,,,,,,,,,,,,,,,,,,0.0002,0.0005,,,,,,-0.1616,,
LU1291103338,,,,,0.0218,,,,,,,,0.0973,,,,,,,,,,,,,,,,,,,,,,,,,,,,,,,,,,,,,,,,,,0.7752,,,,,,,,,,,,,,,,,,,,,,,,,,,,,0.2145,,,,,,,,,,,,,,,,,,,,,,,,,,,,,,,,,,,,,,,,,,,0.7061,96.818,1.2754,,,,,0.0917,,
LU1291104575,,,,,0.0464,,,,,,,,0.153,,,,,,,0.0207,0.075,,,,,,,,,,,,,,,,,,,,,,,,,,,,,,,,,,1.446,,,,,,,,,,,,,,,,,,,,,,,,,,,,,0.1009,,,,,,,,,,,,,,,,,,,,,,,0.2933,,,,,,,,,0.2404,,,,,,,,,,,0.7092,96.7873,0.1341,,,,,-0.0064,,
LU1291106356,,,,,63.4182,,,,,,,,0.0653,,,,,,,,,,0.264,,,,,,,,,,,,,,,,,,,,,,,,,,15.5998,,,,,,,,,,,,,,,,,,,,,,,,,0.2249,,,,,,,,,,,2.7053,,,,,,,,,,,,,,,,,,,,,,17.7469,,,,,,,,,,,,,,,,,,,,-0.0142,0.002,,,,,,-0.0122,,
LU1291108642,,,,,1.6422,,,,,,0.6532,,0.0887,,,,,,,5.1728,,,,,,,,,,0.3148,,,,,,,,0.3721,2.4006,,,0.3723,,,,,,,1.0109,,,,,,1.4225,,0.2601,0.9403,,,5.6258,,,,,,,,,,,,0.0979,,,,,,,,,,,4.2076,0.1231,,0.4296,,,,,,,,,,,,,,,,,,,,1.0425,,,,,0.7562,,,0.5458,5.3373,,,,,,,,,,,2.6586,63.9699,0.4937,,,,,0.0613,,
LU1291109533,,,,,,,,,,,,,,,,,,,,,,,,,,,,,,,,,,,,,,,,,,,,,,,,,,,,,,,,,,,,,,,,,,,,,,,,,,,,,,,,,,,,,,,,,,,,,,,,,,,,,,,,,,,,,,,,,,,,,,,,,,,,,,,,,,,,,,,,
LU1291109616,,,,,,,,,,,,,,,,,,,,,,,,,,,,,,,,,,,,,,,,,,,,,,,,,,,,,,,,,,,,,,,,,,,,,,,,,,,,,,,,,,,,,,,,,,,,,,,,,,,,,,,,,,,,,,,,,,,,,,,,,,,,,,,,,,,,,,,,
LU1302703878,,,,,,,,,,,,,,,,,,,,,,,,,,,,,,,,,,,,,,,,,,,,,,,,,,,,,,,1.13,,,,,,,,,,,,,,,,,,,,,,,,,,,,,,,,,,,,,,,,,,,,,,,,,,,,,,,,,,,,,,,,,,,,,,,,,97.7,,,,,,,,1.17
LU1324510525,,,,,,,,,,,,,,,,,,,,,,,,,,,,,,,,,,,,,,,,,,,,,,,,,,,,,,,,,,,,,,,,,,,,,,,,,,,,,,,,,,,,,,,,,,,,,,,,,,,,,,,,,,,,,,,,,,,,,,,,,,,,,,,,68.43,,,,,,,,31.57
LU1324516050,,1.48,2.62,,,,,,,,,,,,2.69,,,,,,,2.67,1.4,2.89,1.43,,,,,,2.96,1.96,2.87,,,,,,,,,,,,,1.46,,,,2.71,,2.49,3.07,,,,,,,,,,,1.62,,,,,,,,,,,,2.42,,,2.76,,,,2.15,,,3.02,,,,2.95,,,2.53,2.75,2.98,,,,,2.89,,,,,,,,,,2.88,,,1.46,,,,,,,,,2.56,,,1.92,,,,3.04,,,,,,,29.37
LU1324516308,,1.48,2.62,,,,,,,,,,,,2.69,,,,,,,2.67,1.4,2.89,1.43,,,,,,2.96,1.96,2.87,,,,,,,,,,,,,1.46,,,,2.71,,2.49,3.07,,,,,,,,,,,1.62,,,,,,,,,,,,2.42,,,2.76,,,,2.15,,,3.02,,,,2.95,,,2.53,2.75,2.98,,,,,2.89,,,,,,,,,,2.88,,,1.46,,,,,,,,,2.56,,,1.92,,,,3.04,,,,,,,29.37
LU1324516480,,1.48,2.62,,,,,,,,,,,,2.69,,,,,,,2.67,1.4,2.89,1.43,,,,,,2.96,1.96,2.87,,,,,,,,,,,,,1.46,,,,2.71,,2.49,3.07,,,,,,,,,,,1.62,,,,,,,,,,,,2.42,,,2.76,,,,2.15,,,3.02,,,,2.95,,,2.53,2.75,2.98,,,,,2.89,,,,,,,,,,2.88,,,1.46,,,,,,,,,2.56,,,1.92,,,,3.04,,,,,,,29.37
LU1324516720,,1.48,2.62,,,,,,,,,,,,2.69,,,,,,,2.67,1.4,2.89,1.43,,,,,,2.96,1.96,2.87,,,,,,,,,,,,,1.46,,,,2.71,,2.49,3.07,,,,,,,,,,,1.62,,,,,,,,,,,,2.42,,,2.76,,,,2.15,,,3.02,,,,2.95,,,2.53,2.75,2.98,,,,,2.89,,,,,,,,,,2.88,,,1.46,,,,,,,,,2.56,,,1.92,,,,3.04,,,,,,,29.37
LU1324517454,,1.48,2.62,,,,,,,,,,,,2.69,,,,,,,2.67,1.4,2.89,1.43,,,,,,2.96,1.96,2.87,,,,,,,,,,,,,1.46,,,,2.71,,2.49,3.07,,,,,,,,,,,1.62,,,,,,,,,,,,2.42,,,2.76,,,,2.15,,,3.02,,,,2.95,,,2.53,2.75,2.98,,,,,2.89,,,,,,,,,,2.88,,,1.46,,,,,,,,,2.56,,,1.92,,,,3.04,,,,,,,29.37
LU1327051279,,,,,,,,,,,,,,,,,,,,0.9647,0.4592,,,,,,,,,,,,,,,,,,,,,,,,,,,,,,,,,,1.8042,,,,,,,,,,,,,,,,,,,,,,,,,,,,,1.3822,,,,,,,,,,,,,,,,,,,,,,,,,,,,,,,,,,,,,,,,,,,0.676,94.7136,,,,,,,,
LU1377381717,,,,,,,,,,,,,,,,,,,,,,,,,,,,,,,,,,,,,,,,,,,,,,,,,,,,,,,,,,,,,,,,,,,,,,,,,,,,,,,,,,,,,,,,,,,,,,,,,,,,,,,,,,,,,,,,,,,,,,,,,,,,,,,,,,,,,,,,
LU1377382103,,,,,,,,,,,,,,,,,,,,,,,,,,,,,,,,,,,,,,,,,,,,,,,,,,,,,,,,,,,,,,,,,,,,,,,,,,,,,,,,,,,,,,,,,,,,,,,,,,,,,,,,,,,,,,,,,,,,,,,,,,,,,,,,,,,,,,,,
LU1377382285,,,,,,,,,,,,,,,,,,,,,,,,,,,,,,,,,,,,,,,,,,,,,,,,,,,,,,,,,,,,,,,,,,,,,,,,,,,,,,,,,,,,,,,,,,,,,,,,,,,,,,,,,,,,,,,,,,,,,,,,,,,,,,,,,,,,,,,,
LU1377382368,,,,,,0.3123,,,,,1.296,,,,,,,,,,,,,,,,,,,8.5148,,,,,,,,1.3156,12.4491,,,9.7837,,,,,,,,,,,,,2.1847,,,3.926,,,,,,,,,,,,,,,0.9552,,,,,,,,,,,9.3812,,,1.2362,,,,,,,,,,,,,,,,,,,,,,,,,8.5099,,,3.8053,5.1084,,,,,,,,,,,30.8889,,,,,,,0.3326,,
LU1377382442,,,,,,0.3123,,,,,1.296,,,,,,,,,,,,,,,,,,,8.5148,,,,,,,,1.3156,12.4491,,,9.7837,,,,,,,,,,,,,2.1847,,,3.926,,,,,,,,,,,,,,,0.9552,,,,,,,,,,,9.3812,,,1.2362,,,,,,,,,,,,,,,,,,,,,,,,,8.5099,,,3.8053,5.1084,,,,,,,,,,,30.8889,,,,,,,0.3326,,
LU1390062245,,,,,,,,,,,,,,,,,,,,,,,,,,,,,,,,,,,,,,,,,,,,,,,,,,,,,,,,,,,,,,,,,,,,,,,,,,,,,,,,,,,,,,,,,,,,,,,,,,,,,,,,,,,,,,,,,,,,,,,,,,,,,,,,,,,,,,,,
LU1390062831,,,,,,,,,,,,,,,,,,,,,,,,,,,,,,,,,,,,,,,,,,,,,,,,,,,,,,,,,,,,,,,,,,,,,,,,,,,,,,,,,,,,,,,,,,,,,,,,,,,,,,,,,,,,,,,,,,,,,,,,,,,,,,,,100.0,,,,,,,,
LU1399300455,,,,,,,,,,,,,,,,,,,,,,,,,,,,,,,,,,,,,,,,,,,,,,,,,,,,,,,0.2037,,,,,,,,,,,,,,,,,,,,,,,,,,,,,,,,,,,,,,,,,,,,,,,,,,,,,,,,,,,,,,,,,,,,,,,,0.0003,99.7952,,,,,,,,0.0009
LU1407887089,,,,,,,,,,,,,,,,,,,,,,,,,,,,,,,,,,,,,,,,,,,,,,,,,,,,,,,,,,,,,,,,,,,,,,,,,,,,,,,,,,,,,,,,,,,,,,,,,,,,,,,,,,,,,,,,,,,,,,,,,,,,,,,,100.0,,,,,,,,
LU1407887162,,,,,,,,,,,,,,,,,,,,,,,,,,,,,,,,,,,,,,,,,,,,,,,,,,,,,,,,,,,,,,,,,,,,,,,,,,,,,,,,,,,,,,,,,,,,,,,,,,,,,,,,,,,,,,,,,,,,,,,,,,,,,,,,100.0,,,,,,,,
LU1407887329,,,,,,,,,,,,,,,,,,,,,,,,,,,,,,,,,,,,,,,,,,,,,,,,,,,,,,,,,,,,,,,,,,,,,,,,,,,,,,,,,,,,,,,,,,,,,,,,,,,,,,,,,,,,,,,,,,,,,,,,,,,,,,,,100.0,,,,,,,,
LU1407887675,,,,,,,,,,,,,,,,,,,,,,,,,,,,,,,,,,,,,,,,,,,,,,,,,,,,,,,,,,,,,,,,,,,,,,,,,,,,,,,,,,,,,,,,,,,,,,,,,,,,,,,,,,,,,,,,,,,,,,,,,,,,,,,,100.0,,,,,,,,
LU1407887915,,,,,,,,,,,,,,,,,,,,,,,,,,,,,,,,,,,,,,,,,,,,,,,,,,,,,,,,,,,,,,,,,,,,,,,,,,,,,,,,,,,,,,,,,,,,,,,,,,,,,,,,,,,,,,,,,,,,,,,,,,,,,,,,100.0,,,,,,,,
LU1407888053,,,,,,,,,,,,,,,,,,,,,,,,,,,,,,,,,,,,,,,,,,,,,,,,,,,,,,,,,,,,,,,,,,,,,,,,,,,,,,,,,,,,,,,,,,,,,,,,,,,,,,,,,,,,,,,,,,,,,,,,,,,,,,,,100.0,,,,,,,,
LU1407888137,,,,,,,,,,,,,,,,,,,,,,,,,,,,,,,,,,,,,,,,,,,,,,,,,,,,,,,,,,,,,,,,,,,,,,,,,,,,,,,,,,,,,,,,,,,,,,,,,,,,,,,,,,,,,,,,,,,,,,,,,,,,,,,,100.0,,,,,,,,
LU1407888483,,,,,,,,,,,,,,,,,,,,,,,,,,,,,,,,,,,,,,,,,,,,,,,,,,,,,,,,,,,,,,,,,,,,,,,,,,,,,,,,,,,,,,,,,,,,,,,,,,,,,,,,,,,,,,,,,,,,,,,,,,,,,,,,100.0,,,,,,,,
LU1407888723,,,,,,,,,,,,,,,,,,,,,,,,,,,,,,,,,,,,,,,,,,,,,,,,,,,,,,,,,,,,,,,,,,,,,,,,,,,,,,,,,,,,,,,,,,,,,,,,,,,,,,,,,,,,,,,,,,,,,,,,,,,,,,,,100.0,,,,,,,,
LU1407888996,,,,,,,,,,,,,,,,,,,,,,,,,,,,,,,,,,,,,,,,,,,,,,,,,,,,,,,,,,,,,,,,,,,,,,,,,,,,,,,,,,,,,,,,,,,,,,,,,,,,,,,,,,,,,,,,,,,,,,,,,,,,,,,,100.0,,,,,,,,
LU1407889457,,,,,,,,,,,,,,,,,,,,,,,,,,,,,,,,,,,,,,,,,,,,,,,,,,,,,,,,,,,,,,,,,,,,,,,,,,,,,,,,,,,,,,,,,,,,,,,,,,,,,,,,,,,,,,,,,,,,,,,,,,,,,,,,100.0,,,,,,,,
LU1407890547,,,,,,,,,,,,,,,,,,,,,,,,,,,,,,,,,,,,,,,,,,,,,,,,,,,,,,,,,,,,,,,,,,,,,,,,,,,,,,,,,,,,,,,,,,,,,,,,,,,,,,,,,,,,,,,,,,,,,,,,,,,,,,,,100.0,,,,,,,,
LU1407890620,,,,,,,,,,,,,,,,,,,,,,,,,,,,,,,,,,,,,,,,,,,,,,,,,,,,,,,,,,,,,,,,,,,,,,,,,,,,,,,,,,,,,,,,,,,,,,,,,,,,,,,,,,,,,,,,,,,,,,,,,,,,,,,,100.0,,,,,,,,
LU1407890976,,,,,,,,,,,,,,,,,,,,,,,,,,,,,,,,,,,,,,,,,,,,,,,,,,,,,,,,,,,,,,,,,,,,,,,,,,,,,,,,,,,,,,,,,,,,,,,,,,,,,,,,,,,,,,,,,,,,,,,,,,,,,,,,100.0,,,,,,,,
LU1407891271,,,,,,,,,,,,,,,,,,,,,,,,,,,,,,,,,,,,,,,,,,,,,,,,,,,,,,,,,,,,,,,,,,,,,,,,,,,,,,,,,,,,,,,,,,,,,,,,,,,,,,,,,,,,,,,,,,,,,,,,,,,,,,,,100.0,,,,,,,,
LU1407892592,,,,,,,,,,,,,,,,,,,,,,,,,,,,,,,,,,,,,,,,,,,,,,,,,,,,,,,,,,,,,,,,,,,,,,,,,,,,,,,,,,,,,,,,,,,,,,,,,,,,,,,,,,,,,,,,,,,,,,,,,,,,,,,100.0,,,,,,,,,
LU1407893301,,,,,,,,,,,,,,,,,,,,,,,,,,,,,,,,,,,,,,,,,,,,,,,,,,,,,,,,,,,,,,,,,,,,,,,,,,,,,,,,,,,,,,,,,,,,,,,,,,,,,,,,,,,,,,,,,,,,,,,,,,,,,,,100.0,,,,,,,,,
LU1435356065,,,,,1.3626,,,,,,0.1709,,,,,,,,,5.0283,,,,,,,,,,0.4382,,,,,,,,,0.216,,,0.0652,,,,,,,,,,,,,0.081,,,0.3061,,,1.9706,0.1014,,,,,,,,,,,0.0662,,,,,,,,,,,1.0078,,,0.1087,,,,,,,,,,,,,,,,,,,,,,,,,,,,,,,,,,,,,,,,1.6212,87.4558,,,,,,,,
LU1435356149,,,,,1.3626,,,,,,0.1709,,,,,,,,,5.0283,,,,,,,,,,0.4382,,,,,,,,,0.216,,,0.0652,,,,,,,,,,,,,0.081,,,0.3061,,,1.9706,0.1014,,,,,,,,,,,0.0662,,,,,,,,,,,1.0078,,,0.1087,,,,,,,,,,,,,,,,,,,,,,,,,,,,,,,,,,,,,,,,1.6212,87.4558,,,,,,,,
LU1435356495,,,,,1.3626,,,,,,0.1709,,,,,,,,,5.0283,,,,,,,,,,0.4382,,,,,,,,,0.216,,,0.0652,,,,,,,,,,,,,0.081,,,0.3061,,,1.9706,0.1014,,,,,,,,,,,0.0662,,,,,,,,,,,1.0078,,,0.1087,,,,,,,,,,,,,,,,,,,,,,,,,,,,,,,,,,,,,,,,1.6212,87.4558,,,,,,,,
LU1437015735,,,,,,0.5724,,,,,1.7153,,,,,,,,,,,,,,,,,,,2.5868,,,,,,,,1.772,15.2231,,,13.7777,,,,,,,,,,,,,0.6296,,,5.1959,,,,,,,,,,,,,,,,,,,,,,,,,,8.9662,,,0.9902,,,,,,,,,0.3161,,,,,,,,,,,,,,,,6.2076,,,5.3419,14.4596,,,,,,,,,,,22.2456,,,,,,,,,
LU1437016204,,,,,1.546,,,,,,1.3666,,,,,,,,,2.196,,,,,,,,,,0.2002,,,,,,,,,6.5569,,,5.1485,,,,,,,,,,,,,,,,5.8239,,,14.2684,,,,,,,,,,,,,,,,,,,,,,,1.1117,,,,,,,,,,,,,,,,,,,,,,,,,,,,3.9263,,,0.1841,,,,,,,,,,,,6.4255,51.2459,,,,,,,,
LU1437017350,,,,,,,,,,,,,,,3.8811,,,,,,,0.4681,20.8141,0.1816,,,,0.1215,,,,,0.0718,,,,,,0.2602,,,,,0.5751,,,,,,0.3606,,11.4386,0.5251,,,,,,,,,,,,,0.5546,,,,,,,,,,1.0602,,,1.703,,,,,,,,,,,,,,0.409,0.2781,1.1934,,,0.4668,,,,,2.5307,,,,,,,3.3252,19.9025,,,,,,27.1968,,1.0598,,,0.4208,,,,1.2014,,,,,,,,,,
LU1437018168,,,,,1.8785,1.2453,,,,,1.4355,,,,0.0724,,,,,1.2475,,,0.2416,,,0.0496,0.0269,0.1799,,2.3326,,,,,0.0562,,,1.3834,18.89,,,11.2792,,0.6535,,,,,0.0448,0.1202,0.0864,,,,0.7429,,,4.2493,,,2.7649,,,,,,,,,,,,0.4524,,,,,,0.0547,,,,,5.2638,0.326,,0.7981,,,,,,,,0.4102,0.5384,,,,0.1625,,,,,,,,0.018,,,0.0271,6.1068,,,3.1616,2.2053,0.0295,,,,,,,,,,9.4136,22.0513,,,,,,,,
LU1437018598,,,,,,3.5453,,,,,5.1125,,,,,,,,,,,,,,,,,,,,,,,,,,,1.8259,24.9368,,,19.9133,,,,,,,,,,,,,1.4165,,,22.699,,,,,,,,,,,,,,,,,,,,,,,,,,4.1333,,,,,,,,,,,,2.01,,,,,,,,,,,,,,,,14.4073,,,,,,,,,,,,,,,,,,,,,,,,
LU1437018838,,,,,5.8011,0.0348,,,,,0.9286,,,,,,,,,1.9753,,,,,,,,,,,,,,,,,,0.0745,1.8379,,,1.3926,,,,,,,3.1442,,,,,,0.0326,,0.5103,0.0127,,,7.8841,,,,,,,,,,,,,,,,,,,,,,,0.1179,0.2281,,0.0442,,,,,,,,,,,,,,,,,,,,3.0142,,,,0.1026,0.459,,,1.5403,1.4644,,,,,,,,,,,3.5013,65.8994,,,,,,,,
LU1437024729,,,,,1.8339,0.5469,,,,,0.8121,,0.0284,,0.0405,,0.0222,,,3.5659,,0.1791,10.0688,,,0.0187,0.0089,0.201,,0.3691,,,,,0.0025,,,0.3481,4.922,,,4.4308,,0.0992,,,,,0.0879,0.1361,0.0024,0.0413,0.4786,,0.1949,,0.2377,2.9865,,,7.4689,,,0.0214,,0.0128,,0.0149,,,,0.0255,0.0834,0.0039,,0.3956,,,0.5421,,,,0.0045,1.0485,0.226,,0.2453,,,0.0353,,,0.1006,0.057,0.4103,0.2544,,0.0765,,0.2061,0.0001,,0.2755,,,,0.236,0.1042,0.0313,0.0097,1.1102,2.1989,,,0.5644,0.7062,0.0203,,0.339,,,,,,,0.2315,4.2037,44.3841,0.0153,,,,,,2.673,
LU1437025023,,,,,,,,,,,,,,,,,,,,,,,,,,,,,,,,,,,,,,,,,,,,,,,,,,,,,,,1.19,,,,,,,,,,,,,,,,,,,,,,,,,,,,,,,,,,,,,,,,,,,,,,,,,,,,,,,,,,,,,,,,,,,,,,,,94.32,3.94,,,,,,,,0.55
LU1437025296,,,,,,,,,,,,,,,,,,,,,,,,,,,,,,,,,,,,,,,,,,,,,,,,,,,,,,,1.19,,,,,,,,,,,,,,,,,,,,,,,,,,,,,,,,,,,,,,,,,,,,,,,,,,,,,,,,,,,,,,,,,,,,,,,,94.32,3.94,,,,,,,,0.55
LU1446552652,,,,,,,,,,,,,,,,,,,,,,,,,,,,,,,,,,,,,,,,,,,,,,,,,,,,,,,,,,,,,,,,,,,,,,,,,,,,,,,,,,,,,,,,,,,,,,,,,,,,,,,,,,,,,,,,,,,,,,,,,,,,,,,,,,,,,,,,
LU1452600197,,,,,,,,,,,,,,,,,,,,,,,,,,,,,,,,,,,,,,,,,,,,,,,,,,,,,,,,,,,,,,,,,,,,,,,,,,,,,,,,,,,,,,,,,,,,,,,,,,,,,,,,,,,,,,,,,,,,,,,,,,,,,,,,100.0,,,,,,,,
LU1452600270,,,,,,,,,,,,,,,,,,,,,,,,,,,,,,,,,,,,,,,,,,,,,,,,,,,,,,,,,,,,,,,,,,,,,,,,,,,,,,,,,,,,,,,,,,,,,,,,,,,,,,,,,,,,,,,,,,,,,,,,,,,,,,,,100.0,,,,,,,,
LU1452600437,,,,,,,,,,,,,,,,,,,,,,,,,,,,,,,,,,,,,,,,,,,,,,,,,,,,,,,,,,,,,,,,,,,,,,,,,,,,,,,,,,,,,,,,,,,,,,,,,,,,,,,,,,,,,,,,,,,,,,,,,,,,,,,,100.0,,,,,,,,
LU1459799943,,,,,,,,,,,,,,,,,,,,,,,,,,,,,,,,,,,,,,,,,,,,,,,,,,,,,,,,,,,,,,,,,,,,,,,,,,,,,,,,,,,,,,,,,,,,,,,,,,,,,,,,,,,,,,,,,,,,,,,,,,,,,,,,85.08,,,,,,,,14.92
LU1459800030,,,,,,,,,,,,,,,,,,,,,,,,,,,,,,,,,,,,,,,,,,,,,,,,,,,,,,,,,,,,,,,,,,,,,,,,,,,,,,,,,,,,,,,,,,,,,,,,,,,,,,,,,,,,,,,,,,,,,,,,,,,,,,,,85.08,,,,,,,,14.92
LU1459800113,,,,,,,,,,,,,,,,,,,,,,,,,,,,,,,,,,,,,,,,,,,,,,,,,,,,,,,,,,,,,,,,,,,,,,,,,,,,,,,,,,,,,,,,,,,,,,,,,,,,,,,,,,,,,,,,,,,,,,,,,,,,,,,,85.08,,,,,,,,14.92
LU1459801434,,,,,,,,,,,,,,,,,,,,,,,,,,,,,,,,,,,,,,,,,,,,,,,,,,,,,,,,,,,,,,,,,,,,,,,,,,,,,,,,,,,,,,,,,,,,,,,,,,,,,,,,,,,,,,,,,,,,,,,,,,,,,,,,81.07,,,,,,,,18.93
LU1459801517,,,,,,,,,,,,,,,,,,,,,,,,,,,,,,,,,,,,,,,,,,,,,,,,,,,,,,,,,,,,,,,,,,,,,,,,,,,,,,,,,,,,,,,,,,,,,,,,,,,,,,,,,,,,,,,,,,,,,,,,,,,,,,,,81.07,,,,,,,,18.93
LU1459801780,,,,,,,,,,,,,,,,,,,,,,,,,,,,,,,,,,,,,,,,,,,,,,,,,,,,,,,,,,,,,,,,,,,,,,,,,,,,,,,,,,,,,,,,,,,,,,,,,,,,,,,,,,,,,,,,,,,,,,,,,,,,,,,,81.07,,,,,,,,18.93
LU1459801947,,,,,,,,,,,,,,,,,,,,,,,,,,,,,,,,,,,,,,,,,,,,,,,,,,,,,,,,,,,,,,,,,,,,,,,,,,,,,,,,,,,,,,,,,,,,,,,,,,,,,,,,,,,,,,,,,,,,,,,,,,,,,,,,81.07,,,,,,,,18.93
LU1459802168,,,,,,,,,,,,,,,,,,,,,,,,,,,,,,,,,,,,,,,,,,,,,,,,,,,,,,,,,,,,,,,,,,,,,,,,,,,,,,,,,,,,,,,,,,,,,,,,,,,,,,,,,,,,,,,,,,,,,,,,,,,,,,,,81.07,,,,,,,,18.93
LU1459802754,,,,,,,,,,,,,,,,,,,,,,,,,,,,,,,,,,,,,,,,,,,,,,,,,,,,,,,,,,,,,,,,,,,,,,,,,,,,,,,,,,,,,,,,,,,,,,,,,,,,,,,,,,,,,,,,,,,,,,,,,,,,,,,,96.15,,,,,,,,3.85
LU1459802838,,,,,,,,,,,,,,,,,,,,,,,,,,,,,,,,,,,,,,,,,,,,,,,,,,,,,,,,,,,,,,,,,,,,,,,,,,,,,,,,,,,,,,,,,,,,,,,,,,,,,,,,,,,,,,,,,,,,,,,,,,,,,,,,96.15,,,,,,,,3.85
LU1459803059,,,,,,,,,,,,,,,,,,,,,,,,,,,,,,,,,,,,,,,,,,,,,,,,,,,,,,,,,,,,,,,,,,,,,,,,,,,,,,,,,,,,,,,,,,,,,,,,,,,,,,,,,,,,,,,,,,,,,,,,,,,,,,,,96.15,,,,,,,,3.85
LU1459803133,,,,,,,,,,,,,,,,,,,,,,,,,,,,,,,,,,,,,,,,,,,,,,,,,,,,,,,,,,,,,,,,,,,,,,,,,,,,,,,,,,,,,,,,,,,,,,,,,,,,,,,,,,,,,,,,,,,,,,,,,,,,,,,,96.15,,,,,,,,3.85
LU1481201025,,,,,,,,,,,,,,,,,,,,,,,,,,,,,,,,,,,,,,,,,,,,,,,,,,,,,,,,,,,,,,,,,,,,,,,,,,,,,,,,,,,,,,,,,,,,,,,,,,,,,,,,,,,,,,,,,,,,,,,,,,,,,,,,,,,,,,,,
LU1481201611,,,,,,,,,,,,,,,,,,,,,,,,,,,,,,,,,,,,,,,,,,,,,,,,,,,,,,,,,,,,,,,,,,,,,,,,,,,,,,,,,,,,,,,,,,,,,,,,,,,,,,,,,,,,,,,,,,,,,,,,,,,,,,,,,,,,,,,,
LU1481201702,,,,,,,,,,,,,,,,,,,,,,,,,,,,,,,,,,,,,,,,,,,,,,,,,,,,,,,,,,,,,,,,,,,,,,,,,,,,,,,,,,,,,,,,,,,,,,,,,,,,,,,,,,,,,,,,,,,,,,,,,,,,,,,,,,,,,,,,
LU1481202692,,,,,,3.8127,,,,,5.2422,,,,,,,,,,,,,,,,,,,,,,,,,,,1.8518,25.5401,,,20.0298,,0.8539,,,,,,,,,,,1.4914,,,19.7399,,,,,,,,,,,,,,,0.7244,,,,,,,,,,,4.2523,,,,,,,,,,,,2.0708,,,,,,,,,,,,0.6384,0.3527,,,13.1232,,,,,,,,,,,,,,,,,,,,,,0.2766,,
LU1481203070,,,,,,,,,,,,,,,,,,,,,,,,,,,,,,,,,,,,,,,,,,,,,,,,,,,,,,,,,,,,,100.161,,,,,,,,,,,,,,,,,,,,,,,,,,,,,,,,,,,,,,,,,,,,,,,,,,,,,,,,,,,,,,,,,,0.0002,0.0005,,,,,,-0.1616,,
LU1484799769,,,,,,1.31,,,,,1.39,,,,,,,,,,,,,,,,,,,,,,,,,,,,17.07,,,12.43,,1.09,,,,,,,,,,,1.05,,,3.42,,,,,,,,,,,,,,,,,,,,,,,,,,5.89,,,,,,,,,,,,,,,,,,,,,,,,,,,,9.38,,,,,,,,,,,,,,,,,,,,,,,,46.97
LU1484799843,,,,,,1.31,,,,,1.39,,,,,,,,,,,,,,,,,,,,,,,,,,,,17.07,,,12.43,,1.09,,,,,,,,,,,1.05,,,3.42,,,,,,,,,,,,,,,,,,,,,,,,,,5.89,,,,,,,,,,,,,,,,,,,,,,,,,,,,9.38,,,,,,,,,,,,,,,,,,,,,,,,46.97
LU1484799926,,,,,,1.31,,,,,1.39,,,,,,,,,,,,,,,,,,,,,,,,,,,,17.07,,,12.43,,1.09,,,,,,,,,,,1.05,,,3.42,,,,,,,,,,,,,,,,,,,,,,,,,,5.89,,,,,,,,,,,,,,,,,,,,,,,,,,,,9.38,,,,,,,,,,,,,,,,,,,,,,,,46.97
LU1484800955,,,,,,1.31,,,,,1.39,,,,,,,,,,,,,,,,,,,,,,,,,,,,17.07,,,12.43,,1.09,,,,,,,,,,,1.05,,,3.42,,,,,,,,,,,,,,,,,,,,,,,,,,5.89,,,,,,,,,,,,,,,,,,,,,,,,,,,,9.38,,,,,,,,,,,,,,,,,,,,,,,,46.97
LU1525418643,,,,,1.7674,1.631,,,,,1.2957,,,,0.0567,,,,,1.6346,,,0.1838,,,0.0831,0.045,0.2016,,2.5564,,,,,0.0862,,,1.7211,18.2218,,,11.8061,,0.989,,,,,0.0536,0.2039,0.1017,,,,0.6387,,,4.9594,,,2.2166,,,,,,,,,,,,0.442,,,,,,0.0891,,,,,5.2595,0.4544,,1.2208,,,,,,,,0.5003,0.6231,,,,0.1361,,,,,,,0.0209,0.0452,,,,5.7091,,,3.3762,2.4251,,,,,,,,,,,8.7078,20.5366,,,,,,,,
LU1525418726,,,,,2.3649,0.4885,,,,,0.5387,,,,0.1041,,,,,5.9883,,0.1267,0.5792,,,0.0387,,0.0787,,0.9176,,,,,0.0197,,,0.6918,7.8782,,,5.7618,,0.3253,,,,,0.3318,0.0765,0.0189,0.0976,,,0.5929,,0.0968,1.9001,,,3.6572,,,,,0.0642,,,,,,,0.1997,,,,,0.033,0.1802,,,,,2.4757,0.5068,,0.454,,,,,,0.0041,0.0321,0.1916,0.2086,,0.1298,,0.0383,,,0.2283,,,,0.1528,,,0.0336,0.6782,2.8167,,,1.4722,1.677,0.089,,,,,,,,,0.1624,7.5006,47.9969,,,,,,,,
LU1547515053,,,3.4348,0.291,0.0013,,0.2633,,3.263,0.0991,,0.2127,,0.2745,4.0183,0.4572,0.315,,,,1.6529,3.7898,0.995,2.377,1.7092,,,,,,3.6511,1.5008,2.385,0.8816,,,,,,0.199,0.1492,,0.9472,,,1.0609,,0.1881,0.1039,4.6949,,0.9208,3.3019,,,,,,0.7912,0.7354,,,0.7856,2.5615,1.0828,,0.1733,0.2599,0.2264,,,,,,,2.2947,,,2.5897,,0.3373,0.1744,0.9664,,,,,3.1423,,3.2372,,1.0369,2.872,3.72,5.2387,,,,0.0782,3.5122,,0.0686,2.4407,0.2797,0.8897,,,,,3.0897,,,1.3639,0.2876,,0.0014,,,,,0.6078,3.5111,,,1.5653,,0.0623,1.5889,3.7223,1.0526,,,0.0894,0.4241,,
LU1547515137,,,3.4348,0.291,0.0013,,0.2633,,3.263,0.0991,,0.2127,,0.2745,4.0183,0.4572,0.315,,,,1.6529,3.7898,0.995,2.377,1.7092,,,,,,3.6511,1.5008,2.385,0.8816,,,,,,0.199,0.1492,,0.9472,,,1.0609,,0.1881,0.1039,4.6949,,0.9208,3.3019,,,,,,0.7912,0.7354,,,0.7856,2.5615,1.0828,,0.1733,0.2599,0.2264,,,,,,,2.2947,,,2.5897,,0.3373,0.1744,0.9664,,,,,3.1423,,3.2372,,1.0369,2.872,3.72,5.2387,,,,0.0782,3.5122,,0.0686,2.4407,0.2797,0.8897,,,,,3.0897,,,1.3639,0.2876,,0.0014,,,,,0.6078,3.5111,,,1.5653,,0.0623,1.5889,3.7223,1.0526,,,0.0894,0.4241,,
LU1547516291,,,,,,,,,,,,,,,,,,,,,,,,,,,,,,,,,,,,,,,,,,,,,,,,,,,,,,,,,,,,,,,,,,,,,,,,,,,,,,,,,,,,,,,,,,,,,,,,,,,,,,,,,,,,,,,,,,,,,,,,,,,,,,,,,,,,,,,,
LU1563454310,,,,,0.2264,2.1462,,,,,2.5535,,0.0217,,,,,,,0.5676,0.9671,0.6486,0.0894,,,,0.026,0.0499,,1.4729,,,,,,,,1.7213,14.5825,,,20.0745,,0.307,,,,,1.2704,0.3873,0.2037,0.2217,0.3035,,2.486,,0.1655,7.4874,,,1.0315,,,,,,,,,,,,2.0553,,,,,,0.0992,,,,,10.4603,0.1167,,2.1686,,,,,,0.0422,0.0503,0.4894,0.051,,0.1298,,0.1526,,,0.2996,,,,0.0432,0.0268,,,0.8797,4.5805,,,1.4779,,,,,,,,,,,0.4764,1.5333,4.8764,,,,,,,10.9791,
LU1563454401,,,,,0.2264,2.1462,,,,,2.5535,,0.0217,,,,,,,0.5676,0.9671,0.6486,0.0894,,,,0.026,0.0499,,1.4729,,,,,,,,1.7213,14.5825,,,20.0745,,0.307,,,,,1.2704,0.3873,0.2037,0.2217,0.3035,,2.486,,0.1655,7.4874,,,1.0315,,,,,,,,,,,,2.0553,,,,,,0.0992,,,,,10.4603,0.1167,,2.1686,,,,,,0.0422,0.0503,0.4894,0.051,,0.1298,,0.1526,,,0.2996,,,,0.0432,0.0268,,,0.8797,4.5805,,,1.4779,,,,,,,,,,,0.4764,1.5333,4.8764,,,,,,,10.9791,
LU1563454823,,,,,0.2264,2.1462,,,,,2.5535,,0.0217,,,,,,,0.5676,0.9671,0.6486,0.0894,,,,0.026,0.0499,,1.4729,,,,,,,,1.7213,14.5825,,,20.0745,,0.307,,,,,1.2704,0.3873,0.2037,0.2217,0.3035,,2.486,,0.1655,7.4874,,,1.0315,,,,,,,,,,,,2.0553,,,,,,0.0992,,,,,10.4603,0.1167,,2.1686,,,,,,0.0422,0.0503,0.4894,0.051,,0.1298,,0.1526,,,0.2996,,,,0.0432,0.0268,,,0.8797,4.5805,,,1.4779,,,,,,,,,,,0.4764,1.5333,4.8764,,,,,,,10.9791,
LU1574142243,,,,,,0.6492,,,,,1.8475,,,,,,,,,,,,,,,,,,,2.6856,,,,,,,,1.9035,15.3305,,,13.2239,,,,,,,,,,,,,0.6818,,,5.7329,,,,,,,,,,,,,,,,,,,,,,,,,,8.0173,,,1.3259,,,,,,,,0.9699,0.3049,,,,,,,,,,,,,,,,5.958,,,4.8242,13.8917,,,,,,,,,,,22.6531,,,,,,,,,
LU1589327680,,,,,,,,,,,1.37,,,,,,,,,,,,,,,,,,,2.63,,,,,,,,1.88,13.5,,,13.37,,,,,,,,,,,,,,,,4.75,,,,,,,,,,,,,,,,,,,,,,,,,,11.09,,,,,,,,,,,,,,,,,,,,,,,,,,,,5.8,,,5.18,15.68,,,,,,,,,,,20.37,,,,,,,,,4.38
LU1589349734,,,,,,,,,,,,,,,,,,,,1.28,,,,,,,,,,,,,,,,,,,,,,,,,,,,,,,,,,,1.64,,,,,,,,,,,,,,,,,,,,,,,,,,,,,,,,,,,,,,,,,,,,,,,,,,,,,,,,,,,,,1.53,,,,,,,,,,,1.03,93.94,,,,,,,,0.58
LU1598688189,,,,,,0.4445,,,,,2.4825,,,,,,,,,,,,,,,,,,,4.1576,,,,,,,,1.1557,14.5235,,,14.1638,,,,,,,,,,,,,0.3998,,,2.628,,,,,,,,,,,,,,,,,,,,,,,,,,13.1518,,,0.6862,,,,,,,,,0.3234,,,,,,,,,,,,,,,,3.9057,,,8.0923,14.4832,,,,,,,,,,,19.402,,,,,,,,,
LU1598689153,,,,,,4.7297,,,,,8.4416,,,,,,,,,,,,,,,,,,,,,,,,,,,6.4669,22.2789,,,21.5958,,,,,,,,,,,,,1.173,,,15.5988,,,,,,,,,,,,,,,,,,,,,,,,,,9.4518,,,,,,,,,,,,1.0062,,,,,,,,,,,,,,,,9.2575,,,,,,,,,,,,,,,,,,,,,,,,
LU1598690169,,,,,,1.3012,,,,,1.7279,,,,,,,,,,,,,,,,,,,,,,,,,,,4.3185,28.456,,,24.2992,,,,,,,,,,,,,1.5094,,,13.8279,,,,,,,,,,,,,,,,,,,,,,,,,,8.8009,,,,,,,,,,,,0.6205,,,,,,,,,,,,,,,,15.1386,,,,,,,,,,,,,,,,,,,,,,,,
LU1598691050,,,,,,,,,,,,,,,,,,,,,,,,,,,,,,,,,,,,,,,,,,,,,,,,,,,,,,,,,,100.0,,,,,,,,,,,,,,,,,,,,,,,,,,,,,,,,,,,,,,,,,,,,,,,,,,,,,,,,,,,,,,,,,,,,,,,,,,,,,,
LU1598691217,,,,,,,,,,,,,,,,,,,,,,,,,,,,,,,,,,,,,,,,,,,,,,,,,,,,,,,,,,100.0,,,,,,,,,,,,,,,,,,,,,,,,,,,,,,,,,,,,,,,,,,,,,,,,,,,,,,,,,,,,,,,,,,,,,,,,,,,,,,
LU1600334798,,,,,,,,,,,1.37,,,,,,,,,,,,,,,,,,,2.63,,,,,,,,1.88,13.5,,,13.37,,,,,,,,,,,,,,,,4.75,,,,,,,,,,,,,,,,,,,,,,,,,,11.09,,,,,,,,,,,,,,,,,,,,,,,,,,,,5.8,,,5.18,15.68,,,,,,,,,,,20.37,,,,,,,,,4.38
LU1602144575,,,,,,0.5392,,,,,2.799,,,,,,,,,,,,,,,,,,,,,,,,,,,6.4015,39.5375,,,12.9315,,,,,,,,,,,,,2.2254,,,6.1803,,,,,,,,,,,,,,,,,,,,,,,,,,18.9709,,,,,,,,,,,,0.5893,,,,,,,,,,,,,,,,9.8254,,,,,,,,,,,,,,,,,,,,,,,,
LU1602144732,,,,,,,,,,,,,,,,,,,,,,,,,,,,,,,,,,,,,,,,,,,,,,,,,,,,,,,,,,,,,100.0,,,,,,,,,,,,,,,,,,,,,,,,,,,,,,,,,,,,,,,,,,,,,,,,,,,,,,,,,,,,,,,,,,,,,,,,,,,
LU1602144906,,,,,67.278,,,,,,,,,,,,,,,,,,,,,,,,,,,,,,,,,,,,,,,,,,,,17.4161,,,,,,,,,,,,,,,,,,,,,,,,,,,,,,,,,,,,1.8578,,,,,,,,,,,,,,,,,,,,,,13.4481,,,,,,,,,,,,,,,,,,,,,,,,,,,,,
LU1602145036,,,,,67.278,,,,,,,,,,,,,,,,,,,,,,,,,,,,,,,,,,,,,,,,,,,,17.4161,,,,,,,,,,,,,,,,,,,,,,,,,,,,,,,,,,,,1.8578,,,,,,,,,,,,,,,,,,,,,,13.4481,,,,,,,,,,,,,,,,,,,,,,,,,,,,,
LU1603790731,,,,,,,,,,,,,,,,,,,,,,,,,,,,,,,,,,,,,,,,,,,,,,,,,,,,,,,,,,,,,,,,,,,,,,,,,,,,,,,,,,,,,,,,,,,,,,,,,,,,,,,,,,,,,,,,,,,,,,,,,,,,,,,,,,,,,,,,
LU1603795458,,,,,,,,,,,,,,,,,,,,,,,,,,,,,,,,,,,,,,,,,,,,,,,,,,,,,,,,,,,,,,,,,,,,,,,,,,,,,,,,,,,,,,,,,,,,,,,,,,,,,,,,,,,,,,,,,,,,,,,,,,,,,,,,,,,,,,,,
LU1603797587,,,,,,,,,,,,,,,,,,,,,,,,,,,,,,,,,,,,,,,,,,,,,,,,,,,,,,,,,,,,,,,,,,,,,,,,,,,,,,,,,,,,,,,,,,,,,,,,,,,,,,,,,,,,,,,,,,,,,,,,,,,,,,,,,,,,,,,,
LU1615090864,,,,,,,,,,,,,,,,,,,,,,,,,,,,,,,,,,,,,,,,,,,,,,,,,,,,,,,,,,,,,,,,,,,,,,,,,,,,,,,,,,,,,,,,,,,,,,,,,,,,,,,,,,,,,,,,,,,,,,,,,,,,,,,,,,,,,,,,
LU1615092217,,,,,1.6422,,,,,,0.6532,,0.0887,,,,,,,5.1728,,,,,,,,,,0.3148,,,,,,,,0.3721,2.4006,,,0.3723,,,,,,,1.0109,,,,,,1.4225,,0.2601,0.9403,,,5.6258,,,,,,,,,,,,0.0979,,,,,,,,,,,4.2076,0.1231,,0.4296,,,,,,,,,,,,,,,,,,,,1.0425,,,,,0.7562,,,0.5458,5.3373,,,,,,,,,,,2.6586,63.9699,0.4937,,,,,0.0613,,
LU1617164998,,,,,,2.4299,,,,,,,,,,,,,,,,,,,,,,,,2.3342,,,,,,,,1.118,30.4425,,,7.038,,3.8688,,,,,,,,,,,,,,17.369,,,6.0975,1.3116,,,,,,,,,,,2.1606,,,,,,,,,,,10.2672,,,,,,,,,,,,1.1106,,,,,,,,,,,,,,,,,,,3.696,,,,,,,,,,,,3.0215,7.7347,,,,,,,,
LU1645380368,,,,,,,,,,,,,,,,,,,,,,,,,,,,,,,,,,,,,,,49.65,,,8.73,,,,,,,,,,,,,,,,24.67,,,,,,,,,,,,,,,,,,,,,,,,,,,,,,,,,,,,,,,,,,,,,,,,,,,,,,10.85,,,,,,,,,,,,,,,,,,,,,,,,
LU1645380442,,,,,,,,,,,,,,,,,,,,,,,,,,,,,,,,,,,,,,,49.65,,,8.73,,,,,,,,,,,,,,,,24.67,,,,,,,,,,,,,,,,,,,,,,,,,,,,,,,,,,,,,,,,,,,,,,,,,,,,,,10.85,,,,,,,,,,,,,,,,,,,,,,,,
LU1645381689,,,,,,,,,,,,,,,,,,,,,,,,,,,,,,,,,,,,,,,42.47,,,8.69,,,,,,,,,,,,,,,,29.51,,,,,,,,,,,,,,,,,,,,,,,,,,,,,,,,,,,,,,,,,,,,,,,,,,,,,,16.01,,,,,,,,,,,,,,,,,,,,,,,,
LU1645385839,,,2.47,,,,,,2.46,,,,,,2.04,,,,,,,2.41,2.18,1.68,,,,,,,1.37,,1.72,,,,,,,,,,,,,,,,3.55,1.76,,2.61,2.28,,,,1.6,,,,,,,,,,,,,,,,,,,1.44,,,2.69,,,,,,,2.1,,2.51,,1.56,,,,2.55,1.67,,,1.63,,,,,2.49,,,,1.69,,,2.77,1.56,,,,,,,,,,,2.32,,,,2.22,2.21,,,,1.73,,,,,38.73
LU1645385912,,,2.47,,,,,,2.46,,,,,,2.04,,,,,,,2.41,2.18,1.68,,,,,,,1.37,,1.72,,,,,,,,,,,,,,,,3.55,1.76,,2.61,2.28,,,,1.6,,,,,,,,,,,,,,,,,,,1.44,,,2.69,,,,,,,2.1,,2.51,,1.56,,,,2.55,1.67,,,1.63,,,,,2.49,,,,1.69,,,2.77,1.56,,,,,,,,,,,2.32,,,,2.22,2.21,,,,1.73,,,,,38.73
LU1645386217,,,2.47,,,,,,2.46,,,,,,2.04,,,,,,,2.41,2.18,1.68,,,,,,,1.37,,1.72,,,,,,,,,,,,,,,,3.55,1.76,,2.61,2.28,,,,1.6,,,,,,,,,,,,,,,,,,,1.44,,,2.69,,,,,,,2.1,,2.51,,1.56,,,,2.55,1.67,,,1.63,,,,,2.49,,,,1.69,,,2.77,1.56,,,,,,,,,,,2.32,,,,2.22,2.21,,,,1.73,,,,,38.73
LU1645386308,,,2.47,,,,,,2.46,,,,,,2.04,,,,,,,2.41,2.18,1.68,,,,,,,1.37,,1.72,,,,,,,,,,,,,,,,3.55,1.76,,2.61,2.28,,,,1.6,,,,,,,,,,,,,,,,,,,1.44,,,2.69,,,,,,,2.1,,2.51,,1.56,,,,2.55,1.67,,,1.63,,,,,2.49,,,,1.69,,,2.77,1.56,,,,,,,,,,,2.32,,,,2.22,2.21,,,,1.73,,,,,38.73
LU1645386480,,,2.47,,,,,,2.46,,,,,,2.04,,,,,,,2.41,2.18,1.68,,,,,,,1.37,,1.72,,,,,,,,,,,,,,,,3.55,1.76,,2.61,2.28,,,,1.6,,,,,,,,,,,,,,,,,,,1.44,,,2.69,,,,,,,2.1,,2.51,,1.56,,,,2.55,1.67,,,1.63,,,,,2.49,,,,1.69,,,2.77,1.56,,,,,,,,,,,2.32,,,,2.22,2.21,,,,1.73,,,,,38.73
LU1645386647,,,2.47,,,,,,2.46,,,,,,2.04,,,,,,,2.41,2.18,1.68,,,,,,,1.37,,1.72,,,,,,,,,,,,,,,,3.55,1.76,,2.61,2.28,,,,1.6,,,,,,,,,,,,,,,,,,,1.44,,,2.69,,,,,,,2.1,,2.51,,1.56,,,,2.55,1.67,,,1.63,,,,,2.49,,,,1.69,,,2.77,1.56,,,,,,,,,,,2.32,,,,2.22,2.21,,,,1.73,,,,,38.73
LU1646359619,,,,,,,,,,,,,,,,,,,,,,,,,,,,,,,,,,,,,,,,,,,,,,,,,,,,,,,,,,,,,100.0,,,,,,,,,,,,,,,,,,,,,,,,,,,,,,,,,,,,,,,,,,,,,,,,,,,,,,,,,,,,,,,,,,,,,,,,,,,
LU1646359882,,,,,,,,,,,,,,,,,,,,,,,,,,,,,,,,,,,,,,,,,,,,,,,,,,,,,,,,,,,,,100.0,,,,,,,,,,,,,,,,,,,,,,,,,,,,,,,,,,,,,,,,,,,,,,,,,,,,,,,,,,,,,,,,,,,,,,,,,,,
LU1646360542,,,,,,,,,,,,,,,,,,,,,,,,,,,,,,,,,,,,,,,,,,,,,,,,,,,,,,,,,,,,,100.0,,,,,,,,,,,,,,,,,,,,,,,,,,,,,,,,,,,,,,,,,,,,,,,,,,,,,,,,,,,,,,,,,,,,,,,,,,,
LU1646360971,,,,,,1.0514,,,,,3.1516,,,,,,,,,,,,,,,,,,,,,,,,,,,3.2539,27.9729,,,25.401,,,,,,,,,,,,,1.1568,,,9.5489,,,,,,,,,,,,,,,,,,,,,,,,,,16.4777,,,,,,,,,,,,0.589,,,,,,,,,,,,,,,,11.3967,,,,,,,,,,,,,,,,,,,,,,,,
LU1646361276,,,,,,1.0514,,,,,3.1516,,,,,,,,,,,,,,,,,,,,,,,,,,,3.2539,27.9729,,,25.401,,,,,,,,,,,,,1.1568,,,9.5489,,,,,,,,,,,,,,,,,,,,,,,,,,16.4777,,,,,,,,,,,,0.589,,,,,,,,,,,,,,,,11.3967,,,,,,,,,,,,,,,,,,,,,,,,
LU1650487413,,,,,,2.584,,,,,3.6141,,,,,,,,,,,,,,,,,,,,,,,,,,,1.4711,26.6235,,,22.2241,,,,,,,,,,,,,0.973,,,22.1029,,,,,,,,,,,,,,,,,,,,,,,,,,3.3267,,,,,,,,,,,,2.0051,,,,,,,,,,,,,,,,15.0756,,,,,,,,,,,,,,,,,,,,,,,,
LU1650487926,,,,,,2.584,,,,,3.6141,,,,,,,,,,,,,,,,,,,,,,,,,,,1.4711,26.6235,,,22.2241,,,,,,,,,,,,,0.973,,,22.1029,,,,,,,,,,,,,,,,,,,,,,,,,,3.3267,,,,,,,,,,,,2.0051,,,,,,,,,,,,,,,,15.0756,,,,,,,,,,,,,,,,,,,,,,,,
LU1650488494,,,,,,3.5275,,,,,3.2682,,,,,,,,,,,,,,,,,,,,,,,,,,,1.6111,24.5499,,,21.6018,,,,,,,,,,,,,1.5149,,,26.3315,,,,,,,,,,,,,,,,,,,,,,,,,,3.7548,,,,,,,,,,,,1.2643,,,,,,,,,,,,,,,,12.5761,,,,,,,,,,,,,,,,,,,,,,,,
LU1650488817,,,,,,3.5275,,,,,3.2682,,,,,,,,,,,,,,,,,,,,,,,,,,,1.6111,24.5499,,,21.6018,,,,,,,,,,,,,1.5149,,,26.3315,,,,,,,,,,,,,,,,,,,,,,,,,,3.7548,,,,,,,,,,,,1.2643,,,,,,,,,,,,,,,,12.5761,,,,,,,,,,,,,,,,,,,,,,,,
LU1650489385,,,,,,3.9447,,,,,5.5661,,,,,,,,,,,,,,,,,,,,,,,,,,,1.9476,20.2491,,,16.2834,,,,,,,,,,,,,1.1213,,,25.8424,,,,,,,,,,,,,,,,,,,,,,,,,,4.734,,,,,,,,,,,,2.3556,,,,,,,,,,,,,,,,17.9557,,,,,,,,,,,,,,,,,,,,,,,,
LU1650489898,,,,,,3.9447,,,,,5.5661,,,,,,,,,,,,,,,,,,,,,,,,,,,1.9476,20.2491,,,16.2834,,,,,,,,,,,,,1.1213,,,25.8424,,,,,,,,,,,,,,,,,,,,,,,,,,4.734,,,,,,,,,,,,2.3556,,,,,,,,,,,,,,,,17.9557,,,,,,,,,,,,,,,,,,,,,,,,
LU1650491282,,,,,,,,,,,,,,,,,,,,,,,,,,,,,,,,,,,,,,,41.1442,,,9.0906,,,,,,,,,,,,,,,,34.0571,,,,,,,,,,,,,,,,,,,,,,,,,,,,,,,,,,,,,,,,,,,,,,,,,,,,,,15.7081,,,,,,,,,,,,,,,,,,,,,,,,
LU1650491795,,,,,,,,,,,,,,,,,,,,,,,,,,,,,,,,,,,,,,,41.1442,,,9.0906,,,,,,,,,,,,,,,,34.0571,,,,,,,,,,,,,,,,,,,,,,,,,,,,,,,,,,,,,,,,,,,,,,,,,,,,,,15.7081,,,,,,,,,,,,,,,,,,,,,,,,
LU1650492173,,,,,,,,,,,,,,,,,,,,,,,,,,,,,,,,,,,,,,,,,,,,,,,,,1.01,,,,,,1.12,,,,,,,,,,,,,,,,,,,,,,,,,,,,,,,,,,,,,,,,,,,,,,,,,,,,,,,,,,,,,2.47,,,,,,,,,,,94.52,,,,,,,,,0.88
LU1650492256,,,,,,,,,,,,,,,,,,,,,,,,,,,,,,,,,,,,,,,,,,,,,,,,,1.01,,,,,,1.12,,,,,,,,,,,,,,,,,,,,,,,,,,,,,,,,,,,,,,,,,,,,,,,,,,,,,,,,,,,,,2.47,,,,,,,,,,,94.52,,,,,,,,,0.88
LU1650492330,,,,,,,,,,,,,,,,,,,,,,,,,,,,,,,,,,,,,,,,,,,,,,,,,1.01,,,,,,1.12,,,,,,,,,,,,,,,,,,,,,,,,,,,,,,,,,,,,,,,,,,,,,,,,,,,,,,,,,,,,,2.47,,,,,,,,,,,94.52,,,,,,,,,0.88
LU1650492504,,,,,,,,,,,,,,,,,,,,,,,,,,,,,,,,,,,,,,,,,,,,,,,,,1.01,,,,,,1.12,,,,,,,,,,,,,,,,,,,,,,,,,,,,,,,,,,,,,,,,,,,,,,,,,,,,,,,,,,,,,2.47,,,,,,,,,,,94.52,,,,,,,,,0.88
LU1655103486,,,,,,,,,,,,,,,,,,,,,,,,,,,,,,8.0,,,,,,,,,,,,,,,,,,,,,,,,,,,,,,,,,,,,,,,,,,,,,,,,,,,,,,,,,1.9,,,,,,,,,,,,,,,,,,,,,,,,,,,,9.51,35.31,,,,,,,,,,,43.95,,,,,,,,,1.33
LU1655103643,,,,,,,,,,,,,,,,,,,,,,,,,,,,,,,,,,,,,,,,,,,,,,,,,,,,,,,,,,,,,100.0,,,,,,,,,,,,,,,,,,,,,,,,,,,,,,,,,,,,,,,,,,,,,,,,,,,,,,,,,,,,,,,,,,,,,,,,,,,
LU1655103726,,,,,,,,,,,,,,,,,,,,,,,,,,,,,,,,,,,,,,,,,,,,,,,,,,,,,,,,,,,,,100.0,,,,,,,,,,,,,,,,,,,,,,,,,,,,,,,,,,,,,,,,,,,,,,,,,,,,,,,,,,,,,,,,,,,,,,,,,,,
LU1659681230,,,,,,,,,,,,,,,,,,,,,,,,,,,,,,,,,,,,,,,,,,,,,,,,,,,,,,,,,,,,,,,,,,,,,,,,,,,,,,,,,,,,,,,,,,,,,,,,,,,,,,,,,,,,,,,,,,,,,,,,,,,,,,,,,,,,,,,,
LU1659681313,,,,,,,,,,,,,,,,,,,,,,,,,,,,,,,,,,,,,,,,,,,,,,,,,,,,,,,,,,,,,,,,,,,,,,,,,,,,,,,,,,,,,,,,,,,,,,,,,,,,,,,,,,,,,,,,,,,,,,,,,,,,,,,,,,,,,,,,
LU1659681586,,,,,0.0218,,,,,,,,0.0973,,,,,,,,,,,,,,,,,,,,,,,,,,,,,,,,,,,,,,,,,,0.7752,,,,,,,,,,,,,,,,,,,,,,,,,,,,,0.2145,,,,,,,,,,,,,,,,,,,,,,,,,,,,,,,,,,,,,,,,,,,0.7061,96.818,1.2754,,,,,0.0917,,
LU1659681669,,,,,0.0218,,,,,,,,0.0973,,,,,,,,,,,,,,,,,,,,,,,,,,,,,,,,,,,,,,,,,,0.7752,,,,,,,,,,,,,,,,,,,,,,,,,,,,,0.2145,,,,,,,,,,,,,,,,,,,,,,,,,,,,,,,,,,,,,,,,,,,0.7061,96.818,1.2754,,,,,0.0917,,
LU1681037518,,,,,,,,,,,,,,,,,,,,,,,,,,,,,,,,,,,,,,,,,,,,,,,,,,,,,,,,,,87.56,,,,,,,,,,,,,,,1.37,,,,,,,,,,,1.81,,,,,,,,,,,,,,,,,,,,,,,,,,,,,,,,6.93,,,,,,,,,,,,,,,,,,,,
LU1681037609,,,,,,,,,,,,,,,,,,,,,,,,,,,,,,,,,,,,,,,,,,,,,,,,,,,,,,,,,,,,,100.0,,,,,,,,,,,,,,,,,,,,,,,,,,,,,,,,,,,,,,,,,,,,,,,,,,,,,,,,,,,,,,,,,,,,,,,,,,,
LU1681037781,,,,,,,,,,,,,,,,,,,,,,,,,,,,,,,,,,,,,,,,,,,,,,,,,,,,,,,,,,,,,100.0,,,,,,,,,,,,,,,,,,,,,,,,,,,,,,,,,,,,,,,,,,,,,,,,,,,,,,,,,,,,,,,,,,,,,,,,,,,
LU1681037864,,,,,,,,,,,,,,,,,,,,,,,,,,,,,,,,,,,,,,,,,,,,,,,,,,,,,,,,,,,,,100.0,,,,,,,,,,,,,,,,,,,,,,,,,,,,,,,,,,,,,,,,,,,,,,,,,,,,,,,,,,,,,,,,,,,,,,,,,,,
LU1681037948,,,,,,,,,,,,,,,,,,,,,,,,,,,,,,,,,,,,,,,,,,,,,,,,,,,,,,,,,,,,,100.0,,,,,,,,,,,,,,,,,,,,,,,,,,,,,,,,,,,,,,,,,,,,,,,,,,,,,,,,,,,,,,,,,,,,,,,,,,,
LU1681038086,,,,,,,,,,,,,,,,,,,,,,,,,,,,,,,,,,,,,,,,,,,,,,,,,,,,,,,,,,,,,100.0,,,,,,,,,,,,,,,,,,,,,,,,,,,,,,,,,,,,,,,,,,,,,,,,,,,,,,,,,,,,,,,,,,,,,,,,,,,
LU1681038169,,,,,,,,,,,,,,,,,,,,,,,,,,,,,,,,,,,,,,,,,,,,,,,,,,,,,,,,,,,,,100.0,,,,,,,,,,,,,,,,,,,,,,,,,,,,,,,,,,,,,,,,,,,,,,,,,,,,,,,,,,,,,,,,,,,,,,,,,,,
LU1681038243,,,,,,,,,,,,,,,,,,,,0.9647,0.4592,,,,,,,,,,,,,,,,,,,,,,,,,,,,,,,,,,1.8042,,,,,,,,,,,,,,,,,,,,,,,,,,,,,1.3822,,,,,,,,,,,,,,,,,,,,,,,,,,,,,,,,,,,,,,,,,,,0.676,94.7136,,,,,,,,
LU1681038326,,,,,,,,,,,,,,,,,,,,0.9647,0.4592,,,,,,,,,,,,,,,,,,,,,,,,,,,,,,,,,,1.8042,,,,,,,,,,,,,,,,,,,,,,,,,,,,,1.3822,,,,,,,,,,,,,,,,,,,,,,,,,,,,,,,,,,,,,,,,,,,0.676,94.7136,,,,,,,,
LU1681038599,,,,,,,,,,,,,,,,,,,,0.9647,0.4592,,,,,,,,,,,,,,,,,,,,,,,,,,,,,,,,,,1.8042,,,,,,,,,,,,,,,,,,,,,,,,,,,,,1.3822,,,,,,,,,,,,,,,,,,,,,,,,,,,,,,,,,,,,,,,,,,,0.676,94.7136,,,,,,,,
LU1681038672,,,,,,,,,,,,,1.28,,,,,,,,1.69,,,,,,,,,,,,,,,,,,,,,,,,,,,,,,,,,,,,,,,,,,,,,,,,,,,,,,,,,,,,,,,,,,,,,,,,,,,,,,,,,,,,,,,,,,,,,,,,,,,,,,,,,,,94.46,,,,,,,,2.57
LU1681038839,,,,,,,,,,,,,1.28,,,,,,,,1.69,,,,,,,,,,,,,,,,,,,,,,,,,,,,,,,,,,,,,,,,,,,,,,,,,,,,,,,,,,,,,,,,,,,,,,,,,,,,,,,,,,,,,,,,,,,,,,,,,,,,,,,,,,,94.46,,,,,,,,2.57
LU1681038912,,,,,,,,,,,,,,,,,,,,,,,,,,,,,,,,,,,,,,,,,,,,,,,,,,,,,,,,,,,,,100.0,,,,,,,,,,,,,,,,,,,,,,,,,,,,,,,,,,,,,,,,,,,,,,,,,,,,,,,,,,,,,,,,,,,,,,,,,,,
LU1681039050,,,,,,,,,,,,,,,,,,,,,,,,,,,,,,,,,,,,,,,,,,,,,,,,,,,,,,,,,,,,,100.0,,,,,,,,,,,,,,,,,,,,,,,,,,,,,,,,,,,,,,,,,,,,,,,,,,,,,,,,,,,,,,,,,,,,,,,,,,,
LU1681039134,,,,,,,,,,,,,,,,,,,,,,,,,,,,,,,,,,,,,,,,,,,,,,,,,,,,,,,,,,,,,100.0,,,,,,,,,,,,,,,,,,,,,,,,,,,,,,,,,,,,,,,,,,,,,,,,,,,,,,,,,,,,,,,,,,,,,,,,,,,
LU1681039217,,,,,,,,,,,,,,,,,,,,,,,,,,,,,,,,,,,,,,,,,,,,,,,,,,,,,,,,,,,,,100.0,,,,,,,,,,,,,,,,,,,,,,,,,,,,,,,,,,,,,,,,,,,,,,,,,,,,,,,,,,,,,,,,,,,,,,,,,,,
LU1681039308,,,,,,,,,,,,,,,,,,,,,,,,,,,,,,,,,,,,,,,,,,,,,,,,,,,,,,,,,,,,,100.0,,,,,,,,,,,,,,,,,,,,,,,,,,,,,,,,,,,,,,,,,,,,,,,,,,,,,,,,,,,,,,,,,,,,,,,,,,,
LU1681039480,,,,,,0.3013,,,,,8.0988,,,,,,,,,,,,,,,,,,,,,,,,,,,0.6409,16.0276,,,12.1442,,,,,,,,,,,,,0.2842,,,0.1069,,,,,,,,,,,,,,,,,,,,,,,,,,1.0263,,,0.3691,,,,,,,,,,,,,,,,,,,,,,,,,4.003,,,13.386,12.7229,,,,,,,,,,,30.8888,,,,,,,,,
LU1681039647,,,,,1.8785,1.2453,,,,,1.4355,,,,0.0724,,,,,1.2475,,,0.2416,,,0.0496,0.0269,0.1799,,2.3326,,,,,0.0562,,,1.3834,18.89,,,11.2792,,0.6535,,,,,0.0448,0.1202,0.0864,,,,0.7429,,,4.2493,,,2.7649,,,,,,,,,,,,0.4524,,,,,,0.0547,,,,,5.2638,0.326,,0.7981,,,,,,,,0.4102,0.5384,,,,0.1625,,,,,,,,0.018,,,0.0271,6.1068,,,3.1616,2.2053,0.0295,,,,,,,,,,9.4136,22.0513,,,,,,,,
LU1681040223,,,,,,0.7138,,,,,0.9649,,,,,,,,,,,,,,,,,,,3.1515,,,,,,,,2.0645,13.9062,,,14.3142,,,,,,,,,,,,,0.591,,,5.9746,,,,,,,,,,,,,,,,,,,,,,,,,,9.426,,,1.0346,,,,,,,,0.4812,0.3147,,,,,,,,,,,,,,,,6.5581,,,5.337,15.764,,,,,,,,,,,19.4037,,,,,,,,,
LU1681040496,,,,,,1.5793,,,,,0.8732,,,,,,,,,0.5187,,,,,,,,,,1.4918,,,,,,,,0.5264,27.9844,,,6.4661,,3.3671,,,,,,0.6318,,,,,0.948,,,13.0994,,,4.3379,0.7839,,,,,,,,,,,5.2569,,,,,,,,,,,10.3529,,,,,,,,,,,1.1184,2.9973,,,,,,,,,,,,,,,,0.9837,,,2.9759,,,,,,,,,,,,5.2219,8.4851,,,,,,,,
LU1681040900,,,,,11.5265,,,,,,,,,,,,,,,8.3694,0.0736,,,,,,,,,,,,,,,,,1.0529,3.6984,,,1.2718,,,,,,,,,,,,,,,,,,,8.7893,,,,,,,,,,,,,,,,,,,,,,,3.763,1.4268,,0.1896,,,,,,,,,,,,,,,,,,,,1.394,,,,,1.1245,,,1.7074,1.4445,,,,,,,,,,,9.3287,44.8396,,,,,,,,
LU1681041031,,,,,11.5265,,,,,,,,,,,,,,,8.3694,0.0736,,,,,,,,,,,,,,,,,1.0529,3.6984,,,1.2718,,,,,,,,,,,,,,,,,,,8.7893,,,,,,,,,,,,,,,,,,,,,,,3.763,1.4268,,0.1896,,,,,,,,,,,,,,,,,,,,1.394,,,,,1.1245,,,1.7074,1.4445,,,,,,,,,,,9.3287,44.8396,,,,,,,,
LU1681041114,,,,,7.2695,,,,,,2.0759,,,,,,,,,15.719,,,,,,,,,,1.1021,,,,,,,,4.3471,9.7523,,,6.6547,,,,,,,,,,,,,1.3771,,,3.1274,,,0.1412,,,,,,,,,,,,2.7545,,,,,,,,,,,11.0325,,,0.6458,,,,,,,,,,,,,,,,,,,,,,,,,3.1091,,,3.3765,2.0488,,,,,,,,,,,12.0663,13.4002,,,,,,,,
LU1681041205,,1.6278,3.5659,,,,,,3.1741,,,,,,4.1962,,,,,,,3.6273,3.3119,3.6546,0.9882,,,,,,3.7314,1.7736,3.0395,0.3067,,,,,,,,,0.8251,,,0.322,,,,3.3326,,0.6719,4.7076,,,,,,0.9969,0.4957,,,0.4905,1.1015,0.9211,,,,0.3651,,,,,,,1.9229,,,6.9171,,,,0.6076,,,2.527,,2.5999,0.5364,3.4556,,0.264,3.2768,3.7174,3.9081,,,,,3.5233,,,6.997,0.2306,0.6352,,,,,3.3466,,,0.8822,,,,,,,,,5.381,,,,,,,2.0443,,,,,,,
LU1681041460,,,,,,1.3156,,,,,0.5855,,,,,,,,,,,,,,,,,,,1.2802,,,,,,,,3.5818,9.1861,,,7.886,,,,,,,,,,,,,0.7717,,,4.9928,,,,,,,,,,,,,,,,,,,,,,,,,,8.4969,,,1.2567,,,,,,,,,0.27,,,,,,,,,,,,,,,,13.7156,,,4.0196,15.0047,,,,,,,,,,,27.6367,,,,,,,,,
LU1681041544,,,,,,1.8507,,,,,3.5977,,,,,,,,,,,,,,,,,,,4.0586,,,,,,,,2.6254,8.9401,,,8.3279,,,,,,,,,,,,,0.5175,,,6.2115,,,,,,,,,,,,,,,,,,,,,0.0,,,,,3.8014,,,6.0228,,,,,,,,,0.4103,,,,,,,,,,,,,,,,3.3182,,,10.7511,9.849,,,,,,,,,,,29.7178,,,,,,,,,
LU1681041627,,,,,,1.5396,,,,,4.29,,,,,,,,,,,,,,,,,,,4.185,,,,,,,,5.4341,13.3946,,,9.7603,,,,,,,,,,,,,1.7274,,,7.9746,,,,,,,,,,,,,,,,,,,,,,,,,,5.1544,,,3.1012,,,,,,,,,0.9833,,,,,,,,,,,,,,,,7.2963,,,1.8504,15.7004,,,,,,,,,,,17.6084,,,,,,,,,
LU1681041890,,,,,,,,,,,0.1025,,,,,,,,,,,,,,,,,,,3.9439,,,,,,,,1.7257,13.241,,,11.2044,,,,,,,,,,,,,0.2645,,,2.0685,,,,,,,,,,,,,,,,,,,,,,,,,,8.1276,,,0.463,,,,,,,,,,,,,,,,,,,,,,,,,2.017,,,4.826,25.7451,,,,,,,,,,,26.2708,,,,,,,,,
LU1681041973,,,,,,0.6067,,,,,0.4677,,,,,,,,,,,,,,,,,,,5.3288,,,,,,,,1.0062,17.0525,,,13.1924,,,,,,,,,,,,,0.975,,,3.8841,,,,,,,,,,,,,,,,,,,,,,,,,,3.231,,,2.0694,,,,,,,,,,,,,,,,,,,,,,,,,2.0146,,,2.3654,24.081,,,,,,,,,,,23.7252,,,,,,,,,
LU1681042435,,,,,,0.4445,,,,,2.4825,,,,,,,,,,,,,,,,,,,4.1576,,,,,,,,1.1557,14.5235,,,14.1638,,,,,,,,,,,,,0.3998,,,2.628,,,,,,,,,,,,,,,,,,,,,,,,,,13.1518,,,0.6862,,,,,,,,,0.3234,,,,,,,,,,,,,,,,3.9057,,,8.0923,14.4832,,,,,,,,,,,19.402,,,,,,,,,
LU1681042518,,,,,,0.7104,,,,,0.9575,,,,,,,,,,,,,,,,,,,1.0526,,,,,,,,2.384,15.8545,,,13.4836,,,,,,,,,,,,,0.8461,,,7.6934,,,,,,,,,,,,,,,,,,,,,,,,,,4.8705,,,1.3011,,,,,,,,,0.3321,,,,,,,,,,,,,,,,8.4318,,,2.7342,14.4287,,,,,,,,,,,24.9195,,,,,,,,,
LU1681042609,,,,,,0.5792,,,,,1.9643,,,,,,,,,,,,,,,,,,,2.5648,,,,,,,,2.1202,14.4762,,,12.7156,,,,,,,,,,,,,0.6938,,,5.6392,,,,,,,,,,,,,,,,,,,,,,,,,,9.9682,,,1.9614,,,,,,,,,0.4199,,,,,,,,,,,,,,,,6.2704,,,5.0823,14.7017,,,,,,,,,,,20.8427,,,,,,,,,
LU1681042864,,,,,,,,,,,,,,,,,,,,,,,,,,,,,,,,,,,,,,,,,,,,,,,,,,,,,,,1.74,,,,,,,,,,,,,,,,,,,,,,,,,,,,,,,,,,,,,,,,,,,,,,,,,,,,,,,,,,,,,,,,,,,,,,,,,96.3,,,,,,,,1.96
LU1681042948,,,,,,0.8337,,,,,1.9533,,,,,,,,,,,,,,,,,,,0.5179,,,,,,,,5.6081,5.0747,,,46.342,,,,,,,,,,,,,,,,2.0273,,,,,,,,,,,,,,,,,,,,,,,,,,12.1299,,,0.4565,,,,,,,,,2.148,,,,,,,,,,,,,,,,,,,2.7022,,,,,,,,,,,,,20.2065,,,,,,,,
LU1681043086,,,,,,,,,,,,,,,,,,,,,,,,,,,,,,,,,,,,,,,,,,,,,,,,,,,,100.0,,,,,,,,,,,,,,,,,,,,,,,,,,,,,,,,,,,,,,,,,,,,,,,,,,,,,,,,,,,,,,,,,,,,,,,,,,,,,,,,,,,,
LU1681043169,,,,,,,,,,,,,,,,,,,,,,,,,,,,,,,,,,,,,,,,,,,,,,,,,,,,100.0,,,,,,,,,,,,,,,,,,,,,,,,,,,,,,,,,,,,,,,,,,,,,,,,,,,,,,,,,,,,,,,,,,,,,,,,,,,,,,,,,,,,
LU1681043599,,,,,1.6181,0.0907,,,,,0.2714,,,,,,,,,3.474,,,,,,,,,,0.4086,,,,,,,,0.2803,2.4081,,,2.1869,,,,,,,0.4397,,,,,,0.0996,,0.2803,0.8221,,,5.6188,,,,,,,,,,,,,,,,,,,,,,,1.4185,0.0448,,0.1567,,,,,,,,,0.0509,,,,,,,,,,,0.4496,,,,,0.9808,,,0.8503,2.2875,,,,,,,,,,,3.5186,72.244,,,,,,,,
LU1681043672,,,,,1.6181,0.0907,,,,,0.2714,,,,,,,,,3.474,,,,,,,,,,0.4086,,,,,,,,0.2803,2.4081,,,2.1869,,,,,,,0.4397,,,,,,0.0996,,0.2803,0.8221,,,5.6188,,,,,,,,,,,,,,,,,,,,,,,1.4185,0.0448,,0.1567,,,,,,,,,0.0509,,,,,,,,,,,0.4496,,,,,0.9808,,,0.8503,2.2875,,,,,,,,,,,3.5186,72.244,,,,,,,,
LU1681043912,,,,,,,,,,,,,,,,,,,,,,,92.86,,,,,,,,,,,,,,,,,,,,,,,,,,6.29,,,,,,,,,,,,,,,,,,,,,,,,,,,,,,,,,,,,,,,,,,,,,,,,,,,,,,,,,,,,,,,,,,,,,,,,,,,,,,,,,,,,,,,0.85
LU1681044050,,,,,,,,,,,,,,,,,,,,,,,92.86,,,,,,,,,,,,,,,,,,,,,,,,,,6.29,,,,,,,,,,,,,,,,,,,,,,,,,,,,,,,,,,,,,,,,,,,,,,,,,,,,,,,,,,,,,,,,,,,,,,,,,,,,,,,,,,,,,,,0.85
LU1681044308,,,,,,0.6594,,,,,2.2623,,,,,,,,,,,,,,,,,,,2.9911,,,,,,,,2.5932,16.7302,,,14.9109,,,,,,,,,,,,,0.8327,,,6.7405,,,,,,,,,,,,,,,,,,,,,,,,,,11.5423,,,2.4681,,,,,,,,,0.4135,,,,,,,,,,,,,,,,7.4423,,,5.9385,,,,,,,,,,,,24.4751,,,,,,,,,
LU1681044480,,,,,,,,,,,,,,,,,,,,,,,25.6107,,,,,,,,,,,,,,,,,,,,,,,,,,,,,13.9505,0.5981,,,,,,,,,,,,,,,,,,,,,,,1.1842,,,,,,,,,,,,,,,,,,0.3526,,,,,,,,,,,,,,,,,24.0631,,,,,,33.044,,1.1967,,,,,,,,,,,,,,,,,
LU1681044563,,,,,,,,,,,,,,,,,,,,,,,25.6107,,,,,,,,,,,,,,,,,,,,,,,,,,,,,13.9505,0.5981,,,,,,,,,,,,,,,,,,,,,,,1.1842,,,,,,,,,,,,,,,,,,0.3526,,,,,,,,,,,,,,,,,24.0631,,,,,,33.044,,1.1967,,,,,,,,,,,,,,,,,
LU1681044647,,,,,,,,,,,,,,,,,,,,,,,,,,,,,,24.0899,,,,,,,,16.5249,,,,,,,,,,,,,,,,,,,,,,,,,,,,,,,,,,,,,,,,,,,,,,,,,9.2327,,,,,,,,,,,,,,,,,,,,,,,,,,,,50.1526,,,,,,,,,,,,,,,,,,,,,
LU1681044720,,,,,,,,,,,,,,,,,,,,,,,,,,,,,,,,,,,,,,,,,,,,,,,,,,,,,,,,,,,,,,,,,,,,,,,,,,,,,,,,,,,,,,,,,,,,,,,,,,,,,,,,,,,,,,,,,,,,100.0,,,,,,,,,,,,,,,,,,,,
LU1681044993,,,,,,,,,,,,,,,,,,,,,,,,,,,,,,,,,,,,,,,,,,,,,,,,,,,,,,,,,,,,,,,,,,,,,,,,,,,,,,,,,,,,,,,,,,,,,,,,,,,,,,,,,,,,,,,,,,,,100.0,,,,,,,,,,,,,,,,,,,,
LU1681045024,,,,,,,,,,,,,,,57.63,,,,,,,6.87,,2.22,,,,,,,,,,,,,,,,,,,,,,,,,,,,,,,,,,,,,,,,,,,,,,,,,,,,,,,25.72,,,,,,,,,,,,,,3.92,,,,,,,,,,,,,,,,,,,,,,,,,,,,,,,,,,,2.27,,,,,,,,1.37
LU1681045297,,,,,,,,,,,,,,,57.63,,,,,,,6.87,,2.22,,,,,,,,,,,,,,,,,,,,,,,,,,,,,,,,,,,,,,,,,,,,,,,,,,,,,,,25.72,,,,,,,,,,,,,,3.92,,,,,,,,,,,,,,,,,,,,,,,,,,,,,,,,,,,2.27,,,,,,,,1.37
LU1681045370,,,,,,,,,,,,,,,3.8947,,,,,,,0.4699,21.132,0.182,,,,0.1192,,,,,0.0735,,,,,,,,,,,0.5779,,,,,,0.3596,,11.5109,0.4935,,,,,,,,,,,,,0.5571,,,,,,,,,,0.9772,,,1.7005,,,,,,,,,,,,,,0.4068,0.2909,1.1936,,,0.4728,,,,,2.5302,,,,,,,3.3362,19.8551,,,,,,27.2654,,0.9874,,,0.4051,,,,1.2085,,,,,,,,,,
LU1681045453,,,,,,,,,,,,,,,3.8947,,,,,,,0.4699,21.132,0.182,,,,0.1192,,,,,0.0735,,,,,,,,,,,0.5779,,,,,,0.3596,,11.5109,0.4935,,,,,,,,,,,,,0.5571,,,,,,,,,,0.9772,,,1.7005,,,,,,,,,,,,,,0.4068,0.2909,1.1936,,,0.4728,,,,,2.5302,,,,,,,3.3362,19.8551,,,,,,27.2654,,0.9874,,,0.4051,,,,1.2085,,,,,,,,,,
LU1681045537,,,,,1.9224,,,,,,,,,,,,,,,4.1274,,,,,,,,,,,,,,,,,,,,,,,,,,,,,0.5224,,,,,,,,0.333,,,,6.6756,,,,,,,,,,,,,,,,,,,,,,,,0.0532,,,,,,,,,,,,,,,,,,,,,,0.5341,,,,,,,,,,,,,,,,,,,,,85.832,,,,,,,,
LU1681046006,,,,,,,,,,,,,,,,,,,,4.0003,,,,,,,,,,7.8284,,,,,,,,14.5024,10.2922,,,4.4462,,,,,,,,,,,,,,,,7.2182,,,,,,,,,,,,,,,,,,,,,,,,,,,,,,,,,,,,,,,,,,,,,,,,,,,,,,,,,,2.4871,,,,,,,,,,,2.4482,46.777,,,,,,,,
LU1681046188,,,,,,,,,,,,,,,,,,,,4.0003,,,,,,,,,,7.8284,,,,,,,,14.5024,10.2922,,,4.4462,,,,,,,,,,,,,,,,7.2182,,,,,,,,,,,,,,,,,,,,,,,,,,,,,,,,,,,,,,,,,,,,,,,,,,,,,,,,,,2.4871,,,,,,,,,,,2.4482,46.777,,,,,,,,
LU1681046261,,,,,,3.547,,,,,5.1157,,,,,,,,,,,,,,,,,,,,,,,,,,,1.825,24.9319,,,19.8693,,,,,,,,,,,,,1.4144,,,22.7298,,,,,,,,,,,,,,,,,,,,,,,,,,4.1382,,,,,,,,,,,,2.0177,,,,,,,,,,,,,,,,14.411,,,,,,,,,,,,,,,,,,,,,,,,
LU1681046345,,,,,,,,,,,22.0188,,,,,,,,,,,,,,,,,,,,,,,,,,,,,,,,,,,,,,,,,,,,5.897,,,29.9518,,,,,,,,,,,,,,,,,,,,,,,,,,,,,,,,,,,,,,12.15,,,,,,,,,,,,,,,,29.9824,,,,,,,,,,,,,,,,,,,,,,,,
LU1681046691,,,,,,6.6146,,,,,,,,,,,,,,,,,,,,,,,,,,,,,,,,3.413,46.2729,,,36.0608,,,,,,,,,,,,,,,,,,,,,,,,,,,,,,,,,,,,,,,,,,7.6386,,,,,,,,,,,,,,,,,,,,,,,,,,,,,,,,,,,,,,,,,,,,,,,,,,,,
LU1681046774,,,,,,,,,,,23.9359,,,,,,,,,,,,,,,,,,,,,,,,,,,,,,,,,,,,,,,,,,,,6.6718,,,30.0207,,,,,,,,,,,,,,,,,,,,,,,,,,,,,,,,,,,,,,9.4701,,,,,,,,,,,,,,,,29.9015,,,,,,,,,,,,,,,,,,,,,,,,
LU1681046857,,,,,,,,,,,23.9359,,,,,,,,,,,,,,,,,,,,,,,,,,,,,,,,,,,,,,,,,,,,6.6718,,,30.0207,,,,,,,,,,,,,,,,,,,,,,,,,,,,,,,,,,,,,,9.4701,,,,,,,,,,,,,,,,29.9015,,,,,,,,,,,,,,,,,,,,,,,,
LU1681046931,,,,,,,,,,,,,,,,,,,,,,,,,,,,,,,,,,,,,,,89.14,,,,,,,,,,,,,,,,,,,,,,,,,,,,,,,,,,1.05,,,,,,,,,,,7.35,,,,,,,,,,,,,,,,,,,,,,,,,,,,,,,,2.46,,,,,,,,,,,,,,,,,,,,
LU1681047079,,,,,,,,,,,,,,,,,,,,,,,,,,,,,,,,,,,,,,,89.14,,,,,,,,,,,,,,,,,,,,,,,,,,,,,,,,,,1.05,,,,,,,,,,,7.35,,,,,,,,,,,,,,,,,,,,,,,,,,,,,,,,2.46,,,,,,,,,,,,,,,,,,,,
LU1681047236,,,,,,,,,,,2.7452,,,,,,,,,,,,,,,,,,,,,,,,,,,1.301,32.2583,,,29.7622,,,,,,,,,,,,,,,,8.7973,,,,,,,,,,,,,,,,,,,,,,,,,,13.7432,,,,,,,,,,,,,,,,,,,,,,,,,,,,11.3928,,,,,,,,,,,,,,,,,,,,,,,,
LU1681047319,,,,,,,,,,,2.7452,,,,,,,,,,,,,,,,,,,,,,,,,,,1.301,32.2583,,,29.7622,,,,,,,,,,,,,,,,8.7973,,,,,,,,,,,,,,,,,,,,,,,,,,13.7432,,,,,,,,,,,,,,,,,,,,,,,,,,,,11.3928,,,,,,,,,,,,,,,,,,,,,,,,
LU1681047400,,,,,,,,,,,2.7452,,,,,,,,,,,,,,,,,,,,,,,,,,,1.301,32.2583,,,29.7622,,,,,,,,,,,,,,,,8.7973,,,,,,,,,,,,,,,,,,,,,,,,,,13.7432,,,,,,,,,,,,,,,,,,,,,,,,,,,,11.3928,,,,,,,,,,,,,,,,,,,,,,,,
LU1681047665,,,,,,,,,,,,,,,,,,,,,,,,,,,,,,,,,,,,,,,,,,,,,,,,,,,,,,,,,,,,,100.0,,,,,,,,,,,,,,,,,,,,,,,,,,,,,,,,,,,,,,,,,,,,,,,,,,,,,,,,,,,,,,,,,,,,,,,,,,,
LU1681048127,,,,,,,,,,,,,,,,,,,,,,,,,,,,,,,,,,,,,,,,,,,,,,,,,,,,,,,,,,,,,,,,,,,,,,,,,,,,,,,,,,,,,,,,,,,,,,,,,,,,,,,,,,,,,,,,,,,,,,,,,,,,,,,,100.0,,,,,,,,
LU1681048556,,,,,,,,,,,,,,,,,,,,,,,,,,,,,,,,,,,,,,,,,,,,,,,,,,,,,,,,,,,,,,,,,,,,,,,,,,,,,,,,,,,,,,,,,,,,,,,,,,,,,,,,,,,,,,,,,,,,,,,,,,,,,,,,100.0,,,,,,,,
LU1681048630,,,,,0.3201,,,,,,,,,,,,,,,0.0401,,,1.3667,,,,,,,,,,,,,,,,24.1822,,,6.9236,,,,,,,2.0928,,,,,,,,,9.867,,,1.0865,,,,,,,,,,,,,,,,,,,,,,,,,,,,,,,,,,,,,,,,,,,,,,,,,,0.6191,,,,,8.0521,,,,,,,,,,,4.7197,40.7302,,,,,,,,
LU1681048713,,,,,0.3201,,,,,,,,,,,,,,,0.0401,,,1.3667,,,,,,,,,,,,,,,,24.1822,,,6.9236,,,,,,,2.0928,,,,,,,,,9.867,,,1.0865,,,,,,,,,,,,,,,,,,,,,,,,,,,,,,,,,,,,,,,,,,,,,,,,,,0.6191,,,,,8.0521,,,,,,,,,,,4.7197,40.7302,,,,,,,,
LU1681048804,,,,,,,,,,,,,,,,,,,,,,,,,,,,,,,,,,,,,,,,,,,,,,,,,,,,,,,1.13,,,,,,,,,,,,,,,,,,,,,,,,,,,,,,,,,,,,,,,,,,,,,,,,,,,,,,,,,,,,,,,,,,,,,,,,,97.7,,,,,,,,1.17
LU1681049018,,,,,,,,,,,,,,,,,,,,,,,,,,,,,,,,,,,,,,,,,,,,,,,,,,,,,,,1.13,,,,,,,,,,,,,,,,,,,,,,,,,,,,,,,,,,,,,,,,,,,,,,,,,,,,,,,,,,,,,,,,,,,,,,,,,97.7,,,,,,,,1.17
LU1681049109,,,,,,,,,,,,,,,,,,,,,,,,,,,,,,,,,,,,,,,,,,,,,,,,,,,,,,,1.13,,,,,,,,,,,,,,,,,,,,,,,,,,,,,,,,,,,,,,,,,,,,,,,,,,,,,,,,,,,,,,,,,,,,,,,,,97.7,,,,,,,,1.17
LU1686830065,,,,,1.0293,1.3235,,,,,0.6176,,,,,,,,,2.3732,,,,,,,,,,0.9252,,,,,,,,1.7259,21.7376,,,6.8076,,,,,,,,,,,,,2.448,,,2.9685,,,1.4557,,,,,,,,,,,,3.6063,,,,,,0.3046,,,,,15.7869,0.829,,0.826,,,,,,,,,0.3197,,,,,,,,,,,,,,,,5.7755,,,5.7028,,,,,,,,,,,0.1922,5.1753,18.0694,,,,,,,,
LU1686830909,,1.6278,3.5659,,,,,,3.1741,,,,,,4.1962,,,,,,,3.6273,3.3119,3.6546,0.9882,,,,,,3.7314,1.7736,3.0395,0.3067,,,,,,,,,0.8251,,,0.322,,,,3.3326,,0.6719,4.7076,,,,,,0.9969,0.4957,,,0.4905,1.1015,0.9211,,,,0.3651,,,,,,,1.9229,,,6.9171,,,,0.6076,,,2.527,,2.5999,0.5364,3.4556,,0.264,3.2768,3.7174,3.9081,,,,,3.5233,,,6.997,0.2306,0.6352,,,,,3.3466,,,0.8822,,,,,,,,,5.381,,,,,,,2.0443,,,,,,,
LU1686831030,,1.6278,3.5659,,,,,,3.1741,,,,,,4.1962,,,,,,,3.6273,3.3119,3.6546,0.9882,,,,,,3.7314,1.7736,3.0395,0.3067,,,,,,,,,0.8251,,,0.322,,,,3.3326,,0.6719,4.7076,,,,,,0.9969,0.4957,,,0.4905,1.1015,0.9211,,,,0.3651,,,,,,,1.9229,,,6.9171,,,,0.6076,,,2.527,,2.5999,0.5364,3.4556,,0.264,3.2768,3.7174,3.9081,,,,,3.5233,,,6.997,0.2306,0.6352,,,,,3.3466,,,0.8822,,,,,,,,,5.381,,,,,,,2.0443,,,,,,,
LU1686832194,,,,,,5.2526,,,,,8.7846,,,,,,,,,,,,,,,,,,,,,,,,,,,1.3906,30.1386,,,19.7131,,,,,,,,,,,,,0.7364,,,14.4694,,,,,,,,,,,,,,,,,,,,,,,,,,6.4493,,,,,,,,,,,,1.788,,,,,,,,,,,,,,,,11.2775,,,,,,,,,,,,,,,,,,,,,,,,
LU1686832277,,,,,,5.2526,,,,,8.7846,,,,,,,,,,,,,,,,,,,,,,,,,,,1.3906,30.1386,,,19.7131,,,,,,,,,,,,,0.7364,,,14.4694,,,,,,,,,,,,,,,,,,,,,,,,,,6.4493,,,,,,,,,,,,1.788,,,,,,,,,,,,,,,,11.2775,,,,,,,,,,,,,,,,,,,,,,,,
LU1691909508,,,,,8.9595,,,,,,0.5489,,,,,,,,,3.4361,,,,,,,,,,0.5254,,,,,,,,,9.4615,,,2.1671,,,,,,,,,,,,,1.6508,,,1.3186,,,0.7528,0.678,,,,,,,,,,,0.4039,,,,,,,,,,,1.2542,0.9864,,3.5365,,,,,,,,,,,,,,,,,,,,,,,,,2.7847,,,3.5846,1.5379,,,,,,,,,,,10.7031,45.7099,,,,,,,,
LU1708330235,,,,,1.546,,,,,,1.3666,,,,,,,,,2.196,,,,,,,,,,0.2002,,,,,,,,,6.5569,,,5.1485,,,,,,,,,,,,,,,,5.8239,,,14.2684,,,,,,,,,,,,,,,,,,,,,,,1.1117,,,,,,,,,,,,,,,,,,,,,,,,,,,,3.9263,,,0.1841,,,,,,,,,,,,6.4255,51.2459,,,,,,,,
LU1708330318,,,,,1.8339,0.5469,,,,,0.8121,,0.0284,,0.0405,,0.0222,,,3.5659,,0.1791,10.0688,,,0.0187,0.0089,0.201,,0.3691,,,,,0.0025,,,0.3481,4.922,,,4.4308,,0.0992,,,,,0.0879,0.1361,0.0024,0.0413,0.4786,,0.1949,,0.2377,2.9865,,,7.4689,,,0.0214,,0.0128,,0.0149,,,,0.0255,0.0834,0.0039,,0.3956,,,0.5421,,,,0.0045,1.0485,0.226,,0.2453,,,0.0353,,,0.1006,0.057,0.4103,0.2544,,0.0765,,0.2061,0.0001,,0.2755,,,,0.236,0.1042,0.0313,0.0097,1.1102,2.1989,,,0.5644,0.7062,0.0203,,0.339,,,,,,,0.2315,4.2037,44.3841,0.0153,,,,,,2.673,
LU1720938841,,,,,,,,,,,,,,,4.2,,,,,,,1.58,7.72,3.6,,,,3.72,,,,,,,,,,,,,,,,,,,,,,2.18,,6.71,7.68,,,,,,,,,,,,,,,,,,,,,,,7.03,,,8.15,,,,,,,,,,,,,,1.78,,5.99,,,,,2.48,,,,,,,,,,8.04,,,,,,,,,5.81,,,1.44,,,,,,,,,,,,,,21.89
LU1720938924,,,,,,,,,,,,,,,4.2,,,,,,,1.58,7.72,3.6,,,,3.72,,,,,,,,,,,,,,,,,,,,,,2.18,,6.71,7.68,,,,,,,,,,,,,,,,,,,,,,,7.03,,,8.15,,,,,,,,,,,,,,1.78,,5.99,,,,,2.48,,,,,,,,,,8.04,,,,,,,,,5.81,,,1.44,,,,,,,,,,,,,,21.89
LU1737652310,,,,,,0.5724,,,,,1.7153,,,,,,,,,,,,,,,,,,,2.5868,,,,,,,,1.772,15.2231,,,13.7777,,,,,,,,,,,,,0.6296,,,5.1959,,,,,,,,,,,,,,,,,,,,,,,,,,8.9662,,,0.9902,,,,,,,,,0.3161,,,,,,,,,,,,,,,,6.2076,,,5.3419,14.4596,,,,,,,,,,,22.2456,,,,,,,,,
LU1737652583,,,,,,,,,,,,,,,3.8811,,,,,,,0.4681,20.8141,0.1816,,,,0.1215,,,,,0.0718,,,,,,0.2602,,,,,0.5751,,,,,,0.3606,,11.4386,0.5251,,,,,,,,,,,,,0.5546,,,,,,,,,,1.0602,,,1.703,,,,,,,,,,,,,,0.409,0.2781,1.1934,,,0.4668,,,,,2.5307,,,,,,,3.3252,19.9025,,,,,,27.1968,,1.0598,,,0.4208,,,,1.2014,,,,,,,,,,
LU1737652823,,,,,5.8011,0.0348,,,,,0.9286,,,,,,,,,1.9753,,,,,,,,,,,,,,,,,,0.0745,1.8379,,,1.3926,,,,,,,3.1442,,,,,,0.0326,,0.5103,0.0127,,,7.8841,,,,,,,,,,,,,,,,,,,,,,,0.1179,0.2281,,0.0442,,,,,,,,,,,,,,,,,,,,3.0142,,,,0.1026,0.459,,,1.5403,1.4644,,,,,,,,,,,3.5013,65.8994,,,,,,,,
LU1737653631,,,,,1.546,,,,,,1.3666,,,,,,,,,2.196,,,,,,,,,,0.2002,,,,,,,,,6.5569,,,5.1485,,,,,,,,,,,,,,,,5.8239,,,14.2684,,,,,,,,,,,,,,,,,,,,,,,1.1117,,,,,,,,,,,,,,,,,,,,,,,,,,,,3.9263,,,0.1841,,,,,,,,,,,,6.4255,51.2459,,,,,,,,
LU1737653714,,,,,,3.5453,,,,,5.1125,,,,,,,,,,,,,,,,,,,,,,,,,,,1.8259,24.9368,,,19.9133,,,,,,,,,,,,,1.4165,,,22.699,,,,,,,,,,,,,,,,,,,,,,,,,,4.1333,,,,,,,,,,,,2.01,,,,,,,,,,,,,,,,14.4073,,,,,,,,,,,,,,,,,,,,,,,,
LU1737653987,,,,,1.8785,1.2453,,,,,1.4355,,,,0.0724,,,,,1.2475,,,0.2416,,,0.0496,0.0269,0.1799,,2.3326,,,,,0.0562,,,1.3834,18.89,,,11.2792,,0.6535,,,,,0.0448,0.1202,0.0864,,,,0.7429,,,4.2493,,,2.7649,,,,,,,,,,,,0.4524,,,,,,0.0547,,,,,5.2638,0.326,,0.7981,,,,,,,,0.4102,0.5384,,,,0.1625,,,,,,,,0.018,,,0.0271,6.1068,,,3.1616,2.2053,0.0295,,,,,,,,,,9.4136,22.0513,,,,,,,,
LU1737654019,,,,,1.8339,0.5469,,,,,0.8121,,0.0284,,0.0405,,0.0222,,,3.5659,,0.1791,10.0688,,,0.0187,0.0089,0.201,,0.3691,,,,,0.0025,,,0.3481,4.922,,,4.4308,,0.0992,,,,,0.0879,0.1361,0.0024,0.0413,0.4786,,0.1949,,0.2377,2.9865,,,7.4689,,,0.0214,,0.0128,,0.0149,,,,0.0255,0.0834,0.0039,,0.3956,,,0.5421,,,,0.0045,1.0485,0.226,,0.2453,,,0.0353,,,0.1006,0.057,0.4103,0.2544,,0.0765,,0.2061,0.0001,,0.2755,,,,0.236,0.1042,0.0313,0.0097,1.1102,2.1989,,,0.5644,0.7062,0.0203,,0.339,,,,,,,0.2315,4.2037,44.3841,0.0153,,,,,,2.673,
LU1750178011,,,,,,,,,,,,,,,,,,,,,,,,,,,,,,,,,,,,,,,,,,,,,,,,,,,,,,,,,,,,,,,,,,,,,,,,,,,,,,,,,,,,,,,,,,,,,,,,,,,,,,,,,,,,,,,,,,,,,,,,,,,,,,,,,,,,,,,,
LU1753045332,,,,,,,,,,,2.4155,,,,,,,,,,,,,,,,,,,2.912,,,,,,,,3.0278,14.2917,,,8.4081,,,,,,,,,,,,,1.7611,,,3.6493,,,,,,,,,,,,,,,0.3957,,,,,,,,,,,11.3531,,,2.9256,,,,,,,,,0.1252,,,,,,,,,,,,,,,,4.9937,,,6.2552,17.3933,,,,,,,,,,,19.0321,0.254,,,,,,0.8066,,
LU1753045415,,,,,,,,,,,2.4155,,,,,,,,,,,,,,,,,,,2.912,,,,,,,,3.0278,14.2917,,,8.4081,,,,,,,,,,,,,1.7611,,,3.6493,,,,,,,,,,,,,,,0.3957,,,,,,,,,,,11.3531,,,2.9256,,,,,,,,,0.1252,,,,,,,,,,,,,,,,4.9937,,,6.2552,17.3933,,,,,,,,,,,19.0321,0.254,,,,,,0.8066,,
LU1753045845,,,,,,,,,,,,,,,,,,,,,,,,,,,,,,,,,,,,,,,,,,,,,,,,,,,,,,,,,,,,,99.9931,,,,,,,,,,,,,,,,,,,,,,,,,,,,,,,,,,,,,,,,,,,,,,,,,,,,,,,,,,,,,,,,,,,,,,,,,0.0069,,
LU1753045928,,,,,,,,,,,,,,,,,,,,,,,,,,,,,,,,,,,,,,,,,,,,,,,,,,,,,,,,,,,,,99.9931,,,,,,,,,,,,,,,,,,,,,,,,,,,,,,,,,,,,,,,,,,,,,,,,,,,,,,,,,,,,,,,,,,,,,,,,,0.0069,,
LU1772333404,,,,,1.1601,0.6414,,,,,1.4312,,0.0917,,0.048,,,,,,,0.1238,0.356,,,,,0.0226,,2.6869,,,,,,,0.0156,1.8926,14.0631,,0.0199,13.0833,,,,,,,0.2226,,,,,,0.76,,0.022,5.4552,,,,0.0952,0.0233,,,,,,,,,,0.3407,,,,,,,,,,,10.8402,,,1.1627,,,,,,,,0.9811,0.2672,,,,,,,,,,,0.2138,,,0.0,0.0527,5.788,,,4.7633,14.2507,,,,,,,,,,0.0,19.0311,0.028,,,,,,,,0.0661
LU1778293313,,,,,1.8339,0.5469,,,,,0.8121,,0.0284,,0.0405,,0.0222,,,3.5659,,0.1791,10.0688,,,0.0187,0.0089,0.201,,0.3691,,,,,0.0025,,,0.3481,4.922,,,4.4308,,0.0992,,,,,0.0879,0.1361,0.0024,0.0413,0.4786,,0.1949,,0.2377,2.9865,,,7.4689,,,0.0214,,0.0128,,0.0149,,,,0.0255,0.0834,0.0039,,0.3956,,,0.5421,,,,0.0045,1.0485,0.226,,0.2453,,,0.0353,,,0.1006,0.057,0.4103,0.2544,,0.0765,,0.2061,0.0001,,0.2755,,,,0.236,0.1042,0.0313,0.0097,1.1102,2.1989,,,0.5644,0.7062,0.0203,,0.339,,,,,,,0.2315,4.2037,44.3841,0.0153,,,,,,2.673,
LU1781541096,,,,,,,,,,,,,0.2624,,,,,,,,0.0328,,,,,,,,,,,,,,,,,,0.0688,,,0.0563,,,,,0.0652,,,,,,,,0.3689,0.1295,0.1001,,,,,3.9579,,,,,,,,,,,,,,,,,,,,,,0.022,,,,,,,,,,,,,,,,,,,,,,,,,,,,0.5453,,,,0.3362,,,,,,,,,,,94.0545,,,,,,,,,
LU1781541252,,,,,,,,,,,,,,,,,,,,,,,,,,,,,,,,,,,,,,,,,,,,,,,,,,,,,,,,,,,,,100.0,,,,,,,,,,,,,,,,,,,,,,,,,,,,,,,,,,,,,,,,,,,,,,,,,,,,,,,,,,,,,,,,,,,,,,,,,,,
LU1781541849,,,,,,,,,,,,,,,,,,,,,,,25.659,,,,,,,,,,,,,,,,,,,,,,,,,,,,,13.8658,0.5908,,,,,,,,,,,,,,,,,,,,,,,1.2419,,,,,,,,,,,,,,,,,,0.2838,,,,,,,,,,,,,,,,,24.0404,,,,,,33.1625,,1.1557,,,,,,,,,,,,,,,,,
LU1804202403,,,,,,1.49,,,,,2.86,,,,,,,,,,,,,,,,,,,,,,,,,,,5.52,24.64,,,22.15,,,,,,,,,,,,,2.61,,,12.01,,,,,,,,,,,,,,,,,,,,,,,,,,12.84,,,,,,,,,,,,,,,,,,,,,,,,,,,,11.66,,,,,,,,,,,,,,,,,,,,,,,,4.22
LU1805389258,,,,,,1.36,,,,,1.8,,,,,,,,,,,,,,,,,,,,,,,,,,,1.56,16.48,,,12.22,,,,,,,,,,,,,,,,6.38,,,,,,,,,,,,,,,,,,,,,,,,,,4.87,,,,,,,,,,,,,,,,,,,,,,,,,,,,8.97,,,,,,,,,,,,,,,,,,,,,,,,46.36
LU1805389506,,,,,,1.36,,,,,1.8,,,,,,,,,,,,,,,,,,,,,,,,,,,1.56,16.48,,,12.22,,,,,,,,,,,,,,,,6.38,,,,,,,,,,,,,,,,,,,,,,,,,,4.87,,,,,,,,,,,,,,,,,,,,,,,,,,,,8.97,,,,,,,,,,,,,,,,,,,,,,,,46.36
LU1806495575,,,,,1.0584,,,,,,,,0.0655,,0.1459,,,,,3.0177,,0.0097,0.3343,,,,,,,,,,,,,,,0.01,0.0954,,,0.5954,,,,,,,0.0306,,,,,,0.6245,,,,,,3.0442,,,,,,,,,,,,0.1063,,,,,,0.2034,,,,,0.6964,,,,,,,,,,,,,,,,,,,,,,,,,,,,0.8977,,,,0.3048,0.1181,,,,,,,,,,5.183,83.4588,,,,,,,,
LU1812090543,,,,,,1.0045,,,,,1.8684,,,,,,,,,,,,,,,,0.1911,,,,,,,,,,,1.2471,27.0691,,,9.1559,,2.2369,,,,,,,,,,,0.6718,,,13.2259,,,4.2423,,,,,,,,,,,,3.6766,,,,,,,,,,,4.1184,,,,,,,,,,,,2.5435,,,,,,,,,,,,,,,,5.0228,,,4.6143,0.2613,,,,,,,,,,,6.3038,12.5464,,,,,,,,
LU1812091194,,,,,,0.3013,,,,,8.0988,,,,,,,,,,,,,,,,,,,,,,,,,,,0.6409,16.0276,,,12.1442,,,,,,,,,,,,,0.2842,,,0.1069,,,,,,,,,,,,,,,,,,,,,,,,,,1.0263,,,0.3691,,,,,,,,,,,,,,,,,,,,,,,,,4.003,,,13.386,12.7229,,,,,,,,,,,30.8888,,,,,,,,,
LU1812092168,,,,,,,,,,,2.8611,,,,,,,,,,,,,,,,,,,2.3965,,,,,,,,,24.8508,,,6.9079,,,,,,,,,,,,,,,,3.1108,,,,,,,,,,,,,,,,,,,,,,,,,,21.4109,,,4.3934,,,,,,,,3.0211,,,,,,,,,,,,,,,,,,,,,2.1561,,,,,,,,,,,28.8915,,,,,,,,,
LU1829218749,,,,,,,,,,,,,,,,,,,,,,,,,,,,,,,,,,,,,,,,,,,,,,,,,,,,,,,,,,,,,,,,,,,,,,,,,,,,,,,,,,,,,,,,,,,,,,,,,,,,,,,,,,,,,,,,,,,,,,,,,,,,,,,,,,,,,,,,
LU1829218822,,,,,2.2151,0.1855,,,,,1.1391,,,,,,,,,,,,,,,,,,,3.1485,,,,,,,,0.3761,15.9343,,,13.6842,,,,,,,,,,,,,0.8808,,,2.4078,,,2.7652,,,,,,,,,,,,0.7841,,,,,,,,,,,3.3311,,,,,,,,,,,,0.7491,,,,,,,,,,,,,,,,4.7652,,,2.1861,1.4788,,,,,,,,,,,10.2743,33.6948,,,,,,,,
LU1829219127,,,,,2.3079,0.9341,,,,,1.8082,,,,,,,,,0.3969,,,,,,,0.0624,,,2.9332,,,,,,,,1.3211,15.221,,,9.9664,,0.1317,,,,,0.1613,,0.3598,,,,0.7285,,,3.1723,,,1.9527,,,,,,,,,,,,1.8246,,,,,,,,,,,6.4284,0.4138,,0.5099,,,,,,,,,0.4275,,,,,,,,,,,0.0666,0.0917,,,,7.8628,,,3.9308,2.3446,,,,,,,,,,,10.5965,24.0452,,,,,,,,
LU1829219390,,,,,,4.4361,,,,,2.4806,,,,,,,,,,,,,,,,,,,,,,,,,,,4.524,14.7064,,,6.179,,,,,,,,,,,,,3.1073,,,24.2735,,,,,,,,,,,,,,,,,,,,,,,,,,8.7551,,,,,,,,,,,,0.7406,,,,,,,,,,,,,,,,30.7975,,,,,,,,,,,,,,,,,,,,,,,,
LU1829219556,,,,,,5.3071,,,,,,,,,,,,,,,,,,,,,,,,,,,,,,,,2.8656,27.8405,,,50.1765,,,,,,,,,,,,,,,,,,,,,,,,,,,,,,,,,,,,,,,,,,13.8104,,,,,,,,,,,,,,,,,,,,,,,,,,,,,,,,,,,,,,,,,,,,,,,,,,,,
LU1829219713,,,,,,5.3002,,,,,,,,,,,,,,,,,,,,,,,,,,,,,,,,2.8637,27.7669,,,50.282,,,,,,,,,,,,,,,,,,,,,,,,,,,,,,,,,,,,,,,,,,13.7873,,,,,,,,,,,,,,,,,,,,,,,,,,,,,,,,,,,,,,,,,,,,,,,,,,,,
LU1829220133,,,,,1.4315,0.0802,,,,,0.2401,,,,0.4491,,,,,3.0734,,0.0542,2.4369,0.021,,,,0.0138,,0.3615,,,0.0085,,,,,0.248,2.1304,,,1.9348,,0.0666,,,,,0.389,0.0415,,1.3274,0.0569,,0.0881,,0.2479,0.7273,,,4.9708,,,,,0.0642,,,,,,,,,,0.1127,,,0.1961,,,,,1.2549,0.0396,,0.1386,,,,,,0.0469,0.0336,0.1376,0.0451,,0.0545,,,,,0.2918,,,,0.3977,,,0.3847,2.2897,0.8677,,,0.7522,2.0237,3.1442,,0.1139,,,0.0467,,,,0.1394,3.1129,63.9129,,,,,,,,
LU1829220216,,,,,1.4315,0.0802,,,,,0.2401,,,,0.4491,,,,,3.0734,,0.0542,2.4369,0.021,,,,0.0138,,0.3615,,,0.0085,,,,,0.248,2.1304,,,1.9348,,0.0666,,,,,0.389,0.0415,,1.3274,0.0569,,0.0881,,0.2479,0.7273,,,4.9708,,,,,0.0642,,,,,,,,,,0.1127,,,0.1961,,,,,1.2549,0.0396,,0.1386,,,,,,0.0469,0.0336,0.1376,0.0451,,0.0545,,,,,0.2918,,,,0.3977,,,0.3847,2.2897,0.8677,,,0.7522,2.0237,3.1442,,0.1139,,,0.0467,,,,0.1394,3.1129,63.9129,,,,,,,,
LU1829221024,,,,,,,,,,,,,,,,,,,,0.9647,0.4592,,,,,,,,,,,,,,,,,,,,,,,,,,,,,,,,,,1.8042,,,,,,,,,,,,,,,,,,,,,,,,,,,,,1.3822,,,,,,,,,,,,,,,,,,,,,,,,,,,,,,,,,,,,,,,,,,,0.676,94.7136,,,,,,,,
LU1832418773,,,,,5.7905,0.0345,,,,,0.9268,,,,,,,,,1.9779,,,,,,,,,,,,,,,,,,0.0733,1.8342,,,1.3898,,,,,,,3.1361,,,,,,0.0325,,0.5098,0.0122,,,7.8704,,,,,,,,,,,,,,,,,,,,,,,0.1174,0.2255,,0.0422,,,,,,,,,,,,,,,,,,,,3.0125,,,,0.0983,0.4581,,,1.5319,1.456,,,,,,,,,,,3.535,65.9348,,,,,,,,
LU1834983477,,,,,,2.733,,,,,1.5278,,,,,,,,,,,,,,,,,,,2.3183,,,,,,,,2.7871,9.0603,,,3.8068,,,,,,,,,,,,,1.9144,,,14.9548,,,,,,,,,,,,,,,,,,,,,,,,,,5.3935,,,1.4965,,,,,,,,2.4495,0.4563,,,,,,,,,,,,,,,,18.9741,,,4.1313,0.4265,,,,,,,,,,,27.5699,,,,,,,,,
LU1834983550,,,,,,1.43,,,,,1.44,,,,,,,,,,,,,,,,,,,,,,,,,,,3.85,,,,1.42,,,,,,,,,,,,,,,,,,,,,,,,,,,,,,,7.22,,,,,,1.85,,,,,,,,3.25,,,,,,,,4.18,,,,,,,,,,,,,,,,,,,,10.52,14.22,,,,,,,,,,,48.84,,,,,,,,,1.78
LU1834983634,,,,,,0.8069,,,,,1.7387,,,,,,,,,,,,,,,,,,,,,,,,,,,2.3068,22.2977,,,14.6913,,,,,,,,,,,,,,,,,,,,,,,,,,,,,,,,,,,,,,,,,,2.5572,,,2.8264,,,,,,,,2.256,,,,,,,,,,,,,,,,,0.5317,,,5.6769,5.1743,,,,,,,,,,,39.1361,,,,,,,,,
LU1834985845,,,,,,,,,,,7.7058,,,,,,,,,,,,,,,,,,,1.4123,,,,,,,,0.6258,6.86,,,0.7307,,,,,,,,,,,,,1.8339,,,0.3701,,,,,,,,,,,,,,,,,,,,,,,,,,8.2745,,,2.2019,,,,,,,,0.779,0.4975,,,,,,,,,,,,,,,,0.22,,,2.0596,24.8538,,,,,,,,,,,41.5751,,,,,,,,,
LU1834986900,,,,,,,,,,,5.0814,,,,,,,,,,,,,,,,,,,11.0093,,,,,,,,0.5158,10.0509,,,7.2289,,,,,,,,,,,,,,,,0.3506,,,,,,,,,,,,,,,,,,,,,,,,,,1.094,,,,,,,,,,,,,,,,,,,,,,,,,,,,0.1769,,,1.0992,41.7471,,,,,,,,,,,21.6459,,,,,,,,,
LU1834987890,,,,,,0.2911,,,,,0.2231,,,,,,,,,,,,,,,,,,,2.5213,,,,,,,,2.6085,27.0704,,,16.7262,,,,,,,,,,,,,0.6297,,,2.856,,,,,,,,,,,,,,,,,,,,,,,,,,2.88,,,0.9109,,,,,,,,0.1577,,,,,,,,,,,,,,,,,3.0225,,,10.8989,13.143,,,,,,,,,,,16.0604,,,,,,,,,
LU1834987973,,,,,,,,,,,1.3856,,,,,,,,,,,,,,,,,,,0.8,,,,,,,,2.9826,10.3823,,,31.7977,,,,,,,,,,,,,,,,7.2084,,,,,,,,,,,,,,,,,,,,,,,,,,5.0384,,,1.6105,,,,,,,,1.1827,,,,,,,,,,,,,,,,,0.5095,,,,23.3337,,,,,,,,,,,13.7685,,,,,,,,,
LU1834988278,,,,,,2.6795,,,,,,,,,,,,,,,,,,,,,,,,7.6352,,,,,,,,3.7764,3.9988,,,16.3032,,,,,,,,,,,,,,,,18.0864,,,,,,,,,,,,,,,,,,,,,,,,,,1.9809,,,3.8028,,,,,,,,,2.3427,,,,,,,,,,,,,,,,9.3861,,,,,,,,,,,,,,,30.0081,,,,,,,,,
LU1834988518,,,,,,0.4318,,,,,,,,,,,,,,,,,,,,,,,,,,,,,,,,,4.7436,,,30.4155,,,,,,,,,,,,,,,,4.2307,,,,,,,,,,,,,,,,,,,,,,,,,,41.0996,,,0.7771,,,,,,,,0.33,,,,,,,,,,,,,,,,,3.5016,,,3.5543,2.2296,,,,,,,,,,,8.6863,,,,,,,,,
LU1834988609,,,,,,,,,,,,,,,,,,,,,,,,,,,,,,,,,,,,,,13.624,9.2941,,,28.5224,,,,,,,,,,,,,,,,3.6167,,,,,,,,,,,,,,,,,,,,,,,,,,4.2734,,,2.1466,,,,,,,,,,,,,,,,,,,,,,,,,7.3375,,,11.7351,6.3786,,,,,,,,,,,13.0716,,,,,,,,,
LU1834988781,,,,,,,,,,,0.3674,,,,,,,,,,,,,,,,,,,0.7697,,,,,,,,,34.6494,,,14.025,,,,,,,,,,,,,1.8267,,,7.446,,,,,,,,,,,,,,,,,,,,,,,,,,1.581,,,,,,,,,,,1.9357,,,,,,,,,,,,,,,,,6.4304,,,1.7748,11.2124,,,,,,,,,,,17.9817,,,,,,,,,
LU1834988864,,,,,,0.6395,,,,,1.0478,,,,,,,,,,,,,,,,,,,1.3935,,,,,,,,1.4657,12.2292,,,12.716,,,,,,,,,,,,,,,,16.7614,,,,,,,,,,,,,,,,,,,,,,,,,,,,,,,,,,,,,0.3564,2.9789,,,,,,,,,,,,,,,,26.2185,,,,0.4573,,,,,,,,,,,23.7358,,,,,,,,,
LU1841731745,,,,,,,,,,,,,,,,,,,,,,,89.91,,,,,,,,,,,,,,,,,,,,,,,,,,5.41,,,,,,1.83,,,,,,,,,,,,,,,,,,,,,,,,,,,,,,,,,,,,,,,,,,,,,,,,,,,,1.08,,,,,,,,,,,,,,,,,,,,,,,,,,,,,1.77
LU1847674733,,,,,,,,,,,3.82,,,,,,,,,,,,,,,,,,,,,,,,,,,1.67,25.09,,,22.58,,,,,,,,,,,,,2.19,,,9.34,,,,,,,,,,,,,,,,,,,,,,,,,,18.43,,,,,,,,,,,,,,,,,,,,,,,,,,,,13.8,,,,2.34,,,,,,,,,,,,,,,,,,,,0.74
LU1852211215,,,,,,,,,,,,,,,,,,,,,,,,,,,,,,,,,,,,,,,,,,,,,,,,,,,,,,,,,,,9.39,,,,,,,,,,,,,,,,,,,,,,,,,,,,,,,,,,,19.42,,,,,,,,,,,,,,,,,,,,,,,,,,,,,,,,,9.32,40.48,,,,,,,,
LU1852211561,,,,,,,,,,,,,,,,,,,,,,,,,,,,,,,,,,,,,,,,,,,,,,,,,,,,,,,,,,,9.39,,,,,,,,,,,,,,,,,,,,,,,,,,,,,,,,,,,19.42,,,,,,,,,,,,,,,,,,,,,,,,,,,,,,,,,9.32,40.48,,,,,,,,
LU1852211645,,,,,,,,,,,,,,,,,,,,,,,,,,,,,,,,,,,,,,,,,,,,,,,,,,,,,,,,,,,9.39,,,,,,,,,,,,,,,,,,,,,,,,,,,,,,,,,,,19.42,,,,,,,,,,,,,,,,,,,,,,,,,,,,,,,,,9.32,40.48,,,,,,,,
LU1852211991,,,,,,,,,,,,,,,,,,,,,,,,,,,,,,,,,,,,,,,,,,,,,,,,,,,,,,,,,,,9.39,,,,,,,,,,,,,,,,,,,,,,,,,,,,,,,,,,,19.42,,,,,,,,,,,,,,,,,,,,,,,,,,,,,,,,,9.32,40.48,,,,,,,,
LU1852212023,,,,,,,,,,,,,,,,,,,,,,,,,,,,,,,,,,,,,,,,,,,,,,,,,,,,,,,,,,,9.39,,,,,,,,,,,,,,,,,,,,,,,,,,,,,,,,,,,19.42,,,,,,,,,,,,,,,,,,,,,,,,,,,,,,,,,9.32,40.48,,,,,,,,
LU1852212965,,,,,,,,,,,,,,,,,,,,,,,,,,,,,,,,,,,,,,,,,,,,,,,,,,,,,,,,,,,9.39,,,,,,,,,,,,,,,,,,,,,,,,,,,,,,,,,,,19.42,,,,,,,,,,,,,,,,,,,,,,,,,,,,,,,,,9.32,40.48,,,,,,,,
LU1859444769,,,,,1.7321,0.9869,,,,,1.759,,,,,,,,,1.303,,,,,,,,0.1446,,1.7563,,,,,0.0222,,,0.8771,18.5147,,,6.4902,,0.6576,,,0.0583,,0.035,0.0887,,,,,3.3437,,,3.1356,,,2.1645,,,,,,,,,,0.1373,,2.0839,,,,,,,,,,,11.5021,0.2776,,0.6465,,,,,,,,0.4181,0.2148,,,,0.048,,,,,,,0.0722,,,,0.051,5.0304,,,3.1673,0.8681,,,,,,,,,,,11.5826,20.7222,,,,,,0.1085,,
LU1861132840,,,,,0.0249,,,,,,,,,,,,,,,0.9849,,,1.477,,,,,,,,,,,,,,,,1.1312,,,5.6737,,,,,,,0.0157,,,,,,,,0.2265,,,,2.3478,,,,,,,,,,,,,,,,,,,,,,,0.9003,,,,,,,,,,,,,,,,,,,,,,,,,,,0.0056,,,,1.1675,3.328,0.5648,,,,,,,,,,0.2059,81.9461,,,,,,,,
LU1861137484,,,,,,0.1694,,,,,1.2506,,,,,,,,,,,,,,,,,,,3.7886,,,,,,,,4.9268,18.9031,,,5.8564,,,,,,,,,,,,,0.4967,,,2.1245,,,,,,,,,,,,,,,,,,,,,,,,,,14.5213,,,1.9408,,,,,,,,,0.7128,,,,,,,,,,,,,,,,3.1038,,,4.6355,24.6658,,,,,,,,,,,12.9038,,,,,,,,,
LU1861138961,,,,,,,,,,,,,,,2.8446,,,,,,,0.4953,21.1473,0.9131,,,,0.0499,,,,,,,,,,,,,,,,0.2825,,,,,,,,7.5464,,,,,,,,,,,,,,,,,,,,,,,,1.2103,,,4.9359,,,,,,,,,,,,,,0.722,,1.9368,,,,,,,,,,,,,,,6.9944,14.4576,,,,,,33.6897,,0.9981,,,,,,,1.7762,,,,,,,,,,
LU1900065811,,,,,,,,,,,,,,,,,,,,,,,,,,,,,,,,,,,,,,,,,,,,,,,,,,,,,100.0,,,,,,,,,,,,,,,,,,,,,,,,,,,,,,,,,,,,,,,,,,,,,,,,,,,,,,,,,,,,,,,,,,,,,,,,,,,,,,,,,,,
LU1900066033,,,,,,,,,,,,,,,,,,,,,,,0.2855,,,,,,,,,,,,,,,,0.2189,,,0.5666,,,,,,,,,,,,,,,0.2525,,,,3.4979,,,,,,,,,,,,,,,,,,,,,,,5.0522,,,,,,,,,,,,,,,,,,,,,,,,,,,4.0197,,,,,,14.7797,,,,,,,,,,,71.3272,,,,,,,,
LU1900066207,,,,,,,,,,,,,,,100.0,,,,,,,,,,,,,,,,,,,,,,,,,,,,,,,,,,,,,,,,,,,,,,,,,,,,,,,,,,,,,,,,,,,,,,,,,,,,,,,,,,,,,,,,,,,,,,,,,,,,,,,,,,,,,,,,,,,,,,,,,
LU1900066462,,,,,,,,,,,,,,,,,,,,,,,,,,,,7.1301,,,,,,,,,,,,,,,,,,,,,,21.4991,,,,,,,,,,,,,,,,,,,,,,,,,,,,,,,,,,,,,,,,,,,,,71.3708,,,,,,,,,,,,,,,,,,,,,,,,,,,,,,,,,,,,,,,,,
LU1900066975,,,,,,,,,,,,,,,,,,,,,,,,,,,,,,,,,,,,,,,,,,,,,,,,,,,,,,,,,,,,,,,,,,,,,,,,,,,,,,,,,,,,,,,,,,,,,,,,,,,,,,,,,,,,,,,100.0,,,,,,,,,,,,,,,,,,,,,,,,,
LU1900067601,,,,,,,,,,,,,,,,,,,,,,,,,,,,,,,,,,,,,,,,,,,,,,,,,,,,,,,,,,,,,,,,,,,,,,,,,,,,,,,,,,,,,,,,,,,,,,,,,,,,,,,,,,,,,,,,,,,,,,,,,,100.0,,,,,,,,,,,,,,
LU1900067940,,,,,,,,,,,,,,,,,,,,,,,91.38,,,,,,,,,,,,,,,,,,,,,,,,,,6.3,,,,,,,,,,,,,,,,,,,,,,,,,,,,,,,,,,,,,,,,,,,,,,,,,,,,,,,,,,2.32,,,,,,,,,,,,,,,,,,,,,,,,,,,,,
LU1900068161,,,,,,,,,,,,,,,,,,,,,,,23.655,,,,,,,,,,,,,,,,,,,,,,,,,,3.7756,,,12.8852,0.5524,,,,,,,,,,,,,,,,,,,,,,,1.0938,,,,,,,,,,,,,,,,,,0.3257,,,,,,,,,,,,,3.8608,,,,22.2256,,,,,,30.5206,,1.1053,,,,,,,,,,,,,,,,,
LU1900068328,,,,,12.1591,,,,,,,,,,,,,,,,,,20.6992,,,,,,,,,,,,,,,,,,,,,,,,,,3.3038,,,11.2751,0.4834,,,,,,,,,,,,,,,,,,,,,,,0.9571,,,,,,,,,0.3364,,,,,,,,,0.285,,,,,,,,,,,,,3.3784,,,,19.4484,,,,,,26.7069,,0.9672,,,,,,,,,,,,,,,,,
LU1900068914,,,,,,,,,,,,,,,,,,,,,,,91.38,,,,,,,,,,,,,,,,,,,,,,,,,,6.3,,,,,,,,,,,,,,,,,,,,,,,,,,,,,,,,,,,,,,,,,,,,,,,,,,,,,,,,,,2.32,,,,,,,,,,,,,,,,,,,,,,,,,,,,,
LU1900069219,,,,,,,,,,,,,,,,,,,,,,,,,,,,,,,,,,,,,,,,,,,,,,,,,,,,,,,,,,,,,,,,,,,,,,,,,,,,,,,,,,,,,,,,,,,,,,,,,,,,,,,,,,,,,,,,,,,,,,,,,,,,,,,,,,,,,,,,
LU1910939849,,,,,1.2844,,,,,,,,,,,,,,,0.3952,,,,,,,,,,0.3345,,,,,,,,,9.8046,,,2.1746,,,,,,,,,,,,,,,,8.056,,,2.3322,,,,,,,,,,,,,,,,,,,,,,,,0.4402,,,,,,,,,,,,,,,,,,,,,,,,,,,4.0296,,,0.7334,,,,,,,,,,,,14.4058,56.0095,,,,,,,,
LU1910940268,,,,,1.2844,,,,,,,,,,,,,,,0.3952,,,,,,,,,,0.3345,,,,,,,,,9.8046,,,2.1746,,,,,,,,,,,,,,,,8.056,,,2.3322,,,,,,,,,,,,,,,,,,,,,,,,0.4402,,,,,,,,,,,,,,,,,,,,,,,,,,,4.0296,,,0.7334,,,,,,,,,,,,14.4058,56.0095,,,,,,,,
LU1910940425,,,,,1.2844,,,,,,,,,,,,,,,0.3952,,,,,,,,,,0.3345,,,,,,,,,9.8046,,,2.1746,,,,,,,,,,,,,,,,8.056,,,2.3322,,,,,,,,,,,,,,,,,,,,,,,,0.4402,,,,,,,,,,,,,,,,,,,,,,,,,,,4.0296,,,0.7334,,,,,,,,,,,,14.4058,56.0095,,,,,,,,
LU1920015440,,1.6243,2.7489,0.2337,,,0.2404,,2.9652,,,0.252,,0.276,3.3114,,0.1567,,,,,3.1744,3.4484,2.9845,0.9527,,,,0.1895,,3.0014,1.7046,2.9736,0.8787,,0.1166,,,,0.2102,0.1496,,0.697,,,1.1832,,0.2838,,2.9246,,0.706,4.2297,,0.6778,,,,0.8724,0.5524,,,0.5736,1.6693,1.1829,,0.1414,0.1713,0.484,,,,,,,2.5245,,,5.4138,,0.2675,,0.7088,,,2.4861,,2.9978,0.6103,2.8187,,0.7603,2.6238,3.1192,3.0754,,,,0.1451,2.8638,,,5.3907,0.2043,0.6429,,,,,2.8995,,,1.0827,0.2511,,,,,,,0.5268,4.3144,,,1.7455,,,0.0349,2.0764,0.7984,1.6637,,,,,0.011
LU1920015523,,,,,,,,,,,,,,,,,,,,,,,,,,,,,,,,,,,,,,,,,,,,,,,,,,,,,,,0.1513,,,,,,,,,,,,,,,,,,,,,,,,,,,,,,,,,,,,,,,,,,,,,,,,,,,,,,,,,,,,,,,,,,,,,,,,,99.8476,,,,,,,,0.0011
LU1920015796,,,,,,,,,,,,,,,,,,,,,,,,,,,,,,,,,,,,,,,,,,,,,,,,,,,,,,,0.2037,,,,,,,,,,,,,,,,,,,,,,,,,,,,,,,,,,,,,,,,,,,,,,,,,,,,,,,,,,,,,,,,,,,,,,,,0.0003,99.7952,,,,,,,,0.0009
LU1923163676,,,,,7.2695,,,,,,2.0759,,,,,,,,,15.719,,,,,,,,,,1.1021,,,,,,,,4.3471,9.7523,,,6.6547,,,,,,,,,,,,,1.3771,,,3.1274,,,0.1412,,,,,,,,,,,,2.7545,,,,,,,,,,,11.0325,,,0.6458,,,,,,,,,,,,,,,,,,,,,,,,,3.1091,,,3.3765,2.0488,,,,,,,,,,,12.0663,13.4002,,,,,,,,
LU1923163759,,,,,7.2695,,,,,,2.0759,,,,,,,,,15.719,,,,,,,,,,1.1021,,,,,,,,4.3471,9.7523,,,6.6547,,,,,,,,,,,,,1.3771,,,3.1274,,,0.1412,,,,,,,,,,,,2.7545,,,,,,,,,,,11.0325,,,0.6458,,,,,,,,,,,,,,,,,,,,,,,,,3.1091,,,3.3765,2.0488,,,,,,,,,,,12.0663,13.4002,,,,,,,,
LU1931974262,,,,,,0.7272,,,,,1.5546,,,,,,,,,,,,,,,,,,,2.624,,,,,,,,1.8259,14.1275,,,13.5251,,,,,,,,,,,,,0.8248,,,5.3087,,,,,,,,,,,,,,,,,,,,,,,,,,8.6064,,,1.361,,,,,,,,1.0655,0.3052,,,,,,,,,,,,,,,,5.8604,,,6.0571,13.5941,,,,,,,,,,,22.6324,,,,,,,,,
LU1931974429,,,,,,1.3774,,,,,2.9494,,,,,,,,,,,,,,,,,,,,,,,,,,,3.4637,26.8333,,,25.6759,,,,,,,,,,,,,1.57,,,10.0869,,,,,,,,,,,,,,,,,,,,,,,,,,16.3349,,,,,,,,,,,,0.5756,,,,,,,,,,,,,,,,11.133,,,,,,,,,,,,,,,,,,,,,,,,
LU1931974775,,,,,,,,,,,,,,,,,,,,,,,,,,,,,,,,,,,,,,,,,,,,,,,,,,,,,,,,,,,,,100.0,,,,,,,,,,,,,,,,,,,,,,,,,,,,,,,,,,,,,,,,,,,,,,,,,,,,,,,,,,,,,,,,,,,,,,,,,,,
LU1931975079,,,,,1.7396,1.2878,,,,,1.95,,0.0692,,0.0383,,,,,1.0455,,,0.1654,,,0.038,0.0233,0.2875,,2.1972,,,,,0.0368,,,1.2119,18.2243,,,12.9939,,0.4999,,,,,0.024,0.1101,0.0717,,,,0.5677,,,5.5916,,,2.143,,,,,,,0.0095,,,,0.0314,0.906,,,,0.0101,,0.0442,,,,,4.849,0.2345,,0.7012,,,,,,,,0.3762,0.5209,,,,0.1739,,,,,,,0.0141,0.0553,0.034,0.1008,0.0398,5.727,,,2.7254,2.0333,0.0223,,,,,,,,,,8.325,22.7495,,,,,,,,
LU1931975152,,,,,,3.581,,,,,5.1332,,,,,,,,,,,,,,,,,,,,,,,,,,,1.8427,25.1171,,,19.9039,,,,,,,,,,,,,1.4311,,,22.3007,,,,,,,,,,,,,,,,,,,,,,,,,,4.1338,,,,,,,,,,,,2.0276,,,,,,,,,,,,,,,,14.529,,,,,,,,,,,,,,,,,,,,,,,,
LU1931975236,,,,,1.7899,1.1365,,,,,1.599,,,,,,,,,2.5843,,,,,,,,,,,,,,,,,,,7.895,,,6.26,,,,,,,,,,,,,,,,7.0227,,,10.2379,,,,,,,,,,,,,,,,,,,,,,,1.3016,,,,,,,,,,,,,,,,,,,,,,,,,,,,4.5477,,,,,,,,,,,,,,,6.1048,49.5208,,,,,,,,
LU1931975319,,,,,,,,,,,,,,,,,,,,,,,,,,,,,,,,,,,,,,,,,,,,,,,,,,,,,,,,,,,,,,,,,,,,,,,,,,,,,,,,,,,,,,,,,,,,,,,,,,,,,,,,,,,,,,,,,,,,,,,,,,,,,,,,100.0,,,,,,,,
LU1940199711,,,,,,0.2791,,,,,1.4309,,,,,,,,,,,,,,,,,,,4.4828,,,,,,,,4.1801,18.3607,,,6.5385,,,,,,,,,,,,,1.1222,,,3.1343,,,,,,,,,,,,,,,,,,,,,,,,,,10.948,,,1.1791,,,,,,,,,0.3051,,,,,,,,,,,,,,,,4.9718,,,6.616,14.667,,,,,,,,,,,21.7846,,,,,,,,,
LU1940199984,,,,,,0.2791,,,,,1.4309,,,,,,,,,,,,,,,,,,,4.4828,,,,,,,,4.1801,18.3607,,,6.5385,,,,,,,,,,,,,1.1222,,,3.1343,,,,,,,,,,,,,,,,,,,,,,,,,,10.948,,,1.1791,,,,,,,,,0.3051,,,,,,,,,,,,,,,,4.9718,,,6.616,14.667,,,,,,,,,,,21.7846,,,,,,,,,
LU1953136287,,,,,1.7321,0.9869,,,,,1.759,,,,,,,,,1.303,,,,,,,,0.1446,,1.7563,,,,,0.0222,,,0.8771,18.5147,,,6.4902,,0.6576,,,0.0583,,0.035,0.0887,,,,,3.3437,,,3.1356,,,2.1645,,,,,,,,,,0.1373,,2.0839,,,,,,,,,,,11.5021,0.2776,,0.6465,,,,,,,,0.4181,0.2148,,,,0.048,,,,,,,0.0722,,,,0.051,5.0304,,,3.1673,0.8681,,,,,,,,,,,11.5826,20.7222,,,,,,0.1085,,
LU1953136527,,,,,,,,,,,,,,,,,,,,2.0272,,,,,,,,,,1.9689,,,,,,,,,14.0688,,,6.4026,,,,,,,,,,,,,5.7368,,,,,,8.4196,,,,,,,,,,,,,,,,,,,,,,,3.9363,,,,,,,,,,,,,,,,,,,,,,,,,,,,,,,2.141,2.2706,,,,,,,,,,,6.0182,46.837,,,,,,0.173,,
LU1953137681,,,,,,,,,,,5.0555,,,,,,,,,,,,,,,,,,,,,,,,,,,5.7947,26.1732,,,19.6573,,,,,,,,,,,,,3.2454,,,6.0583,,,,,,,,,,,,,,,0.6981,,,,,,,,,,,20.6827,,,,,,,,,,,,0.4278,,,,,,,,,,,,,,,,9.6411,,,,0.7925,,,,,,,,,,,1.0633,0.0011,,,,,,0.7092,,
LU1953188833,,,,,,,,,,,,,,,,,,,,,,,90.08,,,,,,,,,,,,,,,,,,,,,,,,,,6.3,,,,,,,,,,,,,,,,,,,,,,,,,,,,,,,,,,,,,,,,,,,,,,,,,,,,,,,,,,1.18,,,,,,,,,1.2,,,,,,,,,,,,,,,,,,,,1.24
LU1954152853,,,,,,,,,,,,,,,,,,,,0.9647,0.4592,,,,,,,,,,,,,,,,,,,,,,,,,,,,,,,,,,1.8042,,,,,,,,,,,,,,,,,,,,,,,,,,,,,1.3822,,,,,,,,,,,,,,,,,,,,,,,,,,,,,,,,,,,,,,,,,,,0.676,94.7136,,,,,,,,
LU1971906802,,,,,,,,,,,,,,,,,,,,,,,,,,,,,,,,,,,,,,2.05,28.5,,,29.79,,,,,,,,,,,,,,,,8.67,,,,,,,,,,,,,,,,,,,,,,,,,,16.5,,,,,,,,,,,,,,,,,,,,,,,,,,,,13.35,,,,,,,,,,,,,,,,,,,,,,,,1.14
LU1971906984,,,,,,,,,,,,,,,,,,,,,,,,,,,,,,,,,,,,,,2.05,28.5,,,29.79,,,,,,,,,,,,,,,,8.67,,,,,,,,,,,,,,,,,,,,,,,,,,16.5,,,,,,,,,,,,,,,,,,,,,,,,,,,,13.35,,,,,,,,,,,,,,,,,,,,,,,,1.14
LU1974693662,,,,,1.96,1.26,,,,,1.8,,,,,,,,,2.17,,,,,,,,,,,,,,,,,,,8.17,,,5.84,,,,,,,,,,,,,,,,4.62,,,10.73,,,,,,,,,,,,,,,,,,,,,,,1.45,,,,,,,,,,,,,,,,,,,,,,,,,,,1.4,3.33,,,,,,,,,,,,,,,7.8,25.83,,,,,,,,23.64
LU1974694041,,,,,1.96,1.26,,,,,1.8,,,,,,,,,2.17,,,,,,,,,,,,,,,,,,,8.17,,,5.84,,,,,,,,,,,,,,,,4.62,,,10.73,,,,,,,,,,,,,,,,,,,,,,,1.45,,,,,,,,,,,,,,,,,,,,,,,,,,,1.4,3.33,,,,,,,,,,,,,,,7.8,25.83,,,,,,,,23.64
LU1974694397,,,,,1.96,1.26,,,,,1.8,,,,,,,,,2.17,,,,,,,,,,,,,,,,,,,8.17,,,5.84,,,,,,,,,,,,,,,,4.62,,,10.73,,,,,,,,,,,,,,,,,,,,,,,1.45,,,,,,,,,,,,,,,,,,,,,,,,,,,1.4,3.33,,,,,,,,,,,,,,,7.8,25.83,,,,,,,,23.64
LU1974694470,,,,,1.96,1.26,,,,,1.8,,,,,,,,,2.17,,,,,,,,,,,,,,,,,,,8.17,,,5.84,,,,,,,,,,,,,,,,4.62,,,10.73,,,,,,,,,,,,,,,,,,,,,,,1.45,,,,,,,,,,,,,,,,,,,,,,,,,,,1.4,3.33,,,,,,,,,,,,,,,7.8,25.83,,,,,,,,23.64
LU1974694553,,,,,1.96,1.26,,,,,1.8,,,,,,,,,2.17,,,,,,,,,,,,,,,,,,,8.17,,,5.84,,,,,,,,,,,,,,,,4.62,,,10.73,,,,,,,,,,,,,,,,,,,,,,,1.45,,,,,,,,,,,,,,,,,,,,,,,,,,,1.4,3.33,,,,,,,,,,,,,,,7.8,25.83,,,,,,,,23.64
LU1974694637,,,,,1.96,1.26,,,,,1.8,,,,,,,,,2.17,,,,,,,,,,,,,,,,,,,8.17,,,5.84,,,,,,,,,,,,,,,,4.62,,,10.73,,,,,,,,,,,,,,,,,,,,,,,1.45,,,,,,,,,,,,,,,,,,,,,,,,,,,1.4,3.33,,,,,,,,,,,,,,,7.8,25.83,,,,,,,,23.64
LU1974695790,,,,,,,,,,,,,,,1.36,,,,,,,4.59,2.11,,,,,,,,,,,,,,,,,,,,,,,,,,4.78,3.88,,2.35,4.74,,,,,,,,,,,1.47,,1.15,,,,,,,,,,1.48,,,4.29,,,,,,,,,2.75,,3.38,,,3.53,4.84,4.74,,,1.55,,2.84,,,3.76,,,,1.69,,,1.35,3.82,,,,,,,,,,,,,,,3.24,1.86,3.27,3.0,,,,,,,22.18
LU1974696095,,,,,,,,,,,,,,,1.36,,,,,,,4.59,2.11,,,,,,,,,,,,,,,,,,,,,,,,,,4.78,3.88,,2.35,4.74,,,,,,,,,,,1.47,,1.15,,,,,,,,,,1.48,,,4.29,,,,,,,,,2.75,,3.38,,,3.53,4.84,4.74,,,1.55,,2.84,,,3.76,,,,1.69,,,1.35,3.82,,,,,,,,,,,,,,,3.24,1.86,3.27,3.0,,,,,,,22.18
LU1974696418,,,,,,,,,,,,,,,1.36,,,,,,,4.59,2.11,,,,,,,,,,,,,,,,,,,,,,,,,,4.78,3.88,,2.35,4.74,,,,,,,,,,,1.47,,1.15,,,,,,,,,,1.48,,,4.29,,,,,,,,,2.75,,3.38,,,3.53,4.84,4.74,,,1.55,,2.84,,,3.76,,,,1.69,,,1.35,3.82,,,,,,,,,,,,,,,3.24,1.86,3.27,3.0,,,,,,,22.18
LU1981859819,,,,,2.4067,1.7068,,,,,1.8258,,,,,,,,,2.8786,,0.6448,,,,,,,,1.7484,,,,,,,,2.038,11.1874,,,25.8918,,,,,,,1.056,0.3946,,,,,1.5081,,,3.1447,,,1.0933,,,,,,,,,,,,0.7498,,,,,,,,,,,6.7966,0.4721,,0.7806,,,,,,,,0.2844,0.4315,,,,0.1719,,,1.1038,,,,,,,,,4.4322,,,3.7882,,,,,,,,,,,,6.682,7.5373,,,,,,,9.2445,
LU1981860072,,,,,2.4067,1.7068,,,,,1.8258,,,,,,,,,2.8786,,0.6448,,,,,,,,1.7484,,,,,,,,2.038,11.1874,,,25.8918,,,,,,,1.056,0.3946,,,,,1.5081,,,3.1447,,,1.0933,,,,,,,,,,,,0.7498,,,,,,,,,,,6.7966,0.4721,,0.7806,,,,,,,,0.2844,0.4315,,,,0.1719,,,1.1038,,,,,,,,,4.4322,,,3.7882,,,,,,,,,,,,6.682,7.5373,,,,,,,9.2445,
LU1981860239,,,,,2.4067,1.7068,,,,,1.8258,,,,,,,,,2.8786,,0.6448,,,,,,,,1.7484,,,,,,,,2.038,11.1874,,,25.8918,,,,,,,1.056,0.3946,,,,,1.5081,,,3.1447,,,1.0933,,,,,,,,,,,,0.7498,,,,,,,,,,,6.7966,0.4721,,0.7806,,,,,,,,0.2844,0.4315,,,,0.1719,,,1.1038,,,,,,,,,4.4322,,,3.7882,,,,,,,,,,,,6.682,7.5373,,,,,,,9.2445,
LU1981860585,,,,,2.4067,1.7068,,,,,1.8258,,,,,,,,,2.8786,,0.6448,,,,,,,,1.7484,,,,,,,,2.038,11.1874,,,25.8918,,,,,,,1.056,0.3946,,,,,1.5081,,,3.1447,,,1.0933,,,,,,,,,,,,0.7498,,,,,,,,,,,6.7966,0.4721,,0.7806,,,,,,,,0.2844,0.4315,,,,0.1719,,,1.1038,,,,,,,,,4.4322,,,3.7882,,,,,,,,,,,,6.682,7.5373,,,,,,,9.2445,
LU1981860668,,,,,2.4067,1.7068,,,,,1.8258,,,,,,,,,2.8786,,0.6448,,,,,,,,1.7484,,,,,,,,2.038,11.1874,,,25.8918,,,,,,,1.056,0.3946,,,,,1.5081,,,3.1447,,,1.0933,,,,,,,,,,,,0.7498,,,,,,,,,,,6.7966,0.4721,,0.7806,,,,,,,,0.2844,0.4315,,,,0.1719,,,1.1038,,,,,,,,,4.4322,,,3.7882,,,,,,,,,,,,6.682,7.5373,,,,,,,9.2445,
LU1981860742,,,,,2.4067,1.7068,,,,,1.8258,,,,,,,,,2.8786,,0.6448,,,,,,,,1.7484,,,,,,,,2.038,11.1874,,,25.8918,,,,,,,1.056,0.3946,,,,,1.5081,,,3.1447,,,1.0933,,,,,,,,,,,,0.7498,,,,,,,,,,,6.7966,0.4721,,0.7806,,,,,,,,0.2844,0.4315,,,,0.1719,,,1.1038,,,,,,,,,4.4322,,,3.7882,,,,,,,,,,,,6.682,7.5373,,,,,,,9.2445,
LU2008760592,,,,,0.6511,1.3057,,,,,1.4399,,,,,,,,,1.3176,,,,,,,,0.2926,,2.4652,,,,,,,,1.0944,16.1716,,,6.6731,,1.2354,,,0.2197,,0.1333,0.0896,,,,,4.4573,,,3.7093,,,1.8892,,,,,,,,,,,,0.8682,,,,,,,,,,,12.6202,0.4572,,1.3143,,,,,,,,0.4609,0.3041,,,,,,,,,,,,,,,,6.6128,,,5.1466,1.0479,,,,,,,,,,,11.0368,16.7692,,,,,,0.2168,,
LU2008761053,,,,,1.2913,1.4591,,,,,1.4324,,,,,,,,,2.6605,,,,,,,,0.0893,,2.6688,,,,,0.0883,,,1.5023,16.0714,,,7.5565,,1.042,,,,,,0.182,,,,,2.5385,,,4.3184,,,1.683,,,,,,,,,,0.1097,,3.0503,,,,,,,,,,,11.4389,0.5066,,1.2248,,,,,,,,0.7282,0.2749,,,,0.1679,,,,,,,,,,,,5.2268,,,2.9121,1.0265,,,,,,,,,,,10.8764,17.7503,,,,,,0.1228,,
LU2008763935,,,,,,0.2071,,,,,3.6608,,,,,,,,,,,,,,,,,,,,,,,,,,,1.3772,15.0142,,,11.4039,,,,,1.0155,,,,,,,,0.1802,,,,,,,,,,,,,,,,,,1.2351,,,,,,,,,,,0.9624,,,0.3154,,,,,,,,,,,,,,,,,,,,,,,,,3.8294,,,14.2675,14.6115,,,,,,,,,,,31.5507,0.0001,,,,,,0.369,,
LU2009147591,,,,,,3.4059,,,,,4.9364,,,,,,0.2403,,,,,,,,,0.276,,0.1061,,,,,,,0.068,,,1.7595,23.994,,,19.2257,,1.0316,,,,,,,,,,,1.7021,,,21.9758,,,,,,,,,,0.1191,,,,0.2478,0.203,,,,,,,,,,,3.9725,,,,,,,,,,,,1.9355,,,,,,,,,,,,0.7659,0.3579,,,13.8775,,,,,,,,,,,,,,,0.0001,-0.0003,,,,,,,,-0.2004
LU2009147757,,,,,,,,,,,,,,,,,,,,,,,,,,,,,,,,,,,,,,,,,,,,,,,,,,,,,,,1.13,,,,,,,,,,,,,,,,,,,,,,,,,,,,,,,,,,,,,,,,,,,,,,,,,,,,,,,,,,,,,,,,,,,,,,,,,97.7,,,,,,,,1.17
LU2009202107,,,,,,,,,,,,,,,4.9382,,,,,,,0.5958,,0.2308,,,,0.1512,,,,,0.0932,,,,,,,,,,,0.7327,,,,,,0.4559,,14.5951,0.6258,,,,,,,,,,,,,0.7064,,,,,,,,,,1.239,,,2.1562,,,,,,,,,,,,,,0.5158,0.3689,1.5135,,,0.5994,,,,,3.2081,,,,,,,4.2302,25.1751,,,,,,34.571,,1.252,,,0.5137,,,,1.5323,,,,,,,,,,
LU2018762653,,,,,,,,,,,,,,,,,,,,,,,,,,,,,,,,,,,,,,,,,,,,,,,,,,,,,,,,,,,,,,,,,,,,,,,,,,,,,,,,,,,,,,,,,,,,,,,,,,,,,,,,,,,,,,,,,,,,,,,,,,,,,,,,100.0,,,,,,,,
LU2018762901,,,,,,,,,,,,,,,,,,,,,,,,,,,,,,,,,,,,,,,,,,,,,,,,,,,,,,,,,,,,,,,,,,,,,,,,,,,,,,,,,,,,,,,,,,,,,,,,,,,,,,,,,,,,,,,,,,,,,,,,,,,,,,,,100.0,,,,,,,,
LU2023678282,,,,,,,,,,,,,,,,,,,,,,,2.92,,,,,,,,,,,,,,,,2.81,,,2.14,,,,,,,,,,,,,1.12,,,,,,1.05,,,,,,,,,,,,,,,,,,,,,,,2.27,,,,,,,,,,,,,,,,,,,,,,,,,,,,,,,,5.08,1.28,,,,,,,,,,,76.99,,,,,,,,4.34
LU2023678449,,,,,1.0907,,,,,,1.9078,,,,0.2171,,,,,1.7895,,,6.2278,,,,,,,0.3582,,,,,,,,,1.3458,,,1.5299,,,,,,,0.1417,,,,,,0.5606,,0.1361,0.1355,,,6.1193,,,,,,,,,,,,,,,,,,0.046,,,,,3.7494,,,0.1502,,,,,,,,,,,,,,,,,,,,,,,1.1557,0.1024,0.0597,,,0.611,3.4538,3.5655,,,,,,,,,,0.7759,64.7703,,,,,,,,
LU2023678878,,,,,0.7287,,,,,,,,,,1.0909,,,,,1.2311,,,6.7657,,,,,,,,,,,,,,,,0.359,,,3.4059,,,,,,,,,,,,,,,0.3914,0.0537,,,1.3044,,,,,,,,,,,,,,,,,,,,,,,2.5687,,,0.0769,,,,,,,,,,,,,,,,,,,,,,,0.1669,0.0096,0.0116,,,0.0252,2.747,0.2859,,,,,,,,,,0.1234,78.654,,,,,,,,
LU2023679090,,,,,1.4463,,,,,,,,,,0.5184,,,,,0.7648,,,2.8483,,,,,,,,,,,,,,,,0.7358,,,0.0216,,,,,,,0.0838,,,,,,,,,,,,30.4706,,,,,,,,,,,,,,,,,,,,,,,,,,,,,,,,,,,,,,,,,,,,,,,,,,3.7923,,,,,,3.3153,,,,,,,,,,0.3541,55.6487,,,,,,,,
LU2037748345,,,,,0.2653,,,,,,,,,,,,,,,1.0714,,,2.733,,,,,,,,,,,,,,,1.223,6.8305,,,2.233,,,,,,,,,,,,,,,0.9543,0.3801,,,15.9159,,,,,,,,,,,,,,,,,,,,,,,0.0768,,,0.1213,,,,,,,,,,,,,,,,,,,,0.6378,,,,1.051,,,,0.2227,3.1786,10.5838,,1.052,,,,,,,,2.3945,49.075,,,,,,,,
LU2037748774,,,,,1.5459,1.4968,,,,,1.2605,,,,0.0576,,,,,1.2952,,,0.1724,,,0.1151,0.0676,0.2382,,2.3675,,,,,0.057,,,1.6846,19.6186,,,11.549,,1.014,,,,,0.07,0.2238,0.0613,,,,0.6861,,0.0403,5.5255,,,1.9291,,,,,,,,,,,,0.4465,,,,,,0.1309,,,,,5.5625,0.5744,,1.3189,,,,,,,,0.6052,0.626,,,,0.0311,,,,,,,0.0339,0.0631,0.0568,,,7.226,,,4.1651,1.7831,,,,,,,,,,,7.2049,19.0955,,,,,,,,
LU2037749152,,,,,0.89,,,,,,0.7023,,,,,,,,,2.3712,,,0.1443,,,,,,,,,,,,,,,,0.43,,,0.4412,,,,,,,,,,,,,0.3898,,,,,,1.7852,,,,,,,,,,,,0.0404,,,,,,,,,,,0.352,,,,,,,,,,,,,,,,,,,,,,,,,,,,0.6397,,,,0.0744,,,,,,,,,,,4.2817,87.4578,,,,,,,,
LU2048727247,,,,,,5.58,,,,,8.72,,,,,,,,,,,,,,,,,,,,,,,,,,,5.68,20.89,,,21.9,,,,,,,,,,,,,1.72,,,14.92,,,,,,,,,,,,,,,1.64,,,,,,,,,,,7.97,,,,,,,,,,,,1.17,,,,,,,,,,,,,,,,8.61,,,,,,,,,,,,,,,,,,,,,,,,1.2
LU2050966394,,,,,,,,,,,,,,,4.6,,,,,,,,,,,,,,,,,,,,,,,,,,,,,,,,,,,,,13.3,,,,,,,,,,,,,,,,,,,,,,,,1.11,,,2.06,,,,,,,,,,,,,,,,1.11,,,,,,,,2.97,,,,,,,3.08,29.28,,,,,,33.86,,1.17,,,,,,,1.4,,,,,,,,,,6.06
LU2059756325,,,,,,0.5392,,,,,2.799,,,,,,,,,,,,,,,,,,,,,,,,,,,6.4015,39.5375,,,12.9315,,,,,,,,,,,,,2.2254,,,6.1803,,,,,,,,,,,,,,,,,,,,,,,,,,18.9709,,,,,,,,,,,,0.5893,,,,,,,,,,,,,,,,9.8254,,,,,,,,,,,,,,,,,,,,,,,,
LU2059756598,,,,,,0.1694,,,,,1.2506,,,,,,,,,,,,,,,,,,,3.7886,,,,,,,,4.9268,18.9031,,,5.8564,,,,,,,,,,,,,0.4967,,,2.1245,,,,,,,,,,,,,,,,,,,,,,,,,,14.5213,,,1.9408,,,,,,,,,0.7128,,,,,,,,,,,,,,,,3.1038,,,4.6355,24.6658,,,,,,,,,,,12.9038,,,,,,,,,
LU2059756754,,,,,,,,,,,,,,,2.8446,,,,,,,0.4953,21.1473,0.9131,,,,0.0499,,,,,,,,,,,,,,,,0.2825,,,,,,,,7.5464,,,,,,,,,,,,,,,,,,,,,,,,1.2103,,,4.9359,,,,,,,,,,,,,,0.722,,1.9368,,,,,,,,,,,,,,,6.9944,14.4576,,,,,,33.6897,,0.9981,,,,,,,1.7762,,,,,,,,,,
LU2069380306,,,,,,,,,,,,,,,,,,,,,,,,,,,,,,,,,,,,,,,21.41,,,12.12,,5.26,,,,,,,,,,,,,,22.34,,,,,,,,,,,,,,,,,,,,,,,,,,,,,,,,,,,,,,7.07,,,,,,,,,,,,,,,,18.1,,,,,,,,,,,,,,,,,,,,,,,,13.7
LU2082996112,,,,,,2.733,,,,,1.5278,,,,,,,,,,,,,,,,,,,2.3183,,,,,,,,2.7871,9.0603,,,3.8068,,,,,,,,,,,,,1.9144,,,14.9548,,,,,,,,,,,,,,,,,,,,,,,,,,5.3935,,,1.4965,,,,,,,,2.4495,0.4563,,,,,,,,,,,,,,,,18.9741,,,4.1313,0.4265,,,,,,,,,,,27.5699,,,,,,,,,
LU2082996385,,,,,,1.43,,,,,1.44,,,,,,,,,,,,,,,,,,,,,,,,,,,3.85,,,,1.42,,,,,,,,,,,,,,,,,,,,,,,,,,,,,,,7.22,,,,,,1.85,,,,,,,,3.25,,,,,,,,4.18,,,,,,,,,,,,,,,,,,,,10.52,14.22,,,,,,,,,,,48.84,,,,,,,,,1.78
LU2082996542,,,,,,0.8069,,,,,1.7387,,,,,,,,,,,,,,,,,,,,,,,,,,,2.3068,22.2977,,,14.6913,,,,,,,,,,,,,,,,,,,,,,,,,,,,,,,,,,,,,,,,,,2.5572,,,2.8264,,,,,,,,2.256,,,,,,,,,,,,,,,,,0.5317,,,5.6769,5.1743,,,,,,,,,,,39.1361,,,,,,,,,
LU2082997359,,,,,,,,,,,7.7058,,,,,,,,,,,,,,,,,,,1.4123,,,,,,,,0.6258,6.86,,,0.7307,,,,,,,,,,,,,1.8339,,,0.3701,,,,,,,,,,,,,,,,,,,,,,,,,,8.2745,,,2.2019,,,,,,,,0.779,0.4975,,,,,,,,,,,,,,,,0.22,,,2.0596,24.8538,,,,,,,,,,,41.5751,,,,,,,,,
LU2082997516,,,,,,,,,,,5.0814,,,,,,,,,,,,,,,,,,,11.0093,,,,,,,,0.5158,10.0509,,,7.2289,,,,,,,,,,,,,,,,0.3506,,,,,,,,,,,,,,,,,,,,,,,,,,1.094,,,,,,,,,,,,,,,,,,,,,,,,,,,,0.1769,,,1.0992,41.7471,,,,,,,,,,,21.6459,,,,,,,,,
LU2082997789,,,,,,0.2911,,,,,0.2231,,,,,,,,,,,,,,,,,,,2.5213,,,,,,,,2.6085,27.0704,,,16.7262,,,,,,,,,,,,,0.6297,,,2.856,,,,,,,,,,,,,,,,,,,,,,,,,,2.88,,,0.9109,,,,,,,,0.1577,,,,,,,,,,,,,,,,,3.0225,,,10.8989,13.143,,,,,,,,,,,16.0604,,,,,,,,,
LU2082997946,,,,,,,,,,,1.3856,,,,,,,,,,,,,,,,,,,0.8,,,,,,,,2.9826,10.3823,,,31.7977,,,,,,,,,,,,,,,,7.2084,,,,,,,,,,,,,,,,,,,,,,,,,,5.0384,,,1.6105,,,,,,,,1.1827,,,,,,,,,,,,,,,,,0.5095,,,,23.3337,,,,,,,,,,,13.7685,,,,,,,,,
LU2082998167,,,,,,2.6795,,,,,,,,,,,,,,,,,,,,,,,,7.6352,,,,,,,,3.7764,3.9988,,,16.3032,,,,,,,,,,,,,,,,18.0864,,,,,,,,,,,,,,,,,,,,,,,,,,1.9809,,,3.8028,,,,,,,,,2.3427,,,,,,,,,,,,,,,,9.3861,,,,,,,,,,,,,,,30.0081,,,,,,,,,
LU2082998837,,,,,,0.4318,,,,,,,,,,,,,,,,,,,,,,,,,,,,,,,,,4.7436,,,30.4155,,,,,,,,,,,,,,,,4.2307,,,,,,,,,,,,,,,,,,,,,,,,,,41.0996,,,0.7771,,,,,,,,0.33,,,,,,,,,,,,,,,,,3.5016,,,3.5543,2.2296,,,,,,,,,,,8.6863,,,,,,,,,
LU2082999058,,,,,,,,,,,,,,,,,,,,,,,,,,,,,,,,,,,,,,13.624,9.2941,,,28.5224,,,,,,,,,,,,,,,,3.6167,,,,,,,,,,,,,,,,,,,,,,,,,,4.2734,,,2.1466,,,,,,,,,,,,,,,,,,,,,,,,,7.3375,,,11.7351,6.3786,,,,,,,,,,,13.0716,,,,,,,,,
LU2082999132,,,,,,,,,,,0.3674,,,,,,,,,,,,,,,,,,,0.7697,,,,,,,,,34.6494,,,14.025,,,,,,,,,,,,,1.8267,,,7.446,,,,,,,,,,,,,,,,,,,,,,,,,,1.581,,,,,,,,,,,1.9357,,,,,,,,,,,,,,,,,6.4304,,,1.7748,11.2124,,,,,,,,,,,17.9817,,,,,,,,,
LU2082999215,,,,,,0.6395,,,,,1.0478,,,,,,,,,,,,,,,,,,,1.3935,,,,,,,,1.4657,12.2292,,,12.716,,,,,,,,,,,,,,,,16.7614,,,,,,,,,,,,,,,,,,,,,,,,,,,,,,,,,,,,,0.3564,2.9789,,,,,,,,,,,,,,,,26.2185,,,,0.4573,,,,,,,,,,,23.7358,,,,,,,,,
LU2082999306,,,,,,,,,,,,,,,,,,,,,,,,,,,,,,,,,,,,,,,,,,,,,,,,,,,,,,,,,,,,,,,,,,,,,,,,,,,,,,,,,,,,,,,,,,,,,,,,,,,,,,,,,,,,,,,,,,,,,,,,,,,,,,,,,,,,,,,,
LU2089238039,,,,,,0.7272,,,,,1.5546,,,,,,,,,,,,,,,,,,,2.624,,,,,,,,1.8259,14.1275,,,13.5251,,,,,,,,,,,,,0.8248,,,5.3087,,,,,,,,,,,,,,,,,,,,,,,,,,8.6064,,,1.361,,,,,,,,1.0655,0.3052,,,,,,,,,,,,,,,,5.8604,,,6.0571,13.5941,,,,,,,,,,,22.6324,,,,,,,,,
LU2089238112,,,,,,1.3774,,,,,2.9494,,,,,,,,,,,,,,,,,,,,,,,,,,,3.4637,26.8333,,,25.6759,,,,,,,,,,,,,1.57,,,10.0869,,,,,,,,,,,,,,,,,,,,,,,,,,16.3349,,,,,,,,,,,,0.5756,,,,,,,,,,,,,,,,11.133,,,,,,,,,,,,,,,,,,,,,,,,
LU2089238385,,,,,,,,,,,,,,,,,,,,,,,,,,,,,,,,,,,,,,,,,,,,,,,,,,,,,,,,,,,,,100.0,,,,,,,,,,,,,,,,,,,,,,,,,,,,,,,,,,,,,,,,,,,,,,,,,,,,,,,,,,,,,,,,,,,,,,,,,,,
LU2089238625,,,,,1.7396,1.2878,,,,,1.95,,0.0692,,0.0383,,,,,1.0455,,,0.1654,,,0.038,0.0233,0.2875,,2.1972,,,,,0.0368,,,1.2119,18.2243,,,12.9939,,0.4999,,,,,0.024,0.1101,0.0717,,,,0.5677,,,5.5916,,,2.143,,,,,,,0.0095,,,,0.0314,0.906,,,,0.0101,,0.0442,,,,,4.849,0.2345,,0.7012,,,,,,,,0.3762,0.5209,,,,0.1739,,,,,,,0.0141,0.0553,0.034,0.1008,0.0398,5.727,,,2.7254,2.0333,0.0223,,,,,,,,,,8.325,22.7495,,,,,,,,
LU2089238898,,,,,,3.581,,,,,5.1332,,,,,,,,,,,,,,,,,,,,,,,,,,,1.8427,25.1171,,,19.9039,,,,,,,,,,,,,1.4311,,,22.3007,,,,,,,,,,,,,,,,,,,,,,,,,,4.1338,,,,,,,,,,,,2.0276,,,,,,,,,,,,,,,,14.529,,,,,,,,,,,,,,,,,,,,,,,,
LU2089238971,,,,,1.7899,1.1365,,,,,1.599,,,,,,,,,2.5843,,,,,,,,,,,,,,,,,,,7.895,,,6.26,,,,,,,,,,,,,,,,7.0227,,,10.2379,,,,,,,,,,,,,,,,,,,,,,,1.3016,,,,,,,,,,,,,,,,,,,,,,,,,,,,4.5477,,,,,,,,,,,,,,,6.1048,49.5208,,,,,,,,
LU2089239193,,,,,,,,,,,,,,,,,,,,,,,,,,,,,,,,,,,,,,,,,,,,,,,,,,,,,,,,,,,,,,,,,,,,,,,,,,,,,,,,,,,,,,,,,,,,,,,,,,,,,,,,,,,,,,,,,,,,,,,,,,,,,,,,100.0,,,,,,,,
LU2089239276,,,,,0.89,,,,,,0.7023,,,,,,,,,2.3712,,,0.1443,,,,,,,,,,,,,,,,0.43,,,0.4412,,,,,,,,,,,,,0.3898,,,,,,1.7852,,,,,,,,,,,,0.0404,,,,,,,,,,,0.352,,,,,,,,,,,,,,,,,,,,,,,,,,,,0.6397,,,,0.0744,,,,,,,,,,,4.2817,87.4578,,,,,,,,
LU2090062352,,,,,,,,,,,,,,,,,,,,,,,,,,,,,,,,,,,,,,,,,,,,,,,,,,,,,,,,,,,,,,,,,,,,,,,,,,,,,,,,,,,,,,,,,,,,,,,,,,,,,,,,,,,,,,,,,,,,,,,,,,,,,,,,,,,,,,,,
LU2090062436,,,,,,,,,,,,,,,,,,,,,,,,,,,,,,,,,,,,,,,,,,100.0,,,,,,,,,,,,,,,,,,,,,,,,,,,,,,,,,,,,,,,,,,,,,,,,,,,,,,,,,,,,,,,,,,,,,,,,,,,,,,,,,,,,,,,,,,,,,,
LU2090062600,,,,,,,,,,,,,,,,,,,,,,,,,,,,,,,,,,,,,,,,,,100.0,,,,,,,,,,,,,,,,,,,,,,,,,,,,,,,,,,,,,,,,,,,,,,,,,,,,,,,,,,,,,,,,,,,,,,,,,,,,,,,,,,,,,,,,,,,,,,
LU2090062782,,,,,,4.6704,,,,,6.3465,,,,,,,,,,,,,,,,,,,,,,,,,,,1.8566,24.9589,,,19.996,,,,,,,,,,,,,2.0192,,,18.0226,,,,,,,,,,,,,,,,,,,,,,,,,,7.0646,,,,,,,,,,,,2.0746,,,,,,,,,,,,,,,,12.9907,,,,,,,,,,,,,,,,,,,,,,,,
LU2090062865,,,,,,3.7069,,,,,7.4079,,,,,,,,,,,,,,,,,,,,,,,,,,,1.7255,23.8065,,,15.7891,,,,,,,,,,,,,1.5622,,,24.6696,,,,,,,,,,,,,,,,,,,,,,,,,,3.7754,,,,,,,,,,,,1.5252,,,,,,,,,,,,,,,,16.0317,,,,,,,,,,,,,,,,,,,,,,,,
LU2090062949,,,,,,3.4924,,,,,6.0298,,,,,,,,,,,,,,,,,,,,,,,,,,,2.5275,26.9232,,,20.3824,,,,,,,,,,,,,1.4544,,,20.0087,,,,,,,,,,,,,,,,,,,,,,,,,,2.9616,,,,,,,,,,,,2.9653,,,,,,,,,,,,,,,,13.2546,,,,,,,,,,,,,,,,,,,,,,,,
LU2090063160,,,,,,,,,,,,,,,,,,,,,,,,,,,,7.1301,,,,,,,,,,,,,,,,,,,,,,21.4991,,,,,,,,,,,,,,,,,,,,,,,,,,,,,,,,,,,,,,,,,,,,,71.3708,,,,,,,,,,,,,,,,,,,,,,,,,,,,,,,,,,,,,,,,,
LU2090063327,,,,,,,,,,,,,,,,,,,,,,,0.2855,,,,,,,,,,,,,,,,0.2189,,,0.5666,,,,,,,,,,,,,,,0.2525,,,,3.4979,,,,,,,,,,,,,,,,,,,,,,,5.0522,,,,,,,,,,,,,,,,,,,,,,,,,,,4.0197,,,,,,14.7797,,,,,,,,,,,71.3272,,,,,,,,
LU2090063673,,,,,,,,,,,,,,,,,,,,,,,,,,,,,,,,,,,,,,,,,,,,,,,,,,,,,,,,,,,,,100.0,,,,,,,,,,,,,,,,,,,,,,,,,,,,,,,,,,,,,,,,,,,,,,,,,,,,,,,,,,,,,,,,,,,,,,,,,,,
LU2095995895,,,,,,,,,,,,,,,,,,,,,,,82.58,,,,,,,,,,,,,,,,,,,,,,,,,,,,,,,,,,,,,,,,,,,,,,,,,,,,,,,,,,,,,,,,,,,,,,,,,,,,,,,,,,,,,,,,,,,,,,,,,,,,,,,,,,,,,,,,,17.42
LU2098179695,,,,,,,,,,,,,,,,,,,,,,,,,,,,,,,,,,,,,,,,,,,,,,,,,,,,,,,,,,,,,81.74,,,,,,,,,,,,,,,,,,,,,,,,,,,,,,,,,,,,,,,,,,,,,,,,,,,,,,,,,,,,,,,,,,,,,,,,,,,18.26
LU2098180271,,,,,,,,,,,,,,,,,,,,,,,,,,,,,,,,,,,,,,,,,,,,,,,,,,,,,,,,,,,,,81.74,,,,,,,,,,,,,,,,,,,,,,,,,,,,,,,,,,,,,,,,,,,,,,,,,,,,,,,,,,,,,,,,,,,,,,,,,,,18.26
LU2099288503,,,,,,1.1094,,,,,1.586,,,,,,,,,2.3318,,,,,,,,,,,,,,,,,,0.5998,7.8792,,,6.2231,,,,,,,,,,,,,0.4724,,,7.0931,,,9.8831,,,,,,,,,,,,,,,,,,,,,,,1.2664,,,,,,,,,,,,0.6374,,,,,,,,,,,,0.257,,,,4.5285,,,,,,,,,,,,,,,6.3517,49.7811,,,,,,,,
LU2099289147,,,,,,1.1094,,,,,1.586,,,,,,,,,2.3318,,,,,,,,,,,,,,,,,,0.5998,7.8792,,,6.2231,,,,,,,,,,,,,0.4724,,,7.0931,,,9.8831,,,,,,,,,,,,,,,,,,,,,,,1.2664,,,,,,,,,,,,0.6374,,,,,,,,,,,,0.257,,,,4.5285,,,,,,,,,,,,,,,6.3517,49.7811,,,,,,,,
LU2099295466,,,,,0.772,0.2113,,,,,0.522,,,,,,,,,3.6026,,,,,,,,,,0.4156,,,,,,,,0.3453,6.9381,,,2.5673,,0.7022,,,,,,,,,,,0.1789,,,2.9134,,,4.1967,0.1226,,,,,,,,,,,0.8652,,,,,,,,,,,1.9283,,,,,,,,,,,,0.7106,,,,,,,,,,,,,,,,1.3137,,,1.1344,,,,,,,,,,,,3.9747,66.5848,,,,,,,,
LU2099296274,,,,,0.772,0.2113,,,,,0.522,,,,,,,,,3.6026,,,,,,,,,,0.4156,,,,,,,,0.3453,6.9381,,,2.5673,,0.7022,,,,,,,,,,,0.1789,,,2.9134,,,4.1967,0.1226,,,,,,,,,,,0.8652,,,,,,,,,,,1.9283,,,,,,,,,,,,0.7106,,,,,,,,,,,,,,,,1.3137,,,1.1344,,,,,,,,,,,,3.9747,66.5848,,,,,,,,
LU2099991536,,,,,,,,,,,,,,,,,,,,2.06,,,,,,,,,,,,,,,,,,,4.24,,,3.0,,,,,,,,,,,,,,,,,,,,,,,,,,,,,,,,,,,,,,,,,,1.5,,,,,,,,,,,,,,,,,,,,,,,,,,,,2.1,,,,,,,,,,,,,,,2.99,30.42,,,,,,,,53.69
LU2099991882,,,,,,,,,,,,,,,,,,,,2.06,,,,,,,,,,,,,,,,,,,4.24,,,3.0,,,,,,,,,,,,,,,,,,,,,,,,,,,,,,,,,,,,,,,,,,1.5,,,,,,,,,,,,,,,,,,,,,,,,,,,,2.1,,,,,,,,,,,,,,,2.99,30.42,,,,,,,,53.69
LU2099992005,,,,,,,,,,,,,,,,,,,,2.06,,,,,,,,,,,,,,,,,,,4.24,,,3.0,,,,,,,,,,,,,,,,,,,,,,,,,,,,,,,,,,,,,,,,,,1.5,,,,,,,,,,,,,,,,,,,,,,,,,,,,2.1,,,,,,,,,,,,,,,2.99,30.42,,,,,,,,53.69
LU2099992187,,,,,,,,,,,,,,,,,,,,2.06,,,,,,,,,,,,,,,,,,,4.24,,,3.0,,,,,,,,,,,,,,,,,,,,,,,,,,,,,,,,,,,,,,,,,,1.5,,,,,,,,,,,,,,,,,,,,,,,,,,,,2.1,,,,,,,,,,,,,,,2.99,30.42,,,,,,,,53.69
LU2099992260,,,,,,,,,,,,,,,,,,,,2.06,,,,,,,,,,,,,,,,,,,4.24,,,3.0,,,,,,,,,,,,,,,,,,,,,,,,,,,,,,,,,,,,,,,,,,1.5,,,,,,,,,,,,,,,,,,,,,,,,,,,,2.1,,,,,,,,,,,,,,,2.99,30.42,,,,,,,,53.69
LU2109787049,,,,,,,,,,,,,,,3.6487,,,,,,,0.4401,20.9555,0.3425,,,,0.117,,,,,0.0794,,,,,,,,,,,0.5781,,,,,,0.2292,,11.4189,0.5057,,,,,,,,,,,,,0.3284,,,,,,,,,,1.2238,,,1.91,,,,,,,,,,,,,,0.5469,0.1653,1.2458,,,0.4352,,,,,2.4486,,,,,,,3.452,19.8165,,,,,,27.4545,,0.9963,,,0.4519,,,,1.2096,,,,,,,,,,
LU2109787551,,,,,,,,,,,,,,,1.914,,,,,,,0.5768,27.7672,0.3313,,,,0.0829,,,,,0.0992,,,,,,,,,,,0.7463,,,,,,0.0783,,9.0311,0.0243,,,,,,,,,,,,,0.4318,,,,,,,,,,0.9352,,,1.9496,,,,,,,,,,,,,,0.4493,0.0757,1.2503,,,0.3024,,,,,1.1031,,,,,,,4.5257,16.6592,,,,,,29.6613,,0.6969,,,0.1704,,,,1.1379,,,,,,,,,,
LU2109787635,,,,,,0.3763,,,,,4.3304,,,,,,,,,,,,,,,,,,,,,,,,,,,9.1347,31.1235,,,12.9761,,,,,,,,,,,,,0.9703,,,7.2808,,,,,,,,,,,,,,,,,,,,,,,,,,27.4453,,,,,,,,,,,,0.4044,,,,,,,,,,,,,,,,5.9581,,,,,,,,,,,,,,,,,,,,,,,,
LU2130768844,,,,,,0.521,,,,,2.3182,,,,,,,,,,,,,,,,,,,3.0931,,,,,,,,2.9519,14.7462,,,10.6945,,,,,,,,,,,,,0.5901,,,5.5501,,,,,,,,,,,,,,,,,,,,,,,,,,8.7733,,,2.2184,,,,,,,,,0.8745,,,,,,,,,,,,,,,,6.6651,,,5.7376,17.0664,,,,,,,,,,,18.1995,,,,,,,,,
LU2133056387,,,,,,,,,,,,,,,,,,,,,,,,,,,,,,,,,,,,,,,,,,,,,,,,,,,,,,,,,,,,,100.0,,,,,,,,,,,,,,,,,,,,,,,,,,,,,,,,,,,,,,,,,,,,,,,,,,,,,,,,,,,,,,,,,,,,,,,,,,,
LU2158769930,,,,,,,,,,,,,,,6.8249,,,,,,,1.6183,10.5556,5.0672,,,,4.3759,,,,,,,,,,,,,,,,,,,,,,2.7483,,,8.8567,,,,,,,,,,,,,,,,,,,,,,,9.1871,,,9.666,,,,,,,,,,,,,,1.9727,,8.331,,,,,3.0522,,,,,,,,,,7.0903,,,,,,,,,7.732,,,0.9966,,,,,,2.2355,,,,,,,,9.6897
LU2178481649,,,,,1.4692,1.4223,,,,,1.2839,,,,,,,,,1.3422,,,0.1544,,,0.0694,,0.1712,,2.49,,,,,0.0498,,,1.3061,18.939,,,10.9193,,0.8424,,,,,0.0378,0.194,0.08,,,,1.223,,,3.8762,,,1.7267,,,,,,,,,,,,1.0601,,,,,,0.1509,,,,,6.637,0.4743,,1.1597,,,,,,,,0.4545,0.7892,,,,0.0878,,,,,,,0.0237,0.03,0.025,,,6.3376,,,4.0013,2.6528,,,,,,,,,,,8.1986,20.2024,,,,,,,,0.1182
LU2182388152,,,,,,,,,,,,,0.9965,,,,,,,,,,,,,,,,,,,,,,,,,,,,,,,,,,0.932,,,,,,,,,0.4807,,,,,,10.1853,,,,,,,,,,,,,,,,,,,,,,,,,,,,,,,,,,,,,,,,,,,,,,,,,,,,,,,,,,,,,,,,,87.4054,,,,,,,,,
LU2182388236,,,,,0.6509,2.4061,,,,,3.3891,,,,0.0156,,0.1349,,,1.2542,,0.1203,0.0495,,,0.1627,0.065,0.0841,,0.6423,,,,,0.0584,,,1.5874,20.4756,,,18.7604,,0.6897,,,,,0.0431,0.1875,0.0299,,0.0787,,0.8975,,0.0433,12.9043,,,0.626,,,,,,,0.0923,,,,0.1329,0.087,,,,,,0.0151,,,,,4.5939,0.1016,,0.5218,,,,,,0.0188,,0.4054,1.2223,,,,0.4581,,,,,,,0.075,0.4872,0.1959,,0.0609,9.1843,,,0.8647,0.5813,0.0075,,,,,,,,,,2.0751,4.4284,,,,,,,9.034,
LU2182388582,,,,,,1.0843,,,,,4.0018,,,,,,,,,,,,,,,,,,,,,,,,,,,5.5017,27.8782,,,20.9927,,,,,,,,,,,,,1.1829,,,10.0497,,,,,,,,,,,,,,,,,,,,,,,,,,16.1619,,,,,,,,,,,,1.5703,,,,,,,,,,,,,,,,11.5764,,,,,,,,,,,,,,,,,,,,,,,,
LU2182388665,,,,,,,,,,,,,,,,,,,,,,,,,,,,,,,,,,,,,,,,,,,,,,,,,,,,,,,,,,,,,,,,,,,,,,,,,,,,,,,,,,,,,,,,,,,,,,,,,,,,,,,,,,,,,,,,,,,,,,,,,,,,,,,,100.0,,,,,,,,
LU2182388749,,,,,,,,,,,,,,,,,,,,,,,,,,,,,,,,,,,,,,,,,,,,,,,,,,,,,,,,,,,,,,,,,,,,,,,,,,,,,,,,,,,,,,,,,,,,,,,,,,,,,,,,,,,,,,,,,,,,,,,,,,,,,,,,100.0,,,,,,,,
LU2194286006,,,,,,7.23,,,,,3.56,,,,,,,,,,,,,,,,,,,,,,,,,,,3.16,16.72,,,35.06,,,,,,,,,,,,,3.08,,,7.09,,,,,,,,,,,,,,,,,,,,,,,,,,8.35,,,,,,,,,,,,1.19,,,,,,,,,,,,,,,,9.3,,,,,,,,,,,,,,,,,,,,,,,,5.26
LU2194447293,,,,,2.0911,,,,,,,,,,,,,,,2.0817,,,,,,,,,,7.9458,,,,,,,,,7.644,,,5.6895,,,,,,,6.7508,,,,,,,,,3.7377,,,8.3878,,,,,,,,,,,,,,,,,,,,,,,2.3513,,,4.4586,,,,,,,,,1.9757,,,,,,,,,,,,,,,,1.9484,,,2.0218,10.2215,,,,,,,,,,,5.8094,26.8278,,,,,,0.057,,
LU2194449075,,,,,0.5159,0.2335,,,,,0.4136,,,,,,,,,0.4358,,,0.0591,,,,,,,1.5302,,,,,,,,1.4107,4.7574,,,5.0863,,,,,,,1.1773,,,,,,1.808,,,1.046,,,13.602,,,,,,,,,,,,0.9258,,,,,,,,,,,8.0697,,,0.5765,,,,,,,,,0.0157,,,,,,,,,,,0.5996,,,,,3.2261,,,0.9718,2.4713,,,,,,,,,,,6.7569,44.2202,,,,,,0.0906,,
LU2195226068,,,,,,1.4664,,,,,3.4218,,,,,,,,,,,,,,,,,,,,,,,,,,,4.4153,26.4324,,,22.9064,,,,,,,,,,,,,1.581,,,11.9709,,,,,,,,,,,,,,,0.1238,,,,,,,,,,,15.6343,,,,,,,,,,,,0.5808,,,,,,,,,,,,,,,,11.4668,,,,,,,,,,,,,,,,,,,,,,,,
LU2196472984,,,,,,,,,,,,,,,,,,,,,,,,,,,,,,,,,,,,,,,,,,,,,,,,,,,,,,,1.13,,,,,,,,,,,,,,,,,,,,,,,,,,,,,,,,,,,,,,,,,,,,,,,,,,,,,,,,,,,,,,,,,,,,,,,,,97.7,,,,,,,,1.17
LU2197908721,,,,,,,,,,,,,,,,,,,,0.9647,0.4592,,,,,,,,,,,,,,,,,,,,,,,,,,,,,,,,,,1.8042,,,,,,,,,,,,,,,,,,,,,,,,,,,,,1.3822,,,,,,,,,,,,,,,,,,,,,,,,,,,,,,,,,,,,,,,,,,,0.676,94.7136,,,,,,,,
LU2206597804,,,,,,,,,,,1.55,,,,,,,,,,,,,,,,,,,2.05,,,,,,,,1.53,13.72,,,9.2,,,,,,,,,,,,,1.81,,,1.66,,,,,,,,,,,,,,,,,,,,,,,,,,14.03,,,1.54,,,,,,,,,,,,,,,,,,,,,,,,,5.39,,,3.88,28.14,,,,,,,,,,,11.9,,,,,,,,,3.6
LU2206598109,,,,,,,,,,,1.55,,,,,,,,,,,,,,,,,,,2.05,,,,,,,,1.53,13.72,,,9.2,,,,,,,,,,,,,1.81,,,1.66,,,,,,,,,,,,,,,,,,,,,,,,,,14.03,,,1.54,,,,,,,,,,,,,,,,,,,,,,,,,5.39,,,3.88,28.14,,,,,,,,,,,11.9,,,,,,,,,3.6
LU2233156582,,,,,,3.852,,,,,5.0199,,,,,,,,,,,,,,,,,,,,,,,,,,,1.8185,25.0073,,,19.7446,,0.3184,,,,,,,,,,,0.6161,,,21.9146,,,,,,,,,,,,,,,,,,,,,,,,,,3.9274,,,,,,,,,,,,1.6527,,,,,,,,,,,,,,,,16.1285,,,,,,,,,,,,,,,,,,,,,,,,
LU2233156749,,,,,,,,,,,,,,,,,,,,,,,,,,,,,,,,,,,,,,,,,,,,,,,,,,,,,,,,,,,,,100.0,,,,,,,,,,,,,,,,,,,,,,,,,,,,,,,,,,,,,,,,,,,,,,,,,,,,,,,,,,,,,,,,,,,,,,,,,,,
LU2240851688,,,,,,1.1495,,,,,3.4366,,,,,,,,,,,,,,,,,,,,,,,,,,,3.5527,29.3267,,,22.1996,,,,,,,,,,,,,1.2623,,,9.7209,,,,,,,,,,,,,,,,,,,,,,,,,,17.9272,,,,,,,,,,,,0.505,,,,,,,,,,,,,,,,10.9196,,,,,,,,,,,,,,,,,,,,,,,,
LU2244386053,,,,,,1.1378,,,,,1.8024,,,,,,,,,,,,,,,,,,,,,,,,,,,0.2395,28.0675,,,2.891,,2.7683,,,,,,,,,,,1.3992,,,11.1115,,,4.332,0.7465,,,,,,,,,,,5.8023,,,,,,,,,,,13.495,,,,,,,,,,,,,,,,,,,,,,,,,,,,1.8817,,,5.3802,,,,,,,,,,,,7.804,9.3278,,,,,,1.8133,,
LU2244386137,,,,,,1.1378,,,,,1.8024,,,,,,,,,,,,,,,,,,,,,,,,,,,0.2395,28.0675,,,2.891,,2.7683,,,,,,,,,,,1.3992,,,11.1115,,,4.332,0.7465,,,,,,,,,,,5.8023,,,,,,,,,,,13.495,,,,,,,,,,,,,,,,,,,,,,,,,,,,1.8817,,,5.3802,,,,,,,,,,,,7.804,9.3278,,,,,,1.8133,,
LU2244387457,,,,,,3.7188,,,,,3.4821,,,,,,,,,,,,,,,,,,,,,,,,,,,1.7168,25.8894,,,22.3814,,0.6391,,,,,,,,,,,1.6711,,,22.9852,,,,,,,,,,,,,,,,,,,,,,,,,,3.6468,,,,,,,,,,,,1.3471,,,,,,,,,,,,0.5063,0.39,,,11.4687,,,,,,,,,,,,,,,,,,,,,,0.157,,
LU2244387887,,,,,,,,,,,,,,,,,,,,,,,,,,,,,,,,,,,,,,,,,,,,,,,,,,,,,,,,,,,,,,,,,,,,,,,,,,,,,,,,,,,,,,,,,,,,,,,,,,,,,,,,,,,,,,,,,,,,,,,,,,,,,,,,,,,,,,,,
LU2250132763,,,,,,,,,,,,,,,,,,,,,,,,,,,,,,,,,,,,,,,,,,,,,,,,,,,,,,,,,,,,,,,,,,,,,,,,,,,,,,,,,,,,,,,,,,,,,,,,,,,,,,,,,,,,,,,,,,,,99.3,,,,,,,,,,,,,,,,,,,,0.7
LU2263803533,,,,,1.57,,,,,,,,,,,,,,,3.28,,,,,,,,,,,,,,,,,,,2.12,,,2.08,,,,,,,,,,,,,1.56,,,,,,5.62,,,,,,,,,,,,,,,,,,,,,,,1.82,,,,,,,,,,,,,,,,,,,,,,,,,,,,,,,,2.67,,,,,,,,,,,3.56,69.7,,,,,,,,6.02
LU2265794276,,,,,,,,,,,,,,,,,,,,,,,99.12,,,,,,,,,,,,,,,,,,,,,,,,,,,,,,,,,,,,,,,,,,,,,,,,,,,,,,,,,,,,,,,,,,,,,,,,,,,,,,,,,,,,,,,,,,,,,,,,,,,,,,,,,,,,,,,,,0.88
LU2265794789,,,,,,,,,,,,,,,,,,,,,,,99.12,,,,,,,,,,,,,,,,,,,,,,,,,,,,,,,,,,,,,,,,,,,,,,,,,,,,,,,,,,,,,,,,,,,,,,,,,,,,,,,,,,,,,,,,,,,,,,,,,,,,,,,,,,,,,,,,,0.88
LU2265794946,,,,,,,,,,,,,,,,,,,,,,,99.12,,,,,,,,,,,,,,,,,,,,,,,,,,,,,,,,,,,,,,,,,,,,,,,,,,,,,,,,,,,,,,,,,,,,,,,,,,,,,,,,,,,,,,,,,,,,,,,,,,,,,,,,,,,,,,,,,0.88
LU2269164310,,,,,,,,,,,,,,,,,,,,,,,,,,,,,,,,,,,,,,,,,,,,,,,,,,,,,,,,,,,,,100.0,,,,,,,,,,,,,,,,,,,,,,,,,,,,,,,,,,,,,,,,,,,,,,,,,,,,,,,,,,,,,,,,,,,,,,,,,,,
LU2277591868,,,,,,,,,,,,,,,3.8811,,,,,,,0.4681,20.8141,0.1816,,,,0.1215,,,,,0.0718,,,,,,0.2602,,,,,0.5751,,,,,,0.3606,,11.4386,0.5251,,,,,,,,,,,,,0.5546,,,,,,,,,,1.0602,,,1.703,,,,,,,,,,,,,,0.409,0.2781,1.1934,,,0.4668,,,,,2.5307,,,,,,,3.3252,19.9025,,,,,,27.1968,,1.0598,,,0.4208,,,,1.2014,,,,,,,,,,
LU2278080713,,,,,,,,,,,,,,,,,,,,,,,,,,,,,,,,,,,,,,,,,,,,,,,,,,,,,,,,,,,,,,,,,,,,,,,,,,,,,,,,,,,,,,,,,,,,,,,,,,,,,,,,,,,,,,,,,,,,,,,,,,,,,,,,,,,,,,,,
LU2296661775,,,,,,,,,,,,,,,,,,,,,,,,,,,,,,,,,,,,,,,,,,,,,,,,,,,,,,,,,,,,,,,,,,,,,,,,,,,,,,,,,,,,,,,,,,,,,,,,,,,,,,,,,,,,,,,,,,,,,,,,,,,,,,,,,,,,,,,,
LU2297533809,,,,,1.0584,,,,,,,,0.0655,,0.1459,,,,,3.0177,,0.0097,0.3343,,,,,,,,,,,,,,,0.01,0.0954,,,0.5954,,,,,,,0.0306,,,,,,0.6245,,,,,,3.0442,,,,,,,,,,,,0.1063,,,,,,0.2034,,,,,0.6964,,,,,,,,,,,,,,,,,,,,,,,,,,,,0.8977,,,,0.3048,0.1181,,,,,,,,,,5.183,83.4588,,,,,,,,
LU2300294316,,,,,1.0293,1.3235,,,,,0.6176,,,,,,,,,2.3732,,,,,,,,,,0.9252,,,,,,,,1.7259,21.7376,,,6.8076,,,,,,,,,,,,,2.448,,,2.9685,,,1.4557,,,,,,,,,,,,3.6063,,,,,,0.3046,,,,,15.7869,0.829,,0.826,,,,,,,,,0.3197,,,,,,,,,,,,,,,,5.7755,,,5.7028,,,,,,,,,,,0.1922,5.1753,18.0694,,,,,,,,
LU2300294589,,,,,,,,,,,,,,,,,,,,,,,25.23,,,,,,,,,,,,,,,,,,,,,,,,,,1.31,,,10.12,,,,,,,,,,,,,,,,,,,,,,,,1.07,,,,,,,,,,,,,,,,,,,,,,,,,,,,,,,,,,,18.9,,,,,,40.83,,2.53,,,,,,,,,,,,,,,,,0.01
LU2300294746,,,,,,,,,,,,,,,,,,,,,,,,,,,,,,,,,,,,,,,,,,,,,,,,,,,,,,,,,,,,,100.0,,,,,,,,,,,,,,,,,,,,,,,,,,,,,,,,,,,,,,,,,,,,,,,,,,,,,,,,,,,,,,,,,,,,,,,,,,,
LU2300295123,,,,,,,,,,,,,,,3.8064,,,,,,,0.5131,22.1485,0.2612,,,,0.1542,,,,,0.0978,,,,,,,,,,,0.6766,,,,,,0.3557,,12.1999,0.8121,,,,,,,,,,,,,0.5511,,,,,,,,,,1.2309,,,1.7536,,,,,,,,,,,,,,,0.2842,,,,0.4507,,,,,2.4618,,,,,,,2.7146,18.8512,,,,,,26.4813,,1.4503,,,0.8985,,,,1.8463,,,,,,,,,,
LU2314312849,,,,,0.2029,,,,,,,,,,,,,,,0.2157,,,81.3842,,,,,,,,,,,,,,,,,,,,,,,,,,14.1718,,,,,,1.9313,,,,,,,,,,,,,,,,,,,,,,,,,,,,,,,,,,,,,,,,,,,,,,,,,,,,1.2426,,,,,,,,,0.7824,,,,,,,,,,,,0.0676,,,,,,0.0015,,
LU2314312922,,,,,0.2029,,,,,,,,,,,,,,,0.2157,,,81.3842,,,,,,,,,,,,,,,,,,,,,,,,,,14.1718,,,,,,1.9313,,,,,,,,,,,,,,,,,,,,,,,,,,,,,,,,,,,,,,,,,,,,,,,,,,,,1.2426,,,,,,,,,0.7824,,,,,,,,,,,,0.0676,,,,,,0.0015,,
LU2343997487,,,,,,,,,,,,,,,,,,,,,,,91.65,,,,,,,,,,,,,,,,,,,,,,,,,,5.86,,,,,,,,,,,,,,,,,,,,,,,,,,,,,,,,,,,,,,,,,,,,,,,,,,,,,,,,,,2.49,,,,,,,,,,,,,,,,,,,,,,,,,,,,,
LU2345046655,,,,,,,,,,,,,,,2.8528,,,,,,,0.842,,0.4904,,,,0.125,,,,,0.137,,,,,,,,,,,1.0689,,,,,,0.1318,,17.339,0.3084,,,,,,,,,,,,,0.6147,,,,,,,,,,1.8649,,,2.8621,,,,,,,,,,,,,,0.6769,0.0969,1.9251,,,0.4305,,,,,1.8569,,,,,,,6.3763,18.1185,,,,,,38.7699,,1.1778,,,0.2993,,,,1.635,,,,,,,,,,
LU2346257210,,,,,,1.0045,,,,,1.8684,,,,,,,,,,,,,,,,0.1911,,,,,,,,,,,1.2471,27.0691,,,9.1559,,2.2369,,,,,,,,,,,0.6718,,,13.2259,,,4.2423,,,,,,,,,,,,3.6766,,,,,,,,,,,4.1184,,,,,,,,,,,,2.5435,,,,,,,,,,,,,,,,5.0228,,,4.6143,0.2613,,,,,,,,,,,6.3038,12.5464,,,,,,,,
LU2355200523,,,,,1.8339,0.5469,,,,,0.8121,,0.0284,,0.0405,,0.0222,,,3.5659,,0.1791,10.0688,,,0.0187,0.0089,0.201,,0.3691,,,,,0.0025,,,0.3481,4.922,,,4.4308,,0.0992,,,,,0.0879,0.1361,0.0024,0.0413,0.4786,,0.1949,,0.2377,2.9865,,,7.4689,,,0.0214,,0.0128,,0.0149,,,,0.0255,0.0834,0.0039,,0.3956,,,0.5421,,,,0.0045,1.0485,0.226,,0.2453,,,0.0353,,,0.1006,0.057,0.4103,0.2544,,0.0765,,0.2061,0.0001,,0.2755,,,,0.236,0.1042,0.0313,0.0097,1.1102,2.1989,,,0.5644,0.7062,0.0203,,0.339,,,,,,,0.2315,4.2037,44.3841,0.0153,,,,,,2.673,
LU2355200796,,,,,1.546,,,,,,1.3666,,,,,,,,,2.196,,,,,,,,,,0.2002,,,,,,,,,6.5569,,,5.1485,,,,,,,,,,,,,,,,5.8239,,,14.2684,,,,,,,,,,,,,,,,,,,,,,,1.1117,,,,,,,,,,,,,,,,,,,,,,,,,,,,3.9263,,,0.1841,,,,,,,,,,,,6.4255,51.2459,,,,,,,,
LU2356220926,,,,,,5.0674,,,,,6.9146,,,,,,,,,,,,,,,,,,,,,,,,,,,,22.8723,,,26.8473,,,,,,,,,,,,,4.4993,,,21.291,,,,,,,,,,,,,,,,,,,,,,,,,,8.3258,,,,,,,,,,,,,,,,,,,,,,,,,,,,4.1824,,,,,,,,,,,,,,,,,,,,,,,,
LU2365458145,,,,,,5.5482,,,,,5.3434,,,,,,,,,,,,,,,,,,,5.0979,,,,,,,,2.5563,7.642,,,7.6582,,,,,,,,,,,,,,,2.6487,4.9789,,,13.1153,,,,,,,,,,,,,,,,,,,,,,,,2.4991,,,,,,,,,,,2.5666,,,,,,,,,,,,,,,,7.5257,,,,,,,,,,,,,,,5.0568,27.8415,,,,,,-0.0787,,
LU2365458731,,,,,0.5765,1.4907,,,,,13.2798,,,,,,,,,0.2987,,0.8777,,,,,0.0908,0.1305,,0.0413,,,,,,,,1.3077,27.0396,,,15.8073,,,,,,,,0.7927,0.1675,,,,1.7207,,,7.928,,,0.478,,,,,,,,,,0.1285,,5.4775,,,,,,,,,,,9.0224,,,1.0045,,,,,,,0.3763,0.0407,,,,,,,,,,,,,,,,,3.9275,,,1.375,0.6233,,,,,,,,,,,0.9457,3.684,,,,,,1.3674,,
LU2365458814,,,,,0.5765,1.4907,,,,,13.2798,,,,,,,,,0.2987,,0.8777,,,,,0.0908,0.1305,,0.0413,,,,,,,,1.3077,27.0396,,,15.8073,,,,,,,,0.7927,0.1675,,,,1.7207,,,7.928,,,0.478,,,,,,,,,,0.1285,,5.4775,,,,,,,,,,,9.0224,,,1.0045,,,,,,,0.3763,0.0407,,,,,,,,,,,,,,,,,3.9275,,,1.375,0.6233,,,,,,,,,,,0.9457,3.684,,,,,,1.3674,,
LU2368674045,,,,,0.6509,2.4061,,,,,3.3891,,,,0.0156,,0.1349,,,1.2542,,0.1203,0.0495,,,0.1627,0.065,0.0841,,0.6423,,,,,0.0584,,,1.5874,20.4756,,,18.7604,,0.6897,,,,,0.0431,0.1875,0.0299,,0.0787,,0.8975,,0.0433,12.9043,,,0.626,,,,,,,0.0923,,,,0.1329,0.087,,,,,,0.0151,,,,,4.5939,0.1016,,0.5218,,,,,,0.0188,,0.4054,1.2223,,,,0.4581,,,,,,,0.075,0.4872,0.1959,,0.0609,9.1843,,,0.8647,0.5813,0.0075,,,,,,,,,,2.0751,4.4284,,,,,,,9.034,
LU2368674631,,,,,,,,,,,,,,,,,,,,,,,,,,,,,,,,,,,,,,,,,,,,,,,,,,,,,,,1.19,,,,,,,,,,,,,,,,,,,,,,,,,,,,,,,,,,,,,,,,,,,,,,,,,,,,,,,,,,,,,,,,,,,,,,,,94.32,3.94,,,,,,,,0.55
LU2370241684,,,,,0.9016,,,,,,1.7238,,,,,,,,,,,,,,,,,,,0.9537,,,,,,,,1.7162,12.9667,,,12.5733,,,,,,,,,,,,,2.058,,,9.0517,,,1.211,,,,,,,,,,,,1.7373,,,,,,,,,,,19.6362,,,1.8733,,,,,,,,,,,,,,,,,,,,,,,,,6.2236,,,,,,,,,,,,,,,2.636,24.7377,,,,,,,,
LU2382233182,,,,,2.3649,0.4885,,,,,0.5387,,,,0.1041,,,,,5.9883,,0.1267,0.5792,,,0.0387,,0.0787,,0.9176,,,,,0.0197,,,0.6918,7.8782,,,5.7618,,0.3253,,,,,0.3318,0.0765,0.0189,0.0976,,,0.5929,,0.0968,1.9001,,,3.6572,,,,,0.0642,,,,,,,0.1997,,,,,0.033,0.1802,,,,,2.4757,0.5068,,0.454,,,,,,0.0041,0.0321,0.1916,0.2086,,0.1298,,0.0383,,,0.2283,,,,0.1528,,,0.0336,0.6782,2.8167,,,1.4722,1.677,0.089,,,,,,,,,0.1624,7.5006,47.9969,,,,,,,,
LU2385068163,,,,,3.367,2.7284,,,,,1.88,,,,,,,,,4.2408,,,,,,,,,,0.6293,,,,,,,,1.067,10.8669,,,10.3803,,,,,,,,,,,,,0.6611,,0.1184,,,,7.8545,,,,,,,,,,,,,,,,,,,,,,,2.3639,0.4803,,0.8176,,,,,,,,,0.2357,,,,,,,,,,,,0.0463,,,0.4211,0.9326,,,0.522,,,,,,,,,,,,14.1027,35.7827,,,,,,,,0.5016
LU2385068593,,,,,3.367,2.7284,,,,,1.88,,,,,,,,,4.2408,,,,,,,,,,0.6293,,,,,,,,1.067,10.8669,,,10.3803,,,,,,,,,,,,,0.6611,,0.1184,,,,7.8545,,,,,,,,,,,,,,,,,,,,,,,2.3639,0.4803,,0.8176,,,,,,,,,0.2357,,,,,,,,,,,,0.0463,,,0.4211,0.9326,,,0.522,,,,,,,,,,,,14.1027,35.7827,,,,,,,,0.5016
LU2391437253,,,,,,,,,,,,,,,,,,,,,,,,,,,,,,,,,,,,,,,,,,,,,,,,,,,,,,,1.13,,,,,,,,,,,,,,,,,,,,,,,,,,,,,,,,,,,,,,,,,,,,,,,,,,,,,,,,,,,,,,,,,,,,,,,,,97.7,,,,,,,,1.17
LU2402389261,,,,,67.278,,,,,,,,,,,,,,,,,,,,,,,,,,,,,,,,,,,,,,,,,,,,17.4161,,,,,,,,,,,,,,,,,,,,,,,,,,,,,,,,,,,,1.8578,,,,,,,,,,,,,,,,,,,,,,13.4481,,,,,,,,,,,,,,,,,,,,,,,,,,,,,
LU2408467723,,,,,,,,,,,,,,,,,,,,,,,,,,,,,,,,,,,,,,,,,,,,,,,,,,,,,,,,,,,,,,,,,,,,,,,,,,,,,,,,,,,,,,,,,,,,,,,,,,,,,,,,,,,,,,,,,,,,,,,,,,,,,,,,28.95,,,,,,,,71.05
LU2408468291,,,,,,,,,,,,,,,,,,,,,,,,,,,,,,,,,,,,,,,,,,,,,,,,,,,,,,,,,,,,,,,,,,,,,,,,,,,,,,,,,,,,,,,,,,,,,,,,,,,,,,,,,,,,,,,,,,,,,,,,,,,,,,,,28.95,,,,,,,,71.05
LU2408468887,,,,,,,,,,,,,,,,,,,,,,,,,,,,,,,,,,,,,,,,,,,,,,,,,,,,,,,,,,,,,,,,,,,,,,,,,,,,,,,,,,,,,,,,,,,,,,,,,,,,,,,,,,,,,,,,,,,,,,,,,,,,,,,,28.95,,,,,,,,71.05
LU2439113387,,,,,0.6509,2.4061,,,,,3.3891,,,,0.0156,,0.1349,,,1.2542,,0.1203,0.0495,,,0.1627,0.065,0.0841,,0.6423,,,,,0.0584,,,1.5874,20.4756,,,18.7604,,0.6897,,,,,0.0431,0.1875,0.0299,,0.0787,,0.8975,,0.0433,12.9043,,,0.626,,,,,,,0.0923,,,,0.1329,0.087,,,,,,0.0151,,,,,4.5939,0.1016,,0.5218,,,,,,0.0188,,0.4054,1.2223,,,,0.4581,,,,,,,0.075,0.4872,0.1959,,0.0609,9.1843,,,0.8647,0.5813,0.0075,,,,,,,,,,2.0751,4.4284,,,,,,,9.034,
LU2439119236,,,,,,,,,,,,,,,,,,,,,,,39.4843,,,,,,,,,,,,,,,,,,,,,,,,,,4.2319,,,,0.3165,,,,,,,,,,,,,,,,,,,,,,,1.8285,,,,,,,,,,,,,,,,,,0.1063,,,,,,,,,,,,,3.5106,,,,13.7499,,,,,,35.5041,,1.2679,,,,,,,,,,,,,,,,,
LU2439733507,,,,,2.7853,0.7868,,,,,1.0754,,0.0118,,,,0.0693,,,5.2485,,0.215,0.088,,,0.0454,0.0031,0.2145,,0.3181,,,,,,,,0.4686,6.935,,,6.3325,,0.1629,,,,,0.1062,0.209,,,0.67,,0.3507,,0.4737,3.9089,,,10.6385,,,,,,,,,,,0.0353,,,,0.5566,,,,,,,,1.6241,0.3025,,0.3147,,,0.0827,,,0.1249,,0.5533,0.3539,,,,0.3267,,,,,,,0.2305,0.1226,0.0656,,1.3698,2.9116,,,0.4539,0.4943,0.0515,,,,,,,,,,5.8631,37.6979,0.0235,,,,,,5.3237,
LU2439734141,,,,,2.7853,0.7868,,,,,1.0754,,0.0118,,,,0.0693,,,5.2485,,0.215,0.088,,,0.0454,0.0031,0.2145,,0.3181,,,,,,,,0.4686,6.935,,,6.3325,,0.1629,,,,,0.1062,0.209,,,0.67,,0.3507,,0.4737,3.9089,,,10.6385,,,,,,,,,,,0.0353,,,,0.5566,,,,,,,,1.6241,0.3025,,0.3147,,,0.0827,,,0.1249,,0.5533,0.3539,,,,0.3267,,,,,,,0.2305,0.1226,0.0656,,1.3698,2.9116,,,0.4539,0.4943,0.0515,,,,,,,,,,5.8631,37.6979,0.0235,,,,,,5.3237,
LU2439735890,,,,,,,,,,,,,,,,,,,,,,,100.0,,,,,,,,,,,,,,,,,,,,,,,,,,,,,,,,,,,,,,,,,,,,,,,,,,,,,,,,,,,,,,,,,,,,,,,,,,,,,,,,,,,,,,,,,,,,,,,,,,,,,,,,,,,,,,,,,
LU2439874319,,,,,,,,,,,,,,,,,,,,,,,,,,,,,,,,,,,,,,,,,,,,,,,,,,,,,,,,,,,,,,,,,,,,,,,,,,,,,,,,,,,,,,,,,,,,,,,,,,,,,,,,,,,,,,,,,,,,,,,,,,,,,,,,,,,,,,,,
LU2446383254,,,,,0.6511,1.3057,,,,,1.4399,,,,,,,,,1.3176,,,,,,,,0.2926,,2.4652,,,,,,,,1.0944,16.1716,,,6.6731,,1.2354,,,0.2197,,0.1333,0.0896,,,,,4.4573,,,3.7093,,,1.8892,,,,,,,,,,,,0.8682,,,,,,,,,,,12.6202,0.4572,,1.3143,,,,,,,,0.4609,0.3041,,,,,,,,,,,,,,,,6.6128,,,5.1466,1.0479,,,,,,,,,,,11.0368,16.7692,,,,,,0.2168,,
LU2446383338,,,,,1.2913,1.4591,,,,,1.4324,,,,,,,,,2.6605,,,,,,,,0.0893,,2.6688,,,,,0.0883,,,1.5023,16.0714,,,7.5565,,1.042,,,,,,0.182,,,,,2.5385,,,4.3184,,,1.683,,,,,,,,,,0.1097,,3.0503,,,,,,,,,,,11.4389,0.5066,,1.2248,,,,,,,,0.7282,0.2749,,,,0.1679,,,,,,,,,,,,5.2268,,,2.9121,1.0265,,,,,,,,,,,10.8764,17.7503,,,,,,0.1228,,
LU2462217071,,,,,3.367,2.7284,,,,,1.88,,,,,,,,,4.2408,,,,,,,,,,0.6293,,,,,,,,1.067,10.8669,,,10.3803,,,,,,,,,,,,,0.6611,,0.1184,,,,7.8545,,,,,,,,,,,,,,,,,,,,,,,2.3639,0.4803,,0.8176,,,,,,,,,0.2357,,,,,,,,,,,,0.0463,,,0.4211,0.9326,,,0.522,,,,,,,,,,,,14.1027,35.7827,,,,,,,,0.5016
LU2468423459,,,,,,16.8665,,,,,4.0832,,,,,,,,,,,,,,,,,,,,,,,,,,,7.9848,34.903,,,25.1487,,,,,,,,,,,,,2.8905,,,,,,,,,,,,,,,,,,,,,,,,,,,,,4.6775,,,,,,,,,,,,0.965,,,,,,,,,,,,0.1256,,,,2.3055,,,,,,,,,,,,,,,,,,,,,,,,0.0496
LU2469335298,,,,,67.278,,,,,,,,,,,,,,,,,,,,,,,,,,,,,,,,,,,,,,,,,,,,17.4161,,,,,,,,,,,,,,,,,,,,,,,,,,,,,,,,,,,,1.8578,,,,,,,,,,,,,,,,,,,,,,13.4481,,,,,,,,,,,,,,,,,,,,,,,,,,,,,
LU2469335371,,,,,,,,,,,,,,,2.8446,,,,,,,0.4953,21.1473,0.9131,,,,0.0499,,,,,,,,,,,,,,,,0.2825,,,,,,,,7.5464,,,,,,,,,,,,,,,,,,,,,,,,1.2103,,,4.9359,,,,,,,,,,,,,,0.722,,1.9368,,,,,,,,,,,,,,,6.9944,14.4576,,,,,,33.6897,,0.9981,,,,,,,1.7762,,,,,,,,,,
LU2469335538,,,,,1.546,,,,,,1.3666,,,,,,,,,2.196,,,,,,,,,,0.2002,,,,,,,,,6.5569,,,5.1485,,,,,,,,,,,,,,,,5.8239,,,14.2684,,,,,,,,,,,,,,,,,,,,,,,1.1117,,,,,,,,,,,,,,,,,,,,,,,,,,,,3.9263,,,0.1841,,,,,,,,,,,,6.4255,51.2459,,,,,,,,
LU2469335611,,,,,2.79,0.7876,,,,,1.0745,,0.0119,,,,0.0692,,,5.2498,,0.2156,0.0878,,,0.0454,0.0031,0.2142,,0.3179,,,,,,,,0.4683,6.9315,,,6.3306,,0.1626,,,,,0.1067,0.2085,,,0.6717,,0.351,,0.4729,3.9031,,,10.5962,,,,,,,,,,,0.0353,,,,0.5601,,,,,,,,1.6236,0.3015,,0.3148,,,0.0825,,,0.1254,,0.5515,0.3535,,,,0.3264,,,,,,,0.231,0.1225,0.0655,,1.3615,2.9084,,,0.4532,0.493,0.0516,,,,,,,,,,5.8619,37.7566,0.0235,,,,,,5.3265,
LU2469335884,,,,,1.8785,1.2453,,,,,1.4355,,,,0.0724,,,,,1.2475,,,0.2416,,,0.0496,0.0269,0.1799,,2.3326,,,,,0.0562,,,1.3834,18.89,,,11.2792,,0.6535,,,,,0.0448,0.1202,0.0864,,,,0.7429,,,4.2493,,,2.7649,,,,,,,,,,,,0.4524,,,,,,0.0547,,,,,5.2638,0.326,,0.7981,,,,,,,,0.4102,0.5384,,,,0.1625,,,,,,,,0.018,,,0.0271,6.1068,,,3.1616,2.2053,0.0295,,,,,,,,,,9.4136,22.0513,,,,,,,,
LU2469465822,,,,,,,,,,,,,,,,,,,,,,,,,,,,,,,,,,,,,,,,,,,,,,,,,,,,,,,,,,,,,,,,,,,,,,,,,,,,,,,,,,,,,,,,,,,,,,,,,,,,,,,,,,,,,,,,,,,,,,,,,,,,,,,,,,,,,,,,
LU2470620761,,,,,2.1919,0.6625,,,,,0.6715,,,,0.03,,,,,5.5196,,0.1931,0.0968,,,,,0.1887,,0.347,,,,,,,,0.4803,6.8617,,,6.9145,,0.1859,,,,,0.0928,0.1591,,0.0629,0.4038,,0.2702,,0.3355,3.5403,,,9.3856,,,,,,,,,,,0.0038,0.0356,,,0.4068,,,0.0219,,,,,1.5207,0.2666,,0.4444,,,,,,0.0192,,0.7337,0.2343,,,,0.2434,,,,,,,0.2777,0.0305,0.0071,,1.4846,2.671,,,0.674,0.4379,,,,,,,,,,,4.9372,41.025,,,,,,,5.9308,
LU2470620845,,,,,2.1919,0.6625,,,,,0.6715,,,,0.03,,,,,5.5196,,0.1931,0.0968,,,,,0.1887,,0.347,,,,,,,,0.4803,6.8617,,,6.9145,,0.1859,,,,,0.0928,0.1591,,0.0629,0.4038,,0.2702,,0.3355,3.5403,,,9.3856,,,,,,,,,,,0.0038,0.0356,,,0.4068,,,0.0219,,,,,1.5207,0.2666,,0.4444,,,,,,0.0192,,0.7337,0.2343,,,,0.2434,,,,,,,0.2777,0.0305,0.0071,,1.4846,2.671,,,0.674,0.4379,,,,,,,,,,,4.9372,41.025,,,,,,,5.9308,
LU2484583138,,,,,2.62,1.83,,,,,5.18,,,,,,,,,3.1,,,,,,,,,,1.27,,,,,,,,1.26,10.35,,,15.61,,,,,,,1.47,,,,,,1.29,,,7.2,,,1.57,,,,,,,,,,,,1.95,,,,,,,,,,,5.59,,,1.79,,,,,,,,,,,,,,,,,,,,,,,,,5.38,,,3.22,,,,,,,,,,,,6.24,6.22,,,,,,,,16.86
LU2484583302,,,,,2.62,1.83,,,,,5.18,,,,,,,,,3.1,,,,,,,,,,1.27,,,,,,,,1.26,10.35,,,15.61,,,,,,,1.47,,,,,,1.29,,,7.2,,,1.57,,,,,,,,,,,,1.95,,,,,,,,,,,5.59,,,1.79,,,,,,,,,,,,,,,,,,,,,,,,,5.38,,,3.22,,,,,,,,,,,,6.24,6.22,,,,,,,,16.86
LU2490201840,,,,,,,,,,,,,,,,,,,,,,,,,,,,,,,,,,,,,,,,,,,,,,,,,,,,,,,,,,,,,100.0,,,,,,,,,,,,,,,,,,,,,,,,,,,,,,,,,,,,,,,,,,,,,,,,,,,,,,,,,,,,,,,,,,,,,,,,,,,
LU2491210618,,,,,56.05,,,,,,,,,,,,,,,,,,,,,,,,,,,,,,,,,,,,,,,,,,,,21.04,,,,,,,,,,,,,,,,,,,,,,,,,,,,,,,,,,,,2.65,,,,,,,,,,,,,,,,,,,,,,19.36,,,,,,,,,,,,,,,,,,,,,,,,,,,,,0.9
LU2491211004,,,,,,,,,,,,,,,,,,,,,,,,,,,,,,,,,,,,,,,,,,,,,,,,,,,,,,,,,,,,,,,,,,,,,,,,,,,,,,,,,,,,,,,,,,,,,,,,,,,,,,,,,,,,,,,,,,,,,,,,,,,,,,,,,,,,,,,,
LU2504532131,,,,,,,,,,,,,,,,,,,,,,,,,,,,,,,,,,,,,,,,,,,,,,,,,,,,,,,0.0836,,,,,,,,,,,,,,,,,,,,,,,,,,,,,,,,,,,,,,,,,,,,,,,,,,,,,,,,,,,,,,,,,,,,,,,,,99.9151,,,,,,,,0.0014
LU2504532487,,,,,,5.0383,,,,,6.8771,,,,,,,,,,,,,,,,,,,,,,,,,,,,22.7946,,,26.721,,,,,,,,,,,,,4.4322,,,21.0685,,,,,,,,,,,,,,,,,,,,,,,,,,8.2348,,,,,,,,,,,,,,,,,,,,,,,,,,,,4.1821,,,,,,,,,,,,,,,,,,,,,,,,0.6514
LU2504537445,,,,,,4.7172,,,,,5.6871,,,,,,0.0854,,,,,,,,,0.1399,,0.0801,,,,,,,0.0455,,,2.3433,26.6549,,,22.599,,0.6173,,,,,,,,,,,2.2065,,,16.0929,,,,,,,,,,0.081,,,,0.1879,0.3152,,,,,,,,,,,5.2928,,,,,,,,,,,,1.3848,,,,,,,,,,,,0.5043,0.2809,,,10.653,,,,,,,,,,,,,,,,,,,,,,,,0.0312
LU2523865991,,,,,,,,,,,,,,,,,,,,,,,,,,,,,,,,,,,,,,,26.8551,,,26.0858,,,,,,,,,,,,,0.18,,,22.6279,,,,,,,,,,,,,,,,,,,,,,,,,,4.9768,,,,,,,,,,,,,,,,,,,,,,,,,,,,19.2812,,,,,,,,,,,,,,,0.0001,-0.0005,,,,,,,,-0.0064
LU2523866379,,,,,,,,,,,,,,,,,,,,,,,,,,,,,,,,,,,,,,,,,,99.8178,,,,,,,,,,,,,0.1562,,,,,,,,,,,,,,,,,,,,,,,,,,,,,,,,,,,,,,,,,,,,,,,,,,,,,,,,,,,,,,,,,,,,,,,,0.009,0.0002,,,,,,,,0.0169
LU2533810276,,,,,,,,,,,,,,,,,,,,2.0272,,,,,,,,,,1.9689,,,,,,,,,14.0688,,,6.4026,,,,,,,,,,,,,5.7368,,,,,,8.4196,,,,,,,,,,,,,,,,,,,,,,,3.9363,,,,,,,,,,,,,,,,,,,,,,,,,,,,,,,2.141,2.2706,,,,,,,,,,,6.0182,46.837,,,,,,0.173,,
LU2533810789,,,,,,2.9329,,,,,4.1039,,,,,,,,,,,,,,,,,,,,,,,,,,,1.636,29.8217,,,23.0936,,0.2566,,,,,,,,,,,1.0825,,,18.2716,,,,,,,,,,,,,,,,,,,,,,,,,,2.8819,,,,,,,,,,,,2.2315,,,,,,,,,,,,0.2188,0.1417,,,13.1823,,,,,,,,,,,,,,,,,,,,,,0.1449,,
LU2533810862,,,,,,2.9329,,,,,4.1039,,,,,,,,,,,,,,,,,,,,,,,,,,,1.636,29.8217,,,23.0936,,0.2566,,,,,,,,,,,1.0825,,,18.2716,,,,,,,,,,,,,,,,,,,,,,,,,,2.8819,,,,,,,,,,,,2.2315,,,,,,,,,,,,0.2188,0.1417,,,13.1823,,,,,,,,,,,,,,,,,,,,,,0.1449,,
LU2533811910,,,,,2.6002,1.342,,,,,0.5377,,,,,,,,,5.4765,,,,,,,,,,2.1749,,,,,,,,3.1665,16.788,,,5.8781,,,,,,,,,,,,,2.239,,,1.7133,,,2.0181,,,,,,,,,,,,2.9059,,,,,,0.2081,,,,,10.8176,0.3514,,0.6115,,,,,,,,,,,,,,,,,,,,,,,,,5.7014,,,6.5076,0.5085,,,,,,,,,,,8.0587,17.0595,,,,,,3.3352,,
LU2533812058,,,,,2.6002,1.342,,,,,0.5377,,,,,,,,,5.4765,,,,,,,,,,2.1749,,,,,,,,3.1665,16.788,,,5.8781,,,,,,,,,,,,,2.239,,,1.7133,,,2.0181,,,,,,,,,,,,2.9059,,,,,,0.2081,,,,,10.8176,0.3514,,0.6115,,,,,,,,,,,,,,,,,,,,,,,,,5.7014,,,6.5076,0.5085,,,,,,,,,,,8.0587,17.0595,,,,,,3.3352,,
LU2533812728,,,,,0.5503,2.3797,,,,,7.7208,,,,,,,,,1.1358,,0.1409,,,,,0.0758,,,0.408,,,,,0.02,,,1.5649,21.3431,,,18.7882,,0.5892,,,,,,0.1372,,,,,1.4675,,,12.7178,,,0.396,,,,,,,0.0796,,,,0.1396,3.4699,,,,,,,,,,,6.015,,,0.689,,,,,,,,0.2497,1.0341,,,,0.4446,,,,,,,,0.4285,0.2208,,,9.4179,,,0.5764,0.2343,,,,,,,,,,,2.2761,4.8283,,,,,,0.461,,
LU2533812991,,,,,0.5503,2.3797,,,,,7.7208,,,,,,,,,1.1358,,0.1409,,,,,0.0758,,,0.408,,,,,0.02,,,1.5649,21.3431,,,18.7882,,0.5892,,,,,,0.1372,,,,,1.4675,,,12.7178,,,0.396,,,,,,,0.0796,,,,0.1396,3.4699,,,,,,,,,,,6.015,,,0.689,,,,,,,,0.2497,1.0341,,,,0.4446,,,,,,,,0.4285,0.2208,,,9.4179,,,0.5764,0.2343,,,,,,,,,,,2.2761,4.8283,,,,,,0.461,,
LU2533813023,,,,,,5.5482,,,,,5.3434,,,,,,,,,,,,,,,,,,,5.0979,,,,,,,,2.5563,7.642,,,7.6582,,,,,,,,,,,,,,,2.6487,4.9789,,,13.1153,,,,,,,,,,,,,,,,,,,,,,,,2.4991,,,,,,,,,,,2.5666,,,,,,,,,,,,,,,,7.5257,,,,,,,,,,,,,,,5.0568,27.8415,,,,,,-0.0787,,
LU2533813296,,,,,2.0911,,,,,,,,,,,,,,,2.0817,,,,,,,,,,7.9458,,,,,,,,,7.644,,,5.6895,,,,,,,6.7508,,,,,,,,,3.7377,,,8.3878,,,,,,,,,,,,,,,,,,,,,,,2.3513,,,4.4586,,,,,,,,,1.9757,,,,,,,,,,,,,,,,1.9484,,,2.0218,10.2215,,,,,,,,,,,5.8094,26.8278,,,,,,0.057,,
LU2552296563,,,,,,,,,,,,,,,,,,,,,,,,,,,,,,,,,,,,,,,53.2356,,,,,1.5898,,,,,,,,,,,0.1128,,,44.3906,,,,,,,,,,,,,,,,,,,,,,,,,,,,,,,,,,,,,,,,,,,,,,,,,,0.6378,,,,,,,,,,,,,,,,,,,,,,,,,,,,0.0334
LU2555926372,,,,,,,,,,,,,,,,,,,,,,,,,,,,,,,,,,,,,,,,,,,,,,,,,,,,,,,,,,,,,,,,,,,,,,,,,,,,,,,,,,,,,,,,,,,,,,,,,,,,,,,,,,,,,,,,,,,,,,,,,,,,,,,,,,,,,,,,
LU2555926455,,,,,,,,,,,,,,,,,,,,,,,,,,,,,,,,,,,,,,,,,,,,,,,,,,,,,,,,,,,,,,,,,,,,,,,,,,,,,,,,,,,,,,,,,,,,,,,,,,,,,,,,,,,,,,,,,,,,,,,,,,,,,,,,,,,,,,,,
LU2564007743,,,,,,,,,,,,,,,,,,,,,,,,,,,,,,,,,,,,,,,,,,,,,,,,,,,,,,,,,,,,,,,,,,,,,,,,,,,,,,,,,,,,,,,,,,,,,,,,,,,,,,,,,,,,,,,,,,,,,,,,,,,,,,,,,,,,,,,,
LU2572256662,,,,,,,,,,,,,,,,,,,,,,,,,,,,,,,,,,,,,,,,,,,,,,,,,,,,,,,,,,,,,,,,,,,,,,,,,,,,,,,,,,,,,,,,,,,,,,,,,,,,,,,,,,,,,,,,,,,,,,,,,,,,,,,,100.0,,,,,,,,
LU2572256746,,,,,,,,,,,,,,,,,,,,,,,100.0,,,,,,,,,,,,,,,,,,,,,,,,,,,,,,,,,,,,,,,,,,,,,,,,,,,,,,,,,,,,,,,,,,,,,,,,,,,,,,,,,,,,,,,,,,,,,,,,,,,,,,,,,,,,,,,,,
LU2572257124,,,,,1.6181,0.0907,,,,,0.2714,,,,,,,,,3.474,,,,,,,,,,0.4086,,,,,,,,0.2803,2.4081,,,2.1869,,,,,,,0.4397,,,,,,0.0996,,0.2803,0.8221,,,5.6188,,,,,,,,,,,,,,,,,,,,,,,1.4185,0.0448,,0.1567,,,,,,,,,0.0509,,,,,,,,,,,0.4496,,,,,0.9808,,,0.8503,2.2875,,,,,,,,,,,3.5186,72.244,,,,,,,,
LU2572257397,,,,,18.0169,,,,,,,,,,,,,,,,,,,,,,,,,,,,,,,,,,,,,,,,,,,,6.0875,,,,,,,,,,,,69.6711,,,,,,,,,,,,,,,,,,,,,,,,1.1347,,,,,,,,,,,,,,,,,,,,,,5.0898,,,,,,,,,,,,,,,,,,,,,,,,,,,,,
LU2572257470,,,,,,1.8507,,,,,3.5977,,,,,,,,,,,,,,,,,,,4.0586,,,,,,,,2.6254,8.9401,,,8.3279,,,,,,,,,,,,,0.5175,,,6.2115,,,,,,,,,,,,,,,,,,,,,0.0,,,,,3.8014,,,6.0228,,,,,,,,,0.4103,,,,,,,,,,,,,,,,3.3182,,,10.7511,9.849,,,,,,,,,,,29.7178,,,,,,,,,
LU2573966905,,,,,,,,,,,,,,,3.8947,,,,,,,0.4699,21.132,0.182,,,,0.1192,,,,,0.0735,,,,,,,,,,,0.5779,,,,,,0.3596,,11.5109,0.4935,,,,,,,,,,,,,0.5571,,,,,,,,,,0.9772,,,1.7005,,,,,,,,,,,,,,0.4068,0.2909,1.1936,,,0.4728,,,,,2.5302,,,,,,,3.3362,19.8551,,,,,,27.2654,,0.9874,,,0.4051,,,,1.2085,,,,,,,,,,
LU2573967036,,,,,,,,,,,,,,,3.8947,,,,,,,0.4699,21.132,0.182,,,,0.1192,,,,,0.0735,,,,,,,,,,,0.5779,,,,,,0.3596,,11.5109,0.4935,,,,,,,,,,,,,0.5571,,,,,,,,,,0.9772,,,1.7005,,,,,,,,,,,,,,0.4068,0.2909,1.1936,,,0.4728,,,,,2.5302,,,,,,,3.3362,19.8551,,,,,,27.2654,,0.9874,,,0.4051,,,,1.2085,,,,,,,,,,
LU2581375073,,,,,,,,,,,,,,,,,,,,,,,,,,,,,,,,,,,,,,,,,,,,,,,,,,,,,,,1.13,,,,,,,,,,,,,,,,,,,,,,,,,,,,,,,,,,,,,,,,,,,,,,,,,,,,,,,,,,,,,,,,,,,,,,,,,97.47,,,,,,,,1.4
LU2581375156,,,,,1.1601,0.6414,,,,,1.4312,,0.0917,,0.048,,,,,,,0.1238,0.356,,,,,0.0226,,2.6869,,,,,,,0.0156,1.8926,14.0631,,0.0199,13.0833,,,,,,,0.2226,,,,,,0.76,,0.022,5.4552,,,,0.0952,0.0233,,,,,,,,,,0.3407,,,,,,,,,,,10.8402,,,1.1627,,,,,,,,0.9811,0.2672,,,,,,,,,,,0.2138,,,0.0,0.0527,5.788,,,4.7633,14.2507,,,,,,,,,,0.0,19.0311,0.028,,,,,,,,0.0661
LU2606055775,,,,,2.1919,0.6625,,,,,0.6715,,,,0.03,,,,,5.5196,,0.1931,0.0968,,,,,0.1887,,0.347,,,,,,,,0.4803,6.8617,,,6.9145,,0.1859,,,,,0.0928,0.1591,,0.0629,0.4038,,0.2702,,0.3355,3.5403,,,9.3856,,,,,,,,,,,0.0038,0.0356,,,0.4068,,,0.0219,,,,,1.5207,0.2666,,0.4444,,,,,,0.0192,,0.7337,0.2343,,,,0.2434,,,,,,,0.2777,0.0305,0.0071,,1.4846,2.671,,,0.674,0.4379,,,,,,,,,,,4.9372,41.025,,,,,,,5.9308,
LU2606231335,,,,,,,,,,,,,,,,,,,,,,,,,,,,,,,,,,,,,,,23.5182,,,29.0769,,,,,,,,,,,,,0.1014,,,31.9874,,,,,,,,,,,,,,,,,,,,,,,,,,4.5059,,,,,,,,,,,,,,,,,,,,,,,,,,,,10.6842,,,,,,,,,,,,,,,0.0273,0.0,,,,,,,,0.0987
LU2608817958,,,,,,0.5546,,,,,1.3724,,,,,,,,,,,,,,,,,,,3.2313,,,,,,,,1.912,16.6022,,,15.2202,,,,,,,,,,,,,0.7831,,,3.6614,,,,,,,,,,,,,,,,,,,,,,,,,,10.4769,,,0.6676,,,,,,,,,0.2419,,,,,,,,,,,,,,,,4.4907,,,5.7287,17.4279,,,,,,,,,,,17.629,,,,,,,,,
LU2611731667,,,,,,,,,,,,,,,,,,,,,,,,,,,,,,,,,,,,,,,,,,100.0,,,,,,,,,,,,,,,,,,,,,,,,,,,,,,,,,,,,,,,,,,,,,,,,,,,,,,,,,,,,,,,,,,,,,,,,,,,,,,,,,,,,,,,,,,,,,,
LU2611731741,,,,,,,,,,,,,,,,,,,,,,,,,,,,,,,,,,,,,,,,,,100.0,,,,,,,,,,,,,,,,,,,,,,,,,,,,,,,,,,,,,,,,,,,,,,,,,,,,,,,,,,,,,,,,,,,,,,,,,,,,,,,,,,,,,,,,,,,,,,
LU2611731824,,,,,10.2915,,,,,,,,,,,,,,,53.1249,,,,,,,,,,,,,,,,,,,,,,,,,,,,,0.843,,,,,,,,,,,,,,,,,,,,,,,,,,,,,,,,,,,,,,,,,,,,,,,,,,,,,,,,,,,,,,,,,,,,,,,,,,,,,,17.0471,18.6935,,,,,,,,
LU2611732046,,,,,,,,,,,,,,,,,,,,,,,,,,,,,,,,,,,,,,,,,,100.0,,,,,,,,,,,,,,,,,,,,,,,,,,,,,,,,,,,,,,,,,,,,,,,,,,,,,,,,,,,,,,,,,,,,,,,,,,,,,,,,,,,,,,,,,,,,,,
LU2611732129,,,,,,,,,,,,,,,,,,,,,,,,,,,,,,,,,,,,,,,,,,100.0,,,,,,,,,,,,,,,,,,,,,,,,,,,,,,,,,,,,,,,,,,,,,,,,,,,,,,,,,,,,,,,,,,,,,,,,,,,,,,,,,,,,,,,,,,,,,,
LU2611732475,,,,,,2.67,,,,,,,,,,,1.19,,,,,,,,,,,,,,,,,,,,,,,,,86.57,,,,,,,,,,,,,,,,,,,,,,,,,,,,,,,5.7,,,,,,,,,,,2.87,,,,,,,,,,,,,,,,,,,,,,,,,,,,,,,,,,,,,,,,,,,,,,,,,,,,1.0
LU2611732558,,,,,,5.3382,,,,,6.5399,,,,,,,,,,,,,,,,,,,,,,,,,,,4.3835,20.7299,,,15.7332,,,,,,,,,,,,,,,,9.168,,,,,,,,,,,,,,,,,,,,,,,,,,29.2372,,,,,,,,,,,,2.6855,,,,,,,,,,,,,,,,6.1846,,,,,,,,,,,,,,,,,,,,,,,,
LU2611732632,,,,,,,,,,,,,,,,,,,,,,,,,,,,,,,,,,,,,,,,,,,,,,,,,,,,,,,,,,,,,,,,,,,,,,,,,,,,,,,,,,,,,,,,,,,,,,,,,,,,,,,,,,,,,,,,,,,,100.0,,,,,,,,,,,,,,,,,,,,
LU2611732806,,,,,1.6375,,,,,,1.4934,,,,,,,,,2.3689,,,,,,,,,,0.2255,,,,,,,,,7.063,,,5.7466,,,,,,,,,,,,,,,,6.528,,,17.0789,,,,,,,,,,,,,,,,,,,,,,,1.2134,,,,,,,,,,,,,,,,,,,,,,,,,,,,4.1165,,,0.2094,,,,,,,,,,,,7.1538,45.1653,,,,,,,,
LU2616774076,,,,,0.2707,0.1695,,,,,,,,,,,,,,2.0943,,,,,,,,,,,,,,,,,,,0.1569,,,,,,,,,,,,,,,,1.3774,,,,,,2.4069,,,,,,,,,,,,0.1751,,,,,,0.2737,,,,,0.5765,,,,,,,,,,,,,,,,,,,,,,,1.1787,,,,,0.7759,,,,,,,,,,,,,,,3.1974,87.2476,,,,,,0.0994,,
LU2616776444,,,,,0.2707,0.1695,,,,,,,,,,,,,,2.0943,,,,,,,,,,,,,,,,,,,0.1569,,,,,,,,,,,,,,,,1.3774,,,,,,2.4069,,,,,,,,,,,,0.1751,,,,,,0.2737,,,,,0.5765,,,,,,,,,,,,,,,,,,,,,,,1.1787,,,,,0.7759,,,,,,,,,,,,,,,3.1974,87.2476,,,,,,0.0994,,
LU2621112452,,,,,0.89,,,,,,0.7023,,,,,,,,,2.3712,,,0.1443,,,,,,,,,,,,,,,,0.43,,,0.4412,,,,,,,,,,,,,0.3898,,,,,,1.7852,,,,,,,,,,,,0.0404,,,,,,,,,,,0.352,,,,,,,,,,,,,,,,,,,,,,,,,,,,0.6397,,,,0.0744,,,,,,,,,,,4.2817,87.4578,,,,,,,,
LU2641054122,,,,,,5.4375,,,,,2.0617,,,,,,,,,,,,,,,0.544,,0.159,,,,,,,,,,1.0605,17.709,,,20.9331,,0.4963,,,,,,,,,,,7.4739,,,21.003,,,,,,,,,,0.534,,,,0.3599,0.4574,,,,,,,,,,,4.0627,,,,,,,,,,,,0.9677,,,,,,,,,,,,0.5977,0.356,,,15.7341,,,,,,,,,,,,,,,,,,,,,,,,0.0523
LU2641054551,,,,,,,,,,,,,,,,,,,,,,,,,,,,,,,,,,,,,,,,,,83.4451,,,,,,,,,,,,,9.807,,,,,,,,,,,,,,,,,,,,,,,,,,,,,,,,,,,,,,,,,,,,,,,,,,,,,,,,,,,,,,,,,,,,,,,,,,,,,,,,,6.7479
LU2641925016,,,,,1.6422,,,,,,0.6532,,0.0887,,,,,,,5.1728,,,,,,,,,,0.3148,,,,,,,,0.3721,2.4006,,,0.3723,,,,,,,1.0109,,,,,,1.4225,,0.2601,0.9403,,,5.6258,,,,,,,,,,,,0.0979,,,,,,,,,,,4.2076,0.1231,,0.4296,,,,,,,,,,,,,,,,,,,,1.0425,,,,,0.7562,,,0.5458,5.3373,,,,,,,,,,,2.6586,63.9699,0.4937,,,,,0.0613,,
LU2655993207,,,,,1.6181,0.0907,,,,,0.2714,,,,,,,,,3.474,,,,,,,,,,0.4086,,,,,,,,0.2803,2.4081,,,2.1869,,,,,,,0.4397,,,,,,0.0996,,0.2803,0.8221,,,5.6188,,,,,,,,,,,,,,,,,,,,,,,1.4185,0.0448,,0.1567,,,,,,,,,0.0509,,,,,,,,,,,0.4496,,,,,0.9808,,,0.8503,2.2875,,,,,,,,,,,3.5186,72.244,,,,,,,,
LU2662649412,,,,,,,,,,,,,,,,,,,,,,,,,,,,,,,,,,,,,,,,,,,,,,,,,,,,,,,0.9445,,,,,,,,,,,,,,,,,,,,,,,,,,,,,,,,,,,,,,,,,,,,,,,,,,,,,,,,,,,,,,,,,,,,,,,,,99.0555,,,,,,,,0.0
LU2662649503,,,,,,,,,,,,,,,,,,,,,,,,,,,,,,,,,,,,,,,,,,,,,,,,,,,,,,,,,,,,,,,,,,,,,,,,,,,,,,,,,,,,,,,,,,,,,,,,,,,,,,,,,,,,,,,,,,,,,,,,,,,,,,,,100.0,,,,,,,,
LU2662649685,,,,,,,,,,,,,,,,,,,,,,,,,,,,,,,,,,,,,,,,,,,,,,,,,,,,,,,0.7844,,,,,,,,,,,,,,,,,,,,,,,,,,,,,,,,,,,,,,,,,,,,,,,,,,,,,,,,,,,,,,,,,,,,,,,,,99.2156,,,,,,,,
LU2668197069,,,,,,,,,,,,,,,,,,,,,,,,,,,,,,,,,,,,,,,,,,,,,,,,,,,,,,,,,,,,,100.0,,,,,,,,,,,,,,,,,,,,,,,,,,,,,,,,,,,,,,,,,,,,,,,,,,,,,,,,,,,,,,,,,,,,,,,,,,,
LU2673523135,,,,,0.904,1.0572,,,,,2.2171,,,,,,,,,1.355,,,,,,,,0.2127,,2.0918,,,,,,,,1.6497,17.0872,,,13.4047,,,,,,,,,0.1263,,,,0.6313,,,3.3866,,,1.836,,,,,,,,,,,,0.8621,,,,,,,,,,,7.2793,0.2541,,0.6293,,,,,,,,0.2095,0.3507,,,,,,,,,,,,,,,,6.6884,,,3.8609,2.9387,,,,,,,,,,,8.0036,22.9401,,,,,,,,0.0236
LU2673523218,,,,,1.047,1.31,,,,,0.395,,,,,,,,,1.4745,,,,,,,,,,1.6888,,,,,,,,2.0593,21.3019,,,13.3507,,,,,,,,,,,,,0.6635,,,3.1986,,,2.5313,,,,,,,,,,,,0.6147,,,,,,0.3254,,,,,6.0753,1.0467,,0.3957,,,,,,,,,0.2633,,,,,,,,,,,,,,,,7.4461,,,6.1979,2.819,,,,,,,,,,,5.8387,19.9486,,,,,,,,0.008
LU2673523309,,,,,1.443,0.5428,,,,,0.5808,,,,,,,,,1.6491,,,0.3639,,,,,,,1.9901,,,,,,,,1.5403,20.3134,,,12.5616,,,,,,,,,0.1301,,,,1.2125,,,3.6724,,,2.6288,,,,,,,,,,,,0.832,,,,,,,,,,,5.6556,0.9858,,0.8342,,,,,,,,,0.8188,,,,,,,,,,,,,,,0.1793,4.6407,,,4.7648,1.5564,,,,,,,,,,,6.1347,24.9277,,,,,,,,0.0411
LU2673523481,,,,,0.904,1.0572,,,,,2.2171,,,,,,,,,1.355,,,,,,,,0.2127,,2.0918,,,,,,,,1.6497,17.0872,,,13.4047,,,,,,,,,0.1263,,,,0.6313,,,3.3866,,,1.836,,,,,,,,,,,,0.8621,,,,,,,,,,,7.2793,0.2541,,0.6293,,,,,,,,0.2095,0.3507,,,,,,,,,,,,,,,,6.6884,,,3.8609,2.9387,,,,,,,,,,,8.0036,22.9401,,,,,,,,0.0236
LU2675291913,,,,,,,,,,,,,,,3.68,,,,,,,,17.1,,,,,,,,,,,,,,,,,,,,,,,,,,1.05,,,11.04,,,,,,,,,,,,,,,,,,,,,,,,,,,1.64,,,,,,,,,,,,,,,,,,,,,,,,2.38,,,,,,,2.48,23.61,,,,,,27.19,,,,,,,,,1.12,,,,,,,,,,8.71
LU2678230652,,,,,,0.5792,,,,,1.9643,,,,,,,,,,,,,,,,,,,2.5648,,,,,,,,2.1202,14.4762,,,12.7156,,,,,,,,,,,,,0.6938,,,5.6392,,,,,,,,,,,,,,,,,,,,,,,,,,9.9682,,,1.9614,,,,,,,,,0.4199,,,,,,,,,,,,,,,,6.2704,,,5.0823,14.7017,,,,,,,,,,,20.8427,,,,,,,,,
LU2679277744,,,,,,,,,,,,,,,,,,,,,,,,,,,,,,,,,,,,,,,,,,,,,,,,,,,,,,,,,,,,,,,,,,,,,,,,,,,,,,,,,,,,,,,,,,,,,,,,,,,,,,,,,,,,,,,,,,,,,,,,,,,,,,,,,,,,,,,,
LU2697596745,,,,,2.3969,0.6126,,,,,1.0302,,,,,,,,,0.832,,,,,,,,,,1.8687,,,,,,,,1.0352,22.7769,,,10.4862,,,,,,,,,,,,,4.325,,,6.3693,,,1.818,,,,,,,,,,,,3.1885,,,,,,,,,,,14.0563,0.2026,,0.7401,,,,,,,,0.4141,0.2045,,,,,,,,,,,,,0.2076,,0.2003,6.5191,,,2.7956,,,,,,,,,,,,6.4053,9.9508,,,,,,1.5642,,
LU2697596828,,,,,2.3969,0.6126,,,,,1.0302,,,,,,,,,0.832,,,,,,,,,,1.8687,,,,,,,,1.0352,22.7769,,,10.4862,,,,,,,,,,,,,4.325,,,6.3693,,,1.818,,,,,,,,,,,,3.1885,,,,,,,,,,,14.0563,0.2026,,0.7401,,,,,,,,0.4141,0.2045,,,,,,,,,,,,,0.2076,,0.2003,6.5191,,,2.7956,,,,,,,,,,,,6.4053,9.9508,,,,,,1.5642,,
LU2697597552,,,,,,3.6708,,,,,5.0073,,,,,,,,,,,,,,,,,,,,,,,,,,,1.7944,24.5313,,,19.1798,,0.9335,,,,,,,,,,,1.4116,,,21.6832,,,,,,,,,,,,,,,,,,,,,,,,,,4.045,,,,,,,,,,,,1.9779,,,,,,,,,,,,0.6834,0.3377,,,14.4991,,,,,,,,,,,,,,,,,,,,,,0.2451,,
LU2697597719,,,,,,3.6708,,,,,5.0073,,,,,,,,,,,,,,,,,,,,,,,,,,,1.7944,24.5313,,,19.1798,,0.9335,,,,,,,,,,,1.4116,,,21.6832,,,,,,,,,,,,,,,,,,,,,,,,,,4.045,,,,,,,,,,,,1.9779,,,,,,,,,,,,0.6834,0.3377,,,14.4991,,,,,,,,,,,,,,,,,,,,,,0.2451,,
LU2742532745,,,,,2.5967,0.2071,,,,,2.1354,,,,,,,,,,,,,,,,,,,,,,,,,,,0.5382,17.7676,,,6.3928,,,,,,,,,,,,,2.4741,,,3.5798,,,3.5122,,,,,,,,,,0.2749,,1.7936,,,,,,,,,,,13.1547,,,,,,,,,,,,,,,,,,,,,,,,,,,,4.4564,,,2.7329,1.0753,,,,,,,,,,,14.1572,21.2101,,,,,,1.941,,
LU2742532828,,,,,2.5967,0.2071,,,,,2.1354,,,,,,,,,,,,,,,,,,,,,,,,,,,0.5382,17.7676,,,6.3928,,,,,,,,,,,,,2.4741,,,3.5798,,,3.5122,,,,,,,,,,0.2749,,1.7936,,,,,,,,,,,13.1547,,,,,,,,,,,,,,,,,,,,,,,,,,,,4.4564,,,2.7329,1.0753,,,,,,,,,,,14.1572,21.2101,,,,,,1.941,,
LU2742533552,,,,,,4.5208,,,,,6.217,,,,,,,,,,,,,,,,,,,,,,,,,,,1.9411,23.7609,,,17.6678,,1.2106,,,,,,,,,,,1.703,,,19.2198,,,,,,,,,,,,,,,,,,,,,,,,,,6.8869,,,,,,,,,,,,2.2362,,,,,,,,,,,,0.7195,0.3048,,,13.42,,,,,,,,,,,,,,,,,,,,,,0.1916,,
LU2742533636,,,,,,4.5208,,,,,6.217,,,,,,,,,,,,,,,,,,,,,,,,,,,1.9411,23.7609,,,17.6678,,1.2106,,,,,,,,,,,1.703,,,19.2198,,,,,,,,,,,,,,,,,,,,,,,,,,6.8869,,,,,,,,,,,,2.2362,,,,,,,,,,,,0.7195,0.3048,,,13.42,,,,,,,,,,,,,,,,,,,,,,0.1916,,
LU2777377875,,,,,,0.3123,,,,,1.296,,,,,,,,,,,,,,,,,,,8.5148,,,,,,,,1.3156,12.4491,,,9.7837,,,,,,,,,,,,,2.1847,,,3.926,,,,,,,,,,,,,,,0.9552,,,,,,,,,,,9.3812,,,1.2362,,,,,,,,,,,,,,,,,,,,,,,,,8.5099,,,3.8053,5.1084,,,,,,,,,,,30.8889,,,,,,,0.3326,,
LU2780870932,,,,,3.5101,0.3011,,,,,0.4758,,,,,,,,,7.1214,,,,,,,,,,0.9284,,,,,,,,0.8722,6.9178,,,6.1019,,,,,,,0.4655,,,,,,0.0813,,,0.455,,,4.4864,,,,,,,,,,,,,,,,,,,,,,,1.5226,0.7668,,0.3989,,,,,,,,,,,,,,,,,,,,0.1058,,,,,1.4726,,,1.8425,2.3436,,,,,,,,,,,8.123,51.7073,,,,,,,,
LU2780871237,,,,,3.5101,0.3011,,,,,0.4758,,,,,,,,,7.1214,,,,,,,,,,0.9284,,,,,,,,0.8722,6.9178,,,6.1019,,,,,,,0.4655,,,,,,0.0813,,,0.455,,,4.4864,,,,,,,,,,,,,,,,,,,,,,,1.5226,0.7668,,0.3989,,,,,,,,,,,,,,,,,,,,0.1058,,,,,1.4726,,,1.8425,2.3436,,,,,,,,,,,8.123,51.7073,,,,,,,,
LU2780871310,,,,,,3.0111,,,,,5.4836,,,,,,,,,,,,,,,,,,,,,,,,,,,1.7671,23.4527,,,23.6976,,,,,,,,,,,,,1.161,,,20.2847,,,,,,,,,,,,,,,,,,,,,,,,,,4.6066,,,,,,,,,,,,2.2316,,,,,,,,,,,,,,,,14.3041,,,,,,,,,,,,,,,,,,,,,,,,
LU2780871401,,,,,,3.0111,,,,,5.4836,,,,,,,,,,,,,,,,,,,,,,,,,,,1.7671,23.4527,,,23.6976,,,,,,,,,,,,,1.161,,,20.2847,,,,,,,,,,,,,,,,,,,,,,,,,,4.6066,,,,,,,,,,,,2.2316,,,,,,,,,,,,,,,,14.3041,,,,,,,,,,,,,,,,,,,,,,,,
LU2780871666,,,,,,,,,,,,,,,,,,,,,,,,,,,,,,,,,,,,,,,,,,,,,,,,,,,,,,,,,,55.0894,,,,,,,,,,,,,,,,,,,,,,,,,,,,,,,,,,,,,,6.063,,,,,,,,,,,,,,,,38.8476,,,,,,,,,,,,,,,,,,,,,,,,
LU2780871823,,,,,,,,,,,,,,,,,,,,,,,,,,,,,,,,,,,,,,,,,,100.0,,,,,,,,,,,,,,,,,,,,,,,,,,,,,,,,,,,,,,,,,,,,,,,,,,,,,,,,,,,,,,,,,,,,,,,,,,,,,,,,,,,,,,,,,,,,,,
LU2780872128,,,,,,,,,,,,,,,,,,,,,,,,,,,,,,,,,,,,,,,,,,,,,,,,,,,,,,,,,,100.0,,,,,,,,,,,,,,,,,,,,,,,,,,,,,,,,,,,,,,,,,,,,,,,,,,,,,,,,,,,,,,,,,,,,,,,,,,,,,,
LU2785470191,,,,,,,,,,,,,,,,,,,,,,,,,,,,,,,,,,,,,,,,,,,,,,,,,,,,,,,,,,,,,,,,,,,,,,,,,,,,,,,,,,,,,,,,,,,,,,,,,,,,,,,,,,,,,,,,,,,,,,,,,,,,,,,,,,,,,,,,
LU2788421340,,,,,,,,,,,,,,,,,,,,,,,98.9,,,,,,,,,,,,,,,,,,,,,,,,,,,,,,,,,,,,,,,,,,,,,,,,,,,,,,,,,,,,,,,,,,,,,,,,,,,,,,,,,,,,,,,,,,,,,,,,,,,,,,,,,,,,,,,,,1.1
LU2798197641,,,,,1.7396,1.2878,,,,,1.95,,0.0692,,0.0383,,,,,1.0455,,,0.1654,,,0.038,0.0233,0.2875,,2.1972,,,,,0.0368,,,1.2119,18.2243,,,12.9939,,0.4999,,,,,0.024,0.1101,0.0717,,,,0.5677,,,5.5916,,,2.143,,,,,,,0.0095,,,,0.0314,0.906,,,,0.0101,,0.0442,,,,,4.849,0.2345,,0.7012,,,,,,,,0.3762,0.5209,,,,0.1739,,,,,,,0.0141,0.0553,0.034,0.1008,0.0398,5.727,,,2.7254,2.0333,0.0223,,,,,,,,,,8.325,22.7495,,,,,,,,
LU2800573128,,,,,,,,,,,,,,,,,,,,,,,,,,,,,,,,,,,,,,,,,,,,,,,,,,,,,,,,,,,,,100.161,,,,,,,,,,,,,,,,,,,,,,,,,,,,,,,,,,,,,,,,,,,,,,,,,,,,,,,,,,,,,,,,,,0.0002,0.0005,,,,,,-0.1616,,
LU2807512947,,,,,5.67,,,,,,,,,,,,,,,11.78,,,,,,,,,,1.5,,,,,,,,1.08,7.72,,,7.64,,,,,,,1.56,,,,,,,,,2.71,,,19.86,,,,,,,,,,,,,,,,,,,,,,,6.32,,,,,,,,,,,,,,,,,,,,,,,1.45,,,,,3.31,,,2.95,8.94,,,,,,,,,,,11.61,,,,,,,,,5.9
LU2823895250,,,,,1.6161,0.4666,,,,,1.8316,,,,,,,,,3.251,,,10.6762,,,,,0.1635,,0.2051,,,,,,,,0.2214,6.4866,,,3.958,,0.153,,,,,,,,,0.5748,,0.1624,,0.1825,3.1525,,,7.82,,,,,,,,,,,,8.8333,,,0.4336,,,0.3954,,,,,1.1154,0.1693,,,,,,,,0.1268,,0.5482,0.2472,,0.1785,,0.4028,,,,,,,0.476,0.0992,,,0.9915,2.4134,,,0.4181,0.8206,,,0.3889,,,,,,,,4.9051,35.9455,,,,,,0.1698,,
LU2823895763,,,,,1.8074,,,,,,0.6776,,,,,,,,,,,,,,,,,,,0.9184,,,,,,,,0.5905,27.7452,,,9.5308,,,,,,,,,,,,,2.3943,,,3.2352,,,3.0493,,,,,,,,,,,,3.3894,,,,,,,,,,,17.7265,,,,,,,,,,,,,,,,,,,,,,,,,,,,5.1672,,,1.9259,,,,,,,,,,,,7.8716,12.6716,,,,,,1.2992,,
LU2823895847,,,,,1.8074,,,,,,0.6776,,,,,,,,,,,,,,,,,,,0.9184,,,,,,,,0.5905,27.7452,,,9.5308,,,,,,,,,,,,,2.3943,,,3.2352,,,3.0493,,,,,,,,,,,,3.3894,,,,,,,,,,,17.7265,,,,,,,,,,,,,,,,,,,,,,,,,,,,5.1672,,,1.9259,,,,,,,,,,,,7.8716,12.6716,,,,,,1.2992,,
LU2823896738,,,,,1.0989,0.5142,,,,,0.5686,,,,,,,,,1.7949,0.5179,,,,,,,,,1.7835,,,,,,,,2.0655,20.3064,,,8.134,,,,,,,,,,,,,1.7755,,,3.0035,,,1.6923,,,,,,,,,,0.4071,,4.0586,,,,,,,,,,,16.6458,1.3762,,1.2754,,,,,,,,,,,,,,,,,,,,,,,,,5.9445,,,3.4733,,,,,,,,,,,,8.8586,13.5439,,,,,,1.1616,,
LU2823896811,,,,,1.0989,0.5142,,,,,0.5686,,,,,,,,,1.7949,0.5179,,,,,,,,,1.7835,,,,,,,,2.0655,20.3064,,,8.134,,,,,,,,,,,,,1.7755,,,3.0035,,,1.6923,,,,,,,,,,0.4071,,4.0586,,,,,,,,,,,16.6458,1.3762,,1.2754,,,,,,,,,,,,,,,,,,,,,,,,,5.9445,,,3.4733,,,,,,,,,,,,8.8586,13.5439,,,,,,1.1616,,
LU2825556892,,,,,,,,,,,,,,,,,,,,,,,,,,,,,,,,,,,,,,,,,,,,,,,,,,,,,,,,,,,,,,,,,,,,,,,,,,,,,,,,,,,,,,,,,,,,,,,,,,,,,,,,,,,,,,,,,,,,,,,,,,,,,,,,,,,,,,,,
LU2868143954,,,3.4348,0.291,0.0013,,0.2633,,3.263,0.0991,,0.2127,,0.2745,4.0183,0.4572,0.315,,,,1.6529,3.7898,0.995,2.377,1.7092,,,,,,3.6511,1.5008,2.385,0.8816,,,,,,0.199,0.1492,,0.9472,,,1.0609,,0.1881,0.1039,4.6949,,0.9208,3.3019,,,,,,0.7912,0.7354,,,0.7856,2.5615,1.0828,,0.1733,0.2599,0.2264,,,,,,,2.2947,,,2.5897,,0.3373,0.1744,0.9664,,,,,3.1423,,3.2372,,1.0369,2.872,3.72,5.2387,,,,0.0782,3.5122,,0.0686,2.4407,0.2797,0.8897,,,,,3.0897,,,1.3639,0.2876,,0.0014,,,,,0.6078,3.5111,,,1.5653,,0.0623,1.5889,3.7223,1.0526,,,0.0894,0.4241,,
LU2868144093,,,3.4348,0.291,0.0013,,0.2633,,3.263,0.0991,,0.2127,,0.2745,4.0183,0.4572,0.315,,,,1.6529,3.7898,0.995,2.377,1.7092,,,,,,3.6511,1.5008,2.385,0.8816,,,,,,0.199,0.1492,,0.9472,,,1.0609,,0.1881,0.1039,4.6949,,0.9208,3.3019,,,,,,0.7912,0.7354,,,0.7856,2.5615,1.0828,,0.1733,0.2599,0.2264,,,,,,,2.2947,,,2.5897,,0.3373,0.1744,0.9664,,,,,3.1423,,3.2372,,1.0369,2.872,3.72,5.2387,,,,0.0782,3.5122,,0.0686,2.4407,0.2797,0.8897,,,,,3.0897,,,1.3639,0.2876,,0.0014,,,,,0.6078,3.5111,,,1.5653,,0.0623,1.5889,3.7223,1.0526,,,0.0894,0.4241,,
LU2872291278,,,,,,2.51,,,,,,,,,,,,,,,,,,,,,,,,,,,,,,,,,10.85,,,6.94,,,,,,,,,,,,,,,,10.48,,,,,,,,,,,,,,,,,,,,,,,,,,2.36,,,,,,,,,,,,1.51,,,,,,,,,,,,,,,,6.77,,,,,,,,,,,,,,,,,,,,,,,,58.58
LU2872291435,,,,,,3.6637,,,,,4.1843,,,,,,,,,,,,,,,,,,,,,,,,,,,1.6796,21.4152,,,23.9988,,,,,,,,,,,,,1.1631,,,21.6035,,,,,,,,,,,,,,,,,,,,,,,,,,5.0284,,,,,,,,,,,,2.5764,,,,,,,,,,,,,,,,14.6869,,,,,,,,,,,,,,,,,,,,,,,,
LU2872291781,,,,,,2.8515,,,,,3.2107,,,,,,,,,,,,,,,,,,,,,,,,,,,1.6477,30.5864,,,14.3589,,,,,,,,,,,,,1.7362,,,20.5645,,,,,,,,,,,,,,,,,,,,,,,,,,4.1214,,,,,,,,,,,,2.1626,,,,,,,,,,,,,,,,18.7603,,,,,,,,,,,,,,,,,,,,,,,,
LU2872291948,,,,,,,,,,,,,,,,,,,,,,,,,,,,,,,,,,,,,,,,,,,,,,,,,,,,,,,,,,,,,,,,,,,,,,,,,,,,,,,,,,,,,,,,,,,,,,,,,,,,,,,,,,,,,,,,,,,,,,,,,,,,,,,,,,,,,,,,
LU2872292086,,,,,,,,,,,,,,,,,,,,,,,,,,,,,,,,,,,,,,,,,,,,,,,,,,,,,,,,,,,,,,,,,,,,,,,,,,,,,,,,,,,,,,,,,,,,,,,,,,,,,,,,,,,,,,,,,,,,,,,,,,,,,,,,,,,,,,,,
LU2872292169,,,,,,,,,,,,,,,,,,,,,,,,,,,,,,,,,,,,,,,,,,,,,,,,,,,,,,,,,,,,,,,,,,,,,,,,,,,,,,,,,,,,,,,,,,,,,,,,,,,,,,,,,,,,,,,,,,,,,,,,,,,,,,,,,,,,,,,,
LU2872292243,,,,,,,,,,,,,,,,,,,,,,,,,,,,,,,,,,,,,,,,,,,,,,,,,,,,,,,,,,,,,,,,,,,,,,,,,,,,,,,,,,,,,,,,,,,,,,,,,,,,,,,,,,,,,,,,,,,,,,,,,,,,,,,,,,,,,,,,
LU2873560481,,,,,,0.5792,,,,,1.9643,,,,,,,,,,,,,,,,,,,2.5648,,,,,,,,2.1202,14.4762,,,12.7156,,,,,,,,,,,,,0.6938,,,5.6392,,,,,,,,,,,,,,,,,,,,,,,,,,9.9682,,,1.9614,,,,,,,,,0.4199,,,,,,,,,,,,,,,,6.2704,,,5.0823,14.7017,,,,,,,,,,,20.8427,,,,,,,,,
LU2873560564,,,,,,0.6492,,,,,1.8475,,,,,,,,,,,,,,,,,,,2.6856,,,,,,,,1.9035,15.3305,,,13.2239,,,,,,,,,,,,,0.6818,,,5.7329,,,,,,,,,,,,,,,,,,,,,,,,,,8.0173,,,1.3259,,,,,,,,0.9699,0.3049,,,,,,,,,,,,,,,,5.958,,,4.8242,13.8917,,,,,,,,,,,22.6531,,,,,,,,,
LU2880762781,,,,,,,,,,,,,,,,,,,,,,,,,,,,,,,,,,,,,,,,,,,,,,,,,,,,,,,,,,,,,,,,,,,,,,,,,,,,,,,,,,,,,,,,,,,,,,14.7,,,,,,,,,,,,,,,,,,,,,,,,,,,,,,,,,10.88,28.86,,,,,,,,45.56
LU2880762948,,,,,,,,,,,,,,,,,,,,,,,,,,,,,,,,,,,,,,,,,,,,,,,,,,,,,,,,,,,,,,,,,,,,,,,,,,,,,,,,,,,,,,,,,,,,,,14.7,,,,,,,,,,,,,,,,,,,,,,,,,,,,,,,,,10.88,28.86,,,,,,,,45.56
LU2881684745,,,,,,0.258,,,,,1.546,,,,,,,,,,,,,,,,,,,2.363,,,,,,,,2.2083,13.3176,,,14.7816,,,,,,,,,,,,,1.9074,,,3.2982,,,,,,,,,,,,,,,0.1704,,,,,,0.1494,,,,,10.5685,,,2.1826,,,,,,,,,0.5932,,,,,,,,,,,,,,,,8.3472,,,4.2799,14.7092,,,,,,,,,,,19.2916,0.0027,,,,,,0.0254,,
LU2891727930,,,,,,5.2526,,,,,8.7846,,,,,,,,,,,,,,,,,,,,,,,,,,,1.3906,30.1386,,,19.7131,,,,,,,,,,,,,0.7364,,,14.4694,,,,,,,,,,,,,,,,,,,,,,,,,,6.4493,,,,,,,,,,,,1.788,,,,,,,,,,,,,,,,11.2775,,,,,,,,,,,,,,,,,,,,,,,,
LU2891728078,,,,,,5.2526,,,,,8.7846,,,,,,,,,,,,,,,,,,,,,,,,,,,1.3906,30.1386,,,19.7131,,,,,,,,,,,,,0.7364,,,14.4694,,,,,,,,,,,,,,,,,,,,,,,,,,6.4493,,,,,,,,,,,,1.788,,,,,,,,,,,,,,,,11.2775,,,,,,,,,,,,,,,,,,,,,,,,
LU2895488661,,,,,,,,,,,,,,,,,,,,,,,,,,,,,,,,,,,,,,,,,,,,,,,,,,,,,,,,,,,,,,,,,,,,,,,,,,,,,,,,,,,,,,,,,,,,,,,,,,,,,,,,,,,,,,,,,,,,,,,,,,,,,,,,,,,,,,,,
LU2898088419,,,,,,,,,,,,,,,,,,,,,,,,,,,,,,,,,,,,,,,,,,,,,,,,,,,,,,,,,,,,,,,,,,,,,,,,,,,,,,,,,,,,,,,,,,,,,,,,,,,,,,,,,,,,,,,,,,,,,,,,,,,,,,,,,,,,,,,,
LU2903252349,,,,,1.37,,,,,,,,,,,,,,,2.9,,,2.09,,,,,,,,,,,,,,,,1.89,,,1.85,,,,,,,,,,1.33,,,,,,,,,4.99,,,,,,,,,,,,,,,,,,,,,,,1.61,,,,,,,,,,,,,,,,,,,,,,,,,,,2.89,,,,,2.38,3.31,,,,,,,,,,3.13,61.83,,,,,,,,8.43
LU2914157412,,,,,,,,,,,,,,,,,,,,,,,,,,,,,,,,,,,,,,,,,,,,,,,,,,,,,,,,,,,,,100.0,,,,,,,,,,,,,,,,,,,,,,,,,,,,,,,,,,,,,,,,,,,,,,,,,,,,,,,,,,,,,,,,,,,,,,,,,,,
LU2914558916,,,,,,0.2071,,,,,3.6608,,,,,,,,,,,,,,,,,,,,,,,,,,,1.3772,15.0142,,,11.4039,,,,,1.0155,,,,,,,,0.1802,,,,,,,,,,,,,,,,,,1.2351,,,,,,,,,,,0.9624,,,0.3154,,,,,,,,,,,,,,,,,,,,,,,,,3.8294,,,14.2675,14.6115,,,,,,,,,,,31.5507,0.0001,,,,,,0.369,,
LU2924149862,,,,,1.3008,0.7901,,,,,1.1451,,,,,,0.0691,,,1.8483,,0.1132,11.8098,,,0.0814,,0.2958,,0.1681,,,,,0.0078,,,0.4039,5.7261,,,4.5301,,0.2329,,,,,,0.1709,,,0.6795,,0.3137,,0.3477,5.1283,,,13.3374,,,,,,,0.0431,,,,0.0654,,,,0.7763,,,0.7205,,,,,0.921,0.262,,0.1372,,,,,,0.1395,,0.5752,0.4539,,,,0.1903,,,,,,,0.3362,0.1796,0.077,,1.623,3.2565,,,0.156,0.2671,,,0.662,,,,,,,,5.5942,35.0641,,,,,,,,
LU2924150019,,,,,2.2986,0.3324,,,,,0.814,,0.1076,,0.1991,,,,,4.717,,0.086,0.3805,,,,,0.1127,,0.5613,,,,,0.0171,,,0.2731,5.9301,,,4.4842,,0.121,,,,,0.1349,0.0419,,0.0653,0.031,,0.4496,,0.0299,1.7274,,,2.3884,,,,,0.0209,,,,,,0.0124,0.2913,0.0201,,,,,0.2565,,,,,1.5646,0.1629,,0.216,,,,,,0.0491,,0.1037,0.0922,,0.0527,,0.0758,,,0.2251,,,,0.021,0.0134,0.0124,0.0787,0.2289,1.8091,,,0.8051,1.2104,0.0651,,0.0306,,,,,,,0.0937,6.4071,60.7784,,,,,,,,
LU2924150282,,,,,,3.5447,,,,,3.2704,,,,,,,,,,,,,,,,,,,,,,,,,,,1.6334,24.5579,,,21.5878,,,,,,,,,,,,,1.5241,,,26.3371,,,,,,,,,,,,,,,,,,,,,,,,,,3.743,,,,,,,,,,,,1.2475,,,,,,,,,,,,,,,,12.5542,,,,,,,,,,,,,,,,,,,,,,,,
LU2928641757,,,,,,,,,,,,,,,,,,,,,,,0.3057,,,,,,,,,,,,,,,,,,,,,,,,,,,,,,,,0.1183,,,,,,,,,,,,,,,,,,,,,,,,,,,,,,,,,,,,,,,,,,,,,,,,,,,,,,,,,,,,,,99.5602,,,,,,,,,,,0.0147,,,,,,,,0.0012
LU2932780914,,,,,,1.4664,,,,,3.4218,,,,,,,,,,,,,,,,,,,,,,,,,,,4.4153,26.4324,,,22.9064,,,,,,,,,,,,,1.581,,,11.9709,,,,,,,,,,,,,,,0.1238,,,,,,,,,,,15.6343,,,,,,,,,,,,0.5808,,,,,,,,,,,,,,,,11.4668,,,,,,,,,,,,,,,,,,,,,,,,
LU2941599081,,,,,,,,,,,,,,,,,,,,,,,,,,,,,,,,,,,,,,,,,,,,,,,,,,,,,,,,,,,,,,,,,,,,,,,,,,,,,,,,,,,,,,,,,,,,,,,,,,,,,,,,,,,,,,,,,,,,,,,,,,,,,,,,,,,,,,,,
LU2941599164,,,,,,,,,,,,,,,,,,,,,,,,,,,,,,,,,,,,,,,,,,,,,,,,,,,,,,,,,,,,,,,,,,,,,,,,,,,,,,,,,,,,,,,,,,,,,,,,,,,,,,,,,,,,,,,,,,,,,,,,,,,,,,,,,,,,,,,,
LU2941599248,,,,,,,,,,,,,,,,,,,,,,,,,,,,,,,,,,,,,,,,,,,,,,,,,,,,,,,,,,,,,,,,,,,,,,,,,,,,,,,,,,,,,,,,,,,,,,,,,,,,,,,,,,,,,,,,,,,,,,,,,,,,,,,,,,,,,,,,
LU2941599594,,,,,,,,,,,,,,,,,,,,,,,,,,,,,,,,,,,,,,,,,,,,,,,,,,,,,,,,,,,,,,,,,,,,,,,,,,,,,,,,,,,,,,,,,,,,,,,,,,,,,,,,,,,,,,,,,,,,,,,,,,,,,,,,,,,,,,,,
LU2941599834,,,,,,,,,,,,,,,,,,,,,,,,,,,,,,,,,,,,,,,,,,,,,,,,,,,,,,,,,,,,,,,,,,,,,,,,,,,,,,,,,,,,,,,,,,,,,,,,,,,,,,,,,,,,,,,,,,,,,,,,,,,,,,,,,,,,,,,,
LU2951555403,,,,,,,,,,,,,,,,,,,,,,,,,,,,,,,,,,,,,,,,,,,,,,,,,,,,,,,,,,,,,,,,,,,,,,,,,,,,,,,,,,,,,,,,,,,,,,,,,,,,,,,,,,,,,,,,,,,,,,,,,,,,,,,,,,,,,,,,
LU2951555585,,,,,,,,,,,,,,,,,,,,,,,,,,,,,,,,,,,,,,,,,,,,,,,,,,,,,,,,,,,,,,,,,,,,,,,,,,,,,,,,,,,,,,,,,,,,,,,,,,,,,,,,,,,,,,,,,,,,,,,,,,,,,,,,,,,,,,,,
LU2970735911,,,,,0.129,0.8298,,,,,0.8578,,,,,,0.423,,,,,,0.1096,,,,,1.0599,,0.4098,,,,,0.0763,,,1.0296,20.7239,,,12.5477,,1.3985,,,,,,0.5,,,,,0.8431,,1.474,16.4313,,,2.3157,0.0473,,,,,,,,,,0.4758,1.0388,,,,,,0.1085,,,,,4.868,,,0.3507,,,,,,,,0.9594,0.2463,,,,0.5489,,,,,0.2355,,,,,0.166,,3.6515,,,1.9331,2.2184,,,,,,,,,,,10.4917,11.5008,,,,,,,,
LU2976311444,,,,,,,,,,,,,,,,,,,,,,,,,,,,,,,,,,,,,,,,,,,,,,,,,,,,,,,,,,,,,,,,,,,,,,,,,,,,,,,,,,,,,,,,,,,,,,,,,,,,,,,,,,,,,,,,,,,,,,,,,,,,,,,,,,,,,,,,
LU2976312335,,,,,,,,,,,,,,,,,,,,,,,,,,,,,,,,,,,,,,,,,,,,,,,,,,,,,,,,,,,,,,,,,,,,,,,,,,,,,,,,,,,,,,,,,,,,,,,,,,,,,,,,,,,,,,,,,,,,,,,,,,,,,,,,,,,,,,,,
LU2976313655,,,,,,,,,,,,,,,,,,,,,,,,,,,,,,,,,,,,,,,,,,,,,,,,,,,,,,,,,,,,,,,,,,,,,,,,,,,,,,,,,,,,,,,,,,,,,,,,,,,,,,,,,,,,,,,,,,,,,,,,,,,,,,,,,,,,,,,,
LU2976313812,,,,,,,,,,,,,,,,,,,,,,,,,,,,,,,,,,,,,,,,,,,,,,,,,,,,,,,,,,,,,,,,,,,,,,,,,,,,,,,,,,,,,,,,,,,,,,,,,,,,,,,,,,,,,,,,,,,,,,,,,,,,,,,,,,,,,,,,
LU2976314208,,,,,,,,,,,,,,,,,,,,,,,,,,,,,,,,,,,,,,,,,,,,,,,,,,,,,,,,,,,,,,,,,,,,,,,,,,,,,,,,,,,,,,,,,,,,,,,,,,,,,,,,,,,,,,,,,,,,,,,,,,,,,,,,,,,,,,,,
LU2976314463,,,,,,,,,,,,,,,,,,,,,,,,,,,,,,,,,,,,,,,,,,,,,,,,,,,,,,,,,,,,,,,,,,,,,,,,,,,,,,,,,,,,,,,,,,,,,,,,,,,,,,,,,,,,,,,,,,,,,,,,,,,,,,,,,,,,,,,,
LU2976314620,,,,,,,,,,,,,,,,,,,,,,,,,,,,,,,,,,,,,,,,,,,,,,,,,,,,,,,,,,,,,,,,,,,,,,,,,,,,,,,,,,,,,,,,,,,,,,,,,,,,,,,,,,,,,,,,,,,,,,,,,,,,,,,,,,,,,,,,
LU2976315601,,,,,,,,,,,,,,,,,,,,,,,,,,,,,,,,,,,,,,,,,,,,,,,,,,,,,,,,,,,,,,,,,,,,,,,,,,,,,,,,,,,,,,,,,,,,,,,,,,,,,,,,,,,,,,,,,,,,,,,,,,,,,,,,,,,,,,,,
LU2976315866,,,,,,,,,,,,,,,,,,,,,,,,,,,,,,,,,,,,,,,,,,,,,,,,,,,,,,,,,,,,,,,,,,,,,,,,,,,,,,,,,,,,,,,,,,,,,,,,,,,,,,,,,,,,,,,,,,,,,,,,,,,,,,,,,,,,,,,,
LU2976318613,,,,,,,,,,,,,,,,,,,,,,,,,,,,,,,,,,,,,,,,,,,,,,,,,,,,,,,,,,,,,,,,,,,,,,,,,,,,,,,,,,,,,,,,,,,,,,,,,,,,,,,,,,,,,,,,,,,,,,,,,,,,,,,,,,,,,,,,
LU2976318886,,,,,,,,,,,,,,,,,,,,,,,,,,,,,,,,,,,,,,,,,,,,,,,,,,,,,,,,,,,,,,,,,,,,,,,,,,,,,,,,,,,,,,,,,,,,,,,,,,,,,,,,,,,,,,,,,,,,,,,,,,,,,,,,,,,,,,,,
LU2976319009,,,,,,,,,,,,,,,,,,,,,,,,,,,,,,,,,,,,,,,,,,,,,,,,,,,,,,,,,,,,,,,,,,,,,,,,,,,,,,,,,,,,,,,,,,,,,,,,,,,,,,,,,,,,,,,,,,,,,,,,,,,,,,,,,,,,,,,,
LU2976320437,,,,,,,,,,,,,,,,,,,,,,,,,,,,,,,,,,,,,,,,,,,,,,,,,,,,,,,,,,,,,,,,,,,,,,,,,,,,,,,,,,,,,,,,,,,,,,,,,,,,,,,,,,,,,,,,,,,,,,,,,,,,,,,,,,,,,,,,
LU2976320601,,,,,,,,,,,,,,,,,,,,,,,,,,,,,,,,,,,,,,,,,,,,,,,,,,,,,,,,,,,,,,,,,,,,,,,,,,,,,,,,,,,,,,,,,,,,,,,,,,,,,,,,,,,,,,,,,,,,,,,,,,,,,,,,,,,,,,,,
LU2976320866,,,,,,,,,,,,,,,,,,,,,,,,,,,,,,,,,,,,,,,,,,,,,,,,,,,,,,,,,,,,,,,,,,,,,,,,,,,,,,,,,,,,,,,,,,,,,,,,,,,,,,,,,,,,,,,,,,,,,,,,,,,,,,,,,,,,,,,,
LU2976321328,,,,,,,,,,,,,,,,,,,,,,,,,,,,,,,,,,,,,,,,,,,,,,,,,,,,,,,,,,,,,,,,,,,,,,,,,,,,,,,,,,,,,,,,,,,,,,,,,,,,,,,,,,,,,,,,,,,,,,,,,,,,,,,,,,,,,,,,
LU2977964027,,,,,1.3008,0.7901,,,,,1.1451,,,,,,0.0691,,,1.8483,,0.1132,11.8098,,,0.0814,,0.2958,,0.1681,,,,,0.0078,,,0.4039,5.7261,,,4.5301,,0.2329,,,,,,0.1709,,,0.6795,,0.3137,,0.3477,5.1283,,,13.3374,,,,,,,0.0431,,,,0.0654,,,,0.7763,,,0.7205,,,,,0.921,0.262,,0.1372,,,,,,0.1395,,0.5752,0.4539,,,,0.1903,,,,,,,0.3362,0.1796,0.077,,1.623,3.2565,,,0.156,0.2671,,,0.662,,,,,,,,5.5942,35.0641,,,,,,,,
LU2977996904,,,,,1.7899,1.1365,,,,,1.599,,,,,,,,,2.5843,,,,,,,,,,,,,,,,,,,7.895,,,6.26,,,,,,,,,,,,,,,,7.0227,,,10.2379,,,,,,,,,,,,,,,,,,,,,,,1.3016,,,,,,,,,,,,,,,,,,,,,,,,,,,,4.5477,,,,,,,,,,,,,,,6.1048,49.5208,,,,,,,,
LU2977997118,,,,,1.7396,1.2878,,,,,1.95,,0.0692,,0.0383,,,,,1.0455,,,0.1654,,,0.038,0.0233,0.2875,,2.1972,,,,,0.0368,,,1.2119,18.2243,,,12.9939,,0.4999,,,,,0.024,0.1101,0.0717,,,,0.5677,,,5.5916,,,2.143,,,,,,,0.0095,,,,0.0314,0.906,,,,0.0101,,0.0442,,,,,4.849,0.2345,,0.7012,,,,,,,,0.3762,0.5209,,,,0.1739,,,,,,,0.0141,0.0553,0.034,0.1008,0.0398,5.727,,,2.7254,2.0333,0.0223,,,,,,,,,,8.325,22.7495,,,,,,,,
LU2977997209,,,,,1.7396,1.2878,,,,,1.95,,0.0692,,0.0383,,,,,1.0455,,,0.1654,,,0.038,0.0233,0.2875,,2.1972,,,,,0.0368,,,1.2119,18.2243,,,12.9939,,0.4999,,,,,0.024,0.1101,0.0717,,,,0.5677,,,5.5916,,,2.143,,,,,,,0.0095,,,,0.0314,0.906,,,,0.0101,,0.0442,,,,,4.849,0.2345,,0.7012,,,,,,,,0.3762,0.5209,,,,0.1739,,,,,,,0.0141,0.0553,0.034,0.1008,0.0398,5.727,,,2.7254,2.0333,0.0223,,,,,,,,,,8.325,22.7495,,,,,,,,
LU2977997381,,,,,0.89,,,,,,0.7023,,,,,,,,,2.3712,,,0.1443,,,,,,,,,,,,,,,,0.43,,,0.4412,,,,,,,,,,,,,0.3898,,,,,,1.7852,,,,,,,,,,,,0.0404,,,,,,,,,,,0.352,,,,,,,,,,,,,,,,,,,,,,,,,,,,0.6397,,,,0.0744,,,,,,,,,,,4.2817,87.4578,,,,,,,,
LU2991918421,,,,,,,,,,,,,,,,,,,,,,,,,,,,,,,,,,,,,,,,,,,,,,,,,,,,,,,1.99,,,,,,,,,,,,,,,,,,,,,,,,,,,,,,,,,,,,,,,,,,,,,,,,,,,,,,,,,,,,,,,,,,,,,,,,,94.38,,,,,,,,3.63
LU2993390504,,,,,,,,,,,,,,,,,,,,,,,,,,,,,,,,,,,,,,,,,,,,,,,,,,,,,,,1.13,,,,,,,,,,,,,,,,,,,,,,,,,,,,,,,,,,,,,,,,,,,,,,,,,,,,,,,,,,,,,,,,,,,,,,,,,97.7,,,,,,,,1.17
LU2993390686,,,,,,,,,,,,,,,,,,,,,,,,,,,,,,,,,,,,,,,,,,,,,,,,,,,,,,,1.13,,,,,,,,,,,,,,,,,,,,,,,,,,,,,,,,,,,,,,,,,,,,,,,,,,,,,,,,,,,,,,,,,,,,,,,,,97.7,,,,,,,,1.17
LU2993390769,,,,,,,,,,,,,,,,,,,,,,,,,,,,,,,,,,,,,,,,,,,,,,,,,,,,,,,1.13,,,,,,,,,,,,,,,,,,,,,,,,,,,,,,,,,,,,,,,,,,,,,,,,,,,,,,,,,,,,,,,,,,,,,,,,,97.7,,,,,,,,1.17
LU2993390843,,,,,,,,,,,,,,,,,,,,,,,,,,,,,,,,,,,,,,,,,,,,,,,,,,,,,,,1.13,,,,,,,,,,,,,,,,,,,,,,,,,,,,,,,,,,,,,,,,,,,,,,,,,,,,,,,,,,,,,,,,,,,,,,,,,97.7,,,,,,,,1.17
LU2993392898,,,,,,3.7405,,,,,7.416,,,,,,,,,,,,,,,,,,,,,,,,,,,1.7417,23.5049,,,15.3191,,1.2985,,,,,,,,,,,1.5735,,,23.0513,,,,,,,,,,,,,,,,,,,,,,,,,,4.1252,,,,,,,,,,,,1.5363,,,,,,,,,,,,1.2462,0.4581,,,14.7332,,,,,,,,,,,,,,,,,,,,,,0.2556,,
LU2993394241,,,,,3.9503,,,,,,,,,,,,,,,4.5204,,,,,,,,,,1.4595,,,,,,,,0.9134,11.1665,,,1.7749,,1.5404,,,,,,,,,,,2.8969,,,6.7055,,,0.7412,,,,,,,,,,,,0.5872,,,,,,,,,,,15.498,,,1.351,,,,,,,,,2.328,,,,,,,,,,,,,,,,6.9855,,,9.4682,0.7716,,,,,,,,,,,12.4846,14.0848,,,,,,0.772,,
LU2993397939,,,,,,,,,,,,,2.2209,,,,,,,3.1652,,,,,,,,,,,,,,,,,,0.4859,,,,,,,,,,,,,,,,,3.603,,,,,,,,,,,,,,,,,,4.5138,,,,,,,,,,,1.9671,,,,,,,,,,,,,,,,,,,,,,,,,,,,1.8515,,,,,,,,,,,,,,,0.2332,81.6956,,,,,,0.2638,,
LU2993401392,,,,,0.6364,0.3125,,,,,,,0.6601,,,,,,,1.8098,,,,,,,,0.0079,,0.603,,,,,,,,,8.3752,,,2.2391,,,,,,,,,,,,,1.1155,,,1.4042,,,1.8976,1.297,,,,,,,,,,,5.3805,,,,,,,,,,,2.6515,,,0.9043,,,,,,,,,,,,,,,,,,,,,,,,,1.2502,,,,,,,,,,,,,,,1.1701,68.3485,,,,,,-0.0633,,
LU2993402101,,,,,,0.549,,,,,1.9589,,,,,,,,,,,,,,,,,,,1.7165,,,,,,,,2.1025,11.3041,,,13.0436,,,,,,,0.4324,,,,,,2.1238,,,5.1287,,,,,,,,,,,,,,,0.9991,,,,,,0.1206,,,,,9.3478,,,2.1268,,,,,,,,,0.4111,,,,,,,,,,,,,,,,8.7139,,,2.8495,15.0389,,,,,,,,,,,20.6417,,,,,,,1.3913,,
LU2994520851,,,,,,,,,,,,,,,,,,,,,,,,,,,,,,,,,,,,,,,,,,,,,,,,,,,,,,,,,,,,,,,,,,,,,,,,,,,,,,,,,,,,,,,,,,,,,,,,,,,,,,,,,,,,,,,,,,,,,,,,,,,,,,,,,,,,,,,,
LU2994520935,,,,,,,,,,,,,,,,,,,,,,,,,,,,,,,,,,,,,,,,,,,,,,,,,,,,,,,,,,,,,,,,,,,,,,,,,,,,,,,,,,,,,,,,,,,,,,,,,,,,,,,,,,,,,,,,,,,,,,,,,,,,,,,,,,,,,,,,
LU2994521073,,,,,,,,,,,,,,,,,,,,,,,,,,,,,,,,,,,,,,,,,,,,,,,,,,,,,,,,,,,,,,,,,,,,,,,,,,,,,,,,,,,,,,,,,,,,,,,,,,,,,,,,,,,,,,,,,,,,,,,,,,,,,,,,,,,,,,,,
LU2994521669,,,,,,,,,,,,,,,,,,,,,,,,,,,,,,,,,,,,,,,,,,,,,,,,,,,,,,,,,,,,,,,,,,,,,,,,,,,,,,,,,,,,,,,,,,,,,,,,,,,,,,,,,,,,,,,,,,,,,,,,,,,,,,,,,,,,,,,,
LU2996613266,,,,,2.2986,0.3324,,,,,0.814,,0.1076,,0.1991,,,,,4.717,,0.086,0.3805,,,,,0.1127,,0.5613,,,,,0.0171,,,0.2731,5.9301,,,4.4842,,0.121,,,,,0.1349,0.0419,,0.0653,0.031,,0.4496,,0.0299,1.7274,,,2.3884,,,,,0.0209,,,,,,0.0124,0.2913,0.0201,,,,,0.2565,,,,,1.5646,0.1629,,0.216,,,,,,0.0491,,0.1037,0.0922,,0.0527,,0.0758,,,0.2251,,,,0.021,0.0134,0.0124,0.0787,0.2289,1.8091,,,0.8051,1.2104,0.0651,,0.0306,,,,,,,0.0937,6.4071,60.7784,,,,,,,,
LU2997383372,,,,,,,,,,,,,,,,,,,,,,,,,,,,,,,,,,,,,,,,,,,,,,,,,,,,,,,1.13,,,,,,,,,,,,,,,,,,,,,,,,,,,,,,,,,,,,,,,,,,,,,,,,,,,,,,,,,,,,,,,,,,,,,,,,,97.7,,,,,,,,1.17
LU3003218016,,,,,99.9934,,,,,,,,,,,,,,,,,,,,,,,,,,,,,,,,,,,,,,,,,,,,,,,,,,,,,,,,,,,,,,,,,,,,,,,,,,,,,,,,,,,,,,,,,,,,,,,,,,,,,,,,,,,,,,,,,,,,,,,,,,0.0055,0.0003,,,,,,,,0.0009
LU3003218446,,,,,,,,,,,,,,,,,,,,,,,,,,,,,,,,,,,,,,,,,,,,,,,,,,,,,,,,,,,,,99.9576,,,,,,,,,,,,,,,,,,,,,,,,,,,,,,,,,,,,,,,,,,,,,,,,,,,,,,,,,,,,,,,,,,0.0421,-0.0001,,,,,,,,0.0004
LU3019781460,,,,,,,,,,,,,,,,,,,,,,,,,,,,,,,,,,,,,,,,,,,,,,,,,,,,,,,,,,,,,,,,,,,,,,,,,,,,,,,,,,,,,,,,,,,,,,,,,,,,,,,,,,,,,,,,,,,,,,,,,,,,,,,100.0,,,,,,,,,
LU3025345516,,,,,,,,,,,,,,,,,,,,,,,,,,,,,,,,,,,,,,,,,,,,,,,,,,,,,,,,,,,,,,,,,,,,,,,,,,,,,,,,,,,,,,,,,,,,,,,,,,,,,,,,,,,,,,,,,,,,,,,,,,,,,,,,,,,,,,,,
LU3025345789,,,,,,,,,,,,,,,,,,,,,,,,,,,,,,,,,,,,,,,,,,,,,,,,,,,,,,,,,,,,,,,,,,,,,,,,,,,,,,,,,,,,,,,,,,,,,,,,,,,,,,,,,,,,,,,,,,,,,,,,,,,,,,,,,,,,,,,,
LU3025346910,,,,,,3.4142,,,,,5.0419,,,,,,,,,,,,,,,,,,,,,,,,,,,1.9028,26.8818,,,20.7905,,0.8145,,,,,,,,,,,1.3953,,,20.182,,,,,,,,,,,,,,,,,,,,,,,,,,3.3256,,,,,,,,,,,,2.0204,,,,,,,,,,,,0.6497,0.3788,,,12.9909,,,,,,,,,,,,,,,,,,,,,,0.2115,,
LU3028243122,,,,,,,,,,,,,,,,,,,,,,,,,,,,,,,,,,,,,,,,,,,,,,,,,,,,,,,,,,,,,,,,,,,,,,,,,,,,,,,,,,,,,,,,,,,,,,,,,,,,,,,,,,,,,,,,,,,,,,,,,,,,,,,,,,,,,,,,
LU3028243478,,,,,,,,,,,,,,,,,,,,,,,,,,,,,,,,,,,,,,,,,,,,,,,,,,,,,,,,,,,,,,,,,,,,,,,,,,,,,,,,,,,,,,,,,,,,,,,,,,,,,,,,,,,,,,,,,,,,,,,,,,,,,,,,,,,,,,,,
LU3028243981,,,,,,,,,,,,,,,,,,,,,,,,,,,,,,,,,,,,,,,,,,,,,,,,,,,,,,,,,,,,,,,,,,,,,,,,,,,,,,,,,,,,,,,,,,,,,,,,,,,,,,,,,,,,,,,,,,,,,,,,,,,,,,,,,,,,,,,,
LU3035799587,,,,,,,,,,,,,,,,,,,,,,,,,,,,,,,,,,,,,,,,,,,,,,,,,,,,,,,,,,,,,,,,,,,,,,,,,,,,,,,,,,,,,,,,,,,,,,,,,,,,,,,,,,,,,,,,,,,,,,,,,,,,,,,,,,,,,,,,
LU3038520774,,,,,,,,,,,,,,,,,,,,,,,,,,,,,,,,,,,,,,0.5207,33.0933,,,20.9798,,,,,,,,,,,,,,,,9.7015,,,,,,,,,,,,,,,,,,,,,,,,,,1.1636,,,,,,,,,,,,,,,,,,,,,,,,,,,,,,,8.6149,,,,,,,,,,,,25.9263,,,,,,,,,
LU3046359165,,,,,1.7674,1.631,,,,,1.2957,,,,0.0567,,,,,1.6346,,,0.1838,,,0.0831,0.045,0.2016,,2.5564,,,,,0.0862,,,1.7211,18.2218,,,11.8061,,0.989,,,,,0.0536,0.2039,0.1017,,,,0.6387,,,4.9594,,,2.2166,,,,,,,,,,,,0.442,,,,,,0.0891,,,,,5.2595,0.4544,,1.2208,,,,,,,,0.5003,0.6231,,,,0.1361,,,,,,,0.0209,0.0452,,,,5.7091,,,3.3762,2.4251,,,,,,,,,,,8.7078,20.5366,,,,,,,,
LU3046617984,,,,,,,,,,,1.37,,,,,,,,,,,,,,,,,,,2.6,,,,,,,,1.85,13.54,,,13.27,,,,,,,,,,,,,1.13,,,4.79,,,,,,,,,,,,,,,,,,,,,,,,,,11.07,,,,,,,,,,,,,,,,,,,,,,,,,,,,5.8,,,5.13,15.57,,,,,,,,,,,20.63,,,,,,,,,3.25
LU3046618362,,,,,,,,,,,,,,,,,,,,,,,,,,,,,,,,,,,,,,,,,,,,,,,,,,,,,,,,,,,,,,,,,,,,,,,,,,,,,,,,,,,,,,,,,,,,,,,,,,,,,,,,,,,,,,,,,,,,,,,,,,,,,,,,,,,,,,,,
LU3046618446,,,,,,,,,,,,,,,,,,,,,,,,,,,,,,,,,,,,,,,,,,,,,,,,,,,,,,,,,,,,,,,,,,,,,,,,,,,,,,,,,,,,,,,,,,,,,,,,,,,,,,,,,,,,,,,,,,,,,,,,,,,,,,,,,,,,,,,,
LU3047998896,,,,,,0.1324,,,,,,,,,,,,,,,,,,,,,,0.979,,,,,,,,,,,24.7418,,,21.6366,,,,,,,,,,,,,,,,7.8459,,,,,,,,,,,,,,,,,,,,,,,,,,12.7913,,,4.3505,,,,,,,,,,,,,,,,,,,,,,,,,1.775,,,7.2853,0.069,,,,,,,,,,,18.4034,,,,,,,-0.01,,
LU3047998979,,,,,,0.1324,,,,,,,,,,,,,,,,,,,,,,0.979,,,,,,,,,,,24.7418,,,21.6366,,,,,,,,,,,,,,,,7.8459,,,,,,,,,,,,,,,,,,,,,,,,,,12.7913,,,4.3505,,,,,,,,,,,,,,,,,,,,,,,,,1.775,,,7.2853,0.069,,,,,,,,,,,18.4034,,,,,,,-0.01,,
LU3053349364,,,,,,,,,,,,,,,,,,,,,,,,,,,,,,,,,,,,,,,,,,,,,,,,,,,,,,,,,,,,,,,,,,,,,,,,,,,,,,,,,,,,,,,,,,,,,,,,,,,,,,,,,,,,,,,,,,,,,,,,,,,,,,,,,,,,,,,,
LU3053349448,,,,,,,,,,,,,,,,,,,,,,,,,,,,,,,,,,,,,,,,,,,,,,,,,,,,,,,,,,,,,,,,,,,,,,,,,,,,,,,,,,,,,,,,,,,,,,,,,,,,,,,,,,,,,,,,,,,,,,,,,,,,,,,,,,,,,,,,
LU3053350610,,,,,,,,,,,,,,,,,,,,,,,,,,,,,,,,,,,,,,,,,,,,,,,,,,,,,,,1.46,,,,,,,,,,,,,,,,,,,,,,,,,,,,,,,,,,,,,,,,,,,,,,,,,,,,,,,,,,,,,,,,,,,,,,,,,96.77,,,,,,,,1.77
LU3053351261,,,,,,,,,,,,,,,,,,,,,,,,,,,,,,,,,,,,,,,,,,,,,,,,,,,,,,,,,,,,,,,,,,,,,,,,,,,,,,,,,,,,,,,,,,,,,,,,,,,,,,,,,,,,,,,,,,,,,,,,,,,,,,,,,,,,,,,,
LU3053352152,,,,,,,,,,,,,,,,,,,,,,,,,,,,,,,,,,,,,,,,,,,,,,,,,,,,,,,,,,,,,,,,,,,,,,,,,,,,,,,,,,,,,,,,,,,,,,,,,,,,,,,,,,,,,,,,,,,,,,,,,,,,,,,,,,,,,,,,
LU3065084744,,,,,,,,,,,,,,,,,,,,,,,,,,,,,,,,,,,,,,,,,,,,,,,,,,,,,,,,,,,8.65,,,,,,,,,,,,,,,,,,,,,,,,,,,,,,,,,,,19.86,,,,,,,,,,,,,,,,,,,,,,,,,,,,,,,,,8.98,43.04,,,,,,,,
LU3065087333,,,,,,,,,,,,,,,,,,,,,,,,,,,,,,,,,,,,,,,,,,,,,,,,,,,,,,,,,,,8.65,,,,,,,,,,,,,,,,,,,,,,,,,,,,,,,,,,,19.86,,,,,,,,,,,,,,,,,,,,,,,,,,,,,,,,,8.98,43.04,,,,,,,,
LU3065094974,,,,,,,,,,,,,,,,,,,,,,,,,,,,,,,,,,,,,,,,,,,,,,,,,,,,,,,,,,,8.65,,,,,,,,,,,,,,,,,,,,,,,,,,,,,,,,,,,19.86,,,,,,,,,,,,,,,,,,,,,,,,,,,,,,,,,8.98,43.04,,,,,,,,
LU3075459852,,,,,,,,,,,,,,,,,,,,,,,,,,,,,,,,,,,,,,,,,,,,,,,,,,,,,,,,,,,,,,,,,,,,,,,,,,,,,,,,,,,,,,,,,,,,,,,,,,,,,,,,,,,,,,,,,,,,,,,,,,,,,,,,,,,,,,,,
LU3078637314,,,,,,1.01,,,,,2.55,,,,,,,,,,,,,,,,,,,,,,,,,,,3.41,25.21,,,24.48,,,,,,,,,,,,,1.46,,,8.88,,,,,,,,,,,,,,,,,,,,,,,,,,19.63,,,,,,,,,,,,,,,,,,,,,,,,,,,,10.79,,,,,,,,,,,,,,,,,,,,,,,,2.58
LU3078637405,,,,,1.57,,,,,,,,,,,,,,,3.28,,,,,,,,,,,,,,,,,,,2.12,,,2.08,,,,,,,,,,,,,1.56,,,,,,5.62,,,,,,,,,,,,,,,,,,,,,,,1.82,,,,,,,,,,,,,,,,,,,,,,,,,,,,,,,,2.67,,,,,,,,,,,3.56,69.7,,,,,,,,6.02
LU3078637660,,,,,1.57,,,,,,,,,,,,,,,3.28,,,,,,,,,,,,,,,,,,,2.12,,,2.08,,,,,,,,,,,,,1.56,,,,,,5.62,,,,,,,,,,,,,,,,,,,,,,,1.82,,,,,,,,,,,,,,,,,,,,,,,,,,,,,,,,2.67,,,,,,,,,,,3.56,69.7,,,,,,,,6.02
LU3079566835,,,,,,4.44,,,,,5.99,,,,,,,,,,,,,,,,,,,,,,,,,,,1.11,20.83,,,12.2,,,,,,,,,,,,,1.21,,,19.06,,,,,,,,,,,,,,,,,,,,,,,,,,5.01,,,,,,,,,,,,,,,,,,,,,,,,1.74,,,,13.84,,,,,,,,,,,,,,,,,,,,,,,,14.57
LU3079566918,,,,,,4.44,,,,,5.99,,,,,,,,,,,,,,,,,,,,,,,,,,,1.11,20.83,,,12.2,,,,,,,,,,,,,1.21,,,19.06,,,,,,,,,,,,,,,,,,,,,,,,,,5.01,,,,,,,,,,,,,,,,,,,,,,,,1.74,,,,13.84,,,,,,,,,,,,,,,,,,,,,,,,14.57
LU3079567056,,,,,,,,,,,,,,,,,,,,,,,,,,,,,,,,,,,,,,,,,,,,,,,,,,,,,,,,,,,,,,,,,,,,,,,,,,,,,,,,,,,,,,,,,,,,,,,,,,,,,,,,,,,,,,,,,,,,,,,,,,,,,,,,70.39,,,,,,,,29.61
LU3079567130,,,,,,,,,,,,,,,,,,,,,,,,,,,,,,,,,,,,,,,,,,,,,,,,,,,,,,,,,,,,,,,,,,,,,,,,,,,,,,,,,,,,,,,,,,,,,,,,,,,,,,,,,,,,,,,,,,,,,,,,,,,,,,,,70.39,,,,,,,,29.61
LU3086262709,,,,,,3.4844,,,,,5.9447,,,,,,,,,,,,,,,,,,,,,,,,,,,2.5602,26.9916,,,20.5559,,1.3392,,,,,,,,,,,1.4063,,,17.2503,,,,,,,,,,,,,,,,,,,,,,,,,,2.9604,,,,,,,,,,,,2.9404,,,,,,,,,,,,0.9001,0.6268,,,12.8529,,,,,,,,,,,,,,,,,,,,,,0.1865,,
LU3086264317,,,,,,,,,,,,,,,4.6,,,,,,,,,,,,,,,,,,,,,,,,,,,,,,,,,,,,,13.3,,,,,,,,,,,,,,,,,,,,,,,,1.11,,,2.06,,,,,,,,,,,,,,,,1.11,,,,,,,,2.97,,,,,,,3.08,29.28,,,,,,33.86,,1.17,,,,,,,1.4,,,,,,,,,,6.06
LU3086265710,,,,,1.37,,,,,,,,,,,,,,,2.9,,,2.09,,,,,,,,,,,,,,,,1.89,,,1.85,,,,,,,,,,1.33,,,,,,,,,4.99,,,,,,,,,,,,,,,,,,,,,,,1.61,,,,,,,,,,,,,,,,,,,,,,,,,,,2.89,,,,,2.38,3.31,,,,,,,,,,3.13,61.83,,,,,,,,8.43
LU3086267096,,,,,,,,,,,,,,,,,,,,,,,,,,,,,,,,,,,,,,,,,,,,,,,,,,,,,,,,,,,,,,,,,,,,,,,,,,,,,,,,,,,,,,,,,,,,,,,,,,,,,,,,,,,,,,,,,,,,,,,,,,,,,,,,100.0,,,,,,,,
LU3086268227,,,,,,0.4302,,,,,2.8517,,,,,,,,,,,,,,,,,,,,,,,,,,,3.0111,24.2207,,,26.0068,,,,,,,,,,,,,1.6306,,,7.314,,,,,,,,,,,,,,,0.024,,,,,,,,,,,17.9596,,,,,,,,,,,,0.9863,,,,,,,,,,,,,,,,14.3986,,,,0.3227,,,,,,,,,,,0.7487,0.0036,,,,,,0.0915,,
LU3086268573,,,,,,0.5526,,,,,1.3428,,,,,,,,,,,,,,,,,0.0199,,2.5677,,,,,,,,1.7476,13.6917,,,13.5546,,,,,,,0.265,,,,,,1.0064,,,5.0099,,,,0.0245,,,,,,,,,,,0.941,,,,,,0.0429,,,,,10.2416,,,0.9702,,,,,,,,,0.2791,,,,,,,,,,,,,,,,5.9613,,,4.7757,15.177,,,,,,,,,,,21.5579,0.2352,,,,,,0.0353,,
LU3086269894,,,,,,,,,,,,,,,,,,,,,,,,,,,,,,,,,,,,,,,,,,,,,,,,,,,,,,,,,,,,,99.9984,,,,,,,,,,,,,,,,,,,,,,,,,,,,,,,,,,,,,,,,,,,,,,,,,,,,,,,,,,,,,,,,,,,,,,,,,0.0016,,
LU3086271106,,,,,1.57,,,,,,,,,,,,,,,3.28,,,,,,,,,,,,,,,,,,,2.12,,,2.08,,,,,,,,,,,,,1.56,,,,,,5.62,,,,,,,,,,,,,,,,,,,,,,,1.82,,,,,,,,,,,,,,,,,,,,,,,,,,,,,,,,2.67,,,,,,,,,,,3.56,69.7,,,,,,,,6.02
LU3086271288,,,,,1.57,,,,,,,,,,,,,,,3.28,,,,,,,,,,,,,,,,,,,2.12,,,2.08,,,,,,,,,,,,,1.56,,,,,,5.62,,,,,,,,,,,,,,,,,,,,,,,1.82,,,,,,,,,,,,,,,,,,,,,,,,,,,,,,,,2.67,,,,,,,,,,,3.56,69.7,,,,,,,,6.02
LU3086272419,,,,,,,,,,,,,,,,,,,,,,,,,,,,,,,,,,,,,,,,,,,,,,,,,,,,,,,,,,,,,,,,,,,,,,,,,,,,,,,,,,,,,,,,,,,,,,,,,,,,,,,,,,,,,,,,,,,,,,,,,,,,,,,,100.0,,,,,,,,
LU3086273813,,,,,,,,,,,,,,,3.68,,,,,,,,17.1,,,,,,,,,,,,,,,,,,,,,,,,,,1.05,,,11.04,,,,,,,,,,,,,,,,,,,,,,,,,,,1.64,,,,,,,,,,,,,,,,,,,,,,,,2.38,,,,,,,2.48,23.61,,,,,,27.19,,,,,,,,,1.12,,,,,,,,,,8.71
LU3086388124,,,,,,0.5873,,,,,1.9787,,,,,,,,,,,,,,,,,,,2.9409,,,,,,,,2.0427,16.4915,,,12.5139,,,,,,,,,,,,,0.6807,,,5.4283,,,,,,,,,,,,,,,,,,,,,,,,,,10.1664,,,1.0476,,,,,,,,,0.3184,,,,,,,,,,,,,,,,6.1118,,,6.0762,13.3994,,,,,,,,,,,20.2163,,,,,,,,,
LU3093383670,,,,,,,,,,,,,,,,,,,,,,,,,,,,,,,,,,,,,,,,,,,,,,,,,,,,,,,,,,,,,,,,,,,,,,,,,,,,,,,,,,,,,,,,,,,,,,,,,,,,,,,,,,,,,,,,,,,,,,,,,,,,,,,,,,,,,,,,
LU3098954871,,,,,,,,,,,,,,,,,,,,,,,,,,,,,,,,,,,,,,,,,,,,,,,,,,,,,,,,,,,,,,,,,,,,,,,,,,,,,,,,,,,,,,,,,,,,,,,,,,,,,,,,,,,,,,,,,,,,,,,,,,,,,,,,,,,,,,,,
LU3104524593,,,,,,,,,,,,,,,,,,,,,,,,,,,,,,,,,,,,,,,,,,,,,,,,,,,,,,,,,,,,,,,,,,,,,,,,,,,,,,,,,,,,,,,,,,,,,,,,,,,,,,,,,,,,,,,,,,,,,,,,,,,,,,,1.82,96.21,,,,,,,,1.97
LU3116008346,,,,,,,,,,,,,,,,,,,,,,,,,,,,,,,,,,,,,,,,,,,,,,,,,,,,,,,4.9273,,,,,,,,,,,,,,,,,,17.8752,,,,,,,,,,,,,,,,,,,,,,,,,,,,,,,,,,,,,,,,,,,,,,,,,,,,,,,,,,,,,,,77.1975
LU3116008429,,,,,,,,,,,,,,,,,,,,,,,,,,,,,,,,,,,,,,,,,,,,,,,,,,,,,,,4.9089,,,,,,,,,,,,,,,,,,10.2913,,,,,,,,,,,,,,,,,,,,,,,,,,,,,,,,,,,,,,,,,,,,,,,,,,,,,,,0.0055,,,,,,,,84.7943
LU3116008692,,,,,,,,,,,,,,,,,,,,,,,,,,,,,,,,,,,,,,,,,,,,,,,,,,,,,,,4.8909,,,,,,,,,,,,,,,,,,5.829,,,,,,,,,,,,,,,,,,,,,,,,,,,,,,,,,,,,,,,,,,,,,,,,,,,,,,,0.0083,,,,,,,,89.2717
LU3116008775,,,,,,,,,,,,,,,,,,,,,,,,,,,,,,,,,,,,,,,,,,,,,,,,,,,,,,,4.8657,,,,,,,,,,,,,,,,,,2.2171,,,,,,,,,,,,,,,,,,,,,,,,,,,,,,,,,,,,,,,,,,,,,,,,,,,,,,,0.0042,,,,,,,,92.913
LU3119430067,,,,,,4.2054,,,,,3.9076,,,,,,,,,,,,,,,,,,,,,,,,,,,1.9014,29.6596,,,26.8342,,0.1759,,,,,,,,,,,1.3963,,,15.6997,,,,,,,,,,,,,,,,,,,,,,,,,,4.46,,,,,,,,,,,,0.948,,,,,,,,,,,,0.1017,,,,10.5903,,,,,,,,,,,,,,,,,,,,,,,,0.1199
LU3119430141,,,,,,4.6114,,,,,3.8496,,,,,,,,,,,,,,,,,,,,,,,,,,,2.1227,26.8627,,,24.8852,,0.1236,,,,,,,,,,,2.1537,,,19.1165,,,,,,,,,,,,,,,,,,,,,,,,,,4.3133,,,,,,,,,,,,1.5424,,,,,,,,,,,,0.1866,,,,10.1339,,,,,,,,,,,,,,,,,,,,,,,,0.0986
LU3119430224,,,,,,4.6376,,,,,7.4902,,,,,,,,,,,,,,,,,,,,,,,,,,,2.3335,25.8311,,,17.8269,,0.4644,,,,,,,,,,,2.2891,,,18.8384,,,,,,,,,,,,,,,,,,,,,,,,,,5.4063,,,,,,,,,,,,1.1477,,,,,,,,,,,,0.2637,,,,13.3422,,,,,,,,,,,,,,,,,,,,,,,,0.1289
LU3119430497,,,,,,4.5578,,,,,7.2115,,,,,,,,,,,,,,,,,,,,,,,,,,,3.1913,28.9411,,,23.1781,,0.3918,,,,,,,,,,,1.3101,,,13.601,,,,,,,,,,,,,,,0.5315,,,,,,,,,,,3.5707,,,,,,,,,,,,1.7038,,,,,,,,,,,,0.421,0.435,,,10.5606,,,,,,,,,,,,,,,,,,,,,,,,0.3947
LU3119430570,,,,,,5.7233,,,,,7.2118,,,,,,,,,,,,,,,,,,,,,,,,,,,2.4105,24.3367,,,20.5648,,0.3869,,,,,,,,,,,3.0671,,,15.5442,,,,,,,,,,,,,,,,,,,,,,,,,,8.1535,,,,,,,,,,,,1.6754,,,,,,,,,,,,0.2463,0.1609,,,10.4755,,,,,,,,,,,,,,,,,,,,,,,,0.0432
LU3120976132,,,,,,3.6115,,,,,2.309,,,,,,,,,,,,,,,,,,,,,,,,,,,1.8512,25.8518,,,19.1179,,,,,,,,,,,,,3.0085,,,22.35,,,,,,,,,,,,,,,,,,,,,,,,,,4.4554,,,,,,,,,,,,3.2776,,,,,,,,,,,,,,,,14.1672,,,,,,,,,,,,,,,,,,,,,,,,
LU3121015138,,,,,,1.27,,,,,4.6,,,,,,,,,,,,,,,,,,,,,,,,,,,4.33,23.22,,,21.64,,,,,,,,,,,,,3.71,,,10.45,,,,,,,,,,,,,,,,,,,,,,,,,,18.15,,,,,,,,,,,,,,,,,,,,,,,,,,,,10.3,,,,1.37,,,,,,,,,,,,,,,,,,,,0.96
LU3121015211,,,,,,,,,,,,,,,3.84,,,,,,,,15.02,,,,,,,,,,,,,,,,,,,,,,,,,,2.42,,,10.42,,,,,,,,,,,,,,,,,,,,,,,,1.12,,,1.73,,,,,,,,,,,,,,,,,,,,,,,,2.1,,,,,,,2.52,24.58,,,,,,28.14,,,,,,,,,1.18,,,,,,,,,,6.93
LU3121015302,,,,,,,,,,,,,,,3.91,,,,,,,,16.18,,,,,,,,,,,,,,,,,,,,,,,,,,1.52,,,10.77,,,,,,,,,,,,,,,,,,,,,,,,,,,1.85,,,,,,,,,,,,,,,,,,,,,,,,2.21,,,,,,,2.43,24.25,,,,,,27.65,,,,,,,,,1.04,,,,,,,,,,8.19
LU3121015484,,,,,,3.74,,,,,4.54,,,,,,,,,,,,,,,,,,,3.81,,,,,,,,1.13,10.11,,,7.58,,,,,,,,,,,,,1.18,,1.27,5.92,,,,,,,,,,,,,,,,,,,,,,,,,,4.31,,,6.47,,,,,,,,,1.04,,,,,,,,,,,,,,,,2.03,,,10.91,8.51,,,,,,,,,,,25.95,,,,,,,,,1.5
LU3121015567,,,,,,,,,,,1.73,,,,,,,,,,,,,,,,,,,2.52,,,,,,,,1.84,14.02,,,13.46,,,,,,,,,,,,,1.16,,,5.13,,,,,,,,,,,,,,,,,,,,,,,,,,9.28,,,1.01,,,,,,,,,,,,,,,,,,,,,,,,,5.84,,,5.23,15.62,,,,,,,,,,,21.26,,,,,,,,,1.9
LU3121015641,,,,,,,,,,,1.73,,,,,,,,,,,,,,,,,,,2.52,,,,,,,,1.84,14.02,,,13.46,,,,,,,,,,,,,1.16,,,5.13,,,,,,,,,,,,,,,,,,,,,,,,,,9.28,,,1.01,,,,,,,,,,,,,,,,,,,,,,,,,5.84,,,5.23,15.62,,,,,,,,,,,21.26,,,,,,,,,1.9
LU3138596492,,,,,,,,,,,1.38,,,,,,,,,,,,,,,,,,,,,,,,,,,,25.57,,,10.2,,6.18,,,,,,,,,,,,,,17.08,,,,,,,,,,,,,,,,,,,,,,,,,,,,,,,,,,,,,,5.46,,,,,,,,,,,,,,,,14.1,,,,,,,,,,,,,,,,,,,,,,,,20.03
LU3142893745,,,,,,,,,,,,,,,,,,,,,,,,,,,,,,,,,,,,,,,,,,,,,,,,,,,,,,,,,,,,,,,,,,,,,,,,,,,,,,,,,,,,,,,,,,,,,,,,,,,,,,,,,,,,,,,,,,,,,,,,,,,,,,,,,,,,,,,,
LU3146950038,,,,,,,,,,,,,,,,,,,,,,,,,,,,,,,,,,,,,,,,,,,,,,,,,,,,,,,50.0632,,,,,,,,,,,,,,,,,,,,,,,,,,,,,,,,,,,,,,,,,,,,,,,,,,,,,,,,,,,,,,,,,,,,,,,,,0.0249,,,,,,,,49.9119
LU3152892629,,,,,1.3844,1.1163,,,,,5.7106,,,,,,,,,,,,,,,,,,,1.451,,,,,,,,,15.4583,,,3.3819,,,,,,,,,,,,,2.8093,,,2.8388,,,1.6817,,,,,,,,,,,,3.2247,,,,,,,,,,,16.6307,,,,,,,,,,,,,,,,,,,,,,,,,,,,7.06,,,1.5278,4.2474,,,,,,,,,,,13.5974,17.4786,,,,,,,,0.4011
LU3168133059,,,,,,,,,,,,,,,,,,,,,,,,,,,,,,,,,,,,,,,,,,,,,,,,,,,,,,,,,,,,,,,,,,,,,,,,,,,,,,,,,,,,,,,,,,,,,,,,,,,,,,,,,,,,,,,,,,,,,,,,,,,,,,,,,,,,,,,,
LU3173209654,,,,,1.57,,,,,,,,,,,,,,,3.28,,,,,,,,,,,,,,,,,,,2.12,,,2.08,,,,,,,,,,,,,1.56,,,,,,5.62,,,,,,,,,,,,,,,,,,,,,,,1.82,,,,,,,,,,,,,,,,,,,,,,,,,,,,,,,,2.67,,,,,,,,,,,3.56,69.7,,,,,,,,6.02
LU3178805456,,,,,,,,,,,,,,,,,,,,,,,,,,,,,,,,,,,,,,,,,,,,,,,,,,,,,,,,,,,,,,,,,,,,,,,,,,,,,,,,,,,,,,,,,,,,,,,,,,,,,,,,,,,,,,,,,,,,,,,,,,,,,,,,,,,,,,,,
LU3180074463,,,,,,0.8127,,,,,2.3108,,,,,,,,,,,,,,,,0.0,,,8.811,,,,,,,,2.1558,30.8966,,,20.3374,,,,,,,,,,,,,0.2613,,,5.5264,,,,,,,,,,,,,,,,,,,,,,,,,,12.2826,,,4.152,,,,,,,,,0.2808,,,,,,,,,,,,,,,,8.4652,,,3.454,0.0304,,,,,,,,,,,0.2229,,,,,,,,,
LU3206575048,,,,,0.1409,0.4362,,,,,0.9236,,,,,,0.4266,,,,,,0.0916,,,,,0.95,,0.4706,,,,,0.0907,,,0.9659,20.4889,,,12.9999,,1.4033,,,,,,0.3674,,,,,0.7816,,1.5053,17.0647,,,2.3786,0.059,,,,,,0.0378,,,,0.5395,0.9696,,,,,,0.1233,,,,,5.068,,,0.1952,,,,,,,,0.977,0.1602,,,,0.5874,,,,,0.2419,,,,,0.1839,,3.3468,,,1.7837,2.2679,,,,,,,,,,,10.2995,11.6738,,,,,,,,
LU3206582846,,,,,1.6181,0.0907,,,,,0.2714,,,,,,,,,3.474,,,,,,,,,,0.4086,,,,,,,,0.2803,2.4081,,,2.1869,,,,,,,0.4397,,,,,,0.0996,,0.2803,0.8221,,,5.6188,,,,,,,,,,,,,,,,,,,,,,,1.4185,0.0448,,0.1567,,,,,,,,,0.0509,,,,,,,,,,,0.4496,,,,,0.9808,,,0.8503,2.2875,,,,,,,,,,,3.5186,72.244,,,,,,,,
LU3206582929,,,,,1.6181,0.0907,,,,,0.2714,,,,,,,,,3.474,,,,,,,,,,0.4086,,,,,,,,0.2803,2.4081,,,2.1869,,,,,,,0.4397,,,,,,0.0996,,0.2803,0.8221,,,5.6188,,,,,,,,,,,,,,,,,,,,,,,1.4185,0.0448,,0.1567,,,,,,,,,0.0509,,,,,,,,,,,0.4496,,,,,0.9808,,,0.8503,2.2875,,,,,,,,,,,3.5186,72.244,,,,,,,,
LU3206583067,,,,,,,,,,,,,,,,,,,,,,,,,,,,,,,,,,,,,,,,,,100.0,,,,,,,,,,,,,,,,,,,,,,,,,,,,,,,,,,,,,,,,,,,,,,,,,,,,,,,,,,,,,,,,,,,,,,,,,,,,,,,,,,,,,,,,,,,,,,
LU3206583901,,,,,,,,,,,,,,,,,,,,,,,100.0,,,,,,,,,,,,,,,,,,,,,,,,,,,,,,,,,,,,,,,,,,,,,,,,,,,,,,,,,,,,,,,,,,,,,,,,,,,,,,,,,,,,,,,,,,,,,,,,,,,,,,,,,,,,,,,,,
LU3215527659,,,,,5.8362,0.3156,,,,,0.7432,,0.0764,,,,,,,11.9537,,,0.0324,,,,,0.0114,,1.4576,,,,,,,,0.9978,7.8189,,,7.7383,,,,,,,1.7334,,,,,,0.5746,,0.9938,2.8593,,,20.4597,0.0141,,,,,,,,,,,0.5365,0.0199,,,,,0.0245,,,,,5.8486,0.195,,0.5541,,,,,,,,,0.1593,,,,,,,,,,,1.5452,,,,,3.3908,,,2.7257,8.6659,,,,,,,,,,,12.3086,0.387,,,,,,0.0228,,
LU3215529275,,,,,,,,,,,,,,,,,,,,,,,,,,,,,,,,,,,,,,,,,,,,,,,,,,,,,,,,,,,,,,,,,,,,,,,,,,,,,,,,,,,,,,,,,,,,,,,,,,,,,,,,,,,,,,,,,,,,,,,,,,,,,,,,100.0,,,,,,,,
LU3215530521,,,,,,,,,,,,,,,,,,,,,,,,,,,,,,,,,,,,,,,,,,,,,,,,,,,,,,,,,,,,,,,,,,,,,,,,,,,,,,,,,,,,,,,,,,,,,,,,,,,,,,,,,,,,,,,,,,,,,,,,,,,,,,,,100.0,,,,,,,,
LU3215536486,,,,,,1.025,,,,,2.4837,,,,,,,,,,,,,,,,,0.037,,,,,,,,,,3.2409,25.3918,,,25.1366,,,,,,,,,,,,,1.4277,,,9.2907,,,,0.0455,,,,,,,,,,,0.6797,,,,,,,,,,,18.9911,,,,,,,,,,,,0.5176,,,,,,,,,,,,,,,,11.0515,,,,0.2297,,,,,,,,,,,0.3717,0.0036,,,,,,0.0762,,
LU3215538003,,,,,1.07,,,,,,1.58,,,,,,,,,1.2,,,,,,,,,,,,,,,,,,,7.51,,,5.37,,,,,,,,,,,,,,,,6.46,,,,,,,,,,,,,,,,,,,,,,,,,,1.33,,,,,,,,,,,,,,,,,,,,,,,,,,,,4.56,,,,,,,,,,,,,,,8.4,41.85,,,,,,,,20.67
LU3215539589,,,,,,6.3908,,,,,2.4508,,,,,,,,,,,,,,,,,,,,,,,,,,,1.2356,21.1981,,,27.9035,,,,,,,,,,,,,1.1311,,,19.8782,,,,,,,,,,,,,,,,,,,,,,,,,,4.8167,,,,,,,,,,,,1.175,,,,,,,,,,,,,,,,13.2905,,,,,,,,,,,,,,,,,,,,,,0.5298,,
LU3231307524,,,,,-26.7355,-21.0384,,,,,-43.2125,,-1.4357,,,-0.741,,,,-26.0363,-1.5736,,-0.2878,,,,,-7.6038,,-27.294,,,,,-0.2911,,,-19.8603,1466.8572,,,-73.0441,,-7.9962,,,,,-0.7561,-1.6007,,,-0.2568,,-42.0068,,,-93.007,,,-33.4227,-3.8075,,,,,,,,,-1.5759,,-63.5223,,,,,,-0.3395,,,,,-272.1106,-3.818,,-19.1306,,,,,,,,-6.4207,-4.2471,,,,-2.3649,,,,,,,-0.8222,-0.6869,-0.5906,,-0.5731,-95.9819,,,-36.6783,-17.3833,,,,,,,,,,-1.7089,-123.6276,-283.2667,,,,,,,,
LU3238224508,,,,,1.8339,0.5469,,,,,0.8121,,0.0284,,0.0405,,0.0222,,,3.5659,,0.1791,10.0688,,,0.0187,0.0089,0.201,,0.3691,,,,,0.0025,,,0.3481,4.922,,,4.4308,,0.0992,,,,,0.0879,0.1361,0.0024,0.0413,0.4786,,0.1949,,0.2377,2.9865,,,7.4689,,,0.0214,,0.0128,,0.0149,,,,0.0255,0.0834,0.0039,,0.3956,,,0.5421,,,,0.0045,1.0485,0.226,,0.2453,,,0.0353,,,0.1006,0.057,0.4103,0.2544,,0.0765,,0.2061,0.0001,,0.2755,,,,0.236,0.1042,0.0313,0.0097,1.1102,2.1989,,,0.5644,0.7062,0.0203,,0.339,,,,,,,0.2315,4.2037,44.3841,0.0153,,,,,,2.673,
LU3243907741,,,,,1.37,,,,,,,,,,,,,,,2.9,,,2.09,,,,,,,,,,,,,,,,1.89,,,1.85,,,,,,,,,,1.33,,,,,,,,,4.99,,,,,,,,,,,,,,,,,,,,,,,1.61,,,,,,,,,,,,,,,,,,,,,,,,,,,2.89,,,,,2.38,3.31,,,,,,,,,,3.13,61.83,,,,,,,,8.43
LU3243965608,,,,,,,,,,,,,,,,,,,,,,,,,,,,,,,,,,,,,,,,,,,,,,,,,,,,,,,,,,,,,,,,,,,,,,,,,,,,,,,,,,,,,,,,,,,,,,,,,,,,,,,,,,,,,,,,,,,,,,,,,,,,,,,,,,,,,,,,
LU3243965780,,,,,,,,,,,,,,,,,,,,,,,,,,,,,,,,,,,,,,,,,,,,,,,,,,,,,,,,,,,,,,,,,,,,,,,,,,,,,,,,,,,,,,,,,,,,,,,,,,,,,,,,,,,,,,,,,,,,,,,,,,,,,,,,,,,,,,,,
LU3250315499,,,,,1.6161,0.4666,,,,,1.8316,,,,,,,,,3.251,,,10.6762,,,,,0.1635,,0.2051,,,,,,,,0.2214,6.4866,,,3.958,,0.153,,,,,,,,,0.5748,,0.1624,,0.1825,3.1525,,,7.82,,,,,,,,,,,,8.8333,,,0.4336,,,0.3954,,,,,1.1154,0.1693,,,,,,,,0.1268,,0.5482,0.2472,,0.1785,,0.4028,,,,,,,0.476,0.0992,,,0.9915,2.4134,,,0.4181,0.8206,,,0.3889,,,,,,,,4.9051,35.9455,,,,,,0.1698,,
LU3254330437,,,,,3.3188,2.0269,,,,,2.971,,,,,,,,,4.2254,,,,,,,,,,0.4523,,,,,,,,1.0642,14.4917,,,11.5193,,,,,,,,,,,,,0.8,,,13.1709,,,18.8499,,,,,,,,,,,,,,,,,,,,,,,2.368,0.6462,,0.3484,,,,,,,,,1.1782,,,,,,,,,,,0.8309,0.5018,,,,8.3858,,,0.4028,0.65,,,,,,,,,,,11.7979,,,,,,,,,
LU3254330601,,,,,3.3188,2.0269,,,,,2.971,,,,,,,,,4.2254,,,,,,,,,,0.4523,,,,,,,,1.0642,14.4917,,,11.5193,,,,,,,,,,,,,0.8,,,13.1709,,,18.8499,,,,,,,,,,,,,,,,,,,,,,,2.368,0.6462,,0.3484,,,,,,,,,1.1782,,,,,,,,,,,0.8309,0.5018,,,,8.3858,,,0.4028,0.65,,,,,,,,,,,11.7979,,,,,,,,,
LU3254343414,,,,,,,,,,,,,,,,,,,,,,,,,,,,,,,,,,,,,,,,,,,,,,,,,,,,,,,3.0315,,,,,,0.0185,,,,,,,,,,,,5.2247,,,,,,,,,,,,,,,,,,,,,,,,,,,,,,,,,,,,,,,,,,,4.0642,,,,,,,,,,,-0.0021,,,,,,,,,87.6633
LU3254394912,,,,,,,,,,,,,,,,,,,,,,,,,,,,,,,,,,,,,,,,,,,,,,,,,,,,,,,,,,,,,95.69,,,,,,,,,,,,,,,,,,,,,,,,,,,,,,,,,,,,,,,,,,,,,,,,,,,,,,,,,,,,,,,,,,,,,,,,,,,4.31
LU3254395307,,,,,,,,,,,1.37,,,,,,,,,,,,,,,,,,,2.63,,,,,,,,1.88,13.5,,,13.37,,,,,,,,,,,,,,,,4.75,,,,,,,,,,,,,,,,,,,,,,,,,,11.09,,,,,,,,,,,,,,,,,,,,,,,,,,,,5.8,,,5.18,15.68,,,,,,,,,,,20.37,,,,,,,,,4.38
LU3256186639,,,,,5.8362,0.3156,,,,,0.7432,,0.0764,,,,,,,11.9537,,,0.0324,,,,,0.0114,,1.4576,,,,,,,,0.9978,7.8189,,,7.7383,,,,,,,1.7334,,,,,,0.5746,,0.9938,2.8593,,,20.4597,0.0141,,,,,,,,,,,0.5365,0.0199,,,,,0.0245,,,,,5.8486,0.195,,0.5541,,,,,,,,,0.1593,,,,,,,,,,,1.5452,,,,,3.3908,,,2.7257,8.6659,,,,,,,,,,,12.3086,0.387,,,,,,0.0228,,
LU3257630437,,,,,,,,,,,,,,,3.68,,,,,,,,17.1,,,,,,,,,,,,,,,,,,,,,,,,,,1.05,,,11.04,,,,,,,,,,,,,,,,,,,,,,,,,,,1.64,,,,,,,,,,,,,,,,,,,,,,,,2.38,,,,,,,2.48,23.61,,,,,,27.19,,,,,,,,,1.12,,,,,,,,,,8.71
LU3257630510,,,,,,,,,,,,,,,4.6,,,,,,,,,,,,,,,,,,,,,,,,,,,,,,,,,,,,,13.3,,,,,,,,,,,,,,,,,,,,,,,,1.11,,,2.06,,,,,,,,,,,,,,,,1.11,,,,,,,,2.97,,,,,,,3.08,29.28,,,,,,33.86,,1.17,,,,,,,1.4,,,,,,,,,,6.06
LU3277835305,,,,,,2.4299,,,,,,,,,,,,,,,,,,,,,,,,2.3342,,,,,,,,1.118,30.4425,,,7.038,,3.8688,,,,,,,,,,,,,,17.369,,,6.0975,1.3116,,,,,,,,,,,2.1606,,,,,,,,,,,10.2672,,,,,,,,,,,,1.1106,,,,,,,,,,,,,,,,,,,3.696,,,,,,,,,,,,3.0215,7.7347,,,,,,,,
LU3281687312,,,,,,,,,,,,,,,,,,,,,,,,,,,,,,,,,,,,,,,,,,,,,,,,,,,,,,,,,,,,,,,,,,,,,,,,,,,,,,,,,,,,,,,,,,,,,,,,,,,,,,,,,,,,,,,,,,,,,,,,,,,,,,,,,,,,,,,,
LU3281687668,,,,,,,,,,,,,,,,,,,,,,,,,,,,,,,,,,,,,,,,,,,,,,,,,,,,,,,,,,,,,,,,,,,,,,,,,,,,,,,,,,,,,,,,,,,,,,,,,,,,,,,,,,,,,,,,,,,,,,,,,,,,,,,,,,,,,,,,
LU3281687825,,,,,,,,,,,,,,,,,,,,,,,,,,,,,,,,,,,,,,,,,,,,,,,,,,,,,,,,,,,,,,,,,,,,,,,,,,,,,,,,,,,,,,,,,,,,,,,,,,,,,,,,,,,,,,,,,,,,,,,,,,,,,,,,,,,,,,,,
LU3281688120,,,,,,,,,,,,,,,,,,,,,,,,,,,,,,,,,,,,,,,,,,,,,,,,,,,,,,,,,,,,,,,,,,,,,,,,,,,,,,,,,,,,,,,,,,,,,,,,,,,,,,,,,,,,,,,,,,,,,,,,,,,,,,,,,,,,,,,,
LU3281688476,,,,,,,,,,,,,,,,,,,,,,,,,,,,,,,,,,,,,,,,,,,,,,,,,,,,,,,,,,,,,,,,,,,,,,,,,,,,,,,,,,,,,,,,,,,,,,,,,,,,,,,,,,,,,,,,,,,,,,,,,,,,,,,,,,,,,,,,
LU3281688633,,,,,,,,,,,,,,,,,,,,,,,,,,,,,,,,,,,,,,,,,,,,,,,,,,,,,,,,,,,,,,,,,,,,,,,,,,,,,,,,,,,,,,,,,,,,,,,,,,,,,,,,,,,,,,,,,,,,,,,,,,,,,,,,,,,,,,,,
LU3281688807,,,,,,,,,,,,,,,,,,,,,,,,,,,,,,,,,,,,,,,,,,,,,,,,,,,,,,,,,,,,,,,,,,,,,,,,,,,,,,,,,,,,,,,,,,,,,,,,,,,,,,,,,,,,,,,,,,,,,,,,,,,,,,,,,,,,,,,,
LU3284391318,,,,,1.3949,1.0548,,,,,1.5238,,,,,,,,,2.27,,,,,,,,,,0.2108,,,,,,,,0.5345,7.4389,,,5.9413,,,,,,,,,,,,,0.728,,0.4763,6.7974,,,9.6208,,,,,,,,,,,,,,,,,,,,,,,1.2205,0.3229,,0.1847,,,,,,,,,0.5926,,,,,,,,,,,0.39,0.198,,,1.3349,4.2984,,,0.2001,0.0004,,,,,,,,,,,6.073,47.2497,,,,,,,,-0.0566
LU3299677271,,,,,,,,,,,,,,,,,,,,,,,,,,,,,,,,,,,,,,,,,,100.0,,,,,,,,,,,,,,,,,,,,,,,,,,,,,,,,,,,,,,,,,,,,,,,,,,,,,,,,,,,,,,,,,,,,,,,,,,,,,,,,,,,,,,,,,,,,,,
LU3299677438,,,,,,,,,,,,,,,,,,,,,,,,,,,,,,,,,,,,,,,,,,,,,,,,,,,,,,,,,,,,,,,,,,,,,,,,,,,,,,,,,,,,,,,,,,,,,,,,,,,,,,,,,,,,,,,,,,,,,,,,,,,,,,,,100.0,,,,,,,,
LU3299677511,,,,,2.095,0.6825,,,,,0.8053,,,,,,,,,2.6429,,,22.2414,,,,,,,0.4791,,,,,,,,0.3633,3.8071,,,5.7292,,,,,,,,,,,,,0.8085,,0.6605,2.9507,,,5.0965,,,,,,,,,,,,,,,0.5219,,,2.0748,,,,,1.5253,0.2781,,0.6104,,,,,,,,1.1804,0.3846,,,,,,,,,,,0.6522,0.1585,,,2.1685,2.2101,,,0.7428,,,,,,,,,,,,4.5644,34.5659,,,,,,,,
LU3307214216,,,,,5.8661,0.3618,,,,,0.8249,,0.0151,,,,,,,11.6479,,,0.0309,,,,,,,1.4441,,,,,,,,1.2005,7.6869,,,7.1652,,,,,,,1.7441,,,,,,0.6096,,0.9919,2.9422,,,20.5066,,,,,,,,,,,,0.4799,0.026,,,,,0.0138,,,,,5.8753,0.2595,,0.876,,,,,,,,,0.2027,,,,,,,,,,,1.7225,,,,,3.5794,,,2.632,8.9049,,,,,,,,,,,11.9674,0.405,,,,,,0.0178,,
LU3307215619,,,,,,,,,,,,,,,,,,,,,,,,,,,,,,,,,,,,,,,3.5852,,,,,,,,,,,,,,,,,,,,,,,,,,,,,,,,,,,,,,,,,,,,,,,,,,,,,,,,,,,,,,,,,,,,,,,,,,,,,,,,,,,,,,,,,89.5255,,,,,,6.8893,,
LU3307215700,,,,,,,,,,,,,,,,,,,,,,,,,,,,,,,,,,,,,,,3.5852,,,,,,,,,,,,,,,,,,,,,,,,,,,,,,,,,,,,,,,,,,,,,,,,,,,,,,,,,,,,,,,,,,,,,,,,,,,,,,,,,,,,,,,,,89.5255,,,,,,6.8893,,
LU3307218399,,,,,,,,,,,,,,,,,,,,,,,,,,,,,,,,,,,,,,,,,,,,,,,,,,,,,,,,,,,,,,,,,,,,,,,,,,,,,,,,,,,,,,,,,,,,,,,,,,,,,,,,,,,,,,,,,,,,,,,,,,,,,,,,,,,,,,,,
LU3307219520,,,,,,,,,,,,,,,,,,,,,,,,,,,,,,,,,,,,,,,3.1556,,,,,,,,,,,,,,,,,,,,,,,,,,,,,,,,,,,,,,,,,,,,,,,,,,,,,,,,,,,,,,,,,,,,,,,,,,,,,,,,,,,,,,,,,90.7627,,,,,,6.0817,,
LU3307219793,,,,,,,,,,,,,,,,,,,,,,,,,,,,,,,,,,,,,,,3.1556,,,,,,,,,,,,,,,,,,,,,,,,,,,,,,,,,,,,,,,,,,,,,,,,,,,,,,,,,,,,,,,,,,,,,,,,,,,,,,,,,,,,,,,,,90.7627,,,,,,6.0817,,
LU3307220965,,,,,,,,,,,,,,,,,,,,,,,,,,,,,,,,,,,,,,,,,,,,,,,,,,,,,,,,,,,,,,,,,,,,,,,,,,,,,,,,,,,,,,,,,,,,,,,,,,,,,,,,,,,,,,,,,,,,,,,,,,,,,,,,,,,,,,,,
LU3307281595,,1.6278,3.5659,,,,,,3.1741,,,,,,4.1962,,,,,,,3.6273,3.3119,3.6546,0.9882,,,,,,3.7314,1.7736,3.0395,0.3067,,,,,,,,,0.8251,,,0.322,,,,3.3326,,0.6719,4.7076,,,,,,0.9969,0.4957,,,0.4905,1.1015,0.9211,,,,0.3651,,,,,,,1.9229,,,6.9171,,,,0.6076,,,2.527,,2.5999,0.5364,3.4556,,0.264,3.2768,3.7174,3.9081,,,,,3.5233,,,6.997,0.2306,0.6352,,,,,3.3466,,,0.8822,,,,,,,,,5.381,,,,,,,2.0443,,,,,,,
LU3322521785,,,,,,,,,,,,,,,,,,,,,,,,,,,,,,,,,,,,,,,,,,,,,,,,,,,,,,,,,,,,,,,,,,,,,,,,,,,,,,,,,,,,,,,,,,,,,,,,,,,,,,,,,,,,,,,,,,,,,,,,,,,,,,,,,,,,,,,,
LU3322522080,,,,,,,,,,,,,,,,,,,,,,,,,,,,,,,,,,,,,,,,,,,,,,,,,,,,,,,,,,,,,,,,,,,,,,,,,,,,,,,,,,,,,,,,,,,,,,,,,,,,,,,,,,,,,,,,,,,,,,,,,,,,,,,,,,,,,,,,
LU3322522163,,,,,,,,,,,,,,,,,,,,1.05,,,2.72,,,,,,,,,,,,,,,,,,,,,,,,,,,,,,,,,,,,,,9.93,,,,,,,,,,,,,,,,,,,,,,,3.02,,,,,,,,,,,,,,,,,,,,,,,,,,,2.74,,,,,2.1,3.22,,,,,,,,,,2.77,64.0,,,,,,,,8.45
LU3322522247,,,,,,,,,,,,,,,,,,,,,,,,,,,,,,,,,,,,,,,,,,,,,,,,,,,,,,,,,,,,,,,,,,,,,,,,,,,,,,,,,,,,,,,,,,,,,,,,,,,,,,,,,,,,,,,,,,,,,,,,,,,,,,,,,,,,,,,,
LU3322522593,,,,,,,,,,,,,,,,,,,,3.05,,,,,,,,,,,,,,,,,,,,,,,,,,,,,,,,,,,,,,,,,,,,,,,,,,,,,,,,,,,,,,,,,,,,,,,,,,,,,,,,,,,,,,,,,,,,,,,,,,,,,,,,,,,1.75,70.26,,,,,,,,24.94
LU3332965949,,,,,,,,,,,,,,,,,,,,,,,,,,,,,,,,,,,,,,,,,,,,,,,,,,,,,,,1.13,,,,,,,,,,,,,,,,,,,,,,,,,,,,,,,,,,,,,,,,,,,,,,,,,,,,,,,,,,,,,,,,,,,,,,,,,97.47,,,,,,,,1.4
LU3332966160,,,,,,,,,,,,,,,,,,,,,,,,,,,,,,,,,,,,,,,,,,,,,,,,,,,,,,,1.13,,,,,,,,,,,,,,,,,,,,,,,,,,,,,,,,,,,,,,,,,,,,,,,,,,,,,,,,,,,,,,,,,,,,,,,,,97.47,,,,,,,,1.4
LU3334220699,,,,,,,,,,,,,,,,,,,,,,,,,,,,,,,,,,,,,,,,,,,,,,,,,,,,,,,,,,,,,,,,,,,,,,,,,,,,,,,,,,,,,,,,,,,,,,,,,,,,,,,,,,,,,,,,,,,,,,,,,,,,,,,,,,,,,,,,
LU3351069201,,,,,5.8661,0.3618,,,,,0.8249,,0.0151,,,,,,,11.6479,,,0.0309,,,,,,,1.4441,,,,,,,,1.2005,7.6869,,,7.1652,,,,,,,1.7441,,,,,,0.6096,,0.9919,2.9422,,,20.5066,,,,,,,,,,,,0.4799,0.026,,,,,0.0138,,,,,5.8753,0.2595,,0.876,,,,,,,,,0.2027,,,,,,,,,,,1.7225,,,,,3.5794,,,2.632,8.9049,,,,,,,,,,,11.9674,0.405,,,,,,0.0178,,
LU3359622902,,,,,,,,,,,,,,,,,,,,,,,,,,,,,,,,,,,,,,,,,,,,,,,,,,,,,,,,,,,,,,,,,,,,,,,,,,,,,,,,,,,,,,,,,,,,,,,,,,,,,,,,,,,,,,,,,,,,,,,,,,,,,,,,,,,,,,,,
LU3401048387,,,,,,,,,,,,,,,,,,,,,,,,,,,,,,,,,,,,,,,,,,,,,,,,,,,,,,,,,,,,,,,,,,,,,,,,,,,,,,,,,,,,,,,,,,,,,,,,,,,,,,,,,,,,,,,,,,,,,,,,,,,,,,,,,,,,,,,,
LU3401048460,,,,,,,,,,,,,,,,,,,,,,,,,,,,,,,,,,,,,,,,,,,,,,,,,,,,,,,,,,,,,,,,,,,,,,,,,,,,,,,,,,,,,,,,,,,,,,,,,,,,,,,,,,,,,,,,,,,,,,,,,,,,,,,,,,,,,,,,
LU3401048544,,,,,,,,,,,,,,,,,,,,,,,,,,,,,,,,,,,,,,,,,,,,,,,,,,,,,,,,,,,,,,,,,,,,,,,,,,,,,,,,,,,,,,,,,,,,,,,,,,,,,,,,,,,,,,,,,,,,,,,,,,,,,,,,,,,,,,,,
LU3402750635,,,,,,0.6067,,,,,0.4677,,,,,,,,,,,,,,,,,,,5.3288,,,,,,,,1.0062,17.0525,,,13.1924,,,,,,,,,,,,,0.975,,,3.8841,,,,,,,,,,,,,,,,,,,,,,,,,,3.231,,,2.0694,,,,,,,,,,,,,,,,,,,,,,,,,2.0146,,,2.3654,24.081,,,,,,,,,,,23.7252,,,,,,,,,
NL0009272749,,,,,,,,,,,,,,,,,,,,,,,,,,,,,,,,,,,,,,,,,,,,,,,,,,,,,,,,,,,,,,,,,,,,,,,,,2.76,,,,,,,,,,,62.49,,,,,,,,,,,,,,,,,,,,,,,,,,,,,,,,1.76,,,,,,,,,,,32.56,,,,,,,,,0.43
NL0009272764,,,,,,,,,,,,,,,,,,,,,,,,,,,,,,,,,,,,,,,,,,,,,,,,,,,,,,,,,,,,,,,,,,,,,,,,,,,,,,,,,,,,,,,,,,,,,,,,,,,,,,,,,,,,,,,,,,,,,,,,,,,,,,,,,,,,,,,,
NL0009272772,,,,,,,,,,,,,,,,,,,,,,,,,,,,,,,,,,,,,,,,,,,,,,,,,,,,,,,,,,,,,,,,,,,,,,,,,,,,,,,,,,,,,,,,,,,,,,,,,,,,,,,,,,,,,,,,,,,,,,,,,,,,,,,,,,,,,,,,100.0
NL0009272780,,,,,,,,,,,,,,,,,,,,,,,,,,,,,,,,,,,,,,,,,,,,,,,,,,,,,,,,,,,,,,,,,,,,,,,,,,,,,,,,,,,,,,,,,,,,,,,,,,,,,,,,,,,,,,,,,,,,,,,,,,,,,,,,,,,,,,,,100.0
NL0009690239,,,,,3.14,,,,,,,,,,,,,,,,,,,,,,,,,,,,,,,,,,2.21,,,1.86,,,,,,,1.61,,,,,,,,,,,,9.03,,,,,,,,,,,,,,,,,,,,,,,,,,,,,,,,,,,,,,,,,,,,,,2.23,,,,,,,,,1.85,,,,,,,,,,,3.11,70.99,,,,,,,,3.97
NL0009690247,,,,,,,,,,,3.9,,,,,,,,,,,,,,,,,,,3.3,,,,,,,,,1.7,,,22.84,,,,,,,,,,,,,,,,2.36,,,,,,,,,,,,,,,,,,,,,,,,,,,,,,,,,,,,,,,,,,,,,,,,,,,,,,,,,,4.62,,,,,,,,,,,6.3,18.38,,,,,,,,36.6
NL0009690254,,,,,,8.81,,,,,10.16,,,,,,,,,,,,,,,,,,,,,,,,,,,,18.91,,,19.17,,,,,,,,,,,,,,,,16.48,,,,,,,,,,,,,,,,,,,,,,,,,,7.66,,,,,,,,,,,,,,,,,,,,,,,,,,,,14.18,,,,,,,,,,,,,,,,,,,,,,,,4.63
NL0010273801,,,,,,21.66,,,,,,,,,,,,,,,,,,,,,,,,,,,,,,,,10.92,,,,29.96,,,,,,,,,,,,,13.19,,,,,,,,,,,,,,,,,,,,,,,,,,,,,24.27,,,,,,,,,,,,,,,,,,,,,,,,,,,,,,,,,,,,,,,,,,,,,,,,,,,,
NL0010408704,,,,,4.63,,,,,,,,,,,,,,,2.29,,,,,,,,,,,,,,,,,,1.36,4.09,,,5.58,,,,,,,,,,,,,1.63,,,1.65,,,15.96,,,,,,,,,,,,,,,,,,,,,,,2.89,,,,,,,,,,,,,,,,,,,,,,,1.25,,,,3.27,2.02,,,2.89,4.88,,,,,,,,,,,5.89,36.93,,,,,,,,2.79
NL0010731816,,,,,,1.15,,,,,1.99,,,,,,,,,,,,,,,,,,,4.2,,,,,,,,4.38,12.58,,,19.29,,,,,,,,,,,,,1.88,,,5.78,,,,,,,,,,,,,,,,,,,,,,,,,,9.93,,,1.07,,,,,,,,,,,,,,,,,,,,,,,,,8.54,,,9.32,7.25,,,,,,,,,,,12.63,,,,,,,,,0.01
NL0011683594,,,,,6.3,,,,,,,,,,,,,,,3.2,,,,,,,,,,3.37,,,,,,,,1.65,13.42,,,7.42,,,,,,,,,,,,,,,,9.04,,,3.76,,,,,,,,,,,,,,,,,,,,,,,1.78,,,1.25,,,,,,,,,,,,,,,,,,,,1.61,,,,,5.71,,,1.79,5.24,,,,,,,,,,,16.4,16.03,,,,,,,,2.03
SE0020541639,,,,,,,,,,,,,,,,,,,,,,,,,,,,,,,,,,,,,,,,,,,,,,,,,,,,,,,,,,,,,,,,,,,,,,,,,,,,,,,,,,,,,,,,,,,,,,,,,,,,,,,,,,,,,,,,,,,,,,,,,,,,,,,,,,,,,,,,
SE0020845709,,,,,,,,,,,,,,,,,,,,,,,,,,,,,,,,,,,,,,,,,,,,,,,,,,,,,,,,,,,,,,,,,,,,,,,,,,,,,,,,,,,,,,,,,,,,,,,,,,,,,,,,,,,,,,,,,,,,,,,,,,,,,,,,,,,,,,,,
SE0021149259,,,,,,,,,,,,,,,,,,,,,,,,,,,,,,,,,,,,,,,,,,,,,,,,,,,,,,,,,,,,,,,,,,,,,,,,,,,,,,,,,,,,,,,,,,,,,,,,,,,,,,,,,,,,,,,,,,,,,,,,,,,,,,,,,,,,,,,,
SE0021309754,,,,,,,,,,,,,,,,,,,,,,,,,,,,,,,,,,,,,,,,,,,,,,,,,,,,,,,,,,,,,,,,,,,,,,,,,,,,,,,,,,,,,,,,,,,,,,,,,,,,,,,,,,,,,,,,,,,,,,,,,,,,,,,,,,,,,,,,
SE0021486156,,,,,,,,,,,,,,,,,,,,,,,,,,,,,,,,,,,,,,,,,,,,,,,,,,,,,,,,,,,,,,,,,,,,,,,,,,,,,,,,,,,,,,,,,,,,,,,,,,,,,,,,,,,,,,,,,,,,,,,,,,,,,,,,,,,,,,,,
SE0023260716,,,,,,,,,,,,,,,,,,,,,,,,,,,,,,,,,,,,,,,,,,,,,,,,,,,,,,,,,,,,,,,,,,,,,,,,,,,,,,,,,,,,,,,,,,,,,,,,,,,,,,,,,,,,,,,,,,,,,,,,,,,,,,,,,,,,,,,,
SE0024417356,,,,,,,,,,,,,,,,,,,,,,,,,,,,,,,,,,,,,,,,,,,,,,,,,,,,,,,,,,,,,,,,,,,,,,,,,,,,,,,,,,,,,,,,,,,,,,,,,,,,,,,,,,,,,,,,,,,,,,,,,,,,,,,,,,,,,,,,
SE0024738389,,,,,,,,,,,,,,,,,,,,,,,,,,,,,,,,,,,,,,,,,,,,,,,,,,,,,,,,,,,,,,,,,,,,,,,,,,,,,,,,,,,,,,,,,,,,,,,,,,,,,,,,,,,,,,,,,,,,,,,,,,,,,,,,,,,,,,,,
SE0025159833,,,,,,,,,,,,,,,,,,,,,,,,,,,,,,,,,,,,,,,,,,,,,,,,,,,,,,,,,,,,,,,,,,,,,,,,,,,,,,,,,,,,,,,,,,,,,,,,,,,,,,,,,,,,,,,,,,,,,,,,,,,,,,,,,,,,,,,,
SE0026821282,,,,,,,,,,,,,,,,,,,,,,,,,,,,,,,,,,,,,,,,,,,,,,,,,,,,,,,,,,,,,,,,,,,,,,,,,,,,,,,,,,,,,,,,,,,,,,,,,,,,,,,,,,,,,,,,,,,,,,,,,,,,,,,,,,,,,,,,
SE0027598038,,,,,,,,,,,,,,,,,,,,,,,,,,,,,,,,,,,,,,,,,,,,,,,,,,,,,,,,,,,,,,,,,,,,,,,,,,,,,,,,,,,,,,,,,,,,,,,,,,,,,,,,,,,,,,,,,,,,,,,,,,,,,,,,,,,,,,,,
SE0027598202,,,,,,,,,,,,,,,,,,,,,,,,,,,,,,,,,,,,,,,,,,,,,,,,,,,,,,,,,,,,,,,,,,,,,,,,,,,,,,,,,,,,,,,,,,,,,,,,,,,,,,,,,,,,,,,,,,,,,,,,,,,,,,,,,,,,,,,,
SE0028425314,,,,,,,,,,,,,,,,,,,,,,,,,,,,,,,,,,,,,,,,,,,,,,,,,,,,,,,,,,,,,,,,,,,,,,,,,,,,,,,,,,,,,,,,,,,,,,,,,,,,,,,,,,,,,,,,,,,,,,,,,,,,,,,,,,,,,,,,
XS2115336336,,,,,,,,,,,,,,,,,,,,,,,,,,,,,,,,,,,,,,,,,,,,,,,,,,,,,,,,,,,,,,,,,,,,,,,,,,,,,,,,,,,,,,,,,,,,,,,,,,,,,,,,,,,,,,,,,,,,,,,,,,,,,,,,,,,,,,,,
XS2183935274,,,,,,,,,,,,,,,,,,,,,,,,,,,,,,,,,,,,,,,,,,,,,,,,,,,,,,,,,,,,,,,,,,,,,,,,,,,,,,,,,,,,,,,,,,,,,,,,,,,,,,,,,,,,,,,,,,,,,,,,,,,,,,,,,,,,,,,,
XS2183935605,,,,,,,,,,,,,,,,,,,,,,,,,,,,,,,,,,,,,,,,,,,,,,,,,,,,,,,,,,,,,,,,,,,,,,,,,,,,,,,,,,,,,,,,,,,,,,,,,,,,,,,,,,,,,,,,,,,,,,,,,,,,,,,,,,,,,,,,
XS2284324667,,,,,,,,,,,,,,,,,,,,,,,,,,,,,,,,,,,,,,,,,,,,,,,,,,,,,,,,,,,,,,,,,,,,,,,,,,,,,,,,,,,,,,,,,,,,,,,,,,,,,,,,,,,,,,,,,,,,,,,,,,,,,,,,,,,,,,,,
XS2335553801,,,,,,,,,,,,,,,,,,,,,,,,,,,,,,,,,,,,,,,,,,,,,,,,,,,,,,,,,,,,,,,,,,,,,,,,,,,,,,,,,,,,,,,,,,,,,,,,,,,,,,,,,,,,,,,,,,,,,,,,,,,,,,,,,,,,,,,,
XS2337090422,,,,,,,,,,,,,,,,,,,,,,,,,,,,,,,,,,,,,,,,,,,,,,,,,,,,,,,,,,,,,,,,,,,,,,,,,,,,,,,,,,,,,,,,,,,,,,,,,,,,,,,,,,,,,,,,,,,,,,,,,,,,,,,,,,,,,,,,
XS2337090851,,,,,,,,,,,,,,,,,,,,,,,,,,,,,,,,,,,,,,,,,,,,,,,,,,,,,,,,,,,,,,,,,,,,,,,,,,,,,,,,,,,,,,,,,,,,,,,,,,,,,,,,,,,,,,,,,,,,,,,,,,,,,,,,,,,,,,,,
XS2337092550,,,,,,,,,,,,,,,,,,,,,,,,,,,,,,,,,,,,,,,,,,,,,,,,,,,,,,,,,,,,,,,,,,,,,,,,,,,,,,,,,,,,,,,,,,,,,,,,,,,,,,,,,,,,,,,,,,,,,,,,,,,,,,,,,,,,,,,,
XS2353177293,,,,,,,,,,,,,,,,,,,,,,,,,,,,,,,,,,,,,,,,,,,,,,,,,,,,,,,,,,,,,,,,,,,,,,,,,,,,,,,,,,,,,,,,,,,,,,,,,,,,,,,,,,,,,,,,,,,,,,,,,,,,,,,,,,,,,,,,
XS2376095068,,,,,,,,,,,,,,,,,,,,,,,,,,,,,,,,,,,,,,,,,,,,,,,,,,,,,,,,,,,,,,,,,,,,,,,,,,,,,,,,,,,,,,,,,,,,,,,,,,,,,,,,,,,,,,,,,,,,,,,,,,,,,,,,,,,,,,,,
XS2399364152,,,,,,,,,,,,,,,,,,,,,,,,,,,,,,,,,,,,,,,,,,,,,,,,,,,,,,,,,,,,,,,,,,,,,,,,,,,,,,,,,,,,,,,,,,,,,,,,,,,,,,,,,,,,,,,,,,,,,,,,,,,,,,,,,,,,,,,,
XS2399364319,,,,,,,,,,,,,,,,,,,,,,,,,,,,,,,,,,,,,,,,,,,,,,,,,,,,,,,,,,,,,,,,,,,,,,,,,,,,,,,,,,,,,,,,,,,,,,,,,,,,,,,,,,,,,,,,,,,,,,,,,,,,,,,,,,,,,,,,
XS2399365043,,,,,,,,,,,,,,,,,,,,,,,,,,,,,,,,,,,,,,,,,,,,,,,,,,,,,,,,,,,,,,,,,,,,,,,,,,,,,,,,,,,,,,,,,,,,,,,,,,,,,,,,,,,,,,,,,,,,,,,,,,,,,,,,,,,,,,,,
XS2399367254,,,,,,,,,,,,,,,,,,,,,,,,,,,,,,,,,,,,,,,,,,,,,,,,,,,,,,,,,,,,,,,,,,,,,,,,,,,,,,,,,,,,,,,,,,,,,,,,,,,,,,,,,,,,,,,,,,,,,,,,,,,,,,,,,,,,,,,,
XS2399369110,,,,,,,,,,,,,,,,,,,,,,,,,,,,,,,,,,,,,,,,,,,,,,,,,,,,,,,,,,,,,,,,,,,,,,,,,,,,,,,,,,,,,,,,,,,,,,,,,,,,,,,,,,,,,,,,,,,,,,,,,,,,,,,,,,,,,,,,
XS2425842106,,,,,,,,,,,,,,,,,,,,,,,,,,,,,,,,,,,,,,,,,,,,,,,,,,,,,,,,,,,,,,,,,,,,,,,,,,,,,,,,,,,,,,,,,,,,,,,,,,,,,,,,,,,,,,,,,,,,,,,,,,,,,,,,,,,,,,,,
XS2425848053,,,,,,,,,,,,,,,,,,,,,,,,,,,,,,,,,,,,,,,,,,,,,,,,,,,,,,,,,,,,,,,,,,,,,,,,,,,,,,,,,,,,,,,,,,,,,,,,,,,,,,,,,,,,,,,,,,,,,,,,,,,,,,,,,,,,,,,,
XS2427354985,,,,,,,,,,,,,,,,,,,,,,,,,,,,,,,,,,,,,,,,,,,,,,,,,,,,,,,,,,89.74,,,,,,,,,,,,,,,1.04,,,,,,,,,,,1.49,,,,,,,,,,,,,,,,,,,,,,,,,,,,,,,,5.6,,,,,,,,,,,,,,,,,,,,2.13
XS2427355958,,,,,,,,,,,,,,,,,,,,,,,,,,,,,,,,,,,,,,,,,,,,,,,,,,,,,,,1.13,,,,,,,,,,,,,,,,,,,,,,,,,,,,,,,,,,,,,,,,,,,,,,,,,,,,,,,,,,,,,,,,,,,,,,,,,97.7,,,,,,,,1.17
XS2427362145,,,,,,,,,,,1.69,,,,,,,,,,,,,,,,,,,,,,,,,,,1.28,29.55,,,28.77,,,,,,,,,,,,,,,,8.35,,,,,,,,,,,,,,,,,,,,,,,,,,18.66,,,,,,,,,,,,,,,,,,,,,,,,,,,,11.31,,,,,,,,,,,,,,,,,,,,,,,,0.39
XS2427363036,,,,,,,,,,,,,,,,,,,,,,,,,,,,,,,,,,,,,,,,,,,,,,,,,,,,,,,,,,,,,,,,,,,,,,,,,,,,,,,,,,,,,,,,,,,,,,,,,,,,,,,,,,,,,,,,,,,,,,,,,,,,,,,,,,,,,,,,
XS2427363895,,,,,,,,,,,,,,,,,,,,,,,,,,,,,,,,,,,,,,,,,,,,,,,,,,,,,,,,,,,,,,,,,,,,,,,,,,,,,,,,,,,,,,,,,,,,,,,,,,,,,,,,,,,,,,,,,,,,,,,,,,,,,,,,,,,,,,,,
XS2427474023,,,,,,,,,,,,,,,,,,,,,,,,,,,,,,,,,,,,,,,,,,,,,,,,,,,,,,,,,,,,,,,,,,,,,,,,,,,,,,,,,,,,,,,,,,,,,,,,,,,,,,,,,,,,,,,,,,,,,,,,,,,,,,,,,,,,,,,,
XS2434891219,,,,,,,,,,,,,,,,,,,,,,,,,,,,,,,,,,,,,,,,,,,,,,,,,,,,,,,,,,,,,,,,,,,,,,,,,,,,,,,,,,,,,,,,,,,,,,,,,,,,,,,,,,,,,,,,,,,,,,,,,,,,,,,,,,,,,,,,
XS2435550947,,,,,,,,,,,,,,,,,,,,,,,,,,,,,,,,,,,,,,,,,,,,,,,,,,,,,,,,,,,,,,,,,,,,,,,,,,,,,,,,,,,,,,,,,,,,,,,,,,,,,,,,,,,,,,,,,,,,,,,,,,,,,,,,,,,,,,,,
XS2437455608,,,,,,,,,,,,,,,,,,,,,,,,,,,,,,,,,,,,,,,,,,,,,,,,,,,,,,,,,,,,,,,,,,,,,,,,,,,,,,,,,,,,,,,,,,,,,,,,,,,,,,,,,,,,,,,,,,,,,,,,,,,,,,,,,,,,,,,,
XS2472333348,,,,,,,,,,,,,,,,,,,,,,,,,,,,,,,,,,,,,,,,,,,,,,,,,,,,,,,,,,,,,,,,,,,,,,,,,,,,,,,,,,,,,,,,,,,,,,,,,,,,,,,,,,,,,,,,,,,,,,,,,,,,,,,,,,,,,,,,
XS2531767502,,,,,,,,,,,,,,,,,,,,,,,,,,,,,,,,,,,,,,,,,,,,,,,,,,,,,,,,,,,,,,,,,,,,,,,,,,,,,,,,,,,,,,,,,,,,,,,,,,,,,,,,,,,,,,,,,,,,,,,,,,,,,,,,,,,,,,,,
XS2531767767,,,,,,,,,,,,,,,,,,,,,,,,,,,,,,,,,,,,,,,,,,,,,,,,,,,,,,,,,,,,,,,,,,,,,,,,,,,,,,,,,,,,,,,,,,,,,,,,,,,,,,,,,,,,,,,,,,,,,,,,,,,,,,,,,,,,,,,,
XS2575914176,,,,,,,,,,,,,,,,,,,,,,,,,,,,,,,,,,,,,,,,,,,,,,,,,,,,,,,,,,,,,,,,,,,,,,,,,,,,,,,,,,,,,,,,,,,,,,,,,,,,,,,,,,,,,,,,,,,,,,,,,,,,,,,,,,,,,,,,
XS2595672036,,,,,,,,,,,,,,,,,,,,,,,,,,,,,,,,,,,,,,,,,,,,,,,,,,,,,,,,,,,,,,,,,,,,,,,,,,,,,,,,,,,,,,,,,,,,,,,,,,,,,,,,,,,,,,,,,,,,,,,,,,,,,,,,,,,,,,,,
XS2595672549,,,,,,,,,,,,,,,,,,,,,,,,,,,,,,,,,,,,,,,,,,,,,,,,,,,,,,,,,,,,,,,,,,,,,,,,,,,,,,,,,,,,,,,,,,,,,,,,,,,,,,,,,,,,,,,,,,,,,,,,,,,,,,,,,,,,,,,,
XS2595673190,,,,,,,,,,,,,,,,,,,,,,,,,,,,,,,,,,,,,,,,,,,,,,,,,,,,,,,,,,,,,,,,,,,,,,,,,,,,,,,,,,,,,,,,,,,,,,,,,,,,,,,,,,,,,,,,,,,,,,,,,,,,,,,,,,,,,,,,
XS2617255760,,,,,,,,,,,,,,,,,,,,,,,,,,,,,,,,,,,,,,,,,,,,,,,,,,,,,,,,,,,,,,,,,,,,,,,,,,,,,,,,,,,,,,,,,,,,,,,,,,,,,,,,,,,,,,,,,,,,,,,,,,,,,,,,,,,,,,,,
XS2651539681,,,,,,,,,,,,,,,,,,,,,,,,,,,,,,,,,,,,,,,,,,,,,,,,,,,,,,,,,,,,,,,,,,,,,,,,,,,,,,,,,,,,,,,,,,,,,,,,,,,,,,,,,,,,,,,,,,,,,,,,,,,,,,,,,,,,,,,,
XS2656469561,,,,,,,,,,,,,,,,,,,,,,,,,,,,,,,,,,,,,,,,,,,,,,,,,,,,,,,,,,,,,,,,,,,,,,,,,,,,,,,,,,,,,,,,,,,,,,,,,,,,,,,,,,,,,,,,,,,,,,,,,,,,,,,,,,,,,,,,
XS2656472193,,,,,,,,,,,,,,,,,,,,,,,,,,,,,,,,,,,,,,,,,,,,,,,,,,,,,,,,,,,,,,,,,,,,,,,,,,,,,,,,,,,,,,,,,,,,,,,,,,,,,,,,,,,,,,,,,,,,,,,,,,,,,,,,,,,,,,,,
XS2663694680,,,,,,,,,,,,,,,,,,,,,,,,,,,,,,,,,,,,,,,,,,,,,,,,,,,,,,,,,,,,,,,,,,,,,,,,,,,,,,,,,,,,,,,,,,,,,,,,,,,,,,,,,,,,,,,,,,,,,,,,,,,,,,,,,,,,,,,,
XS2671672819,,,,,,,,,,,,,,,,,,,,,,,,,,,,,,,,,,,,,,,,,,,,,,,,,,,,,,,,,,,,,,,,,,,,,,,,,,,,,,,,,,,,,,,,,,,,,,,,,,,,,,,,,,,,,,,,,,,,,,,,,,,,,,,,,,,,,,,,
XS2734938835,,,,,,,,,,,,,,,,,,,,,,,,,,,,,,,,,,,,,,,,,,,,,,,,,,,,,,,,,,,,,,,,,,,,,,,,,,,,,,,,,,,,,,,,,,,,,,,,,,,,,,,,,,,,,,,,,,,,,,,,,,,,,,,,,,,,,,,,
XS2757381400,,,,,,,,,,,,,,,,,,,,,,,,,,,,,,,,,,,,,,,,,,,,,,,,,,,,,,,,,,,,,,,,,,,,,,,,,,,,,,,,,,,,,,,,,,,,,,,,,,,,,,,,,,,,,,,,,,,,,,,,,,,,,,,,,,,,,,,,
XS2779861082,,,,,,,,,,,,,,,,,,,,,,,,,,,,,,,,,,,,,,,,,,,,,,,,,,,,,,,,,,,,,,,,,,,,,,,,,,,,,,,,,,,,,,,,,,,,,,,,,,,,,,,,,,,,,,,,,,,,,,,,,,,,,,,,,,,,,,,,
XS2779861249,,,,,,,,,,,,,,,,,,,,,,,,,,,,,,,,,,,,,,,,,,,,,,,,,,,,,,,,,,,,,,,,,,,,,,,,,,,,,,,,,,,,,,,,,,,,,,,,,,,,,,,,,,,,,,,,,,,,,,,,,,,,,,,,,,,,,,,,
XS2792094604,,,,,,,,,,,,,,,,,,,,,,,,,,,,,,,,,,,,,,,,,,,,,,,,,,,,,,,,,,,,,,,,,,,,,,,,,,,,,,,,,,,,,,,,,,,,,,,,,,,,,,,,,,,,,,,,,,,,,,,,,,,,,,,,,,,,,,,,
XS2819843223,,,,,,,,,,,,,,,,,,,,,,,,,,,,,,,,,,,,,,,,,,,,,,,,,,,,,,,,,,,,,,,,,,,,,,,,,,,,,,,,,,,,,,,,,,,,,,,,,,,,,,,,,,,,,,,,,,,,,,,,,,,,,,,,,,,,,,,,
XS2819843736,,,,,,,,,,,,,,,,,,,,,,,,,,,,,,,,,,,,,,,,,,,,,,,,,,,,,,,,,,,,,,,,,,,,,,,,,,,,,,,,,,,,,,,,,,,,,,,,,,,,,,,,,,,,,,,,,,,,,,,,,,,,,,,,,,,,,,,,
XS2819843900,,,,,,,,,,,,,,,,,,,,,,,,,,,,,,,,,,,,,,,,,,,,,,,,,,,,,,,,,,,,,,,,,,,,,,,,,,,,,,,,,,,,,,,,,,,,,,,,,,,,,,,,,,,,,,,,,,,,,,,,,,,,,,,,,,,,,,,,
XS2819844387,,,,,,,,,,,,,,,,,,,,,,,,,,,,,,,,,,,,,,,,,,,,,,,,,,,,,,,,,,,,,,,,,,,,,,,,,,,,,,,,,,,,,,,,,,,,,,,,,,,,,,,,,,,,,,,,,,,,,,,,,,,,,,,,,,,,,,,,
XS2820604770,,,,,,,,,,,,,,,,,,,,,,,,,,,,,,,,,,,,,,,,,,,,,,,,,,,,,,,,,,,,,,,,,,,,,,,,,,,,,,,,,,,,,,,,,,,,,,,,,,,,,,,,,,,,,,,,,,,,,,,,,,,,,,,,,,,,,,,,
XS2842095320,,,,,,,,,,,,,,,,,,,,,,,,,,,,,,,,,,,,,,,,,,,,,,,,,,,,,,,,,,,,,,,,,,,,,,,,,,,,,,,,,,,,,,,,,,,,,,,,,,,,,,,,,,,,,,,,,,,,,,,,,,,,,,,,,,,,,,,,
XS2842095676,,,,,,,,,,,,,,,,,,,,,,,,,,,,,,,,,,,,,,,,,,,,,,,,,,,,,,,,,,,,,,,,,,,,,,,,,,,,,,,,,,,,,,,,,,,,,,,,,,,,,,,,,,,,,,,,,,,,,,,,,,,,,,,,,,,,,,,,
XS2842095759,,,,,,,,,,,,,,,,,,,,,,,,,,,,,,,,,,,,,,,,,,,,,,,,,,,,,,,,,,,,,,,,,,,,,,,,,,,,,,,,,,,,,,,,,,,,,,,,,,,,,,,,,,,,,,,,,,,,,,,,,,,,,,,,,,,,,,,,
XS2846982663,,,,,,,,,,,,,,,,,,,,,,,,,,,,,,,,,,,,,,,,,,,,,,,,,,,,,,,,,,,,,,,,,,,,,,,,,,,,,,,,,,,,,,,,,,,,,,,,,,,,,,,,,,,,,,,,,,,,,,,,,,,,,,,,,,,,,,,,
XS2852999429,,,,,,,,,,,,,,,,,,,,,,,,,,,,,,,,,,,,,,,,,,,,,,,,,,,,,,,,,,,,,,,,,,,,,,,,,,,,,,,,,,,,,,,,,,,,,,,,,,,,,,,,,,,,,,,,,,,,,,,,,,,,,,,,,,,,,,,,
XS2852999692,,,,,,,,,,,,,,,,,,,,,,,,,,,,,,,,,,,,,,,,,,,,,,,,,,,,,,,,,,,,,,,,,,,,,,,,,,,,,,,,,,,,,,,,,,,,,,,,,,,,,,,,,,,,,,,,,,,,,,,,,,,,,,,,,,,,,,,,
XS2852999775,,,,,,,,,,,,,,,,,,,,,,,,,,,,,,,,,,,,,,,,,,,,,,,,,,,,,,,,,,,,,,,,,,,,,,,,,,,,,,,,,,,,,,,,,,,,,,,,,,,,,,,,,,,,,,,,,,,,,,,,,,,,,,,,,,,,,,,,
XS2872232850,,,,,,,,,,,,,,,,,,,,,,,,,,,,,,,,,,,,,,,,,,,,,,,,,,,,,,,,,,,,,,,,,,,,,,,,,,,,,,,,,,,,,,,,,,,,,,,,,,,,,,,,,,,,,,,,,,,,,,,,,,,,,,,,,,,,,,,,
XS2872233403,,,,,,,,,,,,,,,,,,,,,,,,,,,,,,,,,,,,,,,,,,,,,,,,,,,,,,,,,,,,,,,,,,,,,,,,,,,,,,,,,,,,,,,,,,,,,,,,,,,,,,,,,,,,,,,,,,,,,,,,,,,,,,,,,,,,,,,,
XS2875105608,,,,,,,,,,,,,,,,,,,,,,,,,,,,,,,,,,,,,,,,,,,,,,,,,,,,,,,,,,,,,,,,,,,,,,,,,,,,,,,,,,,,,,,,,,,,,,,,,,,,,,,,,,,,,,,,,,,,,,,,,,,,,,,,,,,,,,,,
XS2875106242,,,,,,,,,,,,,,,,,,,,,,,,,,,,,,,,,,,,,,,,,,,,,,,,,,,,,,,,,,,,,,,,,,,,,,,,,,,,,,,,,,,,,,,,,,,,,,,,,,,,,,,,,,,,,,,,,,,,,,,,,,,,,,,,,,,,,,,,
XS2879867773,,,,,,,,,,,,,,,,,,,,,,,,,,,,,,,,,,,,,,,,,,,,,,,,,,,,,,,,,,,,,,,,,,,,,,,,,,,,,,,,,,,,,,,,,,,,,,,,,,,,,,,,,,,,,,,,,,,,,,,,,,,,,,,,,,,,,,,,
XS2892961827,,,,,,,,,,,,,,,,,,,,,,,,,,,,,,,,,,,,,,,,,,,,,,,,,,,,,,,,,,,,,,,,,,,,,,,,,,,,,,,,,,,,,,,,,,,,,,,,,,,,,,,,,,,,,,,,,,,,,,,,,,,,,,,,,,,,,,,,
XS2892962718,,,,,,,,,,,,,,,,,,,,,,,,,,,,,,,,,,,,,,,,,,,,,,,,,,,,,,,,,,,,,,,,,,,,,,,,,,,,,,,,,,,,,,,,,,,,,,,,,,,,,,,,,,,,,,,,,,,,,,,,,,,,,,,,,,,,,,,,
XS2892963286,,,,,,,,,,,,,,,,,,,,,,,,,,,,,,,,,,,,,,,,,,,,,,,,,,,,,,,,,,,,,,,,,,,,,,,,,,,,,,,,,,,,,,,,,,,,,,,,,,,,,,,,,,,,,,,,,,,,,,,,,,,,,,,,,,,,,,,,
XS2901884408,,,,,,,,,,,,,,,,,,,,,,,,,,,,,,,,,,,,,,,,,,,,,,,,,,,,,,,,,,,,,,,,,,,,,,,,,,,,,,,,,,,,,,,,,,,,,,,,,,,,,,,,,,,,,,,,,,,,,,,,,,,,,,,,,,,,,,,,
XS2901884663,,,,,,,,,,,,,,,,,,,,,,,,,,,,,,,,,,,,,,,,,,,,,,,,,,,,,,,,,,,,,,,,,,,,,,,,,,,,,,,,,,,,,,,,,,,,,,,,,,,,,,,,,,,,,,,,,,,,,,,,,,,,,,,,,,,,,,,,
XS2901885041,,,,,,,,,,,,,,,,,,,,,,,,,,,,,,,,,,,,,,,,,,,,,,,,,,,,,,,,,,,,,,,,,,,,,,,,,,,,,,,,,,,,,,,,,,,,,,,,,,,,,,,,,,,,,,,,,,,,,,,,,,,,,,,,,,,,,,,,
XS2901885553,,,,,,,,,,,,,,,,,,,,,,,,,,,,,,,,,,,,,,,,,,,,,,,,,,,,,,,,,,,,,,,,,,,,,,,,,,,,,,,,,,,,,,,,,,,,,,,,,,,,,,,,,,,,,,,,,,,,,,,,,,,,,,,,,,,,,,,,
XS2901886288,,,,,,,,,,,,,,,,,,,,,,,,,,,,,,,,,,,,,,,,,,,,,,,,,,,,,,,,,,,,,,,,,,,,,,,,,,,,,,,,,,,,,,,,,,,,,,,,,,,,,,,,,,,,,,,,,,,,,,,,,,,,,,,,,,,,,,,,
XS2901886445,,,,,,,,,,,,,,,,,,,,,,,,,,,,,,,,,,,,,,,,,,,,,,,,,,,,,,,,,,,,,,,,,,,,,,,,,,,,,,,,,,,,,,,,,,,,,,,,,,,,,,,,,,,,,,,,,,,,,,,,,,,,,,,,,,,,,,,,
XS2937253818,,,,,,,,,,,,,,,,,,,,,,,,,,,,,,,,,,,,,,,,,,,,,,,,,,,,,,,,,,,,,,,,,,,,,,,,,,,,,,,,,,,,,,,,,,,,,,,,,,,,,,,,,,,,,,,,,,,,,,,,,,,,,,,,,,,,,,,,
XS2940466316,,,,,,,,,,,,,,,,,,,,,,,,,,,,,,,,,,,,,,,,,,,,,,,,,,,,,,,,,,,,,,,,,,,,,,,,,,,,,,,,,,,,,,,,,,,,,,,,,,,,,,,,,,,,,,,,,,,,,,,,,,,,,,,,,,,,,,,,
XS2944874416,,,,,,,,,,,,,,,,,,,,,,,,,,,,,,,,,,,,,,,,,,,,,,,,,,,,,,,,,,,,,,,,,,,,,,,,,,,,,,,,,,,,,,,,,,,,,,,,,,,,,,,,,,,,,,,,,,,,,,,,,,,,,,,,,,,,,,,,
XS2944889109,,,,,,,,,,,,,,,,,,,,,,,,,,,,,,,,,,,,,,,,,,,,,,,,,,,,,,,,,,,,,,,,,,,,,,,,,,,,,,,,,,,,,,,,,,,,,,,,,,,,,,,,,,,,,,,,,,,,,,,,,,,,,,,,,,,,,,,,
XS2970736307,,,,,,,,,,,,,,,,,,,,,,,,,,,,,,,,,,,,,,,,,,,,,,,,,,,,,,,,,,,,,,,,,,,,,,,,,,,,,,,,,,,,,,,,,,,,,,,,,,,,,,,,,,,,,,,,,,,,,,,,,,,,,,,,,,,,,,,,
XS3003323741,,,,,,,,,,,,,,,,,,,,,,,,,,,,,,,,,,,,,,,,,,,,,,,,,,,,,,,,,,,,,,,,,,,,,,,,,,,,,,,,,,,,,,,,,,,,,,,,,,,,,,,,,,,,,,,,,,,,,,,,,,,,,,,,,,,,,,,,
XS3003324129,,,,,,,,,,,,,1.28,,,,,,,,1.69,,,,,,,,,,,,,,,,,,,,,,,,,,,,,,,,,,,,,,,,,,,,,,,,,,,,,,,,,,,,,,,,,,,,,,,,,,,,,,,,,,,,,,,,,,,,,,,,,,,,,,,,,,,94.46,,,,,,,,2.57
XS3003325795,,,,,,,,,,,,,,,,,,,,,,,,,,,,,,,,,,,,,,,,,,,,,,,,,,,,,,,,,,,,,,,,,,,,,,,,,,,,,,,,,,,,1.58,,,,,,,,,,,,,,,,,,,,,,,,,,,,,,,,,,,,,,,,,,,1.89,94.63,,,,,,,,1.9
XS3005160091,,,,,,,,,,,,,,,,,,,,,,,,,,,,,,,,,,,,,,,,,,,,,,,,,,,,,,,,,,,,,,,,,,,,,,,,,,,,,,,,,,,,,,,,,,,,,,,,,,,,,,,,,,,,,,,,,,,,,,,,,,,,,,,,,,,,,,,,
XS3022291473,,,,,,,,,,,,,,,,,,,,,,,,,,,,,,,,,,,,,,,,,,,,,,,,,,,,,,,,,,,,,,,,,,,,,,,,,,,,,,,,,,,,,,,,,,,,,,,,,,,,,,,,,,,,,,,,,,,,,,,,,,,,,,,,,,,,,,,,
XS3037640110,,,,,,,,,,,,,,,,,,,,,,,,,,,,,,,,,,,,,,,,,,,,,,,,,,,,,,,,,,,,,,,,,,,,,,,,,,,,,,,,,,,,,,,,,,,,,,,,,,,,,,,,,,,,,,,,,,,,,,,,,,,,,,,,,,,,,,,,
XS3068761710,,,,,,,,,,,,,,,,,,,,,,,,,,,,,,,,,,,,,,,,,,,,,,,,,,,,,,,,,,,,,,,,,,,,,,,,,,,,,,,,,,,,,,,,,,,,,,,,,,,,,,,,,,,,,,,,,,,,,,,,,,,,,,,,,,,,,,,,
XS3068771271,,,,,,,,,,,,,,,,,,,,,,,,,,,,,,,,,,,,,,,,,,,,,,,,,,,,,,,,,,,,,,,,,,,,,,,,,,,,,,,,,,,,,,,,,,,,,,,,,,,,,,,,,,,,,,,,,,,,,,,,,,,,,,,,,,,,,,,,
XS3068774614,,,,,,,,,,,,,,,,,,,,,,,,,,,,,,,,,,,,,,,,,,,,,,,,,,,,,,,,,,,,,,,,,,,,,,,,,,,,,,,,,,,,,,,,,,,,,,,,,,,,,,,,,,,,,,,,,,,,,,,,,,,,,,,,,,,,,,,,
XS3068774887,,,,,,,,,,,,,,,,,,,,,,,,,,,,,,,,,,,,,,,,,,,,,,,,,,,,,,,,,,,,,,,,,,,,,,,,,,,,,,,,,,,,,,,,,,,,,,,,,,,,,,,,,,,,,,,,,,,,,,,,,,,,,,,,,,,,,,,,
XS3068775009,,,,,,,,,,,,,,,,,,,,,,,,,,,,,,,,,,,,,,,,,,,,,,,,,,,,,,,,,,,,,,,,,,,,,,,,,,,,,,,,,,,,,,,,,,,,,,,,,,,,,,,,,,,,,,,,,,,,,,,,,,,,,,,,,,,,,,,,
XS3068775264,,,,,,,,,,,,,,,,,,,,,,,,,,,,,,,,,,,,,,,,,,,,,,,,,,,,,,,,,,,,,,,,,,,,,,,,,,,,,,,,,,,,,,,,,,,,,,,,,,,,,,,,,,,,,,,,,,,,,,,,,,,,,,,,,,,,,,,,
XS3068775694,,,,,,,,,,,,,,,,,,,,,,,,,,,,,,,,,,,,,,,,,,,,,,,,,,,,,,,,,,,,,,,,,,,,,,,,,,,,,,,,,,,,,,,,,,,,,,,,,,,,,,,,,,,,,,,,,,,,,,,,,,,,,,,,,,,,,,,,
XS3068776312,,,,,,,,,,,,,,,,,,,,,,,,,,,,,,,,,,,,,,,,,,,,,,,,,,,,,,,,,,,,,,,,,,,,,,,,,,,,,,,,,,,,,,,,,,,,,,,,,,,,,,,,,,,,,,,,,,,,,,,,,,,,,,,,,,,,,,,,
XS3068789307,,,,,,,,,,,,,,,,,,,,,,,,,,,,,,,,,,,,,,,,,,,,,,,,,,,,,,,,,,,,,,,,,,,,,,,,,,,,,,,,,,,,,,,,,,,,,,,,,,,,,,,,,,,,,,,,,,,,,,,,,,,,,,,,,,,,,,,,
XS3069873134,,,,,,,,,,,,,,,,,,,,,,,,,,,,,,,,,,,,,,,,,,,,,,,,,,,,,,,,,,,,,,,,,,,,,,,,,,,,,,,,,,,,,,,,,,,,,,,,,,,,,,,,,,,,,,,,,,,,,,,,,,,,,,,,,,,,,,,,
XS3075487556,,,,,,,,,,,,,,,,,,,,,,,,,,,,,,,,,,,,,,,,,,,,,,,,,,,,,,,,,,,,,,,,,,,,,,,,,,,,,,,,,,,,,,,,,,,,,,,,,,,,,,,,,,,,,,,,,,,,,,,,,,,,,,,,,,,,,,,,
XS3087774306,,,,,,,,,,,,,,,,,,,,,,,,,,,,,,,,,,,,,,,,,,,,,,,,,,,,,,,,,,,,,,,,,,,,,,,,,,,,,,,,,,,,,,,,,,,,,,,,,,,,,,,,,,,,,,,,,,,,,,,,,,,,,,,,,,,,,,,,
XS3135031279,,,,,,,,,,,,,,,,,,,,,,,,,,,,,,,,,,,,,,,,,,,,,,,,,,,,,,,,,,,,,,,,,,,,,,,,,,,,,,,,,,,,,,,,,,,,,,,,,,,,,,,,,,,,,,,,,,,,,,,,,,,,,,,,,,,,,,,,
XS3151431957,,,,,,,,,,,,,,,,,,,,,,,,,,,,,,,,,,,,,,,,,,,,,,,,,,,,,,,1.13,,,,,,,,,,,,,,,,,,,,,,,,,,,,,,,,,,,,,,,,,,,,,,,,,,,,,,,,,,,,,,,,,,,,,,,,,97.7,,,,,,,,1.17
XS3151433813,,,,,,,,,,,,,,,,,,,,,,,,,,,,,,,,,,,,,,,,,,,,,,,,,,,,,,,,,,,,,,,,,,,,,,,,,,,,,,,,,,,,,,,,,,,,,,,,,,,,,,,,,,,,,,,,,,,,,,,,,,,,,,,,,,,,,,,,
XS3218061631,,,,,,,,,,,,,,,,,,,,,,,,,,,,,,,,,,,,,,,,,,,,,,,,,,,,,,,,,,,,,,,,,,,,,,,,,,,,,,,,,,,,,,,,,,,,,,,,,,,,,,,,,,,,,,,,,,,,,,,,,,,,,,,,,,,,,,,,
XS3246964079,,,,,,,,,,,,,,,,,,,,,,,,,,,,,,,,,,,,,,,,,,,,,,,,,,,,,,,,,,,,,,,,,,,,,,,,,,,,,,,,,,,,,,,,,,,,,,,,,,,,,,,,,,,,,,,,,,,,,,,,,,,,,,,,,,,,,,,,
XS3246967098,,,,,,,,,,,,,,,,,,,,,,,,,,,,,,,,,,,,,,,,,,,,,,,,,,,,,,,,,,,,,,,,,,,,,,,,,,,,,,,,,,,,,,,,,,,,,,,,,,,,,,,,,,,,,,,,,,,,,,,,,,,,,,,,,,,,,,,,
XS3299465172,,,,,,,,,,,,,,,,,,,,,,,,,,,,,,,,,,,,,,,,,,,,,,,,,,,,,,,,,,,,,,,,,,,,,,,,,,,,,,,,,,,,,,,,,,,,,,,,,,,,,,,,,,,,,,,,,,,,,,,,,,,,,,,,,,,,,,,,
XS3299465412,,,,,,,,,,,,,,,,,,,,,,,,,,,,,,,,,,,,,,,,,,,,,,,,,,,,,,,,,,,,,,,,,,,,,,,,,,,,,,,,,,,,,,,,,,,,,,,,,,,,,,,,,,,,,,,,,,,,,,,,,,,,,,,,,,,,,,,,
XS3299465503,,,,,,,,,,,,,,,,,,,,,,,,,,,,,,,,,,,,,,,,,,,,,,,,,,,,,,,,,,,,,,,,,,,,,,,,,,,,,,,,,,,,,,,,,,,,,,,,,,,,,,,,,,,,,,,,,,,,,,,,,,,,,,,,,,,,,,,,
XS3299465768,,,,,,,,,,,,,,,,,,,,,,,,,,,,,,,,,,,,,,,,,,,,,,,,,,,,,,,,,,,,,,,,,,,,,,,,,,,,,,,,,,,,,,,,,,,,,,,,,,,,,,,,,,,,,,,,,,,,,,,,,,,,,,,,,,,,,,,,
XS3299466063,,,,,,,,,,,,,,,,,,,,,,,,,,,,,,,,,,,,,,,,,,,,,,,,,,,,,,,,,,,,,,,,,,,,,,,,,,,,,,,,,,,,,,,,,,,,,,,,,,,,,,,,,,,,,,,,,,,,,,,,,,,,,,,,,,,,,,,,
XS3299466147,,,,,,,,,,,,,,,,,,,,,,,,,,,,,,,,,,,,,,,,,,,,,,,,,,,,,,,,,,,,,,,,,,,,,,,,,,,,,,,,,,,,,,,,,,,,,,,,,,,,,,,,,,,,,,,,,,,,,,,,,,,,,,,,,,,,,,,,
XS3299466220,,,,,,,,,,,,,,,,,,,,,,,,,,,,,,,,,,,,,,,,,,,,,,,,,,,,,,,,,,,,,,,,,,,,,,,,,,,,,,,,,,,,,,,,,,,,,,,,,,,,,,,,,,,,,,,,,,,,,,,,,,,,,,,,,,,,,,,,
XS3299466493,,,,,,,,,,,,,,,,,,,,,,,,,,,,,,,,,,,,,,,,,,,,,,,,,,,,,,,,,,,,,,,,,,,,,,,,,,,,,,,,,,,,,,,,,,,,,,,,,,,,,,,,,,,,,,,,,,,,,,,,,,,,,,,,,,,,,,,,
XS3299466816,,,,,,,,,,,,,,,,,,,,,,,,,,,,,,,,,,,,,,,,,,,,,,,,,,,,,,,,,,,,,,,,,,,,,,,,,,,,,,,,,,,,,,,,,,,,,,,,,,,,,,,,,,,,,,,,,,,,,,,,,,,,,,,,,,,,,,,,
XS3299467897,,,,,,,,,,,,,,,,,,,,,,,,,,,,,,,,,,,,,,,,,,,,,,,,,,,,,,,,,,,,,,,,,,,,,,,,,,,,,,,,,,,,,,,,,,,,,,,,,,,,,,,,,,,,,,,,,,,,,,,,,,,,,,,,,,,,,,,,
XS3299468515,,,,,,,,,,,,,,,,,,,,,,,,,,,,,,,,,,,,,,,,,,,,,,,,,,,,,,,,,,,,,,,,,,,,,,,,,,,,,,,,,,,,,,,,,,,,,,,,,,,,,,,,,,,,,,,,,,,,,,,,,,,,,,,,,,,,,,,,
XS3299468788,,,,,,,,,,,,,,,,,,,,,,,,,,,,,,,,,,,,,,,,,,,,,,,,,,,,,,,,,,,,,,,,,,,,,,,,,,,,,,,,,,,,,,,,,,,,,,,,,,,,,,,,,,,,,,,,,,,,,,,,,,,,,,,,,,,,,,,,
XS3299468861,,,,,,,,,,,,,,,,,,,,,,,,,,,,,,,,,,,,,,,,,,,,,,,,,,,,,,,,,,,,,,,,,,,,,,,,,,,,,,,,,,,,,,,,,,,,,,,,,,,,,,,,,,,,,,,,,,,,,,,,,,,,,,,,,,,,,,,,
XS3299468945,,,,,,,,,,,,,,,,,,,,,,,,,,,,,,,,,,,,,,,,,,,,,,,,,,,,,,,,,,,,,,,,,,,,,,,,,,,,,,,,,,,,,,,,,,,,,,,,,,,,,,,,,,,,,,,,,,,,,,,,,,,,,,,,,,,,,,,,
XS3299469083,,,,,,,,,,,,,,,,,,,,,,,,,,,,,,,,,,,,,,,,,,,,,,,,,,,,,,,,,,,,,,,,,,,,,,,,,,,,,,,,,,,,,,,,,,,,,,,,,,,,,,,,,,,,,,,,,,,,,,,,,,,,,,,,,,,,,,,,
XS3299469166,,,,,,,,,,,,,,,,,,,,,,,,,,,,,,,,,,,,,,,,,,,,,,,,,,,,,,,,,,,,,,,,,,,,,,,,,,,,,,,,,,,,,,,,,,,,,,,,,,,,,,,,,,,,,,,,,,,,,,,,,,,,,,,,,,,,,,,,
XS3299469323,,,,,,,,,,,,,,,,,,,,,,,,,,,,,,,,,,,,,,,,,,,,,,,,,,,,,,,,,,,,,,,,,,,,,,,,,,,,,,,,,,,,,,,,,,,,,,,,,,,,,,,,,,,,,,,,,,,,,,,,,,,,,,,,,,,,,,,,
XS3299469679,,,,,,,,,,,,,,,,,,,,,,,,,,,,,,,,,,,,,,,,,,,,,,,,,,,,,,,,,,,,,,,,,,,,,,,,,,,,,,,,,,,,,,,,,,,,,,,,,,,,,,,,,,,,,,,,,,,,,,,,,,,,,,,,,,,,,,,,
XS3299469752,,,,,,,,,,,,,,,,,,,,,,,,,,,,,,,,,,,,,,,,,,,,,,,,,,,,,,,,,,,,,,,,,,,,,,,,,,,,,,,,,,,,,,,,,,,,,,,,,,,,,,,,,,,,,,,,,,,,,,,,,,,,,,,,,,,,,,,,
XS3299469919,,,,,,,,,,,,,,,,,,,,,,,,,,,,,,,,,,,,,,,,,,,,,,,,,,,,,,,,,,,,,,,,,,,,,,,,,,,,,,,,,,,,,,,,,,,,,,,,,,,,,,,,,,,,,,,,,,,,,,,,,,,,,,,,,,,,,,,,
XS3304269429,,,,,,,,,,,,,,,,,,,,,,,,,,,,,,,,,,,,,,,,,,,,,,,,,,,,,,,,,,,,,,,,,,,,,,,,,,,,,,,,,,,,,,,,,,,,,,,,,,,,,,,,,,,,,,,,,,,,,,,,,,,,,,,,,,,,,,,,
XS3306516876,,,,,,,,,,,,,,,,,,,,,,,,,,,,,,,,,,,,,,,,,,,,,,,,,,,,,,,,,,,,,,,,,,,,,,,,,,,,,,,,,,,,,,,,,,,,,,,,,,,,,,,,,,,,,,,,,,,,,,,,,,,,,,,,,,,,,,,,
XS3306517098,,,,,,,,,,,,,,,,,,,,,,,,,,,,,,,,,,,,,,,,,,,,,,,,,,,,,,,,,,,,,,,,,,,,,,,,,,,,,,,,,,,,,,,,,,,,,,,,,,,,,,,,,,,,,,,,,,,,,,,,,,,,,,,,,,,,,,,,
XS3306517338,,,,,,,,,,,,,,,,,,,,,,,,,,,,,,,,,,,,,,,,,,,,,,,,,,,,,,,,,,,,,,,,,,,,,,,,,,,,,,,,,,,,,,,,,,,,,,,,,,,,,,,,,,,,,,,,,,,,,,,,,,,,,,,,,,,,,,,,
XS3306517502,,,,,,,,,,,,,,,,,,,,,,,,,,,,,,,,,,,,,,,,,,,,,,,,,,,,,,,,,,,,,,,,,,,,,,,,,,,,,,,,,,,,,,,,,,,,,,,,,,,,,,,,,,,,,,,,,,,,,,,,,,,,,,,,,,,,,,,,
XS3306517924,,,,,,,,,,,,,,,,,,,,,,,,,,,,,,,,,,,,,,,,,,,,,,,,,,,,,,,,,,,,,,,,,,,,,,,,,,,,,,,,,,,,,,,,,,,,,,,,,,,,,,,,,,,,,,,,,,,,,,,,,,,,,,,,,,,,,,,,
XS3306518492,,,,,,,,,,,,,,,,,,,,,,,,,,,,,,,,,,,,,,,,,,,,,,,,,,,,,,,,,,,,,,,,,,,,,,,,,,,,,,,,,,,,,,,,,,,,,,,,,,,,,,,,,,,,,,,,,,,,,,,,,,,,,,,,,,,,,,,,
XS3306518658,,,,,,,,,,,,,,,,,,,,,,,,,,,,,,,,,,,,,,,,,,,,,,,,,,,,,,,,,,,,,,,,,,,,,,,,,,,,,,,,,,,,,,,,,,,,,,,,,,,,,,,,,,,,,,,,,,,,,,,,,,,,,,,,,,,,,,,,
XS3306519201,,,,,,,,,,,,,,,,,,,,,,,,,,,,,,,,,,,,,,,,,,,,,,,,,,,,,,,,,,,,,,,,,,,,,,,,,,,,,,,,,,,,,,,,,,,,,,,,,,,,,,,,,,,,,,,,,,,,,,,,,,,,,,,,,,,,,,,,
XS3332092090,,,,,,,,,,,,,,,,,,,,,,,,,,,,,,,,,,,,,,,,,,,,,,,,,,,,,,,,,,,,,,,,,,,,,,,,,,,,,,,,,,,,,,,,,,,,,,,,,,,,,,,,,,,,,,,,,,,,,,,,,,,,,,,,,,,,,,,,
XS3337099884,,,,,,,,,,,,,,,,,,,,,,,,,,,,,,,,,,,,,,,,,,,,,,,,,,,,,,,,,,,,,,,,,,,,,,,,,,,,,,,,,,,,,,,,,,,,,,,,,,,,,,,,,,,,,,,,,,,,,,,,,,,,,,,,,,,,,,,,
XS3337164027,,,,,,,,,,,,,,,,,,,,,,,,,,,,,,,,,,,,,,,,,,,,,,,,,,,,,,,,,,,,,,,,,,,,,,,,,,,,,,,,,,,,,,,,,,,,,,,,,,,,,,,,,,,,,,,,,,,,,,,,,,,,,,,,,,,,,,,,
XS3337171154,,,,,,,,,,,,,,,,,,,,,,,,,,,,,,,,,,,,,,,,,,,,,,,,,,,,,,,,,,,,,,,,,,,,,,,,,,,,,,,,,,,,,,,,,,,,,,,,,,,,,,,,,,,,,,,,,,,,,,,,,,,,,,,,,,,,,,,,
XS3337173440,,,,,,,,,,,,,,,,,,,,,,,,,,,,,,,,,,,,,,,,,,,,,,,,,,,,,,,,,,,,,,,,,,,,,,,,,,,,,,,,,,,,,,,,,,,,,,,,,,,,,,,,,,,,,,,,,,,,,,,,,,,,,,,,,,,,,,,,
XS3337192234,,,,,,,,,,,,,,,,,,,,,,,,,,,,,,,,,,,,,,,,,,,,,,,,,,,,,,,,,,,,,,,,,,,,,,,,,,,,,,,,,,,,,,,,,,,,,,,,,,,,,,,,,,,,,,,,,,,,,,,,,,,,,,,,,,,,,,,,
XS3337192408,,,,,,,,,,,,,,,,,,,,,,,,,,,,,,,,,,,,,,,,,,,,,,,,,,,,,,,,,,,,,,,,,,,,,,,,,,,,,,,,,,,,,,,,,,,,,,,,,,,,,,,,,,,,,,,,,,,,,,,,,,,,,,,,,,,,,,,,
XS3337205077,,,,,,,,,,,,,,,,,,,,,,,,,,,,,,,,,,,,,,,,,,,,,,,,,,,,,,,,,,,,,,,,,,,,,,,,,,,,,,,,,,,,,,,,,,,,,,,,,,,,,,,,,,,,,,,,,,,,,,,,,,,,,,,,,,,,,,,,
XS3337307741,,,,,,,,,,,,,,,,,,,,,,,,,,,,,,,,,,,,,,,,,,,,,,,,,,,,,,,,,,,,,,,,,,,,,,,,,,,,,,,,,,,,,,,,,,,,,,,,,,,,,,,,,,,,,,,,,,,,,,,,,,,,,,,,,,,,,,,,
XS3337373370,,,,,,,,,,,,,,,,,,,,,,,,,,,,,,,,,,,,,,,,,,,,,,,,,,,,,,,,,,,,,,,,,,,,,,,,,,,,,,,,,,,,,,,,,,,,,,,,,,,,,,,,,,,,,,,,,,,,,,,,,,,,,,,,,,,,,,,,
XS3337373701,,,,,,,,,,,,,,,,,,,,,,,,,,,,,,,,,,,,,,,,,,,,,,,,,,,,,,,,,,,,,,,,,,,,,,,,,,,,,,,,,,,,,,,,,,,,,,,,,,,,,,,,,,,,,,,,,,,,,,,,,,,,,,,,,,,,,,,,
XS3337373966,,,,,,,,,,,,,,,,,,,,,,,,,,,,,,,,,,,,,,,,,,,,,,,,,,,,,,,,,,,,,,,,,,,,,,,,,,,,,,,,,,,,,,,,,,,,,,,,,,,,,,,,,,,,,,,,,,,,,,,,,,,,,,,,,,,,,,,,
XS3337374261,,,,,,,,,,,,,,,,,,,,,,,,,,,,,,,,,,,,,,,,,,,,,,,,,,,,,,,,,,,,,,,,,,,,,,,,,,,,,,,,,,,,,,,,,,,,,,,,,,,,,,,,,,,,,,,,,,,,,,,,,,,,,,,,,,,,,,,,
XS3337374691,,,,,,,,,,,,,,,,,,,,,,,,,,,,,,,,,,,,,,,,,,,,,,,,,,,,,,,,,,,,,,,,,,,,,,,,,,,,,,,,,,,,,,,,,,,,,,,,,,,,,,,,,,,,,,,,,,,,,,,,,,,,,,,,,,,,,,,,
XS3337374774,,,,,,,,,,,,,,,,,,,,,,,,,,,,,,,,,,,,,,,,,,,,,,,,,,,,,,,,,,,,,,,,,,,,,,,,,,,,,,,,,,,,,,,,,,,,,,,,,,,,,,,,,,,,,,,,,,,,,,,,,,,,,,,,,,,,,,,,
XS3343238971,,,,,,,,,,,,,,,,,,,,,,,,,,,,,,,,,,,,,,,,,,,,,,,,,,,,,,,,,,,,,,,,,,,,,,,,,,,,,,,,,,,,,,,,,,,,,,,,,,,,,,,,,,,,,,,,,,,,,,,,,,,,,,,,,,,,,,,,
XS3384723154,,,,,,,,,,,,,,,,,,,,,,,,,,,,,,,,,,,,,,,,,,,,,,,,,,,,,,,,,,,,,,,,,,,,,,,,,,,,,,,,,,,,,,,,,,,,,,,,,,,,,,,,,,,,,,,,,,,,,,,,,,,,,,,,,,,,,,,,
XS3408767419,,,,,,,,,,,,,,,,,,,,,,,,,,,,,,,,,,,,,,,,,,,,,,,,,,,,,,,,,,,,,,,,,,,,,,,,,,,,,,,,,,,,,,,,,,,,,,,,,,,,,,,,,,,,,,,,,,,,,,,,,,,,,,,,,,,,,,,,
XS3430764525,,,,,,,,,,,,,,,,,,,,,,,,,,,,,,,,,,,,,,,,,,,,,,,,,,,,,,,,,,,,,,,,,,,,,,,,,,,,,,,,,,,,,,,,,,,,,,,,,,,,,,,,,,,,,,,,,,,,,,,,,,,,,,,,,,,,,,,,
XS3430765092,,,,,,,,,,,,,,,,,,,,,,,,,,,,,,,,,,,,,,,,,,,,,,,,,,,,,,,,,,,,,,,,,,,,,,,,,,,,,,,,,,,,,,,,,,,,,,,,,,,,,,,,,,,,,,,,,,,,,,,,,,,,,,,,,,,,,,,,
