isin,NVIDIA Corp.,Apple,Microsoft Corp,ASML Holding NV,"Taiwan Semiconductor Manufacturing Co., Ltd.","Amazon.com, Inc.","Alphabet, Inc. A",Micron Technology,"Alphabet, Inc. C",Broadcom Inc.,Tesla,"Samsung Electronics Co., Ltd.","SK hynix, Inc.",Meta Platforms,Siemens AG,AMD,Novartis AG,HSBC Holdings Plc,AstraZeneca PLC,Allianz SE,Schneider Electric SE,Banco Santander SA,Roche Holding AG,Shell Plc,Tencent Holdings Ltd.,Tokyo Electron Ltd.,SAP SE,Iberdrola SA,Nestlé SA,Lam Research
BG9000011163,,,,,,,,,,,,,,,,,,,,,,,,,,,,,,
BGCROEX03189,,,,,,,,,,,,,,,,,,,,,,,,,,,,,,
BGCZPX003174,,,,,,,,,,,,,,,,,,,,,,,,,,,,,,
BGGRASE06174,,,,,,,,,,,,,,,,,,,,,,,,,,,,,,
BGHUBUX01189,,,,,,,,,,,,,,,,,,,,,,,,,,,,,,
BGMACMB06181,,,,,,,,,,,,,,,,,,,,,,,,,,,,,,
BGPLWIG04173,,,,,,,,,,,,,,,,,,,,,,,,,,,,,,
BGROBET05176,,,,,,,,,,,,,,,,,,,,,,,,,,,,,,
BGSKSAX04187,,,,,,,,,,,,,,,,,,,,,,,,,,,,,,
BGSLOBI02187,,,,,,,,,,,,,,,,,,,,,,,,,,,,,,
BGSRBBE05183,,,,,,,,,,,,,,,,,,,,,,,,,,,,,,
CH0445689208,,,,,,,,,,,,,,,,,,,,,,,,,,,,,,
CH0454664001,,,,,,,,,,,,,,,,,,,,,,,,,,,,,,
CH0454664027,,,,,,,,,,,,,,,,,,,,,,,,,,,,,,
CH0454664043,,,,,,,,,,,,,,,,,,,,,,,,,,,,,,
CH0475552201,,,,,,,,,,,,,,,,,,,,,,,,,,,,,,
CH0475986318,,,,,,,,,,,,,,,,,,,,,,,,,,,,,,
CH0491507486,,,,,,,,,,,,,,,,,,,,,,,,,,,,,,
CH0496454155,,,,,,,,,,,,,,,,,,,,,,,,,,,,,,
CH0496484640,,,,,,,,,,,,,,,,,,,,,,,,,,,,,,
CH0558875933,,,,,,,,,,,,,,,,,,,,,,,,,,,,,,
CH0568452707,,,,,,,,,,,,,,,,,,,,,,,,,,,,,,
CH0587418630,,,,,,,,,,,,,,,,,,,,,,,,,,,,,,
CH0593331561,,,,,,,,,,,,,,,,,,,,,,,,,,,,,,
CH1100083471,,,,,,,,,,,,,,,,,,,,,,,,,,,,,,
CH1102728750,,,,,,,,,,,,,,,,,,,,,,,,,,,,,,
CH1109575535,,,,,,,,,,,,,,,,,,,,,,,,,,,,,,
CH1113516871,,,,,,,,,,,,,,,,,,,,,,,,,,,,,,
CH1114873776,,,,,,,,,,,,,,,,,,,,,,,,,,,,,,
CH1129538448,,,,,,,,,,,,,,,,,,,,,,,,,,,,,,
CH1130675676,,,,,,,,,,,,,,,,,,,,,,,,,,,,,,
CH1135202088,,,,,,,,,,,,,,,,,,,,,,,,,,,,,,
CH1135202096,,,,,,,,,,,,,,,,,,,,,,,,,,,,,,
CH1135202120,,,,,,,,,,,,,,,,,,,,,,,,,,,,,,
CH1135202161,,,,,,,,,,,,,,,,,,,,,,,,,,,,,,
CH1135202179,,,,,,,,,,,,,,,,,,,,,,,,,,,,,,
CH1146882308,,,,,,,,,,,,,,,,,,,,,,,,,,,,,,
CH1146882316,,,,,,,,,,,,,,,,,,,,,,,,,,,,,,
CH1162108893,,,,,,,,,,,,,,,,,,,,,,,,,,,,,,
CH1184151731,,,,,,,,,,,,,,,,,,,,,,,,,,,,,,
CH1199067674,,,,,,,,,,,,,,,,,,,,,,,,,,,,,,
CH1209763130,,,,,,,,,,,,,,,,,,,,,,,,,,,,,,
CH1210548892,,,,,,,,,,,,,,,,,,,,,,,,,,,,,,
CH1218734544,,,,,,,,,,,,,,,,,,,,,,,,,,,,,,
CH1263519394,,,,,,,,,,,,,,,,,,,,,,,,,,,,,,
CH1297762812,,,,,,,,,,,,,,,,,,,,,,,,,,,,,,
CH1315732250,,,,,,,,,,,,,,,,,,,,,,,,,,,,,,
CH1315732268,,,,,,,,,,,,,,,,,,,,,,,,,,,,,,
CH1327686056,,,,,,,,,,,,,,,,,,,,,,,,,,,,,,
CH1381833420,,,,,,,,,,,,,,,,,,,,,,,,,,,,,,
CH1385084384,,,,,,,,,,,,,,,,,,,,,,,,,,,,,,
CH1390861214,,,,,,,,,,,,,,,,,,,,,,,,,,,,,,
CH1390861222,,,,,,,,,,,,,,,,,,,,,,,,,,,,,,
CH1390861297,,,,,,,,,,,,,,,,,,,,,,,,,,,,,,
CH1390861305,,,,,,,,,,,,,,,,,,,,,,,,,,,,,,
CH1390861313,,,,,,,,,,,,,,,,,,,,,,,,,,,,,,
CH1396343266,,,,,,,,,,,,,,,,,,,,,,,,,,,,,,
CH1396389921,,,,,,,,,,,,,,,,,,,,,,,,,,,,,,
CH1396389939,,,,,,,,,,,,,,,,,,,,,,,,,,,,,,
CH1431521033,,,,,,,,,,,,,,,,,,,,,,,,,,,,,,
CH1453356367,,,,,,,,,,,,,,,,,,,,,,,,,,,,,,
CH1464217285,,,,,,,,,,,,,,,,,,,,,,,,,,,,,,
CH1468906669,,,,,,,,,,,,,,,,,,,,,,,,,,,,,,
CH1471826029,,,,,,,,,,,,,,,,,,,,,,,,,,,,,,
CH1505560610,,,,,,,,,,,,,,,,,,,,,,,,,,,,,,
CH1506167035,,,,,,,,,,,,,,,,,,,,,,,,,,,,,,
CH1521714696,,,,,,,,,,,,,,,,,,,,,,,,,,,,,,
CH1528107811,,,,,,,,,,,,,,,,,,,,,,,,,,,,,,
DE0002635273,,,,,,,,,,,,,,,,,,,,10.77,,,,,,,,,,
DE0002635281,,,,,,,,,,,,,,,,,,,,,,,,,,,,,,
DE0002635299,,,,,,,,,,,,,,,,,,,,,,,,,,,,,,
DE0002635307,,,,5.0,,,,,,,,,,,1.55,,1.96,2.13,1.9,,1.23,1.33,1.9,1.43,,,,,1.74,
DE0005933923,,,,,,,,,,,,,,,,,,,,,,,,,,,,,,
DE0005933931,,,,,,,,,,,,,,,12.11,,,,,9.24,,,,,,,7.95,,,
DE0005933949,,,,16.25,,,,,,,,,,,5.02,,6.36,6.94,6.18,,4.01,4.32,6.17,4.64,,,,,5.65,
DE0005933956,,,,10.43,,,,,,,,,,,4.68,,,,,3.57,3.74,4.03,,,,,3.08,3.11,,
DE0005933964,,,,,,,,,,,,,,,,,8.83,,,,,,8.68,,,,,,8.87,
DE0005933972,,,,,,,,,,,,,,,,,,,,,,,,,,,14.63,,,
DE0005933980,,,,6.0,,,,,,,,,,,1.85,,2.34,2.56,2.28,,1.48,1.59,2.27,1.71,,,,,2.08,
DE0005933998,,,,,,,,,,,,,,,,,,,,,,,,,,,,,,
DE0006289309,,,,,,,,,,,,,,,,,,,,,,14.5,,,,,,,,
DE0006289382,7.88,7.83,7.4,,5.5,7.03,4.4,,3.5,5.39,3.57,,,3.73,,,,,,,,,,,,,,,,
DE0006289390,,,4.23,,,,4.05,,,,,,,,,,,,,,,,,,,,,,,
DE0006289465,,,,,,,,,,,,,,,,,,,,,,,,,,,,,,
DE0006289473,,,,,,,,,,,,,,,,,,,,,,,,,,,,,,
DE0006289481,,,,,,,,,,,,,,,,,,,,,,,,,,,,,,
DE0006289499,,,,,,,,,,,,,,,,,,,,,,,,,,,,,,
DE000A0D8Q07,,,,9.27,,,,,,,,,,,2.86,,,,,2.19,2.28,2.46,,,,,1.88,1.9,,
DE000A0D8Q23,,,,,,,,,,,,,,,,,,,,,,,,,,,,,,
DE000A0D8Q31,,,,,,,,,,,,,,,,,,,,,,,,,,,,,,
DE000A0D8Q49,,,,,,,,,,,,,,,,,,,,,,,,,,,,,,
DE000A0D8QZ7,,,,,,,,,,,,,,,,,,,,,,,,,,,,,,
DE000A0F5UE8,,,,,,,,,,,,,,,,,,,,,,,,,10.4,,,,,
DE000A0F5UF5,7.6,6.67,4.35,,,4.02,3.27,5.64,3.02,,3.3,,,,,4.1,,,,,,,,,,,,,,
DE000A0F5UG3,,,,,,,,,,,,,,,7.89,,,,,,6.04,,,,,,,5.29,,
DE000A0F5UH1,,,,,,,,,,,,,,,,,,,,,,,,,,,,,,
DE000A0F5UJ7,,,,,,,,,,,,,,,,,,14.27,,,,8.88,,,,,,,,
DE000A0F5UK5,,,,,,,,,,,,,,,,,,,,,,,,,,,,,,
DE000A0H0728,,,,,,,,,,,,,,,,,,,,,,,,,,,,,,
DE000A0H0744,,,,,,,,,,,,,,,,,,,,,,,,,,,,,,
DE000A0H0785,,,,,,,,,,,,,,,,,,,,,,,,,,,,,,
DE000A0H08D2,,,,,,,,,,,,,,,,,,,,,,,,,,11.03,,,,
DE000A0H08E0,,,,,,,,,,,,,,,,,,,,,,,,,,,,,,
DE000A0H08F7,,,,,,,,,,,,,,,,,,,,,,,,,,,,,,
DE000A0H08G5,,,,,,,,,,,,,,,,,,,,,,,,,,,,,,
DE000A0H08H3,,,,,,,,,,,,,,,,,,,,,,,,,,,,,30.07,
DE000A0H08J9,,,,,,,,,,,,,,,10.16,,,,,,8.11,,,,,,,,,
DE000A0H08K7,,,,,,,,,,,,,,,,,,,,20.33,,,,,,,,,,
DE000A0H08L5,,,,,,,,,,,,,,,,,,,,,,,,,,,,,,
DE000A0H08M3,,,,,,,,,,,,,,,,,,,,,,,,24.93,,,,,,
DE000A0H08N1,,,,,,,,,,,,,,,,,,,,,,,,,,,,,,
DE000A0H08P6,,,,,,,,,,,,,,,,,,,,,,,,,,,,,,
DE000A0H08Q4,,,,32.0,,,,,,,,,,,,,,,,,,,,,,,14.03,,,
DE000A0H08R2,,,,,,,,,,,,,,,,,,,,,,,,,,,,,,
DE000A0H08S0,,,,,,,,,,,,,,,,,,,,,,,,,,,,,,
DE000A0Q4R02,,,,,,,,,,,,,,,,,,,,,,,,,,,,21.86,,
DE000A0Q4R28,,,,,,,,,,,,,,,,,,,,,,,,,,,,,,
DE000A0Q4R36,,,,,,,,,,,,,,,,,15.37,,14.86,,,,14.58,,,,,,,
DE000A0Q4R44,,,,,,,,,,,,,,,,,,,,,,,,,,,,,,
DE000A0Q4R69,,,,,,,,,,,,,,,12.53,,,,,9.63,,,,,,,9.22,,,
DE000A0Q4R85,,,,,,,,,,,,,,,,,,,,,,,,,,,,,,
DE000A0Q4RZ9,,,,,,,,,,,,,,,,,,,,,,,,,,,,,,
DE000A0S9GB0,,,,,,,,,,,,,,,,,,,,,,,,,,,,,,
DE000A1E0HR8,,,,,,,,,,,,,,,,,,,,,,,,,,,,,,
DE000A1E0HS6,,,,,,,,,,,,,,,,,,,,,,,,,,,,,,
DE000A1EK0G3,,,,,,,,,,,,,,,,,,,,,,,,,,,,,,
DE000A1EK0H1,,,,,,,,,,,,,,,,,,,,,,,,,,,,,,
DE000A1EK0J7,,,,,,,,,,,,,,,,,,,,,,,,,,,,,,
DE000A27Z304,,,,,,,,,,,,,,,,,,,,,,,,,,,,,,
DE000A28M8D0,,,,,,,,,,,,,,,,,,,,,,,,,,,,,,
DE000A2QP323,,,,,,,,,,,,,,,,,,,,,,,,,,,14.63,,,
DE000A2QP331,,,,,,,,,,,,,,,12.11,,,,,9.24,,,,,,,7.95,,,
DE000A2QP349,,,,,,,,,,,,,,,,,,,,,,,,,,,,,,
DE000A2QP372,,,,,,,,,,,,,,,,,,,,,,14.5,,,,,,,,
DE000A2QP380,,,,,,,,,,,,,,,,,,,,,,,,,,,,,,
DE000A2QP398,,,,32.0,,,,,,,,,,,,,,,,,,,,,,,14.03,,,
DE000A2QP4A8,,,,,,,,,,,,,,,,,,,,,,,,,,,,,,
DE000A2QP4B6,,,,5.0,,,,,,,,,,,1.55,,1.96,2.13,1.9,,1.23,1.33,1.9,1.43,,,,,1.74,
DE000A2QP4C4,7.88,7.83,7.4,,5.5,7.03,4.4,,3.5,5.39,3.57,,,3.73,,,,,,,,,,,,,,,,
DE000A2QP4D2,,,,,,,,,,,,,,,,,,,,,,,,,,,,,,
DE000A2QP4F7,,,,,,,,,,,,,,,,,,,,,,,,,,,,,,
DE000A2T0VS9,,,,,,,,,,,,,,,,,,,,,,,,,,,,,,
DE000A2T0VT7,,,,,,,,,,,,,,,,,,,,,,,,,,,,,,
DE000A2T0VU5,,,,,,,,,,,,,,,,,,,,,,,,,,,,,,
DE000A2T5DZ1,,,,,,,,,,,,,,,,,,,,,,,,,,,,,,
DE000A2UDH48,,,,,,,,,,,,,,,,,,,,,,,,,,,,,,
DE000A2UDH55,,,,,,,,,,,,,,,,,,,,,,,,,,,,,,
DE000A2UDH63,,,,,,,,,,,,,,,,,,,,,,,,,,,,,,
DE000A3G3ZD0,,,,,,,,,,,,,,,,,,,,,,,,,,,,,,
DE000A3G3ZL3,,,,,,,,,,,,,,,,,,,,,,,,,,,,,,
DE000A3G90G9,,,,,,,,,,,,,,,,,,,,,,,,,,,,,,
DE000A3G9SE0,,,,,,,,,,,,,,,,,,,,,,,,,,,,,,
DE000A3GK2N1,,,,,,,,,,,,,,,,,,,,,,,,,,,,,,
DE000A3GMKD7,,,,,,,,,,,,,,,,,,,,,,,,,,,,,,
DE000A3GN5J9,,,,,,,,,,,,,,,,,,,,,,,,,,,,,,
DE000A3GPSP7,,,,,,,,,,,,,,,,,,,,,,,,,,,,,,
DE000A3GSUC5,,,,,,,,,,,,,,,,,,,,,,,,,,,,,,
DE000A3GSUD3,,,,,,,,,,,,,,,,,,,,,,,,,,,,,,
DE000A3GSUE1,,,,,,,,,,,,,,,,,,,,,,,,,,,,,,
DE000A3GTML1,,,,,,,,,,,,,,,,,,,,,,,,,,,,,,
DE000A3GV1T7,,,,,,,,,,,,,,,,,,,,,,,,,,,,,,
DE000A3GV1U5,,,,,,,,,,,,,,,,,,,,,,,,,,,,,,
DE000A3GVKY4,,,,,,,,,,,,,,,,,,,,,,,,,,,,,,
DE000A3GVKZ1,,,,,,,,,,,,,,,,,,,,,,,,,,,,,,
DE000A3GWEU3,,,,,,,,,,,,,,,,,,,,,,,,,,,,,,
DE000A3GWNE8,,,,,,,,,,,,,,,,,,,,,,,,,,,,,,
DE000A3GXNT4,,,,,,,,,,,,,,,,,,,,,,,,,,,,,,
DE000A3GXNV0,,,,,,,,,,,,,,,,,,,,,,,,,,,,,,
DE000A3GYNB0,,,,,,,,,,,,,,,,,,,,,,,,,,,,,,
DE000A41ZZJ4,,,,,,,,,,,,,,,,,,,,,,,,,,,,,,
DE000A4231H9,,,,,,,,,,,,,,,,,,,,,,,,,,,,,,
DE000A428XC1,,,,,,,,,,,,,,,,,,,,,,,,,,,,,,
DE000A4A59D2,,,,,,,,,,,,,,,,,,,,,,,,,,,,,,
DE000A4A5GV2,,,,,,,,,,,,,,,,,,,,,,,,,,,,,,
DE000A4A5Z72,,,,,,,,,,,,,,,,,,,,,,,,,,,,,,
DE000A4AER62,,,,,,,,,,,,,,,,,,,,,,,,,,,,,,
DE000A4AJWU3,,,,,,,,,,,,,,,,,,,,,,,,,,,,,,
DE000A4AKW34,,,,,,,,,,,,,,,,,,,,,,,,,,,,,,
DE000A4AKZB4,,,,,,,,,,,,,,,,,,,,,,,,,,,,,,
DE000A4APQX6,,,,,,,,,,,,,,,,,,,,,,,,,,,,,,
DE000A4APRP0,,,,,,,,,,,,,,,,,,,,,,,,,,,,,,
DE000A4ARTJ5,,,,,,,,,,,,,,,,,,,,,,,,,,,,,,
DE000A4AT2X6,,,,,,,,,,,,,,,,,,,,,,,,,,,,,,
DE000ETC0001,,,,,,,,,,,,,,,,,,,,,,,,,,,,,,
DE000ETC0696,,,,,,,,,,,,,,,,,,,,,,,,,,,,,,
DE000ETC0704,,,,,,,,,,,,,,,,,,,,,,,,,,,,,,
DE000ETC0738,,,,,,,,,,,,,,,,,,,,,,,,,,,,,,
DE000ETC0746,,,,,,,,,,,,,,,,,,,,,,,,,,,,,,
DE000ETC0779,,,,,,,,,,,,,,,,,,,,,,,,,,,,,,
DE000ETC0787,,,,,,,,,,,,,,,,,,,,,,,,,,,,,,
DE000ETF7011,,,,,,,,,,,,,,,,,,,,,,,,,,,,,,
DE000ETF7029,,,,,,,,,,,,,,,,,,,,,,,,,,,,,,
DE000ETF7037,,,,,,,,,,,,,,,,,,,,,,,,,,,,,,
DE000ETF9033,,,,,,,,,,,,,,,,,,,,10.68,,,,,,,,,,
DE000ETF9074,,,,,,,,,,,,,,,,,,,,,,,,,,,,,,
DE000ETF9082,,,,,,,,,,,,,,,,,,,,,,,,,,,14.65,,,
DE000ETF9090,,,,,,,,,,,,,,,7.23,,,,,7.27,,,,,,,6.64,,,
DE000ETF9603,,,,5.47,,,,,,,,,,,1.8,,2.33,2.58,2.25,1.39,1.46,1.58,2.28,,,,,,2.09,
DE000ETFL011,,,,,,,,,,,,,,,12.13,,,,,9.26,,,,,,,7.97,,,
DE000ETFL029,,,,10.41,,,,,,,,,,,4.68,,,,,3.57,3.73,4.02,,,,,3.07,3.11,,
DE000ETFL037,,,,10.31,,,,,,,,,,,,,,,,,,,,,,,,,,
DE000ETFL045,,,,,,,,,,,,,,,,,,,,,,,,,,,,,,
DE000ETFL052,,,,5.19,,,,,,,,,,,,,,,,,,,,,,,,,,
DE000ETFL060,,,,,,,,,,,,,,,12.13,,,,,9.26,,,,,,,7.97,,,
DE000ETFL078,,,,,,,,,,,,,,,,,,,,,,,,,,,,,,
DE000ETFL094,8.17,7.51,4.65,,,4.08,3.68,2.3,2.89,3.0,2.09,,,2.19,,,,,,,,,,,,,,,,
DE000ETFL110,,,,,,,,,,,,,,,,,,,,,,,,,,,,,,
DE000ETFL128,,,,,,,,,,,,,,,,,,,,,,,,,,,,,,
DE000ETFL136,,,,,,,,,,,,,,,,,,,,,,,,,,,,,,
DE000ETFL144,,,,,,,,,,,,,,,,,,,,,,,,,,,,,,
DE000ETFL151,,,,,,,,,,,,,,,,,,,,,,,,,,,,,,
DE000ETFL169,,,,,,,,,,,,,,,,,,,,,,,,,,,,,,
DE000ETFL177,,,,,,,,,,,,,,,,,,,,,,,,,,,,,,
DE000ETFL185,,,,,,,,,,,,,,,,,,,,,,,,,,,,,,
DE000ETFL193,,,,,,,,,,,,,,,,,,,,,,,,,,,,,,
DE000ETFL201,,,,,,,,,,,,,,,,,,,,,,,,,,,,,,
DE000ETFL219,,,,,,,,,,,,,,,,,,,,,,,,,,,,,,
DE000ETFL227,,,,,,,,,,,,,,,,,,,,,,,,,,,,,,
DE000ETFL235,,,,,,,,,,,,,,,,,,,,,,,,,,,,,,
DE000ETFL250,,,,9.99,,,,,,,,,,,3.08,,3.91,4.27,3.8,,2.46,2.65,3.79,2.85,,,,,3.47,
DE000ETFL268,7.15,6.58,4.07,,,3.57,3.22,2.01,2.53,2.63,1.83,,,1.91,,,,,,,,,,,,,,,,
DE000ETFL276,,,,,,,,,,,,,,,,,,,,,,,,,,,,,,
DE000ETFL284,,,,5.41,,,,,,,,,,,1.69,,2.04,2.31,2.0,1.28,,1.4,2.05,1.55,,,,,1.88,
DE000ETFL292,,,,,,,,,,,,,,,,,,,,,,,,,,,,,,
DE000ETFL300,,,,,,,,,,,,,,,,,,,,,,,,,,4.14,,,,
DE000ETFL318,,,,,,,,,,,,,,,,,,,,,,,,,,,,,,
DE000ETFL326,,,,,,,,,,,,,,,,,,,,,,,,,17.81,,,,,
DE000ETFL342,,,,,15.07,,,,,,,8.16,7.84,,,,,,,,,,,,2.53,,,,,
DE000ETFL359,,,,,,,,,,,,,,,,,,,,,,,,,,,,,,
DE000ETFL375,,,,,,,,,,,,,,,,,,,,,,,,,,,,,,
DE000ETFL383,,,,,,,,,,,,,,,,,,,,,,,,,,,,,,
DE000ETFL433,,,,,,,,,,,,,,,10.71,,,,,,,,,,,,9.43,,,
DE000ETFL441,,,,,,,,,,,,,,,,,,,,,,,,,,,,,,
DE000ETFL466,,,,10.41,,,,,,,,,,,,,,,,4.98,5.2,5.61,,,,,4.28,,,
DE000ETFL474,,,,11.67,,,,,,,,,,,,,,,,6.37,6.52,7.07,,,,,5.99,,,
DE000ETFL482,,,,,,,,,,,,,,,,,,,,,,,,,,,,,,
DE000ETFL490,,,,,,,,,,,,,,,,,,,,,,,,,,,,,,
DE000ETFL508,5.18,4.76,2.95,,,2.59,2.33,1.46,1.83,1.9,1.33,,,1.39,,,,,,,,,,,,,,,,
DE000ETFL524,,,,,,,,,,,,,,,,,,,,,,,,,,,,,,
DE000ETFL532,,,,,,,,,,,,,,,,,,,,,,,,,,,,,,
DE000ETFL540,,,,,,,,,,,,,,,7.96,,,,,7.86,,,,,,,6.21,,,
DE000ETFL557,,,,5.47,,,,,,,,,,,2.77,,,,,2.29,7.82,2.38,,,,,4.87,7.58,,
DE000ETFL565,,,,2.95,,,,,,,,,,,,,3.33,2.17,3.29,,5.05,,3.33,,,,2.69,4.33,,
DE000ETFL573,6.56,7.0,,,,6.65,3.73,,2.93,4.99,7.53,,,,,7.43,,,,,,,,,,,,,,
DE000ETFL581,6.55,6.63,,,,3.85,2.8,1.74,2.2,2.77,5.55,,,,,3.84,,,,,,,,,,,,,,
DE000ETFL599,,,,,,,,,,,,,,,,,,,,,,,,,,,,,,
DE000ETFL607,,,,,,,,,,,3.6,,,,,,,,,,,,,,,,,,,
DE000ETFL615,,,,,,,,,,,,,,,,,,,,,,,,,,,,,,
DE000ETFL623,7.6,6.67,4.35,,,4.03,3.27,5.64,3.03,,3.3,,,,,4.11,,,,,,,,,,,,,,
DE000ETFL631,7.53,6.6,4.3,,,3.62,3.25,2.02,2.59,2.78,1.84,,,1.92,,,,,,,,,,,,,,,,
DE000ETFL649,,,,,,,,,,,,,,,,,,,,,,,,,,,,,,
DE000ETFL656,,,,,,,,,,,,,,,,,,,,,,,,,,,,,,
DE000ETFL664,,,,,,,,,,,,,,,,,,,,,,,,,,,,,,
DE000EWG0LD1,,,,,,,,,,,,,,,,,,,,,,,,,,,,,,
DE000EWG2LD7,,,,,,,,,,,,,,,,,,,,,,,,,,,,,,
DE000EWG4CR2,,,,,,,,,,,,,,,,,,,,,,,,,,,,,,
DE000EWG4TR6,,,,,,,,,,,,,,,,,,,,,,,,,,,,,,
DE000NXTA018,,,,,,,,,,,,,,,,,,,,,,,,,,,,,,
DE000NXTA026,,,,,,,,,,,,,,,,,,,,,,,,,,,,,,
DE000NXTA034,,,,,,,,,,,,,,,,,,,,,,,,,,,,,,
DE000PB6GAS5,,,,,,,,,,,,,,,,,,,,,,,,,,,,,,
DE000PB6R1B1,,,,,,,,,,,,,,,,,,,,,,,,,,,,,,
DE000PB6R1G0,,,,,,,,,,,,,,,,,,,,,,,,,,,,,,
DE000PB6R1W7,,,,,,,,,,,,,,,,,,,,,,,,,,,,,,
DE000PB8C0P8,,,,,,,,,,,,,,,,,,,,,,,,,,,,,,
DE000PB8R1C7,,,,,,,,,,,,,,,,,,,,,,,,,,,,,,
DE000PB8R1M6,,,,,,,,,,,,,,,,,,,,,,,,,,,,,,
DE000PR5RBU0,,,,,,,,,,,,,,,,,,,,,,,,,,,,,,
DE000PR5RCU8,,,,,,,,,,,,,,,,,,,,,,,,,,,,,,
DE000PR5RGU9,,,,,,,,,,,,,,,,,,,,,,,,,,,,,,
DE000PR5RMU7,,,,,,,,,,,,,,,,,,,,,,,,,,,,,,
DE000PR5RWU6,,,,,,,,,,,,,,,,,,,,,,,,,,,,,,
DE000PS701L2,,,,,,,,,,,,,,,,,,,,,,,,,,,,,,
DE000PS7G0L8,,,,,,,,,,,,,,,,,,,,,,,,,,,,,,
DE000PS7WT17,,,,,,,,,,,,,,,,,,,,,,,,,,,,,,
DE000PZ9REB6,,,,,,,,,,,,,,,,,,,,,,,,,,,,,,
DE000PZ9REC4,,,,,,,,,,,,,,,,,,,,,,,,,,,,,,
DE000PZ9REG5,,,,,,,,,,,,,,,,,,,,,,,,,,,,,,
DE000PZ9REM3,,,,,,,,,,,,,,,,,,,,,,,,,,,,,,
DE000PZ9REW2,,,,,,,,,,,,,,,,,,,,,,,,,,,,,,
DE000TMG0LD6,,,,,,,,,,,,,,,,,,,,,,,,,,,,,,
FR0007052782,,,,,,,,,,,,,,,,,,,,,8.66,,,,,,,,,
FR0007054358,,,,9.61,,,,,,,,,,,4.62,,,,,3.57,3.75,4.04,,,,,3.16,3.08,,
FR0007056841,,,4.23,,,,4.05,,,,,,,,,,,,,,,,,,,,,,,
FR0007075494,7.88,7.83,7.4,,5.5,7.03,4.4,,3.5,5.39,3.57,,,3.73,,,,,,,,,,,,,,,,
FR0010010827,,,,,,,,,,,,,,,,,,,,,,,,,,,,,,
FR0010150458,,,,,,,,,,,,,,,,,,,,,9.61,,,,,,,,,
FR0010245514,,,,,,,,,,,,,,,,,,,,,,,,,,2.65,,,,
FR0010251744,,,,,,,,,,,,,,,,,,,,,,17.54,,,,,,14.39,,
FR0010261198,,,,4.95,,,,,,,,,,,1.65,,2.02,2.34,2.01,1.27,,1.4,2.07,1.58,,,,,1.89,
FR0010315770,5.13,4.71,2.92,,,2.56,2.31,1.44,1.81,1.89,1.31,,,1.37,,,,,,,,,,,,,,,,
FR0010342592,,,,,,,,,,,,,,,,,,,,,,,,,,,,,,
FR0010361683,,,,,,,,,,,,,,,,,,,,,,,,,,,,,,
FR0010375766,,,,,,,,,,,,,,,,,,,,,,,,,,,,,,
FR0010377028,,,,,,,,,,,,,,,,,,,,,,,,,,2.65,,,,
FR0010405431,,,,,,,,,,,,,,,,,,,,,,,,,,,,,,
FR0010424135,,,,,,,,,,,,,,,,,,,,,,,,,,,,,,
FR0010424143,,,,,,,,,,,,,,,,,,,,,,,,,,,,,,
FR0010429068,,,,,15.01,,,,,,,8.12,7.61,,,,,,,,,,,,2.72,,,,,
FR0010435297,,,,,15.01,,,,,,,8.12,7.61,,,,,,,,,,,,2.72,,,,,
FR0010446146,,,,,,,,,,,,,,,,,,,,,,,,,,,,,,
FR0010446658,,,,,,,,,,,,,,,,,,,,,,,,,,,,,,
FR0010446666,,,,,,,,,,,,,,,,,,,,,,,,,,,,,,
FR0010468983,,,,,,,,,,,,,,,,,,,,,,,,,,,,,,
FR0010510800,,,,,,,,,,,,,,,,,,,,,,,,,,,,,,
FR0010524777,,,,,,,,,,,,,,,,,,,,,8.42,,,,,,,8.3,,
FR0010527275,,,,,,,,,,,,,,,,,,,,,,,,,,,,,,
FR0010591362,,,,,,,,,,,,,,,,,,,,,,,,,,,,,,
FR0010655704,,,,,,,,,,,,,,,,,,,,,9.95,,,,,,,,,
FR0010655712,,,,,,,,,,,,,,,11.84,,,,,9.15,,,,,,,8.11,,,
FR0010655746,,,,,,,,,,,,,,,,,,,,,,17.54,,,,,,14.39,,
FR0010717090,,,,,,,,,,,,,,,,,,,,4.33,,,,,,,,,,
FR0010754200,,,,,,,,,,,,,,,,,,,,,,,,,,,,,,
FR0010755611,,,,,,,,,,,,,,,,,,,,,,,,,,,,,,
FR0010756114,,,,,,,,,,,,,,,,,,,,,,,,,,,,,,
FR0010790980,,,,9.97,,,,,,,,,,,3.08,,3.9,4.26,3.79,,2.46,2.65,3.78,2.85,,,,,3.46,
FR0010821819,,,,,,,,,,,,,,,,,5.0,5.21,4.84,,,,,,,,,,,
FR0010869495,,,,,,,,,,,,,,,,,,,,,,,,,,,,,,
FR0010869578,,,,,,,,,,,,,,,,,,,,,,,,,,,,,,
FR0010930644,,,,,,,,,,,,,,,,,,,,,,,,,,,,6.54,,
FR0011023621,,,,,,,,,,,,,,,,,,,,,,,,,,,,,,
FR0011036268,,,,,,,,,,,,,,,,,,,,,,,,,,,,,,
FR0011042753,,,,,,,,,,,,,,,,,,,,,,,,,,,,,,
FR0011475078,,,,,,,,,,,,,,,,,,,,,,,,,,2.65,,,,
FR0011550177,7.53,6.6,4.3,,,3.62,3.25,2.02,2.59,2.78,1.84,,,1.92,,,,,,,,,,,,,,,,
FR0011550185,7.53,6.6,4.3,,,3.62,3.25,2.02,2.59,2.78,1.84,,,1.92,,,,,,,,,,,,,,,,
FR0011550193,,,,4.59,,,,,,,,,,,1.51,,1.95,2.16,1.9,,1.23,1.32,1.92,1.46,,,,,1.76,
FR0011550672,,,,4.59,,,,,,,,,,,1.51,,1.95,2.16,1.9,,1.23,1.32,1.92,1.46,,,,,1.76,
FR0011550680,7.53,6.6,4.3,,,3.62,3.25,2.02,2.59,2.78,1.84,,,1.92,,,,,,,,,,,,,,,,
FR0011660927,5.13,4.71,2.92,,,2.56,2.31,1.44,1.81,1.89,1.31,,,1.37,,,,,,,,,,,,,,,,
FR0011669845,5.13,4.71,2.92,,,2.56,2.31,1.44,1.81,1.89,1.31,,,1.37,,,,,,,,,,,,,,,,
FR0011720911,,,,,,,,,,,,,,,,,,,,,,,,,,,,,,
FR0011758085,,,,,,,,,,,,,,,,,,,,,,,,,,,,,,
FR0011857234,,,,,,,,,,,,,,,,,,,,,,,,,,,,,,
FR0012399731,,,,9.61,,,,,,,,,,,4.62,,,,,3.57,3.75,4.04,,,,,3.16,3.08,,
FR0012399772,,,,9.61,,,,,,,,,,,4.62,,,,,3.57,3.75,4.04,,,,,3.16,3.08,,
FR0012399806,,,,9.61,,,,,,,,,,,4.62,,,,,3.57,3.75,4.04,,,,,3.16,3.08,,
FR0012739431,,,,9.95,,,,,,,,,,,4.57,,,,,3.6,3.71,4.05,,,,,3.2,3.17,,
FR0012740983,,,,9.95,,,,,,,,,,,4.57,,,,,3.6,3.71,4.05,,,,,3.2,3.17,,
FR0013041530,7.53,6.6,4.3,,,3.62,3.25,2.02,2.59,2.78,1.84,,,1.92,,,,,,,,,,,,,,,,
FR0013209921,,,,3.17,,,,,,,,,,,1.06,,1.3,1.49,1.28,,,,1.33,1.01,,,,,,
FR0013380607,,,,,,,,,,,,,,,,,,,,,8.66,,,,,,,,,
FR0013416716,,,,,,,,,,,,,,,,,,,,,,,,,,,,,,
FR0014002CH1,,,,,,,,,,,,,,,,,,,,,,,,,,,,,,
FR0014002IH8,,,,,,,,,,,,,,,,,,,,,,,,,,,,,,
FR0014003FW1,3.55,3.86,3.44,,,3.55,3.21,,2.55,3.66,3.66,,,,,4.94,,,,,,,,,,,,,,
FR0014003IY1,5.13,4.71,2.92,,,2.56,2.31,1.44,1.81,1.89,1.31,,,1.37,,,,,,,,,,,,,,,,
FR0014003N93,5.13,4.71,2.92,,,2.56,2.31,1.44,1.81,1.89,1.31,,,1.37,,,,,,,,,,,,,,,,
FR001400U5Q4,5.13,4.71,2.92,,,2.56,2.31,1.44,1.81,1.89,1.31,,,1.37,,,,,,,,,,,,,,,,
FR001400YYJ0,,,,,,,,,,,,,,,,,,,,,,,,,,,,,,
FR0014010HV4,,,,,,,,,,,,,,,,,,,,,,,,,,,,,,
FR0014015ZN2,,,,,,,,,,,,,,,,,,,,,,,,,,,,,,
FR0014017NX3,4.54,4.17,2.58,,1.83,2.26,2.04,1.28,1.6,1.67,,,,,,,,,,,,,,,,,,,,
FR0014018VJ3,,,,,,,,,,,,,,,,,,,,4.33,,,,,,,,,,
GB00B00FHZ82,,,,,,,,,,,,,,,,,,,,,,,,,,,,,,
GB00B15KXN58,,,,,,,,,,,,,,,,,,,,,,,,,,,,,,
GB00B15KXQ89,,,,,,,,,,,,,,,,,,,,,,,,,,,,,,
GB00B15KXT11,,,,,,,,,,,,,,,,,,,,,,,,,,,,,,
GB00B15KXV33,,,,,,,,,,,,,,,,,,,,,,,,,,,,,,
GB00B15KXW40,,,,,,,,,,,,,,,,,,,,,,,,,,,,,,
GB00B15KXX56,,,,,,,,,,,,,,,,,,,,,,,,,,,,,,
GB00B15KXY63,,,,,,,,,,,,,,,,,,,,,,,,,,,,,,
GB00B15KY096,,,,,,,,,,,,,,,,,,,,,,,,,,,,,,
GB00B15KY211,,,,,,,,,,,,,,,,,,,,,,,,,,,,,,
GB00B15KY328,,,,,,,,,,,,,,,,,,,,,,,,,,,,,,
GB00B15KY435,,,,,,,,,,,,,,,,,,,,,,,,,,,,,,
GB00B15KY542,,,,,,,,,,,,,,,,,,,,,,,,,,,,,,
GB00B15KY658,,,,,,,,,,,,,,,,,,,,,,,,,,,,,,
GB00B15KY872,,,,,,,,,,,,,,,,,,,,,,,,,,,,,,
GB00B15KY989,,,,,,,,,,,,,,,,,,,,,,,,,,,,,,
GB00B15KYB02,,,,,,,,,,,,,,,,,,,,,,,,,,,,,,
GB00B15KYC19,,,,,,,,,,,,,,,,,,,,,,,,,,,,,,
GB00B15KYF40,,,,,,,,,,,,,,,,,,,,,,,,,,,,,,
GB00B15KYG56,,,,,,,,,,,,,,,,,,,,,,,,,,,,,,
GB00B15KYH63,,,,,,,,,,,,,,,,,,,,,,,,,,,,,,
GB00B15KYJ87,,,,,,,,,,,,,,,,,,,,,,,,,,,,,,
GB00B15KYL00,,,,,,,,,,,,,,,,,,,,,,,,,,,,,,
GB00B5840F36,,,,,,,,,,,,,,,,,,,,,,,,,,,,,,
GB00B684MW17,,,,,,,,,,,,,,,,,,,,,,,,,,,,,,
GB00B68FL050,,,,,,,,,,,,,,,,,,,,,,,,,,,,,,
GB00BJYDH287,,,,,,,,,,,,,,,,,,,,,,,,,,,,,,
GB00BJYDH394,,,,,,,,,,,,,,,,,,,,,,,,,,,,,,
GB00BLBDZV05,,,,,,,,,,,,,,,,,,,,,,,,,,,,,,
GB00BLBDZW12,,,,,,,,,,,,,,,,,,,,,,,,,,,,,,
GB00BLD4ZL17,,,,,,,,,,,,,,,,,,,,,,,,,,,,,,
GB00BLD4ZM24,,,,,,,,,,,,,,,,,,,,,,,,,,,,,,
GB00BLD4ZN31,,,,,,,,,,,,,,,,,,,,,,,,,,,,,,
GB00BLD4ZP54,,,,,,,,,,,,,,,,,,,,,,,,,,,,,,
GB00BM9JYH62,,,,,,,,,,,,,,,,,,,,,,,,,,,,,,
GB00BM9JYJ86,,,,,,,,,,,,,,,,,,,,,,,,,,,,,,
GB00BM9JYK91,,,,,,,,,,,,,,,,,,,,,,,,,,,,,,
GB00BMTP1519,,,,,,,,,,,,,,,,,,,,,,,,,,,,,,
GB00BMTP1626,,,,,,,,,,,,,,,,,,,,,,,,,,,,,,
GB00BMTP1733,,,,,,,,,,,,,,,,,,,,,,,,,,,,,,
GB00BMWB4803,,,,,,,,,,,,,,,,,,,,,,,,,,,,,,
GB00BMWB4910,,,,,,,,,,,,,,,,,,,,,,,,,,,,,,
GB00BMY36D37,,,,,,,,,,,,,,,,,,,,,,,,,,,,,,
GB00BN474G19,,,,,,,,,,,,,,,,,,,,,,,,,,,,,,
GB00BN6NHH92,,,,,,,,,,,,,,,,,,,,,,,,,,,,,,
GB00BN7K9C82,,,,,,,,,,,,,,,,,,,,,,,,,,,,,,
GB00BNGJ9G01,,,,,,,,,,,,,,,,,,,,,,,,,,,,,,
GB00BNGJ9H18,,,,,,,,,,,,,,,,,,,,,,,,,,,,,,
GB00BNGJ9J32,,,,,,,,,,,,,,,,,,,,,,,,,,,,,,
GB00BNRRB013,,,,,,,,,,,,,,,,,,,,,,,,,,,,,,
GB00BNRRF105,,,,,,,,,,,,,,,,,,,,,,,,,,,,,,
GB00BNRRF659,,,,,,,,,,,,,,,,,,,,,,,,,,,,,,
GB00BNRRF980,,,,,,,,,,,,,,,,,,,,,,,,,,,,,,
GB00BNRRFW10,,,,,,,,,,,,,,,,,,,,,,,,,,,,,,
GB00BNRRFY34,,,,,,,,,,,,,,,,,,,,,,,,,,,,,,
GB00BNRRG624,,,,,,,,,,,,,,,,,,,,,,,,,,,,,,
GB00BPDX1969,,,,,,,,,,,,,,,,,,,,,,,,,,,,,,
GB00BQ991Q22,,,,,,,,,,,,,,,,,,,,,,,,,,,,,,
GB00BRBMZ190,,,,,,,,,,,,,,,,,,,,,,,,,,,,,,
GB00BRBV3124,,,,,,,,,,,,,,,,,,,,,,,,,,,,,,
GB00BRXHQ425,,,,,,,,,,,,,,,,,,,,,,,,,,,,,,
GB00BS2BDN04,,,,,,,,,,,,,,,,,,,,,,,,,,,,,,
GB00BVBJQ593,,,,,,,,,,,,,,,,,,,,,,,,,,,,,,
GB00BVBM1L91,,,,,,,,,,,,,,,,,,,,,,,,,,,,,,
GB00BVLNRK36,,,,,,,,,,,,,,,,,,,,,,,,,,,,,,
IE000004V778,5.0,,,5.75,,,,,,,,,,,,,,,,,,,,,,,,,,4.3
IE00000EF730,,,,5.64,,,,,,,,,,,2.05,,1.82,2.21,2.29,2.03,,,2.0,1.98,,,,1.76,2.55,
IE000017NMH7,,,,,,,,,,,,,,,,,,,,,,,,,,,,,,
IE00002QW7P5,,,,,,,,,,,,,,,,,,,,,,,,,,,,,,
IE0000378O66,,,,,,,,,,,,,,,,,,,,,,,,,,,,,,
IE00004OA765,,,,,,,,,,,,,,,,,,,,,,,,,,,,,,
IE00004PGEY9,,,,10.4,,,,,,,,,,,3.89,,,,,3.12,,3.04,,,,,,2.32,,
IE00004S2680,,,,,,,,,,,,,,,,,,,,,,,,,,,,,,
IE00005YSIA4,,,,,,,,,,,,,,,,,,,,,,,,,,4.96,,,,
IE0000902GT6,,,,,,,,,,,,,0.69,,,0.8,,,,,,,,,,,,,,
IE0000BH4WF5,,,,,,,,,,,,,,,,,,,,,,,,,,,,,,
IE0000BNORX6,,,,5.61,,,,,,,,,,,2.22,,1.83,2.05,2.29,1.92,,1.69,1.77,1.87,,,,,1.96,
IE0000CRTTJ9,5.3,4.92,2.96,,,2.59,,1.36,3.42,1.98,1.24,,,1.38,,,,,,,,,,,,,,,,
IE0000DO92H7,,,,,,,,,,,,,,,,,,,,,,,,,,,,,,
IE0000EAPBT6,2.63,2.43,1.92,,,1.99,1.92,,,1.69,,,,,,,,,,,,,,,,,,,,1.7
IE0000FA5GB7,,,,,,,,,,,,,,,,,,,,,,,,,,,,,,
IE0000FCGYF9,,,,,,,,,,,,,,,,,,,,,,,,,,,,,,
IE0000GXRR13,,,,,,,2.9,,2.3,,,,,4.51,,,,,,,,,,,,,,,,
IE0000H445G8,,,,,,,,,,,,,,,,,,,,,,,,,,,,,,
IE0000J0F3C5,,,,,,,,,,,,,,,,,,,,,,,,,,,,,,
IE0000KA1ZX3,,,,,,,,,,,,,,,,,,,,,,,,,,,,,,
IE0000LTAD82,,,,,,,,,,,,,,,,,,,,,,,,,,,,,,
IE0000LVTJ08,7.46,6.55,4.51,,,3.37,3.21,2.09,2.57,2.77,1.72,,,1.69,,,,,,,,,,,,,,,,
IE0000MK7GG1,,,,,,,,,,,,,,,,,,,,,,,,,,,,,,
IE0000MR4GH9,,,,,,,,,,,,,,,,,,,,,,,,,,,,,,
IE0000N55FP4,,,,,,,,,,,,,,,,,,,,,,,,,,,,,,
IE0000P0RPE6,4.57,4.04,2.77,,,2.21,2.07,,1.74,1.52,,,,,,,,,,,,,,,,,,,,
IE0000PJLVN3,,,,,,,,,,,,,,,,,,,,,,,,,,,,,,
IE0000QLH0G6,4.4,3.84,2.51,,1.77,2.11,1.95,1.31,1.56,1.71,,,,1.16,,,,,,,,,,,,,,,,
IE0000T4S954,,,,,,,,,,,,,,,,,,,,,,,,,,,,,,
IE0000TZZ2B2,,,,,,,,,,,,,,,,,,,,,,,,,,,,,,0.26
IE0000U24AJ9,6.94,,,,,,,,,,,,,,,,,,,,,,,,,,,,,3.87
IE0000UJ3480,,,,,,,,,,,,,,,,,,,,,,,,,,,,,,
IE0000UW95D6,5.46,4.73,3.23,,,2.79,2.34,1.67,1.83,1.99,1.16,,,1.46,,,,,,,,,,,,,,,,
IE0000VITHT2,,,,,,,,,,,,,,,,,,,,,,,,,,,,,,
IE0000VKUF67,,,,,,,,,,,,,,,,,,,,,,,,,,,,,,
IE0000VX9GN7,11.91,,6.91,,,,5.23,3.25,4.19,,,,,,,,,,,,,,,,,,,,,1.3
IE0000XTDDA8,,2.81,,,3.45,,2.65,7.12,,2.83,,4.99,8.2,,,5.26,,,,,,,,,,,,,,
IE0000ZL1RD2,8.16,,,7.9,10.15,,,13.73,,8.1,,,9.75,,,9.54,,,,,,,,,,,,,,
IE0000ZVYDH0,4.44,,,5.05,5.36,,,,,,,,,,,,,,,,,,,,,,,,,3.42
IE000128BSS1,,,,,,,,,,,,,,,,,,,,,,,,,,,,,,
IE000130VPV5,7.46,6.55,4.51,,,3.37,3.21,2.09,2.57,2.77,1.72,,,1.69,,,,,,,,,,,,,,,,
IE00013A2XD6,6.96,,,3.65,4.84,,,,,,3.76,,,,,,,,,,,,,,,,,,,2.59
IE00016PSX47,5.12,,4.25,2.55,,,2.42,,1.92,,2.35,,,,,3.16,,,,,,,,,,,,,,1.75
IE0001858L90,,,,,,,,,,,,,,,,,,,,,,,,,,,,,,
IE00018LB0D8,,,,,,,,,,,,,,,,,,2.72,,,,,,,,,,,,
IE00018U4PN8,,,,,,,,,,,,,,,,,,,,,,,,,,,,,,
IE000191HKF0,,,,,,,,,,,,,,,,,,,,,,,,,,,,,,
IE00019EG7X4,,,,,,,,,,,,,,,,,,,,,,,,,,,,,,
IE0001A541Y3,,,,,,,,,,,,,,,,,,,,,,,,,,4.96,,,,
IE0001ARVVZ9,2.87,2.85,2.7,,,2.88,,2.41,,2.92,2.19,,,2.29,,1.75,,,,,,,,,,,,,,
IE0001AXQAS6,,,,,,,,,,,,,,,,,,,,,,,,,,,,,,
IE0001DKJVC2,,,1.19,,,,,,,,,,,,,,,,,,,,,,,,,,,
IE0001DM7O60,,,,,,,,,,,,,,,,,,,,,,,,,,,,,,
IE0001FQFU60,3.71,2.87,,,,,3.91,1.86,,,,,,,,,,,,,,,,,,,,1.62,,1.95
IE0001GSQ2O9,5.3,4.92,2.96,,,2.59,,1.36,3.42,1.98,1.24,,,1.38,,,,,,,,,,,,,,,,
IE0001J5A2T9,,,,,,,,,,,,,,,,,,,,,,,,,,,,,,
IE0001JABD69,4.82,4.17,2.85,,1.91,2.46,2.06,1.47,1.61,1.75,,,,1.29,,,,,,,,,,,,,,,,
IE0001JH5CB4,,,,6.12,,,,,,,,,,,1.78,,2.43,2.65,2.35,1.3,1.43,1.48,2.44,,,,,,2.14,
IE0001KK9B39,,,,,,,,,,,,,,,2.53,,,,,,1.75,,,,,,,,,
IE0001KPAXU3,,,,,,,,,,,,,,,,,,,,,,,,,,,,,,
IE0001O84583,,,,,,,,,,,,,,,,,,,,,,,,,,,,,,
IE0001O9L5K4,,,,,,,,,,,,,,,,,,,,,,,,,,,,,,
IE0001PY6688,,,,,,,,,,,,,,,,,,,,,,,,,,,,,,
IE0001QF56M0,,,,,,,,,,,,,,,,,,,,,,,,,5.36,,,,,
IE0001R850E1,,,,,,,,,,,,,,,,,,,,,,,,,,,,,,
IE0001T0BHM5,,,,,,,,,,,,,,,,,,,,,,,,,,,,,,
IE0001UQQ933,0.89,0.94,0.83,,1.08,,,2.9,,,,0.77,1.13,,,,,,,,,,,,,,,,,
IE0001VDDL68,,,,,,,,,,,,,,,,,,,,,,,,,,,,,,
IE0001VXZTV7,,,,,18.62,,,,,,,,,,,,,,,,,,,,,,,,,
IE0001W4ZVM2,8.09,7.16,5.01,,,4.39,3.76,,3.02,3.08,,,,2.44,,1.86,,,,,,,,,,,,,,
IE0001XIQ4D9,,,,,,,,,,,,,,,,,,,,,,,,,,,,,,
IE0001YGXFO5,6.64,6.11,3.78,,,3.19,2.83,,2.21,,1.64,,,1.68,,1.36,,,,,,,,,,,,,,
IE0001ZFMLN7,7.6,6.67,4.35,,,4.03,3.27,5.64,3.03,,3.3,,,,,4.11,,,,,,,,,,,,,,
IE00020C1NS6,,,,,,,,,,,,,,,,,,,,,,,,,,,,,,
IE00020O1MD6,,,,,,,,,,,,,,,,,,,,,,,,,,,,,,
IE00021E4FE3,,,,,,,,,,,,,,,,,,,,,,,,,,,,,,
IE00022GJEG1,,,,,,,,,,,,,,,,,,,,,,,,,,,,,,
IE00022VXYM7,,,,,19.19,,,,,,,10.37,9.72,,,,,,,,,,,,3.46,,,,,
IE00023EZQ82,7.71,8.0,,,,,,,,,,7.38,,7.73,,5.52,,,,,,,,,,,,,,
IE000245C884,4.96,3.67,2.55,1.28,2.27,2.0,4.19,1.89,,1.86,,1.45,,,,,,,,,,,,,,,,,,
IE00025DKLQ3,,,,,,,,,,,,,,,,,,,,,,,,,,,,,,
IE000264WWY0,,,,,,,,,,,,,,,,,,,,,,,,,,,,,,
IE00026BEVM6,,,,,,,,,,,,,,,3.07,,,,,,2.35,,,,,,,,,
IE00028H9QJ8,,,,,,,,,,,,,,,,,,,,,,,,,,,,,,
IE0002A3VE77,,,,,,,,,,,,,,,,,,,,,,,,,,,,,,
IE0002DDYPW4,,,,,,,,,,,,,,,,,,,,,,,,,,,,,,
IE0002EKOXU6,,5.37,3.88,,,5.94,,,,,,,,,,,,,,,,,,,,,,,,
IE0002FCUS29,4.54,4.17,2.58,,1.83,2.26,2.04,1.28,1.6,1.67,,,,,,,,,,,,,,,,,,,,
IE0002FPYN09,,,,,,,,,,,,,,,,,,,,,,,,,,,,,,
IE0002G3KSC2,,,,,,,,,,,,,,,,,,,,,,,,,,,,,,
IE0002H3JQ66,,,,,,,,,,,,,,,,,,,,,,,,,,,,,,
IE0002HWPU75,,,,,,,,,,,,,,,,,,,,,,,,,,,,,,
IE0002L5QB31,,,,,,,,,,,,,,,,,,,,,,,,,,,,,,
IE0002LI4M98,,,,,,,,,,,,,,,,,,,,,,,,,,,,,,
IE0002LUYGW0,6.83,6.28,3.89,,,3.41,3.08,1.93,2.41,2.51,1.75,,,1.83,,,,,,,,,,,,,,,,
IE0002OP0LA0,,,,,,,,,,,,,,,,,,,,,,,,,,,,,,
IE0002PG6CA6,,,,,,,,,,,,,,,,,,,,,,,,,,,,,,
IE0002PPCMH6,,,,,,,,,,,,,,,,,,,,,,,,,,,,,,
IE0002RPS3K2,,,,,,,,,,,,,,,,,,,,,,,,,,,,,,
IE0002SCQ8X0,,,,,,,,,,,,,,,,,,,,,,,,,,,,,,
IE0002THYAT9,,,,,,,,,,,,,,,,,,0.6,,,,,0.53,,,,,,,0.99
IE0002U1PIC8,,,,,,,,,,,,,,,,,,,,,,,,,,,,,,
IE0002UMVXQ1,8.59,7.34,4.96,,,4.16,2.82,2.06,3.77,3.42,1.93,,,,,,,,,,,,,,,,,,,
IE0002VEN3U3,5.13,4.71,2.92,,,2.56,2.31,1.44,1.81,1.89,1.31,,,1.37,,,,,,,,,,,,,,,,
IE0002VU15G5,5.34,4.64,3.31,,2.16,2.99,4.29,2.07,,2.16,,1.34,,1.66,,,,,,,,,,,,,,,,
IE0002VV7CV3,,,,,,,,,,,,,,,,,,,,,,,,,,,,,,
IE0002W8NB38,7.03,6.59,4.16,,,3.56,3.11,2.02,2.45,2.6,1.69,,,1.91,,,,,,,,,,,,,,,,
IE0002XFS025,,,7.05,,,,,2.06,,,,,,3.34,,,,,,,,,,,,,,,,
IE0002Y8CX98,,,,,,,,,,,,,,,,,,,,,,,,,,,,,,
IE0002YHUWS3,,,,,,,,,,,,,,,,,,,,,,,,,,,,,,
IE0002Z12PN9,,,,,,,,,,,,,,,,,,,,,,,,,,,,,,
IE00032L0R44,,,,,,,,,,,,,,,,,,,,,,,,,,,,,,
IE00032YLFR3,,,,,,,,,,,,,,,,,,,,,,,,,,,,,,
IE00034XRBU1,,,,,,,,,,,,,,,,,,,,,,,,,,,,,,
IE00035F1RO6,,,,,,,,,,,,,,,,,,,,,,,,,,,,,,
IE00036F4K40,,,,,,,,,,,,,,,,,,,4.22,,,,,,,,,,,
IE000389GTC0,,,,,,,,,,,,,,,,,,,,,,,,,,,,,,
IE0003A512E4,,,,,4.59,,,,3.9,,8.83,,,3.71,,8.52,,,,,,,,,,,,,,
IE0003B4BV34,17.85,11.86,6.77,,,5.2,4.01,2.7,3.14,7.11,3.28,,,,,3.97,,,,,,,,,,,,,,
IE0003B6RHN4,,,,,,,,,,,,,,,,,,,,,,,,,,4.96,,,,
IE0003B9KF87,,,,,,,,,,,,,,,,,,,,,,,,,,,,,,
IE0003BJ2JS4,,,,,,,,,,,,,,,,,,,,,,,,,,,,,,
IE0003CEOZG5,,,,,,,,,,,,,,,,,,,,,,,,,,,,,,
IE0003HUCA83,,,,,,,,,,,,,,,,,,,,,,,,,,,,,,
IE0003HV7CS6,,,,,,,,,,,,,,,,,,,,,,,,,,,,,,
IE0003JSNHV9,5.63,5.08,3.42,,,3.0,2.14,1.76,2.22,2.21,1.4,,,,,,,,,,,,,,,,,,,
IE0003KQ8JX1,9.33,4.94,,,,,,3.85,9.43,4.53,2.92,,,2.21,,3.27,,,,,,,,,,,,,,1.97
IE0003L6OAY1,,,,,,,,,,,,,,,,,,,,,,,,,,,,,,
IE0003LGI4Z6,,,,,,,,,,,,,,,,,,,,,,,,,,,,,,
IE0003MKK4H3,,,,,,,,,,,,,,,,,,,,,,,,,,,,,,
IE0003OZJ573,,,,,,,,,,,,,,,,,,,,,,,,,,,,,,
IE0003R87OG3,,,,,,,,,,,,,,,,,,,,,,,,,,,,,,
IE0003RA2ZR3,,,,,,,,,,,,,,,,,,6.39,6.35,,,,,,,,,,,
IE0003RQ9F90,7.59,6.66,4.34,,,4.02,3.26,5.63,3.02,,3.29,,,,,4.1,,,,,,,,,,,,,,
IE0003UH9270,,,,,,,,,,,,,,,,,,,5.08,,,,,,,,,,,
IE0003UN5CT1,,,,6.39,,,,,,,,,,,1.92,,2.52,2.27,2.74,2.2,,2.24,2.41,,,,,,,
IE0003UVYC20,,,1.3,1.42,,,,,,,,,,,,,,,,,,,,,,,,,,
IE0003VC1PW8,,,,,5.19,,,,,,,,7.07,,,,,,,,,,,,4.46,,,,,
IE0003WEWAX4,,,,,,,,,,,,,,,,,,,3.13,,,,,,,,,,,
IE0003XI1PW0,,,,,,,,,,,,,,,,,,,,,,,,,,,,,,
IE0003XJA0J9,4.66,4.2,2.74,,1.88,2.24,2.01,,1.75,1.76,1.27,,,1.23,,,,,,,,,,,,,,,,
IE0003XW12I8,,,,,,,,,,,,,,,,,,,,,,,,,,,,,,
IE0003Z9E2Y3,,,,,,,,,,,,,,,,,,,,,,,,,,,,,,
IE0003ZXNJY5,,,,,,,,,,,,,,,,,,,,,,,,,,,,,,
IE00041H4WT9,,,,,,,,,,,,,,,,,,,,,,,,,,,,,,
IE00042EX8S2,,,,,,,,,,,,,,,,,,,,,,,,,,,,,,
IE00043CMIN7,,,,,,,,,,,,,,,,,,,,,,,,,,,,,,
IE00043L4HU0,,,,,,,,,,,,,,,,,,,,,,,,,,,,,,
IE00043ZI3D8,,,,,,,,,,,,,,,,,,,,,,,,,,,,,,
IE000472H9T4,7.6,6.67,4.35,,,4.03,3.27,5.64,3.03,,3.3,,,,,4.11,,,,,,,,,,,,,,
IE00048C5NZ0,,,,,,,,,,,,,,,,,,,,,,,,,,,,,,
IE00048UULY2,,,,,,,,,,,,,,,,,,,,,,,,,,,,,,
IE0004993469,,,,,,,,,,,,,,,,,,,,,,,,,,,,,,1.45
IE00049BN7O1,8.28,4.73,4.51,,,2.63,3.51,4.09,2.78,,,,,,,,,,,,,,,,,,,,,2.22
IE00049LEBV0,,,,,,,,,,,,,,,,,,,,,,,,,,,,,,
IE00049TNTV6,,,,,,,,,,,,,,,,,,,,,,,,,,,,,,
IE0004CIQ1O4,5.12,,4.25,2.55,,,2.42,,1.92,,2.35,,,,,3.16,,,,,,,,,,,,,,1.75
IE0004D7VJE6,,,,,,,,,,,,,,,,,,,,,,,,,,,,,,
IE0004GONJX4,,,,,,,,,,,,,,,,,,,,,,,,,,,,,,
IE0004HBJKG0,4.47,4.11,2.58,,1.82,2.31,2.04,1.29,1.62,1.66,,,,1.22,,,,,,,,,,,,,,,,
IE0004HE5624,,,,,,,,,,,,,,,,,,,,,,,,,,,,,,
IE0004HMINW0,,,,,,,,,,,,,,,,,,,,,,,,,,,,,,
IE0004I037N4,,,,,17.83,,,,,,,,,,,,,,,,,,,,3.28,,,,,
IE0004IR5U82,,,,,,,,,,,,,,,,,,,,,,,,,,,,,,
IE0004J37T45,11.91,,6.91,,,,5.23,3.25,4.19,,,,,,,,,,,,,,,,,,,,,1.3
IE0004J6PFL7,,,,,,,,,,,,,,,,,,,,,,,,,,,,,,
IE0004L7EQG2,,,,,,,,,,,,,,,,,,,,,,,,,,,,,,
IE0004L9EID2,,,,,,,,,,,,,,,,,,,,,,,,,,,,,,
IE0004LCA3I5,,,,,,,,,,,,,,,,,,,,,,,,,,,,,,
IE0004MXQ328,,,,,,,,,,,,,,,,,,,,,,,,,,,,,,
IE0004OXDQN6,9.61,,6.55,,,,4.49,,3.53,,3.68,,,,,4.22,,,,,,,,,,,,,,2.41
IE0004OYBZA6,,,,,,,,,,,,,,,,,,,,,,,,,,,,,,
IE0004QLESG4,,,,,,,,,,,,,,,,,,,,,,,,,,,,,,
IE0004QWOTD5,,,,,,,,,,,,,,,,,,,,,,,,,,,,,,
IE0004TFW0R5,13.6,,8.48,,,,6.61,,5.24,,2.61,,,,,2.86,,,,,,,,,,,,,,1.58
IE0004TYCC17,,,,,,,,,,,,,,,,,,,,,,,,,,,,,,
IE0004U3TX15,,3.28,,,3.84,,,9.14,,3.58,,5.85,9.57,,,8.07,,,,,,,,,,,,,,
IE0004W4ZVJ5,,,,,,,,,,,,,,,,,,,,,,,,,,,,,,
IE0004X8KUG5,,,,,,,,,,,,,,,,,,,,,,,,,,,,,,
IE0004YCLDW1,,,,5.0,,,,,,,,,,,1.55,,1.96,2.14,1.89,,1.23,1.33,1.89,1.44,,,,,1.74,
IE0004YRJHW4,,,,,,,,,,,,,,,,,,,,,,,,,,,,,,
IE0004ZJGWT9,,,,10.88,,,,,,,,,,,,,4.64,5.23,,2.87,2.8,,,,,,2.61,,,
IE0005042456,,,,,,,,,,,,,,,,,,9.77,8.41,,,,,6.56,,,,,,
IE00050J4789,,,,,,,,,,,,,,,,,,,,,,,,,,,,,,
IE000512B9Q8,5.13,4.71,2.92,,,2.56,2.31,1.44,1.81,1.89,1.31,,,1.37,,,,,,,,,,,,,,,,
IE000519M2U5,,,,,,,,,,,,,,,,,,,,,,,,,,,,,,
IE00052LHEF4,5.76,4.69,2.96,,1.9,2.37,1.6,,2.4,1.87,1.8,,,,,1.44,,,,,,,,,,,,,,
IE00052T92P8,,,,,,,,,,,,,,,,,,,,,,,,,,,,10.14,,
IE00053HJRU7,,,,,,,,,,,,,,,,,,,,,,,,,,,,,,
IE00053WDH64,,,,,,,,,,,,,,,,,,,,,,,,,,,,,,
IE000544AJM3,,,,,,,,,,,,,,,,,,,,,,,,,,,,,,
IE00055OM853,,,,,,,,,,,,,,,,,,,,,,,,,,,,,,
IE00056AT4A2,,,,,,,,,,,,,,,,,,,,,,,,,,,,,,
IE000578J297,,,,,,,,,,,,,,,,,,,,,,,,,,,,,,
IE000589MF42,,,,,,,,,,,,,,,,,,,,,,,,,,,,,,
IE00058B19U6,8.45,4.91,4.54,,,,3.46,,2.78,,2.64,,,,,,,,,,,,,,,,,,,2.95
IE00058MW3M8,12.46,,7.02,,,,5.23,3.06,4.22,,,,,,,,,,,,,,,,,,,,,
IE00059GZ051,,,,,,,,,,,31.2,,,,,,,,,,4.81,,,,,,,4.11,,
IE0005AJA0P1,,,,,,,,,,,,0.29,,,,,,,,,,,,,,0.31,,,,
IE0005B8WVT6,,,,,,,,,,,,,,,,,,,,,,,,,,,,,,
IE0005CH3U28,9.33,4.94,,,,,,3.85,9.43,4.53,2.92,,,2.21,,3.27,,,,,,,,,,,,,,1.97
IE0005E8B9S4,13.15,11.99,7.76,,,4.67,3.79,,3.09,5.27,3.21,,,3.0,,,,,,,,,,,,,,,,
IE0005E8N9I1,,,,,,,,,,,,,,,,,,,,,,,,,,,,,,
IE0005F2R613,,,,,,,,,,,,,,,,,,,,,,,,,,,,,,
IE0005HG1US8,,,,,,,,,,,,,,,,,,,,,,,,,,,,,,
IE0005HNE843,,,,,,,,,,,,,,,,,,,,,,,,,,,,,,
IE0005KF09R2,4.15,,2.67,,,,3.41,,,1.74,,,,,,,,,,,,,,,,,,,,
IE0005KLWSI2,7.84,7.0,4.5,,,4.08,3.26,5.3,3.06,,3.08,,,,,3.79,,,,,,,,,,,,,,
IE0005KNCL90,,,,,,,,,,,,,,,,,,,,,,,,,,,,,,
IE0005KVDHL8,,,,,,,,,,,,,,,,,,,,,,,,,,,,,,
IE0005MWBFR7,5.46,4.73,3.23,,,2.79,2.34,1.67,1.83,1.99,1.16,,,1.46,,,,,,,,,,,,,,,,
IE0005NMTKY4,,,,,,,,,,,,,,,,,,,,,,,,,,,,,,
IE0005NYD352,,,,,,,,,,,,,,,,,,,,,,,,,,,,,9.2,
IE0005POVJH8,5.19,4.78,2.96,,,2.6,2.34,1.46,1.83,1.91,1.33,,,1.39,,,,,,,,,,,,,,,,
IE0005QL4147,,,,,,,,,,,,,,,,,,,,,,,,,,,,,,
IE0005RKXDO7,,,,,,,,,,,,,,,,,,,,,,,,,,,,,,
IE0005TF96I9,,,,,,,,,,,,,,,,,,,,,,,,,,,,,,
IE0005YI2492,,,,,,,,,,,,,,,,,,,,,,,,,,,,,,
IE0005YK6564,,,,,,,,,,,,,,,,,,,,,,,,,,,,,,
IE00060Z4AE1,,,,,,,,,,,,,,,,,,,,,,,,,,,,,,
IE000611IJM3,,,,,,,,,,,,,,,,,,,,,,,,,,,,,,
IE00061J0RC6,,,,,,,,,,,,,,,,,,,,,,,,,,,,,,
IE000629MKR4,,,,,,,,,,,,,,,,,,,,,,,,,,,,,,
IE00063GNWK1,13.57,,7.73,,,,6.11,,4.8,,3.48,,,,,2.78,,,,,,,,,,,,,,
IE00063SATO1,5.34,4.64,3.31,,2.16,2.99,4.29,2.07,,2.16,,1.34,,1.66,,,,,,,,,,,,,,,,
IE00063T9YS5,,,,,,,,,,,,,,,,,,,,,,,,,,,,,,
IE00064KQDB3,,,,,,,,,,,,,,,,,,,,,,,,,,,,,,
IE00064N5UY4,,,,,,,,,,,,,,,,,,,,,,,,,,,,,,
IE00064TWYK9,,,,5.61,,,,,,,,,,,2.22,,1.83,2.05,2.29,1.92,,1.69,1.77,1.87,,,,,1.96,
IE000650M1V4,,,,,,,,,,,,,,,,,,,,,,,,,,,,,,
IE00066KZ5B5,,,,,,,,,,,,,,,,,,,,,,,,,,,,,,
IE00066L6LB9,,,,,,,,,,,,,,,,,,,,,,,,,,,,,,
IE00067X7JX0,,,,,,,,,,,,,,,,,,,,,,2.22,,,,,,,,
IE00069H3LK0,,,,,,,,,,,,,,,,,,,,,,,,,,,,,,
IE00069JGT58,8.59,7.34,4.96,,,4.16,2.82,2.06,3.77,3.42,1.93,,,,,,,,,,,,,,,,,,,
IE00069MGEE1,,,,,,,,,,,,,,,,,,,,,,,,,,,,,,
IE00069Q7MY9,,,,,,,,,,,,,,,,,,,,,,,,,,,,,,
IE0006B9CPY7,,,,,,,,,,,,,,,,,,,,,,,,,,,,,,
IE0006BDZN36,,,,,,,,,,,,,,,,,,,,,,,,,,,,,,
IE0006BISQN7,,,,,,,,,,,,,,,,,,,,,,,,,,,,,,
IE0006CHRED6,,,,,,,,,,,,,,,,,,,,,,,,,,,,,,
IE0006CJGQR9,7.83,6.83,4.56,,,4.3,,6.54,5.92,,2.8,,,2.79,,4.52,,,,,,,,,,,,,,3.39
IE0006D3PGW3,,,,,23.83,,,,,,,,,,,,,,,,,,,,,,,,,
IE0006FAD976,8.96,4.82,5.47,,,2.57,2.9,2.29,2.32,1.76,1.52,,,,,,,,,,,,,,,,,,,
IE0006FBEDB6,,,,3.78,,,,,,,,,,,1.59,,,1.25,1.78,1.31,,1.21,,1.2,,,,,1.25,
IE0006FIW9Z0,7.83,6.83,4.56,,,4.3,,6.54,5.92,,2.8,,,2.79,,4.52,,,,,,,,,,,,,,3.39
IE0006FM6MI8,,,,,,,,,,,,,,,,,5.15,,5.1,,,,3.9,,,,,,,
IE0006GNB732,,,,,,,,,,,,,,,,,,,,,,,,,,,,,,
IE0006GUEKQ7,,,7.93,,6.35,8.95,,,,,,,,,,,,,,,,,,,,,,,,
IE0006HIE7H2,,,,,,,,,,,,,,,,,,,,,,,,,,,,,,
IE0006HMLPV6,8.59,7.34,4.96,,,4.16,2.82,2.06,3.77,3.42,1.93,,,,,,,,,,,,,,,,,,,
IE0006IP4XZ8,7.28,6.83,4.07,,,3.62,1.71,1.89,4.06,2.74,1.69,,,1.93,,,,,,,,,,,,,,,,
IE0006K7DEL9,,,,,,,,,,,,,,,,,,,,,,,,,,,,,,
IE0006KNOFD1,,,,,,,,,,,,,,,,,,,,,,,,,,,,,,
IE0006LBEDV2,,,,,,,,,,,,,,,,,,,,,,,,,,,,,,
IE0006MHC136,,,,,,,,,,,,,,,,,,,,,,,,,,,,,,
IE0006MM8VN6,,,,,,,,,,,,,,,,,,,,,,,,,,,,,,
IE0006N7AK90,,,,,,,,,,,,,,,,,,,,,,,,,,,,,,
IE0006NZSQW7,,,,,,,,,,,,,,,,,,,,,,,,,,3.18,,,,
IE0006O3TTP9,,,,,,,,,,,,,,,,,,,,,,,,,,,,,,
IE0006OIQXE9,,,,,,,,,,,,,,,,,,,,,,,,,,,,,,
IE0006PTRUI8,,,,11.27,,,,,,,,,,,4.18,,,,,,2.66,4.34,,,,,2.87,2.32,,
IE0006QCIHM0,,,,,,,,,,,,,,,,,,,,,,,,,,,,,,
IE0006QX3Y11,,,,,,,,,,,,,,,,,,,,,,,,,,,,,,
IE0006R681H8,,,,,,,,,,,,,,,,,,,,,,,,,,,,,,
IE0006RFB3X2,,,,,,,,,,,,,,,,,,,,,,,,,,4.19,,,,
IE0006S0EBF2,,,,,,,,,,,,,,,,,,,,,,,,,,,,,,
IE0006SEWKA2,,,,,9.95,,,,,,,9.26,7.88,,,,,,,,,,,,2.94,,,,,
IE0006UGU3X3,,,,,,,,,,,,,,,,,,,,,,,,,,,,,,
IE0006UQKVQ0,8.38,7.3,4.88,,,4.6,,7.0,6.33,,2.99,,,2.98,,4.84,,,,,,,,,,,,,,3.63
IE0006VDD4K1,4.4,3.84,2.51,,1.77,2.11,1.95,1.31,1.56,1.71,,,,1.16,,,,,,,,,,,,,,,,
IE0006WOV4I9,7.07,3.49,3.45,,,1.96,2.0,1.4,1.6,1.42,1.11,,,,,,,,,,,,,,,,,,,
IE0006WPPA00,,,,,,,,,,,,,,,,,,,,,,,,,,,,,,
IE0006WZF7C2,,,,,,,,,,,,,,,,,,,,,,,,,,,,,,
IE0006YCYW06,2.63,2.43,1.92,,,1.99,1.92,,,1.69,,,,,,,,,,,,,,,,,,,,1.7
IE0006YIB0U2,,,,,,,,,,,,,,,,,,,,,,,,,,,,,,
IE0006YM7D84,,,,,,,,,,,,,,,,,,,,,,,,,,,,,,
IE00070SLDT6,,,,,,,,,,,,,,,,,,,,,,,,,,,,,,
IE000716YHJ7,4.4,3.84,2.51,,1.77,2.11,1.95,1.31,1.56,1.71,,,,1.16,,,,,,,,,,,,,,,,
IE00072RHT03,,,,,,,,,,,,,,,,,,,,,,,,,,,,,,
IE00074JLU02,,,,,,,,,,,,,,,,,,,,,,,,,,3.95,,,,
IE00074JV7J1,7.6,6.67,4.35,,,4.03,3.27,5.64,3.03,,3.3,,,,,4.11,,,,,,,,,,,,,,
IE00075IVKF9,,,,,,,,,,,,,,,,,,,,,,,,,,,,,,
IE00076HZIP3,,,,,,,,,,,,,,,,,,,,,,,,,,,,,,
IE00077FRP95,,,,,,,,,,,,,,,,,,,,,,,,,,,,,,
IE00077IIPQ8,,,,,,,,,,,,,,,,,,,,,,,,,,,,,,
IE000783LRG9,,,,10.4,,,,,,,,,,,3.89,,,,,3.12,,3.04,,,,,,2.32,,
IE00078SFIQ6,,,,7.56,,,,,,,,,,,2.34,,2.96,3.23,2.87,,1.86,2.01,2.87,2.16,,,,,2.63,
IE00079EUF59,,,,,,,,,,,,,,,,,,,,,,,,,,,,,,
IE00079WNSI6,,,,,,,,,,,,,,,,,,,,,,,,,,,,,,
IE0007BT2BH8,,,,,,,,,,,,,,,,,,,,,,,,,,,,,,
IE0007EH5UK6,,,,,,,,,,,,,,,,,,,,,,,,,,,,,,
IE0007FIJUO5,,,,,,,,,,,,,,,,,,,,,,,,,,,,,,
IE0007FM00T9,6.83,5.71,3.94,,,3.08,2.79,1.72,2.52,2.32,,,,,,,,,,,,,,,,,,,,
IE0007G78AC4,,,,,,,,,,,,,,,,,,,,,,,,,,,,,,
IE0007HKA9K1,5.04,4.87,4.32,,5.85,4.88,5.23,,,5.47,4.45,4.82,,3.81,,,,,,,,,,,,,,,,
IE0007I99HX7,2.45,,,,,,,,,2.43,,,,,,,,,,,,,,,,,,,,
IE0007ILCZU4,8.29,5.46,4.91,,,5.02,,2.54,5.42,3.31,,,,2.67,,,,,,,,,,,,,,,,2.59
IE0007L3IJF6,,,,,,,,,,,,,,,,,,,,,,,,,,,,,,
IE0007LAQ4A1,,,,,,,,,,,,,,,,,,,,,,,,,,,,,,
IE0007M3MLF3,2.2,3.8,3.29,,,,,,,2.72,,,,,,,,,,,,,,,,,,,,
IE0007O06KL9,,,,,,,,,,,,,,,,,,,,,,,,,,,,,,
IE0007P4PBU1,,,,,,,,,,,,,,,,,,,,,,,,,14.35,,,,,
IE0007QB4QS2,,,,,,,,,,,,,,,,,,,,,,,,,,,,,,
IE0007SRI1C7,,,,,,,,,,,,,,,,,,,,,,,,,,,,,,
IE0007UE04X9,,,,,,,,,,,,,,,,,,,,,,,,,,,,,,
IE0007UJ6IE0,,,,,,,,,,,,,,,,,,,,,,,,,,,,,,
IE0007UPSEA3,,,,,,,,,,,,,,,,,,,,,,,,,,,,,,
IE0007W7MZL0,,,,,,,,,,,,,,,,,,,,,,,,,,,,,,
IE0007WLHX89,,,,,,,,,,,,,,,,,,,,,,,,,,,,,,
IE0007WMHDE3,,,,,,,,,,,,,,,,,,,,,,,,,,,,,,
IE0007Y8Y157,,,,,,,,,,,,4.32,,,4.28,,,,,,,,,,,,,,,
IE0007YBWBE5,,,,,,,,,,,,,,,,,,,,,,,,,,,,,,
IE0007YP0PL1,,,,,,,,,,,,,,,,,,,,,,,,,,,,,,
IE0007YZZZN7,7.03,6.01,3.89,,,3.61,2.98,5.57,2.76,,2.79,,,,,3.53,,,,,,,,,,,,,,
IE0007Z19996,,,,,,,,,,,,,,,,,,,,,,,,,,,,,,
IE0007Z28IJ7,,,,,,,1.14,1.33,,,,,1.62,,,1.67,,,,,,,,,,,,,,
IE0008119MO8,,,,,,,,,,,,,,,,,,,,,,,,,,,,,,
IE00081SF8K7,,,,,,,,,,,,,,,,,,,,,,,,,,,,,,
IE00082MOBL9,,,,,,,,,,,,,,,,,,,,,,,,,,,,,,
IE000845MQC5,,,,,,,,,,,,,,,,,,,,,,,,,,,,,,
IE0008470928,,,,9.97,,,,,,,,,,,3.08,,3.9,4.26,3.79,,2.46,2.65,3.78,2.85,,,,,3.46,
IE0008471009,,,,10.41,,,,,,,,,,,4.67,,,,,3.57,3.73,4.02,,,,,3.07,3.11,,
IE00084KY2F2,,,,,9.91,,,,,,,8.25,8.66,,,,,,,,,,,,2.86,,,,,
IE00085PWS28,,,,2.84,,,,,,,,,,,0.95,,1.15,1.35,1.11,,,,1.16,0.91,,,,,1.05,
IE00087GRUR0,,,,,,,,,,,,,,,,,,,,,,,,,,,,,,
IE000893FCN6,,,,,,,,,,,,,,,,,,,,,,,,,,,,,,
IE00089J8KM1,,,,,,,,,,,,,,,,,,,,,,,,,,,,,,
IE0008B0OAD5,,,,,,,,,,,,,,,,,,,,,,,,,,,,,,
IE0008BA4TY1,,,,,,,,,,,,,,,,,,,,,,,,,,,,,,
IE0008C3G0Y9,,,,,,,,,,,,,,,,,,,,,,,,,,,,,,
IE0008D0AIU9,,,,,,,,0.16,,,,,,,,,,,,,,,,,,0.15,,,,0.14
IE0008DFVN75,,,,,,,,,,,,,,,,,,,,,,,,,,,,,,
IE0008DO91F6,,,,3.78,,,,,,,,,,,1.59,,,1.25,1.78,1.31,,1.21,,1.2,,,,,1.25,
IE0008EMOWT3,,,,,,,,,,,,,,,,,,,,,,,,,,,,,,
IE0008F7X0W1,,,,,,,,,,,,,,,,,,,,,,,,,,,,,,
IE0008FB2WZ1,5.09,4.66,2.94,,,2.61,2.33,1.46,1.82,1.9,1.31,,,1.37,,,,,,,,,,,,,,,,
IE0008GBXCA4,,,,,,,,,,,,,,,,,,,,,,,,,,,,,,0.26
IE0008GO35B5,,,,,,,,,,,,,,,,,,,,,,,,,,,,,,
IE0008GRJRO8,,,,,,,,,,,,,,,,,,,,,,,,,,,,,,
IE0008H4JHA2,,,,,,,,,,,,,,,,,,,,,,,,,,,,,,
IE0008JXFQK8,,,,,,,,,,,,,,,,,,,,,,,,,,,,,,
IE0008LRGGP4,,,,,,,,,,,,,,,,,,,,,,,,,,,,,,
IE0008M1R3N4,9.75,8.79,5.93,,,4.84,4.25,2.73,3.67,3.67,2.75,,,2.6,,,,,,,,,,,,,,,,
IE0008NJMGB5,7.59,6.66,4.34,,,4.02,3.26,5.63,3.02,,3.29,,,,,4.1,,,,,,,,,,,,,,
IE0008P6LL15,,,,,,,,,,,,,,,,,,,,,,,,,,,,,,
IE0008QIFH42,,,,,,,,,,,,,,,,,,,,,,,,,,,,,,
IE0008RSSHT4,,,,,,,,,,,,,,,,,,,,,,,,,,,,,,
IE0008RX29L5,,,,,,,,,,,,,,,,,,,,,,,,,,,,,,
IE0008SEV3B2,,,,,,,,,,,,,,,,,,,,,,,,,,,,,,
IE0008T6IUX0,,,,,,,,,,,,9.26,8.82,,,,,,,,,,,,,1.94,,,,
IE0008TDJ461,,,,,,,,,,,,,,,,,,,,,,,,,,,,,,
IE0008TKP6O7,13.6,,8.48,,,,6.61,,5.24,,2.61,,,,,2.86,,,,,,,,,,,,,,1.58
IE0008U15456,,,,,,,,,,,,,,,,,,,,,,,,,,,,,,
IE0008UEVOE0,,,,,,,,,,,,,,,,,,,,,,,,,,,,,,
IE0008WICO06,,,,,,,,,,,,,,,,,,,,,,,,,,,,,,
IE0008YN55P8,5.74,,1.88,1.73,,,4.21,,,1.91,,,,,,,,,,,,,,,,,,,,2.24
IE0008YWAFL1,,,,,,,,,,,,,,,,,,,,,,,,,,,,,,
IE0008ZGI5C1,,,,,,,,,,,,,,,,,,,,,,,,,,,,,,
IE00090GHHQ4,,,,,,,,,,,,,,,,,,,,,,,,,,,,,,
IE000929U2U9,,,,,,,,,,,,,,,,,,,,,,,,,,,,,,
IE00093SKUY4,,,,,,,,,,,,,,,,,,,,,,,,,,,,,,
IE000940RNE6,,,,,,,,,,,,,,,,,,,,,,,,,,,,,,
IE00094AECT1,,,,,,,,,,,,,,,,,,,,,,,,,,,,,,
IE00094FRAA6,,,,,,,,,,,,,,,,,,,,,,,,,,,,,,
IE00094KNQN4,,,,,,,,,,,,,,,,,,,,,,,,,,,,,,
IE000953I6Z4,,,,,,,,,,,,,,,,,,,,,,,,,,,,,,
IE00096S6AV7,,,,,,,,,,,,,,,,,,,,,,,,,,,,,,
IE000979OT00,,,,,,,,,,,,,,,,,,,,,,,,,,,,,,
IE00097WZHZ9,4.46,3.99,2.65,,1.76,2.19,1.99,1.24,1.6,1.68,,,,,,,,,,,,,,,,,,,,
IE00098G6RH2,,,,,,,,,,,,,,,,,,,,,,,,,,,,,,
IE00098YDEH5,7.28,6.83,4.07,,,3.62,1.71,1.89,4.06,2.74,1.69,,,1.93,,,,,,,,,,,,,,,,
IE00098ZGGO6,,,,,,,,,,,,,,,,,,,,,,,,,,,,,,
IE00099GAJC6,,,,,,,,,,,,,,,,,,,,,,,,,,,,,,
IE0009BI8Z04,,,,2.84,,,,,,,,,,,0.95,,1.15,1.35,1.11,,,,1.16,0.91,,,,,1.05,
IE0009BM62P2,,,,,,,,,,,,,,,,,,,,,,,,,,,,,,
IE0009D6K2A2,,,,,,,,,,,,,,,,,,,,,,,,,,,,,,
IE0009DRDY20,5.37,4.84,3.09,,,2.59,2.32,1.36,2.02,2.05,1.45,,,1.41,,,,,,,,,,,,,,,,
IE0009DRFET8,,,,,,,,,,,,,,,,,,,,,,,,,,,,,,
IE0009EDBBS3,,,,,,,,,,,,,,,,,,,,,,,,,,,,,,
IE0009EGAHL0,7.55,6.6,4.03,,,3.52,4.41,2.36,,2.75,1.56,,,1.87,,,,,,,,,,,,,,,,
IE0009EQZP90,,,,,,,,,,,,,,,,,,,,,,,,,,,,,,
IE0009F7UB30,,,,,,,,,,,,,,,,,,,,,,,,,,,,,,
IE0009HF1MK9,4.66,4.2,2.74,,1.88,2.24,2.01,,1.75,1.76,1.27,,,1.23,,,,,,,,,,,,,,,,
IE0009IAUUI1,,,,,,,,,,,,,,,,,,,,,,,,,,,,,,
IE0009JOT9U1,,,,,,,,,,,,,,,,,,,,,,,,,,,,,,
IE0009OCO2W4,4.96,3.67,2.55,1.28,2.27,2.0,4.19,1.89,,1.86,,1.45,,,,,,,,,,,,,,,,,,
IE0009QS7W62,,,,,,,,,,,,,,,,,5.44,,3.3,,,,3.51,,,,,,,
IE0009SJ3GE3,,,,,,,,,,,,,,,,,,,,,,,,,,,,,,
IE0009TJ5T70,5.18,4.65,2.55,,,2.74,4.32,1.32,,2.21,1.79,,,1.41,,,,,,,,,,,,,,,,
IE0009TPHUV6,,,,,,,,,,,,,,,,,,,,,,,,,,,,,,
IE0009VWHAE6,7.49,6.83,4.47,,,3.7,3.42,2.1,2.69,2.6,1.89,,,1.89,,,,,,,,,,,,,,,,
IE0009W21NT4,9.81,,5.59,1.62,,,4.42,,3.47,,2.52,,,,,2.01,,,,,,,,,,,,,,
IE0009WMIIC0,,,,,,,,,,,,,,,,,,,,,,,,,,,,,,
IE0009WWNY77,8.28,4.73,4.51,,,2.63,3.51,4.09,2.78,,,,,,,,,,,,,,,,,,,,,2.22
IE0009WYJCP8,,,,,,,,,,,,,,,,,,,,,,,,,,,,,,
IE0009Y1MQJ2,5.9,5.35,2.84,,,2.7,1.93,1.78,,2.01,,,,,,,,,,,,,,,,,,,,2.46
IE0009YQE5W1,,,,,,,,,,,,,,,,,,8.68,7.51,,,,,6.04,,,,,,
IE0009ZTL4B5,,,,,,,,,,,,,,,,,,,,,,,,,,,,,,
IE000A0GH076,5.09,4.68,2.94,,,2.63,2.33,1.46,1.84,1.89,1.31,,,1.4,,,,,,,,,,,,,,,,
IE000A0RC215,,,,,,,,,,,,,,,,,,,,,,,,,,,,,,
IE000A2E14U6,,,,,,,,,,,,,,,,,,,,,,,,,,,,,,
IE000A2YGZU5,7.84,7.0,4.5,,,4.08,3.26,5.3,3.06,,3.08,,,,,3.79,,,,,,,,,,,,,,
IE000A537EY2,,,,,,,,,,,,,,,,,,,,,,,,,,,,,,
IE000A7N3IV0,4.82,4.17,2.85,,1.91,2.46,2.06,1.47,1.61,1.75,,,,1.29,,,,,,,,,,,,,,,,
IE000A89Y2G7,,,,,,,,,,,,,,,,,,,,,,,,,,,,9.41,,
IE000A8N67F3,4.34,4.51,4.13,,,2.93,2.42,1.79,1.92,4.5,,,,,,2.3,,,,,,,,,,,,,,
IE000A9G9R73,,,,,,,,,,,,,,,,,,,,,,,,,,,,,,
IE000A9QKUV7,,,,,,,,0.39,,,,0.35,0.45,,,,,,,,,,,,,,,,,0.42
IE000A9QV382,,,,,,,,,,,,,,,,,,,,,,,,,,,,,,
IE000AALNYM3,,,,,,,,,,,,,,,,,,,,,,,,,,,,,,
IE000AD2AYN2,,,,,,,,,,,,,,,,,,,,,,,,,,,,,,
IE000AEBAUD0,,,,,,,,,,,,,,,,,,,,,,,,,,,,,,
IE000AEM1K78,,,,,,,,,,,,,,,,,,,,,,,,,,,,,,
IE000AES5KQ5,,,,,,,,,,,,,,,,,,,,,,,,,,,,,,
IE000AFVKJZ0,,,,,,,,,,,,,,,,,,,,,,,,,,,,,,
IE000AFVONT7,,,,,,,,,,,,,,,,,,,,,,,,,,,,,,
IE000AGCIYE6,,,,,,,,,,,,,,,,,,,,,,,,,,,,,,
IE000AI6QNJ5,,,,,,,,,,,,,,,,,,,,,,,,,,,,,,
IE000AIFGRB9,,,,,,,,,,,,,,,,,,,,,,,,7.92,,,,,,
IE000AK4O3W6,,,,,,,,,,,,,,,,,,,,,,,,,,,,,,
IE000ALCW221,5.76,4.69,2.96,,1.9,2.37,1.6,,2.4,1.87,1.8,,,,,1.44,,,,,,,,,,,,,,
IE000ALI2E45,,,,,,,,0.16,,,,,,,,,,,,,,,,,,0.15,,,,0.14
IE000AN258G4,,,,,,,,,,,,,,,,,,,,,,,,,,,,,,
IE000AN3AFZ1,,,,,,,,,,,,,,,,,,,,,,,,,,,,,,
IE000ANHU3J3,,,,,9.81,,,,,,,9.47,8.79,,,,,,,,,,,,2.94,,,,,
IE000ANMCD25,,,,,,,,,,,,,,,,,,,,,,,,,,,,,,
IE000ANOU8J3,,,,,,,,,,,,,,,,,,,,,,,,,,,,,,
IE000ANYHV73,,,,,,,16.94,,13.7,,,,,16.99,,,,,,,,,,,,,,,,
IE000AON7ET1,,,,,,4.41,,,4.27,,,,,,,8.15,,,,,,,,,,,,,,
IE000AP27VA7,,,1.3,1.42,,,,,,,,,,,,,,,,,,,,,,,,,,
IE000APK27S2,,,,,,,,,,,,,,,,,,,,,,,,,,,,,,
IE000AQ7A2X6,,,,,,,,,,,,,,,,,,,,,,,,,,,,,,
IE000ARLR807,,,,,,,,,,,,,,,,,,,,,,,,,,,,,,
IE000ASNLWH9,,,,,,,,,,,,,,,,,,,,,,,,,,,,,,
IE000ATQR3N3,,,,,,,,,,,,,,,,,,,,,,,,,,,,,,
IE000ATRYEA4,9.27,,,,,,,,,,3.63,,,,,,,,,,,,,,,,,,,5.18
IE000AV35A01,,,,,9.81,,,,,,,9.47,8.79,,,,,,,,,,,,2.94,,,,,
IE000AVUROO8,,,,,,,,,,,,,,,,,,,,,,,,,,,,,,
IE000AWRDWI7,,,,,,,,,,,,,,,,,,,,,,,,,,,,,,
IE000AXIKJM8,8.97,6.91,5.85,,,,,,3.9,2.92,3.89,,,,,4.23,,,,,,,,,,,,,,
IE000AXUR1L9,,,,,,,,,,,,,,,,,,,,,,,,,,,,,,
IE000AY2ERH5,,,,,,,,,,,,,,,,,,,,,,,,,,,,,,
IE000AY6KP29,2.87,2.85,2.7,,,2.88,,2.41,,2.92,2.19,,,2.29,,1.75,,,,,,,,,,,,,,
IE000AYEFBK6,,,,,,,,,,,,,,,,,,,,,,,,,,,,,,
IE000AYJ75E5,,,,,,,,,,,,,,,,,,,,,,,,,,,,,,
IE000AZ2HZ31,,,,,,,,,,,,,,,,,,,,,,,,,,,,,,
IE000AZOUN82,13.7,,,2.6,,,,,,6.11,,,,,,3.15,,,,,,,,,,,,,,1.76
IE000AZV0AS3,3.28,2.4,1.51,,,,,4.09,,,,,,,,,,,,,,,,,,,,,,
IE000B1A2798,,,,,,,,,,,,,,,,,,,,,,,,,,,,,,
IE000B4EDHL6,,,,,,,,,,,,,,,,,,,,,,,,,,,,,,
IE000B5MAME7,5.13,4.71,2.92,,,2.56,2.31,1.44,1.81,1.89,1.31,,,1.37,,,,,,,,,,,,,,,,
IE000B5UZSG9,,,,,,,,,,,,,,,,,,,,,,,,,,4.14,,,,
IE000B8VAQZ8,,,,,,,,,,,,,,,,,,,,,,,,,,,,,,
IE000B9PQW54,,,,,,,,,,,,,,,,,,,,,,,,,,,,,,
IE000BAF6X29,,,,,,,,,,,,,,,,,,,,,,,,,,,,,,
IE000BHH6TY7,4.96,3.67,2.55,1.28,2.27,2.0,4.19,1.89,,1.86,,1.45,,,,,,,,,,,,,,,,,,
IE000BI0GCN3,,,,,,,,,,,,,,,,,,,,,,,,,,,,,,
IE000BI8OT95,5.27,4.93,3.01,,,2.58,2.3,1.35,1.82,1.95,1.22,,,1.41,,,,,,,,,,,,,,,,
IE000BKMMHF9,,,,,,,,,,,,,,,,,,,,,,,,,,,,,,
IE000BLN64M9,,,,,,,,,,,,,,,,,,,,,,,,,,,,,,
IE000BLXGTG9,,,,6.4,,,,,,,,,,,4.07,,,,,3.06,2.44,3.37,,,,,2.72,2.59,,
IE000BMDG046,,,,,,,,,,,,,,,,,,,,,,,,,,,,,,
IE000BMP9YJ5,,,,,,,,,,,,,,,,,,,,,,,,,,,,,,
IE000BMZP0I6,,,,,,,,,,,,,,,3.64,,,,,,,,,,,,,,,
IE000BNLRWE6,,,,,,,,,,,,,,,,,,,,,,,,,,,,,,
IE000BRM9046,,,,,,,,,,,,,,,,,,,,,,,,,,,,,,
IE000BRX9DZ0,4.74,4.01,2.4,,1.76,2.41,2.19,1.48,1.77,1.79,,,,,,1.23,,,,,,,,,,,,,,
IE000BS9KP42,,,,,,,,,,,,,,,,,,,,,,,,,,,,,,
IE000BUIVY49,,,,,,,,,,,,,,,,,,,,,,,,,,,,,,
IE000BUSGFL9,,,,,,,,,,,,,,,,,,,,,,,,,,,,,,
IE000BVD0KE7,,,,,,,,,,,,,,,,,,,,,,,,,,,,,,
IE000BW2B3J3,,,,,,,,,,,,,,,,,,,,,,,,,,,,,,
IE000BWITBP9,,,,,,,,,,,,,,,,,,,,,,,,,,,,,,
IE000BWKUES1,,,,,,,,,,,,,,,,,,,,,,,,,,,,,,
IE000BXC49I6,5.63,5.08,3.42,,,3.0,2.14,1.76,2.22,2.21,1.4,,,,,,,,,,,,,,,,,,,
IE000BZ1HVL2,5.19,4.78,2.96,,,2.6,2.34,1.46,1.83,1.91,1.33,,,1.39,,,,,,,,,,,,,,,,
IE000BZFW5H7,8.29,5.46,4.91,,,5.02,,2.54,5.42,3.31,,,,2.67,,,,,,,,,,,,,,,,2.59
IE000BZXJJ24,,,,,,,,,,,,,,,,,,,,,,,,,,,,,,
IE000C17QP01,,,,,,,,,,,,,,,,,,,,,,,,,,,,,,
IE000C5H8FC1,,,,,,,,,,,,,,,,,,,,,,,,,,,,,,
IE000C5Q64P6,,,,,,,,,,,,,,,,,,,,,,,,,,,,,,
IE000C5YJ791,9.61,,6.55,,,,4.49,,3.53,,3.68,,,,,4.22,,,,,,,,,,,,,,2.41
IE000C692SN6,,,,,,,,,,,,,,,,,,,,,,,,,,,,,,
IE000C6ITGC8,,,4.2,,,,4.51,,,,,,,,,,,,,,,,,,3.25,,,,,
IE000C75IMX8,,,,,,,,,,,,,,,,,,,,,,,,,,,,,,
IE000C7DDDX4,,,,,,,,,,,,,,,,,,,,,,,,,,,,,,
IE000C7EUDG1,,,,,,,,,,,,,,,,,,,,,,,,,,,,,,
IE000CBYU7J5,,,,,13.62,,,,,,,8.2,8.1,,,,,,,,,,,,2.59,,,,,
IE000CCQKON9,,,,,,,,,,,,,,,,,,,,,,,,,,,,,,
IE000CEUZ052,,,,,,,,,,,,,,,,,,,,,,,,,,,,,,
IE000CFH1JX2,,,,,,,,,,,,,,,,,,,,,,,,,,,,,,
IE000CH3OQ51,7.03,6.59,4.16,,,3.56,3.11,2.02,2.45,2.6,1.69,,,1.91,,,,,,,,,,,,,,,,
IE000CK5G8J7,,,,,,,,,,,,,,,,,,,,,,,,,,,,,,
IE000CL68Z69,7.11,5.52,3.45,,,2.72,1.73,,2.99,2.16,1.99,,,,,,,,,,,,,,,,,,,
IE000CLH1Z98,,,,,,,,,,,,,,,,,,,,,,,,,,,,,,
IE000CM02H85,,,,,30.28,,,,,,,,,,,,,,,,,,,,,,,,,
IE000CN8T855,7.93,6.63,4.69,,,3.97,3.3,2.29,2.48,2.89,1.61,,,2.07,,,,,,,,,,,,,,,,
IE000CNSFAR2,5.27,4.93,3.01,,,2.58,2.3,1.35,1.82,1.95,1.22,,,1.41,,,,,,,,,,,,,,,,
IE000CO3P697,,,,,,,,,,,,,,,,,,,,,,,,,,,,,,
IE000CO65C82,,,,,,,,,,,,,,,,,,,,,,,,,,,,,,
IE000COQKPO9,9.44,7.21,4.85,,,4.12,2.92,5.58,,,2.86,,,,,4.92,,,,,,,,,,,,,,
IE000CPG9HG3,,,,,,,,,,,,,,,,,,,,,,,,,,,,,,
IE000CPT8DH7,7.03,6.46,4.06,,,3.63,3.21,2.01,2.53,2.61,1.81,,,1.93,,,,,,,,,,,,,,,,
IE000CQMYME2,,,,,,,,,,,,,,,,,,,,,,,,,,,,,,
IE000CQQ22C8,,2.64,3.24,,,6.14,,,,,,,,1.89,,,,,,,,,,,,,,,,
IE000CR3ZDF9,,,,,,,,,,,,,,,,,,,,,,,,,,,,,,
IE000CR424L6,,,,8.82,,,,,,,,,,,,,4.98,,,,4.37,,,,,,,,,
IE000CR7DJI8,12.12,,6.93,,,,5.24,3.25,4.18,,,,,,,,,,,,,,,,,,,,,1.35
IE000CV0WWL4,,,,,,,,,,,,,,,,,,,,,,,,,,,,,,
IE000CVOSY02,4.89,4.46,3.01,,,2.45,2.14,1.39,1.73,1.84,1.2,,,1.31,,,,,,,,,,,,,,,,
IE000CWS09Q9,,,,,,,,,,,,,,,,,,,,,,,,,,,,,,
IE000CWXN435,,,,,,,,,,,,,,,,,,,,,,,,,,,,,,
IE000CXVOXQ1,4.3,5.17,5.86,,,,,,,3.68,,,,,,,,,,,,,,,,,,,,
IE000CY30YV9,,,,3.53,3.27,,,,,,,,,,,,,2.53,,,,,,,,,,,,2.44
IE000CYC2B65,4.54,4.17,2.58,,1.83,2.26,2.04,1.28,1.6,1.67,,,,,,,,,,,,,,,,,,,,
IE000CYGD0V1,,,,,9.81,,,,,,,9.47,8.79,,,,,,,,,,,,2.94,,,,,
IE000CYTPBT0,,,,,,,,,,,,,,,,,,,,,,,,,,,,,,
IE000CZJPCH1,,,,,,,,,,,,,,,,,,,,,,,,,,,,,,
IE000CZQJXB8,,,,,,,,,,,,,,,,,,,,,,,,,,,,,,
IE000CZU3JH0,7.73,7.2,4.24,,,4.05,,2.14,5.7,2.63,,,,2.29,,,,,,,,,,,,,,,,
IE000D0T0BO1,,,,,,,,,,,,,,,,,,,,,,,,,,3.23,,,,
IE000D1017N2,,,,,,,,,,,,,,,,,,,,,,,,,,,,,,
IE000D1DAPO5,,,,,,,,,,,,,,,,,,,,,,,,,,,,,,
IE000D2UDLG6,,,,,,,,,,,,,,,,,,,,,,,,,,,,,,
IE000D352U62,,,,,,,,,,,,,,,,,,,,,,,,,,,,,,
IE000D3BWBR2,7.53,6.6,4.3,,,3.62,3.25,2.02,2.59,2.78,1.84,,,1.92,,,,,,,,,,,,,,,,
IE000D3E0G47,,,,,,,,,,,,,,,,,,,,,,,,,,,,,,
IE000D5R9C23,,,,,9.99,,,,,,,8.97,9.22,,,,,,,,,,,,3.34,,,,,
IE000D6810F1,5.27,4.59,3.15,,,,,,,,,,,,,,,,,,,,,,,,,,,3.04
IE000D8FCSD8,,,,,,,,,,,,,,,,,,,,,,,,,,,,,,
IE000D8XC064,5.32,4.95,3.15,,,2.6,2.4,1.5,1.93,1.9,1.33,,,1.32,,,,,,,,,,,,,,,,
IE000D9S4LT3,,,,,,,,,,,,,,,,,,,,,,,,,,,,,,
IE000D9WMGF0,,,,,,,,,,,,,,,,,,,,,,,,,,,,,,
IE000DB78H45,,,,,,,,,,,,,,,,,,,,,,2.22,,,,,,,,
IE000DD75KQ5,4.08,3.69,2.27,,1.67,1.99,1.84,1.16,1.46,1.48,,,,1.06,,,,,,,,,,,,,,,,
IE000DHPZ1N9,,,,,,,,,,,,,,,,,,,,,,,,,,,,,,
IE000DHZXD61,,,,,,,,,,,,,,,,,,,,,,,,,,,,,,
IE000DKL1700,,,,,,,,,,,,,,,,,,,,,,,,,,,,,,
IE000DN1DKF8,7.53,6.6,4.3,,,3.62,3.25,2.02,2.59,2.78,1.84,,,1.92,,,,,,,,,,,,,,,,
IE000DOZYQJ7,,,,,,,,,,,,,,,,,,,,,,,,,,,,,,
IE000DPO6LM8,,,,,,,,,,,,,,,,,,,,,,,,,,,,,,
IE000DQAQ6J3,,,,5.22,,,,,,,,,,,2.32,,1.39,1.69,1.87,1.76,,,2.22,,,,,,2.3,
IE000DR59CI3,,,,,,,,,,,,,,,,,,,,,,,,,,,,,,
IE000DS9ZCL4,,,,,,,,,,,,,,,,,,,,,,,,,,,,,,
IE000DSDL3Z6,4.82,4.17,2.85,,1.91,2.46,2.06,1.47,1.61,1.75,,,,1.29,,,,,,,,,,,,,,,,
IE000DTA2ZH9,,2.64,3.24,,,6.14,,,,,,,,1.89,,,,,,,,,,,,,,,,
IE000DUDS685,,,,,,,,,,,,,,,,,,,,,,,,,,,,,,
IE000DUSV4J5,,,,,,,,,,,,,,,,,,,,,,,,,,,,,,
IE000DVLBQ03,,,,,,,,,,,,,,,,,,,,,,,,,,,,,,0.26
IE000DVPTMD5,,,,,,,,,,,,,,,,,,,,,,,,,,,,,,
IE000DWHL026,,,,,,,,,,,,,,,,,,,,,,,,,,,,,,
IE000DYQE2Q3,,,,,,,,,,,,,,,,,,,,,,,,,,,,,,
IE000E02WFD5,,,,,,,,,,,,,,,,,,,,,,,,,,,,,,
IE000E0NL9T3,,,,,,,,,,,,,,,,,,,,,,,,,,,,,,
IE000E47O2D3,6.83,5.71,3.94,,,3.08,2.79,1.72,2.52,2.32,,,,,,,,,,,,,,,,,,,,
IE000E6TPCH9,,4.44,,,,,,,,,,,,,,,,,,,,,,,,,,,,5.19
IE000E77RQE2,,,,,,,,,,,,,,,,,,,,,,,,,,,,,,
IE000E7EI9P0,19.58,18.47,11.23,3.58,,,,3.04,,8.06,,,,,,,,,,,,,,,,,,,,2.24
IE000E9W0ID3,,,,,,,,,,,,,,,,,,,,,,,,,,,,,,
IE000E9XXE77,,,,11.27,,,,,,,,,,,4.18,,,,,,2.66,4.34,,,,,2.87,2.32,,
IE000EA7I2N5,,,,,,,,,,,,,,,,,,,,,,,,,,,,,,
IE000EB0LQO5,4.57,4.04,2.77,,,2.21,2.07,,1.74,1.52,,,,,,,,,,,,,,,,,,,,
IE000EBFYWX3,,,,,,,,,,,,,,,,,,,,,,,,,,,,,,
IE000EBPC0Z7,,,,,,,,,,,,,,,,,,,,,,,,,16.08,,,,,
IE000EC86C06,,,,,,,,,,,,,,,,,,,,,,,,,,,,,,
IE000EDRD2Z8,,,,,,,,,,,,,,,,,,,,,,,,,,,,,,
IE000EETFH77,,,,,,,,,,,,,,,,,,,,,,,,,,,,,,
IE000EFHIFG3,,,,,,,16.94,,13.7,,,,,16.99,,,,,,,,,,,,,,,,
IE000EGGFVG6,,,,,,,,,,,,,,,,,,,,,,,,,,,,,,
IE000EHPAS96,5.09,4.66,2.94,,,2.61,2.33,1.46,1.82,1.9,1.31,,,1.37,,,,,,,,,,,,,,,,
IE000EJ2EHO7,,,,,,,,,,,,,,,,,,,,,,,,,,,,,,
IE000EJFRI08,13.15,11.99,7.76,,,4.67,3.79,,3.09,5.27,3.21,,,3.0,,,,,,,,,,,,,,,,
IE000EKG45L0,,,,,,,,,,,,,,,,,,,,,,,,,,,,,,
IE000ELFEBZ3,,5.37,3.88,,,5.93,,,,,,,,,,,,,,,,,,,,,,,,
IE000ELHT1P5,,,,,,,,,,,,,,,,,,,,,,,,,,,,,,
IE000ENYES77,,,,,,,,,,,,,,,,,,,,,,,,,,,,,,
IE000EOFR2K5,,,,,,,,,,,,,,,,,,,,,,,,,,,,,,
IE000EPIJ442,,,,,,,,,,,,,,,,,,,,,,,,,,,,,,
IE000EPX8KB7,,,,,,,,,,,,,,,,,,,,,,,,,,,,,,
IE000EQGURT5,19.83,17.35,11.85,,,,,5.49,,7.4,,,,,,3.64,,,,,,,,,,,,,,2.03
IE000ESLTCW9,,,,,,,,,,,,,,,,,,,,,,,,,,,,,,
IE000EVUY6K9,,,,,,,,,,,,,,,,,,,,,,,,,,,,,,
IE000EXUE0G2,7.6,6.67,4.35,,,4.03,3.27,5.64,3.03,,3.3,,,,,4.11,,,,,,,,,,,,,,
IE000F04HGE5,,,,,,,,,,,,,,,,,,,,,,,,,,,,,,
IE000F0DNOJ1,9.81,,5.59,1.62,,,4.42,,3.47,,2.52,,,,,2.01,,,,,,,,,,,,,,
IE000F16FMX1,,,,,,,,,,,,,,,,,,,,,,,,,,,,,,
IE000F215NJ2,,,,,,,,,,,,,,,,,,,,,,,,,,,,,,
IE000F2IX674,,,,,,,,,,,,,,,,,,,,,,,,,,,,,,
IE000F37PGZ3,,,,,,,,,,,,,,,,,,,,,,,,,,,,,,
IE000F472DU7,,,,,,,,,,,,,,,,,,,,,,,,,,,,,,
IE000F60HVH9,7.88,7.38,4.51,,,3.87,3.44,2.03,2.73,2.92,1.84,,,2.11,,,,,,,,,,,,,,,,
IE000F6XDNZ5,,,,,,,,,,,,,,,,,,,,,,,,,,,,,,
IE000F7TZ3H9,8.59,7.34,4.96,,,4.16,2.82,2.06,3.77,3.42,1.93,,,,,,,,,,,,,,,,,,,
IE000F9AQNW6,,,,,,,,,,,,,,,,,,,,,,,,,,,,,,
IE000F9IDGB5,5.13,4.71,2.92,,,2.56,2.31,1.44,1.81,1.89,1.31,,,1.37,,,,,,,,,,,,,,,,
IE000FASRFS4,,,,,,,,,,,,,,,,,,,,,,,,,,,,,,
IE000FCGBU62,,,,,,,,,,,,,,,,,,,,,,,,,,,,,,
IE000FDU4IY8,,,,,,,,,,,,,,,,,,,,,,,,,,,,,,
IE000FF2EBQ8,,,,,,,,,,,,,,,,,,,,,,,,,,,,,,
IE000FG3UNB8,,,,,,,,,,,,,,,,,,,,,,,,,,,,,,
IE000FGFJT15,,,,,,,,,,,,,,,,,,,,,,,,,,,,,,
IE000FI414K7,,,,,,,,,,,,,,,,,,,,,,,,,,,,,,
IE000FJJZA01,4.97,5.05,4.51,,,,,,5.08,4.87,,,,4.16,,,,,,,,,,,,,,,,
IE000FK14CA5,,,,,,,,,,,,,,,,,,,,,,,,,,,,,,
IE000FKMC6O9,,,,,,,,,,,,,,,,,,,,,,,,,,,,,,
IE000FL46JJ1,,,,,,,,,,,,,,,,,,,,,,,,,,,,,,0.26
IE000FMF9DG3,,,,,,,,,,,,,,,,,,,,,,,,,,,,,,
IE000FNVOB27,,,,,16.76,,,,,,,7.86,7.09,,,,,,,,,,,,3.5,,,,,
IE000FO05UG4,7.53,6.6,4.3,,,3.62,3.25,2.02,2.59,2.78,1.84,,,1.92,,,,,,,,,,,,,,,,
IE000FO1A5D1,,,,,,,,,,,,,,,,,,,,,,,,,,,,,,0.26
IE000FOSCLU1,,,,11.11,,,,,,,,,,,2.96,,,,,3.04,3.46,2.4,,,,,2.08,,,
IE000FP52WM7,,,,,,,,,,,,,,,,,,,,,,,,,,,,,,
IE000FPWSL69,0.89,0.94,0.83,,1.08,,,2.9,,,,0.77,1.13,,,,,,,,,,,,,,,,,
IE000FQ808R5,,,,,,,,,,,,,,,,,,,,,,,,,,,,,,
IE000FQYTH79,,,,,,,,,,,,,,,,,,,,,,,,,,,,,,
IE000FRX67F3,,,,,,,,,,,,,,,,,,,,,,,,,,,,,,
IE000FSN19U2,7.26,6.8,4.08,,,3.59,3.18,1.87,2.52,2.72,1.67,,,1.94,,,,,,,,,,,,,,,,
IE000FVQW7E7,,,,,,,,,,,,,,,,,,,,,,,,,,,,,,
IE000FW16TX1,7.03,6.59,4.16,,,3.56,3.11,2.02,2.45,2.6,1.69,,,1.91,,,,,,,,,,,,,,,,
IE000FXHG8D6,,,,,,,,,,,,,,,,,,,,,,,,,,,,,,
IE000FYTRRJ6,5.63,5.08,3.42,,,3.0,2.14,1.76,2.22,2.21,1.4,,,,,,,,,,,,,,,,,,,
IE000FZ1S3M3,,,,,,,,,,,,,,,,,,,,,,,,,,,,,,
IE000G0E83X3,3.91,,,,4.52,,,6.62,,3.92,,,7.81,,,4.96,,,,,,,,,,,,,,5.2
IE000G2LIHG9,7.64,7.03,4.35,,,3.81,3.44,2.15,2.7,2.81,1.96,,,2.05,,,,,,,,,,,,,,,,
IE000G4ONBO6,,,,,,,,,,,,,,,,,,,,,,,,,,,,,,
IE000G4PH2B1,10.29,4.76,6.32,,,3.04,4.23,,3.36,3.16,3.18,,,,,,,,,,,,,,,,,,,
IE000G5IRVY3,,,,,,,,,,,,,,,,,,,,,,,,,,,,,,
IE000G6CY1T7,,,,,,,,,,,,,,,,,,,,,,,,,,,,,,
IE000G6GSP88,,,,,,,,,,,,,,,,,,,,,,,,,,,,,,
IE000G8WOLX8,,,,,,,,,,,,,,,,,,,,,,,,,,,,,,
IE000G9O8QD4,,,,,,,,,,,,,,,,,,,,,,,,,,,,,,
IE000GA3D489,,,,,,,,,,,8.33,,,,,5.61,,,,,,,,,,,,,,
IE000GA7JQV8,,,,,,,,,,,,,,,,,,,,,,,,,,,,,,
IE000GAKWFA7,,,,,,,,,,,,,,,,,,,,,,,,,,,,,,
IE000GB2EQ90,,,,,,,,,,,,,,,,,,,,,,,,,,,,,,
IE000GBYNAU4,,,,,,,,,,,,,,,,,,,,,,,,,,,,,,
IE000GDU4WA8,,,,,,,,,,,,,,,,,,,,,,,,,,,,,,
IE000GE4QIR1,,,,,,,,,,,,,,,,,,,,,,,,,,,,,,
IE000GEHNQU9,19.58,18.47,11.23,3.58,,,,3.04,,8.06,,,,,,,,,,,,,,,,,,,,2.24
IE000GETKIK8,,,,,,,,,,,,,,,,,,,,,,,,,,,,,,
IE000GFG8GS0,,,,,,,,,,,,,,,,,,,,,,,,,,,,,,
IE000GGQK173,,,,,,,,,,,,,,,,,,,,,,,,,,,,,,
IE000GHXL2Q3,,,,,,,,,,,,,,,,,,,,,,,,,,,,,,
IE000GLIXPP3,,,,,17.12,,,,,,,7.35,6.04,,,,,,,,,,,,3.48,,,,,
IE000GML9HQ4,,,,,,,,,,,,,,,,,,,,,,,,,,,,,,
IE000GMRDSZ7,,,,,,,,,,,,,,,,,,,,,,,,,,,,,,
IE000GNI5B71,,,,,,,,,,,,,,,,,,,,,,,,,,,,,,
IE000GNOSM10,,,,,,,,,,3.01,,,,,,5.26,,,,,,,,,,,,,,
IE000GOJO2A3,,,,,,,,,,,,9.26,8.82,,,,,,,,,,,,,1.94,,,,
IE000GSIFIB0,,,,,,,,,,,,,,,,,,,,,,,,,,,,,,
IE000GTBEXG4,,,,,,,,,,,,,,,,,,,,,,,,,,,,,,
IE000GTF7GF4,,,,,17.83,,,,,,,,,,,,,,,,,,,,3.28,,,,,
IE000GTJ2I49,,,,,,,,,,,,,,,,,,,,,,,,,,4.96,,,,
IE000GU6MFI0,,,,,,,,,,,,,,,,,,,,,,,,,,,,,,
IE000GUIUCJ1,,,,,,,,,,,,,,,,,,,,,,,,,,,,,,
IE000GVBJMO6,,,,,,,,,,,,,,,,,,,,,,,,,,,,,,
IE000GW6RB11,,,,,,,,,,,,,,,,,,11.33,10.07,,,,,7.57,,,,,,
IE000GWD7R65,,,,,,,,,,,,,,,,,,,,,,,,,,,,,,
IE000GXS8PV9,,,,,,,,,,,,,,,,,,,,,,,,,,,,,,
IE000GZD8ME7,,,,,,,,,,,,,,,,,,,,,,,,,,,,,,
IE000H0TSO96,,,,,,,,,,,,,,,,,,,,,,,,,,,,,,
IE000H1H16W5,3.39,2.86,1.44,,,,,4.66,,,,,,,,,,,,,,,,,,,,,,
IE000H3AH951,,,,,,,,,,,,,,,,,,,,,,,,,,,,,,
IE000H3Q3AF6,,,,,,,,,,,,,,,,,,,,,,,,,,,,,,
IE000H444PH5,,,,,,,,,,,,,,,,,,,,,,,,,,,,,,
IE000H5X52W8,,,,,,,,,,,,,,,,,,,,,,,,,,,,,,
IE000H7PE775,5.27,4.93,3.01,,,2.58,2.3,1.35,1.82,1.95,1.22,,,1.41,,,,,,,,,,,,,,,,
IE000H92C4B8,,,,,,,,,,,,,,,,,,,,,,,,,,,,,,
IE000HARFTG3,,,,,,,,,,,,,,,,,,,,,,,,,,,,,,
IE000HARJEE2,,,,,,,,,,,,,,,,,,9.77,8.41,,,,,6.56,,,,,,
IE000HDEYKM3,,,,,,,,,,,,,,,,,,,,,,,,,,,,,,
IE000HDPAH09,,,,,,,,,,,,,,,,,,,,,,,,,,,,,,
IE000HF69TA9,,,,,,,,,,,,,,,,,,,,,,,,,,,,,,
IE000HFBJ0U0,,,,,,,,,,,,,,,,,,,,,,,,,,,,,,
IE000HFXP0D2,5.46,4.73,3.23,,,2.79,2.34,1.67,1.83,1.99,1.16,,,1.46,,,,,,,,,,,,,,,,
IE000HGH8PV2,,,,,,,,,,,,,,,,,,,,,,,,,,,,,,
IE000HGM78N6,5.36,4.65,2.77,,,2.46,4.12,1.87,,1.86,1.18,,,1.34,,0.9,,,,,,,,,,,,,,
IE000HH3SU50,,,,6.04,,,,,,,,,,,,,2.55,2.42,2.36,1.46,1.92,1.26,2.3,,,,1.22,,,
IE000HIHKYJ1,15.65,13.72,8.95,,,7.53,6.77,4.2,5.39,5.78,3.82,,,3.99,,,,,,,,,,,,,,,,
IE000HM5TZ60,,,,,,,,,,,,,,,,,,,,,,,,,,,,,,
IE000HPBRE54,7.45,,,,,3.61,,1.91,,2.68,1.65,,,1.91,,0.99,,,,,,,,,,,,,,1.08
IE000HQY8R78,,,,,,,,,,,,,,,,,,,,,,,,,,,,,,
IE000HSER094,6.96,6.46,4.51,,,3.65,3.04,2.1,2.42,3.02,1.69,,,1.87,,,,,,,,,,,,,,,,
IE000HT7E0B1,,,,,,,,,,,,,,,,,,,,,,,,,,,,,,
IE000HT8JEW8,,,,,,,,,,,,,,,,,,,,,,,,,,,,,,
IE000HY30YW6,7.53,6.6,4.3,,,3.62,3.25,2.02,2.59,2.78,1.84,,,1.92,,,,,,,,,,,,,,,,
IE000HYFO765,7.4,7.04,4.36,,,4.0,5.57,2.3,,3.22,2.28,,,1.99,,,,,,,,,,,,,,,,
IE000I0U8OO3,,,,,,,,,,,,,,,,,,,,,,,,,,,,,,
IE000I1D7D10,,,,,,,,,,,,,,,,,,,,,,,,,,,,,,
IE000I1Q42S9,,,,,,,,,,,,,,,,,,,,,,,,,,,,,,
IE000I25S1V5,,,,,,,,,,,,,,,,,,,,,,,,,,,,,,
IE000I2WYEU9,,,,,,,,,,,,,,,,,,,,,,,,,,,,,,
IE000I5MBLC4,8.59,7.34,4.96,,,4.16,2.82,2.06,3.77,3.42,1.93,,,,,,,,,,,,,,,,,,,
IE000I660ZF8,,,,,,,,,,,,,,,,,,,,,,,,,,,,,,
IE000I6Q83Z7,,,,,,,,,,,,,,,,,,,,,,,,,,,,,,
IE000I7E6HL0,,,,,,,,,,,,,,,,,,,,,,,,,,,,,,
IE000I8CR2Q4,,,,,,,,,,,,,,,,,,,,,,,,,,,,,,
IE000I8IKC59,,,,,,,,,,,,,,,,,,,,,,,,,,3.78,,,,
IE000I8KRLL9,5.29,,,4.75,6.33,,,9.62,,5.35,,,5.17,,,8.17,,,,,,,,,,,,,,5.42
IE000IAPH329,,,,,,,,,,,,,,,,,,,,,,,,,,,,,,
IE000IAXNM41,,,,,,,,,,,,,,,,,,,,,,,,,,,,,,
IE000IDJKTB3,,,,,,,,,,,,,,,,,,,,,,,,,,,,,,
IE000IEGVMH6,7.26,6.8,4.08,,,3.59,3.18,1.87,2.52,2.72,1.67,,,1.94,,,,,,,,,,,,,,,,
IE000IEOQSJ3,,,,,,,,,,,,,,,,,,,,,,,,,,,,,,
IE000IF0HTJ9,,,,,,,,,,,,,,,,,,,,,,,,,,,,,,
IE000IF5WTI9,7.17,6.46,4.38,,,3.71,,2.17,,2.79,1.9,,,,,1.75,,,,,,,,,,,,,,
IE000IGMB3E1,4.3,5.17,5.86,,,,,,,3.68,,,,,,,,,,,,,,,,,,,,
IE000IHURBR0,,,,,,,,,,,,,,,,,,,,,,,,,,,,,,
IE000IIED424,7.17,6.46,4.38,,,3.71,,2.17,,2.79,1.9,,,,,1.75,,,,,,,,,,,,,,
IE000IIHLZL0,,,,,,,,,,,,,,,,,,,,,,,,,,,,,,
IE000IISJT64,4.96,5.03,4.51,6.26,,,,,,4.87,,,,4.15,,,4.61,,,,,,4.67,,,,,,,
IE000IKCYI88,,,,,,,,,,,,,,,,,,,,,,,,,,,,,,
IE000IKMJDQ6,,,,,,,,,,,,,,,,,,,,,,,,,,,,,,0.26
IE000IM4K4K2,3.94,3.67,3.54,,3.78,,,5.58,3.86,,,,,3.99,,,,,,,,,,,,,,,,
IE000IMGE5W5,,,,,,,,,,,,,,,,,3.22,,,3.24,,,,,,,,,,
IE000INTB8Q8,,,,,,,,,,,,,,,,,,,,,,,,,,,,,,
IE000IP0UC52,7.05,,4.24,,,,3.08,,2.45,,3.22,,,,,5.32,,,,,,,,,,,,,,2.94
IE000IQQEL77,,,,,,,,,,,,,,,,,,,,,,,,,,,,,,
IE000IR2DEM6,,,,,,,,,,,,,,,,,,,,,,,,,,,,,,
IE000IR87HP7,,,,,,,,,,,,,,,,,,,,,,,,,,,,,,
IE000IUNJSL2,,,,,,,,,,,,,,,,,,,,,,,,,,,,,,
IE000IVQPCG4,5.42,4.87,3.24,1.01,,2.71,,1.59,,2.09,1.46,,,,,1.33,,,,,,,,,,,,,,
IE000IX54FW5,7.49,6.83,4.47,,,3.7,3.42,2.1,2.69,2.6,1.89,,,1.89,,,,,,,,,,,,,,,,
IE000IY9QFN9,8.65,3.79,2.17,,2.59,4.79,7.26,,,2.51,,,,3.1,,,,,,,,,,,,,,,,
IE000IZO7033,,,,,,,,,,,,,,,,,,,,,,,,,,,,,,
IE000J0JU6M8,,,,,,,,,,,,,,,,,,,,,,,,,,,,,,
IE000J0LN0R5,,,,,,,,,,,,,,,,,,,,,,,,,,,,,,
IE000J3F4J90,,,,,,,,,,,,,,,,,,,,,,,,,,,,,,
IE000J46YVX2,,,,,,,,,,,,,,,,,,,,,,,,,,,,,,
IE000J4FE268,,,,,,,,,,,,,,,,,,,,,,,,,,,,,,
IE000J4HXHK1,,,,,,,,,,,,,,,,,,,,,,,,,,,,,,
IE000J5PESP7,,,,,,,,,,,,,,,,,,,,,,,,,,,,,,
IE000J6CHW80,,,,,,,,,,,,,,,,,,,,,,,,,,,,,,
IE000J7AY5Y3,13.15,11.99,7.76,,,4.67,3.79,,3.09,5.27,3.21,,,3.0,,,,,,,,,,,,,,,,
IE000J7QYHD8,,,,,,,,,,,,,,,,,,,,,,,,,,,,,,
IE000J80JTL1,,,,,,,,,,,,,,,,,,,,,8.29,,,,,,,,,
IE000J8RGOJ4,,,,,,,,,,,,,,,,,,,,,,,,,,,,,,
IE000J8Z5N74,,,,,,,,,,,,,,,,,,,,,,,,,,,,,,
IE000JBB8CR7,,,,,,,,,,,,,,,,,,,,,,,,,,,,,,
IE000JBJ1NZ4,,,,,,,,,,,,,,,,,,,,,,,,,,,,,,
IE000JBZXFH0,,,,,,,,,,,,,,,,,,,,,,,,,,,,,,
IE000JCGTOP1,7.17,6.46,4.38,,,3.71,,2.17,,2.79,1.9,,,,,1.75,,,,,,,,,,,,,,
IE000JCW3DZ3,,,,,,,,,,,,,,,,,,,,,,,,,,,,,,
IE000JEU61P1,,,,,,,,,,,,,,,,,,,,,,,,,,,,,,
IE000JEXZJT1,,,,,,,,,,,,,,,,,,,,,,,,,,,,,,
IE000JEZ2VB3,,,,2.83,,,,,,,,,,,,,4.04,,,3.33,,,,,,,,3.19,,
IE000JHMFVN7,,,,,,,,,,,,,,,,,,,,,,,,,,,,,,
IE000JHYO4T6,,,,,,,,,,,,,,,,,,,,,,,,,,3.91,,,,
IE000JIPY1U8,8.38,7.3,4.88,,,4.6,,7.0,6.33,,2.99,,,2.98,,4.84,,,,,,,,,,,,,,3.63
IE000JJLNIG0,,,,,,,,,,,,,,,,,,,,,,,,,,,,,,
IE000JJMOWY0,,,,,,,,,,,,,,,,,,,,,,,,,,,,,,
IE000JJPY166,,,,,,,,,,,,,,,,,,,,,,,,,,,,,,
IE000JJQ6248,,,,,,,,,,,,,,,,,,,,,,,,,,,,,,
IE000JKS50V3,,,,,,,,,,,,,,,,,5.15,,5.1,,,,3.9,,,,,,,
IE000JL9SV51,,,,,,,,,,,,,,,,,,,,,,,,,,,,,,
IE000JLILKH0,4.82,4.17,2.85,,1.91,2.46,2.06,1.47,1.61,1.75,,,,1.29,,,,,,,,,,,,,,,,
IE000JLXYKJ8,,,,,,,,,,,,,,,,,,,,,,,,,,,,,,
IE000JMMZAP4,,,,,,,,,,,,,,,,,,,,,,,,,,,,,,
IE000JNHCBM6,,,,,,,,,,,,,,,,,,,,,,,,,,,,,,
IE000JNKVS10,,,,,,,,,,,,,,,,,,,,,,,,,,,,,,
IE000JQ1PF28,9.75,8.79,5.93,,,4.84,4.25,2.73,3.67,3.67,2.75,,,2.6,,,,,,,,,,,,,,,,
IE000JQ2IJD3,,,,,,,,,,,,,,,,,,,,,,,,,,,,,,
IE000JQ3ELQ8,,,,,,,,,,,,,,,,,,,,,,,,,,,,,,
IE000JR51TI1,,,,,,,,,,,,,,,,,,,,,,,,,,,,,,
IE000JS0HUM5,,,,,,,,,,,,,,,,,,,,,,,,,,,,,,
IE000JS4ANL9,,,,,,,,,,,,,,,,,,,,,,,,,,,,,,
IE000JSJOR00,9.44,7.21,4.85,,,4.12,2.92,5.58,,,2.86,,,,,4.92,,,,,,,,,,,,,,
IE000JTPK610,6.96,,,3.65,4.84,,,,,,3.76,,,,,,,,,,,,,,,,,,,2.59
IE000JUB0QM2,,,,,,,,,,,,,,,,,,,,,,,,,,,,,,
IE000JUREXG2,,,,,,,,,,,,,,,,,,,,,,,,,,,,,,
IE000JXFRNI0,,,,,,,,,,,,,,,,,,,,,,,,,,,,,,
IE000JZ473P7,7.52,6.6,4.3,,,3.62,3.25,2.02,2.59,2.77,1.84,,,1.92,,,,,,,,,,,,,,,,
IE000K1P4V37,5.0,,,5.75,,,,,,,,,,,,,,,,,,,,,,,,,,4.3
IE000K1VI152,,,,,,,,,,,,,,,,,,,,,,,,,,,,,,
IE000K22VCJ6,,,,,,,,,,,,,,,,,,,,,,,,,,,,,,
IE000K44CW70,,,,,,,,,,,,,,,,,,,,,,,,,,,,,,
IE000K4JG8P9,8.35,6.73,4.97,,,4.3,3.46,2.39,2.49,3.11,,,,2.13,,,,,,,,,,,,,,,,1.83
IE000K54GGV6,7.93,6.63,4.69,,,3.97,3.3,2.29,2.48,2.89,1.61,,,2.07,,,,,,,,,,,,,,,,
IE000K5F6EL4,,,,,,,2.16,,,,,,,,,,,,,,,,,,,,,,,4.01
IE000K7PC2G4,,,,,,,,,,,,,,,,,,,,,,,,,,,,,,
IE000K975W13,,,,,,,,,,,,,,,,,,,,,,,,,,,,,,
IE000K9Z3SF5,,,,,,,,,,,,,,,,,,,,,,,,,,,,,,
IE000KBUL630,,,,,,,,,,,,,,,,,,,,,,,3.07,,,,,,,
IE000KCKFHE8,,,,,,,,,,,,,,,,,,,,,,,,,,,,,,
IE000KCS7J59,,,,,15.08,,,,,,,8.16,7.64,,,,,,,,,,,,2.73,,,,,
IE000KD0BZ68,,,,,,,,,,,,,,,,,,,,,,,,,,,,,,
IE000KDY10O3,10.43,11.59,,,,,,,,,,,,9.06,,,,,,,,,,,,,,,,
IE000KEFZYE7,,,,,9.91,,,,,,,8.25,8.66,,,,,,,,,,,,2.86,,,,,
IE000KF370H3,,,,,,,,,,,,,,,,,,,,,,,,,,,,,,
IE000KG7KXI7,,,,,,,,,,,,,,,,,,,,,,,,,,,,,,
IE000KHX9DX6,,,,,,,,,,,,,,,,,,,,,,,,,,,,,,
IE000KIQ3DT5,,,,,,,,,,,,,,,,,,,,,,,,,,,,,,
IE000KJPDY61,4.57,4.04,2.77,,,2.21,2.07,,1.74,1.52,,,,,,,,,,,,,,,,,,,,
IE000KL4O2Z8,,,,,,,,,,,,,,,,,,,,,,,,,,,,,,
IE000KLC2EN9,,,,,,,,,,,,,,,,,,,,,,,,,,,,,,
IE000KLSD4Y8,5.17,4.74,2.94,,,2.58,2.33,1.46,1.83,1.9,1.33,,,1.38,,,,,,,,,,,,,,,,
IE000KPJJWM6,,,,,18.62,,,,,,,,,,,,,,,,,,,,,,,,,
IE000KR2IEH1,,,,,,,,,,,,,,,,,,,,,,,,,,,,,,
IE000KTD59H4,4.66,4.2,2.74,,1.88,2.24,2.01,,1.75,1.76,1.27,,,1.23,,,,,,,,,,,,,,,,
IE000KXCEXR3,12.46,,7.02,,,,5.23,3.06,4.22,,,,,,,,,,,,,,,,,,,,,
IE000KXM3O48,,,,,,,,,,,,,,,,,,,,,,,,,,,,,,
IE000KXMLOD6,,,,,,,,,,,,,,,,,,,,,,,,,,,,,,
IE000KXNPEV8,,,,,,,,,,,,,,,,,,,,,,,,,,,,,,
IE000KXTLDE2,6.91,,,8.98,8.19,,,3.88,,,,3.49,,,,,,,,,,,,,,4.8,,,,4.86
IE000KYX7IP4,,,,,,,,,,,,,,,,,,,,,,,,,,,,,,
IE000L00POB4,,,,,,,,,,,,,,,,,,,,,,,,,,,,,,
IE000L0X6L81,,,,,,,,,,,,,,,,,,,,,,,,,,,,,,
IE000L2SA8K5,,,,,,,,1.27,,,,,,,,,,,,,,,,,,,,,,1.27
IE000L2TO2T2,,,,,,,,,,,,,,,,,,,,,,,,,,,,,,
IE000L2ZNB07,7.69,6.89,4.56,,,3.81,3.43,2.14,2.76,2.89,2.02,,,2.04,,,,,,,,,,,,,,,,
IE000L4EH2K5,,,,,,,,,,,,,,,,,5.03,,5.55,,,,4.38,,,,,,,
IE000L5NW549,3.31,2.79,,,,,4.0,2.56,,,,,,,,,2.28,,,,,,,,,,,,,
IE000LAP5Z18,,,,,,,,0.37,,,,,,,,,,,,,,,,,,,,,,
IE000LCKJ888,,,,,,,,,,,,,,,,,,,,,,,,,,,,,,
IE000LEIJUY9,,,,,,,,,,,,,,,,,,,,,,,,,,,,,,
IE000LETV955,,,,,,,,,,,,,,,,,,,,,,,,,,,,,,
IE000LEVKOK2,,,,,,,,,,,,,,,,,,,,,,,,,,,,,,
IE000LFC57H7,4.14,,3.96,,4.14,,,3.08,,3.79,2.34,2.42,2.32,,,1.92,,,,,,,,,,,,,,
IE000LG8P349,,,,,,,,,,,,,,,,,,,,,,,,,,,,,,
IE000LGHLQ71,,,,,,,,,,,,,,,,,,,,,,,,,,,,,,
IE000LGWDNE5,,,,,,,,,,,,,,,,,,,,,,,,,,,,,,
IE000LH4DDC2,,,,,,,,,,,,,,,,,,,,,,,,,,,,,,
IE000LHP8TA1,,,,,,,,,,,,,,,,,,,,,,,,,,,,,,
IE000LJ2O0V5,,,,,,,,,,,,,,,,,,,,,,,,,,,,,,
IE000LKGEZQ6,,,,,,,,,,,,,,,,,,,,,,,,,,,,,,
IE000LO4MAC0,,,,,,,,,,,,,,,,,,,,,,,,,,,,,,
IE000LOAUP03,,,,10.41,,,,,,,,,,,4.68,,,,,3.57,3.73,4.02,,,,,3.07,3.11,,
IE000LRGEN55,,,,,,,,,,,,,,,,,,,,,,,,,,,,,,
IE000LRRPK60,2.2,3.8,3.29,,,,,,,2.72,,,,,,,,,,,,,,,,,,,,
IE000LSFKN16,,,,,,,,,,,,,,,,,,,,,,,,,,,,,,
IE000LSRKCB4,,,,,,,,,,,,,,,,,,,,,,,,,,,,,,
IE000LST78X7,,,,,,,,,,,,,,,,,,,,,,,,,,,,,,
IE000LTA2082,,,,,,,,,,,,,,,3.07,,,,,,2.35,,,,,,,,,
IE000LUZJNI7,,,,0.37,,,,,,,,,,,,,,,,,,,,,,,,,,
IE000LVB7GJ9,,,,,,,,,,,,,,,,,,,,,,,,,,,,,,
IE000LW5CCQ4,,,,,,,,,,,,,,,,,,,,,,,,,,,,,,
IE000LX17BP9,,,,,,,,,,,,,,,,,,,,,,,,,,,,,,
IE000LXEN6X4,,,,10.37,,,,,,,,,,,5.67,,,,,3.9,4.52,4.4,,,,,3.72,3.4,,
IE000LYBU7X5,6.2,3.44,2.31,,,,,2.67,,,,,,,,,2.17,,,,,,,,,,,,,
IE000LZ7BZW8,,,,,,,,,,,,,,,,,,,,,,,,,,,,,,
IE000LZC9NM0,,,,,,,,,,,,,,,,,,,,,,,,,,,,,,
IE000LZI2UH4,,,,,,,,,,,,,,,,,,,,,,,,,,,,,,
IE000M02BVY5,,,,,,,,,,,,,,,,,,,,,,,,,,,,,,
IE000M07S996,,,,,,,,,,,,,,,,,,,,,,,,,,,,,,
IE000M284BG0,,,,,,,,,,,,,,,,,,,,,,,,,,,,,,
IE000M3UHD88,,,,,,,,,,,,,,,,,,,,,,,,,,,,,,
IE000M46QA27,7.03,6.46,4.06,,,3.63,3.21,2.01,2.53,2.61,1.81,,,1.93,,,,,,,,,,,,,,,,
IE000M4Z0RA5,,,,,,,,,,,,,,,,,,,,,,,,,,,,,,
IE000M6STPW4,,,,,,,,,,,,,,,,,,,,,,,,,,,,,,
IE000M7V94E1,,,,,,,,,,,,,,,,,,,,,,,,,,,,,,
IE000M86QRT4,,,,,,,,0.37,,,,,,,,,,,,,,,,,,,,,,
IE000M8NCUC9,,,,,,,,,,,,,,,,,,,,,,,,,,,,,,
IE000MAO75G5,,,,5.4,,,,,,,,,,,1.68,,2.03,2.3,2.0,1.27,,1.4,2.05,1.54,,,,,1.87,
IE000MC1J5C5,7.28,6.83,4.07,,,3.62,1.71,1.89,4.06,2.74,1.69,,,1.93,,,,,,,,,,,,,,,,
IE000MCVFK47,,,,,,,,,,,,,,,,,,,,,,,,,,,,,,
IE000MDKBOB3,,,,,,,,,,,,,,,,,,,,,,,,,,,,,,
IE000ME8PWJ4,,,,,,,,,,,,,,,,,,,,,,,,,,,,6.43,,
IE000MELAE65,,,,,,,,,,,,,,,,,,,,,,,,6.32,,,,,,
IE000MGAVJV3,9.0,8.35,5.17,,,4.47,3.97,,3.11,,2.29,,,2.36,,,,,,,,,,,,,,,,
IE000MINO564,,,,,,,,,,,,,,,,,,,,,,,,,,,,,,
IE000MIXAK02,,,,,,,,,,,,,,,,,,,,,,,,,,,,,,
IE000MJ79846,,,,,,,,,,,,,,,,,,,,,,,,,,,,,,
IE000MJIXFE0,6.97,6.5,3.86,,,3.43,1.56,1.79,3.95,2.61,1.6,,,1.83,,,,,,,,,,,,,,,,
IE000MKIH0W7,,,8.47,,,,,3.1,,,,,,4.26,,,,,,,,,,,,,,,,
IE000MLMNYS0,,,,,,,,,,,,,,,,,,,,,,,,,,,,,,0.26
IE000MMRLY96,,,,,,,,,,,,,,,,,,,,,,,,,,,,,,
IE000MNNJDT4,,,,,,,,,,,,,,,,,,,,,,,,,,,,,,
IE000MO2MB07,,,,,,,,,,,,,,,,,,,,,,,,,,,,,,
IE000MO5BTJ4,,,,,,,,,,,,,,,,,,,,,,,,,,,,,,
IE000MQ5XEW1,,,,,,,,,,,,,,,,,,,,,,,,,,,,,,
IE000MRIQ479,,,,,,,,,,,,0.29,,,,,,,,,,,,,,0.31,,,,
IE000MS76E73,,,,,,,,,,,,,,,,,,,,,,,,,,,,,,
IE000MS9DTS9,,,,,,,,,,,,,,,,,,,,,,,,,,,,,,
IE000MTYM4K8,4.96,3.67,2.55,1.28,2.27,2.0,4.19,1.89,,1.86,,1.45,,,,,,,,,,,,,,,,,,
IE000MU0FDZ8,10.5,8.92,5.78,,,4.9,4.45,3.02,3.57,3.96,2.32,,,2.63,,,,,,,,,,,,,,,,
IE000MUAJIF4,,,,,,,,,,,,,,,,,,,,,,,,,,,,,,
IE000MVWFDH1,,,,,,,,,,,,,,,,,,,,,,,,,,,,,,
IE000MW6GT38,,,,,,,,,,,,,,,,,,,,,,,,,,4.96,,,,
IE000MWUQBJ0,,,,10.45,,,,,,,,,,,4.69,,,,,3.58,3.75,4.04,,,,,3.08,3.12,,
IE000MY0C911,,,,,,,,,,,,,,,,,,,,,,,,,,,,,,
IE000MYCJA42,6.97,6.5,3.86,,,3.43,1.56,1.79,3.95,2.61,1.6,,,1.83,,,,,,,,,,,,,,,,
IE000MZFIJ99,,,,,,,,,,,,,,,,,,,,,,,,,,,,,,
IE000N0TTJQ9,,,,,,,,,,,,,,,,,,,,,,,,,,,,,,
IE000N1ZEIG9,8.27,4.57,4.36,,,2.45,3.43,3.97,2.75,,,,,,,,,,,,,,,,,,,,,2.17
IE000N3TZN02,,,,,,,,,,,,,,,,,,,,,,,,,,,,,,
IE000N42HDP2,4.15,,2.67,,,,3.41,,,1.74,,,,,,,,,,,,,,,,,,,,
IE000N4E8XZ6,,,,,,,,,,,,,,,,,,,,,,,,,,,,,,
IE000N5JOGS2,,,,,,,,,,,,,,,,,,,,,,,,,,,,,,
IE000N6I8IU2,7.83,6.83,4.56,,,4.3,,6.54,5.92,,2.8,,,2.79,,4.52,,,,,,,,,,,,,,3.39
IE000N6LBS91,5.17,4.74,2.94,,,2.58,2.33,1.46,1.83,1.9,1.33,,,1.38,,,,,,,,,,,,,,,,
IE000N70F6V6,,,,,,,,,,,,,,,,,,,,,,,,,,,,,,
IE000N7LUK04,4.07,,,,,,,,,,,,,,,,,,,,,,,,,,,,,
IE000N85G7P8,7.26,6.8,4.08,,,3.59,3.18,1.87,2.52,2.72,1.67,,,1.94,,,,,,,,,,,,,,,,
IE000N921WJ6,5.13,4.71,2.92,,,2.56,2.31,1.44,1.81,1.89,1.31,,,1.37,,,,,,,,,,,,,,,,
IE000N990RE2,,,,,,,2.9,,2.3,,,,,4.51,,,,,,,,,,,,,,,,
IE000NA8E2W0,,,,,,,,,,,,,,,,,,,,,,,,,,,,,,
IE000NAFAKL6,,,,,,,,,,,,,,,,,,,,,,,,,,,,,,
IE000NBRE3P7,,,,,,,,,,,,,,,,,,,,,,,,,,,,,,
IE000NDWFGA5,,,,,,,,,,,,,,,,,,,,,,,,,,,,,,
IE000NFR7C63,,,,,,,,,,,,,,,,,,,,,,,,,7.0,,,,,
IE000NITTFF2,13.83,6.72,4.11,,,,6.17,3.86,4.98,5.21,3.64,,,3.0,,,,,,,,,,,,,,,,
IE000NKC01D0,,,,,,,,,,,,,,,,,,,,,,,,,,,,,,
IE000NL12KM9,,,,,,,,,,,,,,,,,,,,,,,,,,,,,,
IE000NM0ALX6,,,,,,,,,,,,,,,,,,,,,,,,,,,,,,
IE000NRGX9M3,,,,6.79,,,,,,,,,,,2.11,,2.62,,2.51,1.61,,1.79,2.59,,,,1.41,,2.37,
IE000NVDQXE1,,,,,,,,,,,,,,,,,,,,,,,,,,,,,,
IE000NVVIF88,,,,,14.76,,,,,,,8.27,10.53,,,,,,,,,,,,,,,,,
IE000NX8S1Z1,,,,,,5.03,,,5.19,5.18,,,,,5.4,,,,,,5.03,,,,,,,4.79,,
IE000NXF88S1,,,,,,,,,,,,,,,,,,,,,,,,,,,,,,
IE000NYVK0R8,,,5.3,4.96,,4.17,,,,,,,,,,,,,,,,,,,,,,,,
IE000NZURBQ4,,,,,,,,,,,,,,,,,,,,,,,,,,,,,,
IE000O0KDG23,8.99,6.93,5.87,,,,,,3.91,2.93,3.9,,,,,4.24,,,,,,,,,,,,,,
IE000O1FWAW6,,,,,,,,,,,,,,,,,,,,,,,,,,,,,,
IE000O2QIHN4,,,,,,,,,,,,,,,,,,,,,,,,,,,,,,
IE000O36LOH8,,,,,,,,,,,,,,,,,,,,,,,,,,,,,,
IE000O50THD5,5.34,5.23,3.33,,,3.1,2.58,1.7,1.94,2.02,,,,,,,,,,,,,,,,,,,,
IE000O58J820,7.69,6.89,4.56,,,3.81,3.43,2.14,2.76,2.89,2.02,,,2.04,,,,,,,,,,,,,,,,
IE000O5FBC47,8.45,4.91,4.54,,,,3.46,,2.78,,2.64,,,,,,,,,,,,,,,,,,,2.95
IE000O5M6XO1,,,,,,,,,,,,,,,,,,,,,,,,,,,,,,
IE000O6GI299,,,,,,,,,,,,,,,,,,,,,,,,,,,,,,
IE000O6Z73N7,,,,,,,,,,,,,,,,,,,,,,,,,,,,,,
IE000O8KMPM1,,,,,,,,,,,,,,,,,,,,,,,,,,,,,,
IE000O8S1EX4,,,,2.52,3.34,,,,,,,,,,,,,,,,,,,,,,,3.2,,
IE000OAZZ3X6,,,,,,,,,,,,,,,,,,,,,,,,,,,,,,0.26
IE000OBK3UE0,,,,,,,,,,,,,,,,,,,,,,,,,,,,,,
IE000OEF25S1,,,,0.14,,,,,,,,,,,,,,,,,,,,,,,,,,
IE000OHEH5Y9,5.36,4.65,2.77,,,2.46,4.12,1.87,,1.86,1.18,,,1.34,,0.9,,,,,,,,,,,,,,
IE000OHHIBC6,5.17,4.76,2.95,,,2.58,2.33,1.46,1.83,1.9,1.33,,,1.38,,,,,,,,,,,,,,,,
IE000OHXGWO8,,,,,,,,,,,,,,,,,,,,,,,,,,,,,,
IE000OJ31JQ4,,,,,,,,,,,,,,,,,,,,,,,,,,,,,,
IE000OJ5TQP4,,,,,,,,,,,,,,,,,,,,,,,,,,,,,,
IE000OJF8NN4,,,,,,,,,,,,,,,,,,,,,,,,,,,,,,
IE000OKVTDF7,5.36,4.66,2.43,,,,,5.22,,,,,,,,,,,,,,,,,,,,,,
IE000OL3XN92,,,,,,,,,,,,,,,,,,,,,,,,,,,,,,
IE000OLIUP21,,,,,,,,,,,,,,,,,,,,,,,,,,4.35,,,,
IE000ON9GR24,,,,,,,,,,,,,,,,,,,,,,,,,,,,,,
IE000ONYHPZ2,,,,,,,,,,,,,,,,,,,,,,,,,,,,,,
IE000OPODKS3,7.03,6.59,4.16,,,3.56,3.11,2.02,2.45,2.6,1.69,,,1.91,,,,,,,,,,,,,,,,
IE000OQGOX00,,,,,,,,,,,,,,,,,,,,,,,,,,,,,,
IE000OULL4R4,7.16,6.59,4.08,,,3.57,3.22,2.02,2.54,2.64,1.83,,,1.92,,,,,,,,,,,,,,,,
IE000OV4XWA3,,,,,,,,,,,,,,,2.41,,,,,1.8,1.81,1.97,,,,,1.9,,,
IE000OVF8Q66,,,,,9.54,,,,,,,9.02,8.06,,,,,,,,,,,,3.21,,,,,
IE000OW54ZX1,,,,,,,,,,,,,,,,,,,,,,,,,,,,,,
IE000OXJ91D7,5.42,4.87,3.24,1.01,,2.71,,1.59,,2.09,1.46,,,,,1.33,,,,,,,,,,,,,,
IE000OY7BDY9,6.83,6.28,3.89,,,3.41,3.08,1.93,2.41,2.51,1.75,,,1.83,,,,,,,,,,,,,,,,
IE000OYABFQ2,,,,,,,,,,,,,,,,,,,,,,,,,,,,,,
IE000P0AMD16,,,,,,,,,,,,,,,,,,,,,,,,,,,,,,
IE000P0FL8E3,,,,,,,,,,,,,,,,,,,,,,,,,,,,,,
IE000P0R7WK6,,,,,,,,,,,,,,,,,,,,,,,,,,,,,,
IE000P16KP52,,,,,,,,,,6.67,,,,,,,,,,,,,,,,,,,,
IE000P1G9TM6,,,,,,,,,,,,,,,,,,,,,,,,,,,,,,
IE000P1IQS65,5.32,4.95,3.15,,,2.6,2.4,1.5,1.93,1.9,1.33,,,1.32,,,,,,,,,,,,,,,,
IE000P1WR081,,,,,13.82,,,,,,,,11.34,,,,,,,,,,,,,,,,,
IE000P2CI9P3,,,,,,,,,,,,,,,,,,,,3.5,,,,,,,,3.05,,
IE000P2WSBY0,,,,,,,,,,,,,,,,,,,,,,,,,,,,,,
IE000P334X90,,,,,10.02,,,,,,,9.21,7.81,,,,,,,,,,,,2.88,,,,,
IE000P3D0W60,,,,,,,,,,,,,,,,,,,,,,,,,,,,,,
IE000P4KWPY3,,,,,,,,,,,,,,,,,,,,,,,,,,,,,,
IE000P5IB8I8,,,,,,,,,,,,,,,,,,,,,,,,,,,,,,
IE000P60WPS6,5.13,4.71,2.92,,,2.56,2.31,1.44,1.81,1.89,1.31,,,1.37,,,,,,,,,,,,,,,,
IE000P7C7930,,,,,,,,,,,,,,,,,,,,,,,,,,,,,,
IE000PA766T7,,,,,,,,,,,,,,,,,,,,,,,,,,,,,,
IE000PB4LRO2,5.3,4.92,2.96,,,2.59,,1.36,3.42,1.98,1.24,,,1.38,,,,,,,,,,,,,,,,
IE000PBKBK34,,,,,,,,,,,,,,,,,,,,,,,,,,,,,,
IE000PCF9772,,,,,,,,,,,,,,,,,,,,,,,,,,,,,,
IE000PDUVTF3,7.03,6.59,4.16,,,3.56,3.11,2.02,2.45,2.6,1.69,,,1.91,,,,,,,,,,,,,,,,
IE000PEAJOT0,7.05,,4.24,,,,3.08,,2.45,,3.22,,,,,5.32,,,,,,,,,,,,,,2.94
IE000PEYL7P5,,,,,,30.53,,,,,17.76,,,,,,,,,,,,,,,,,,,
IE000PH09T78,7.4,7.04,4.36,,,4.0,5.57,2.3,,3.22,2.28,,,1.99,,,,,,,,,,,,,,,,
IE000PHR51Q6,,,,,9.54,,,,,,,9.02,8.06,,,,,,,,,,,,3.21,,,,,
IE000PJL7R74,,,,,16.67,,,,,,,,9.59,,,,,,,,,,,,1.04,,,,,
IE000PKN5N58,,,,,,,,,,,,,,,,,,,,,,,,,,,,,,
IE000PL3UFC3,,,,,,,,,,,,,,,,,,,,,,,,,,,,,,
IE000PMX0MW6,,,,,,,,,,,,,,,,,,,,,,,,,,,,10.14,,
IE000PN9NSC6,,,,,,,,,,,,,,,,,,,,,,,,,,,,,,
IE000PNL0242,,,,,,,,,,,,,,,,,,,,,,,,,,,,,,
IE000PO34ON2,,,,,,,,,,,,,,,,,,,,,,,,,,,,,,
IE000PPEL1I4,,,4.57,,3.66,5.16,,,,,,,,,,,,,,,,,,,,,,,,
IE000PQQLZM7,,,,,,,,,,,,,,,,,,,,,,,,,,,,,,
IE000PS0J481,,,,,,,,,,,,,,,,,,,,,,,,,,,,,,
IE000PTMIE90,,,,,,,,,,,,,,,,,,,,,,,,,,,,,,
IE000PUAKZP8,,,,,,,,,,,,,,,,,,,,,,,,,,,,,,
IE000PWGE381,11.73,7.5,5.41,,,,,4.1,,,2.58,,,,,7.0,,,,,,,,,,,,,,3.55
IE000PWSK6H1,,,,,,,,,,,,,,,,,,,,,,,,,,,,,,
IE000PXXRS03,,,,5.22,,,,,,,,,,,2.32,,1.39,1.69,1.87,1.76,,,2.22,,,,,,2.3,
IE000PY7F8J9,,,,,,,,,,,,,,,,,,,,,,,,,,,,,,
IE000PYEKKW0,,,,2.83,,,,,,,,,,,,,4.04,,,3.33,,,,,,,,3.19,,
IE000PYHMXV4,5.27,4.59,3.15,,,,,,,,,,,,,,,,,,,,,,,,,,,3.04
IE000PYIUPH0,,,,,,,,,,,,,,,,,,,,,,,,,,,,,,
IE000Q0CAPZ0,,,,,,,,,,,,,,,,,,,,,,,,,,,,,,
IE000Q0IU5T1,23.63,,13.86,3.3,,,,9.11,,9.59,,,,,,,,,,,,,,,,,,,,3.43
IE000Q0UH3Y7,,,,,,,,,,,,,,,,,,,,,,,,,,,,,,
IE000Q1M7HB8,,,,,,,,,,,,,,,,,,,,,,,,,,,,,,
IE000Q2EQ5K8,,,,,,,,,,,,,,,,,,,,,,,,,,,,,,
IE000Q2P3ZQ3,,,,,,,,,,,,,,,,,,,,,,,,,,,,,,
IE000Q4EBR54,,,,,,,,,,,,,,,,,,,,,,,,,,,,,,
IE000Q4J3CW6,,,,9.49,,,,,,,,,,,2.95,,,,,2.25,2.21,2.5,,,,,1.97,2.1,,
IE000Q5CPXZ1,5.73,5.36,3.27,,,2.81,2.5,1.47,1.98,2.12,1.33,,,1.53,,,,,,,,,,,,,,,,
IE000Q6C8036,11.91,,6.91,,,,5.23,3.25,4.19,,,,,,,,,,,,,,,,,,,,,1.3
IE000Q8F0M81,,,,,,,,,,,,,,,,,,,,,,,,,,,,,,
IE000Q8N7WY1,,,,,,,,,,,,,,,,,,,,,,,,,,,,,,
IE000Q9W2IR3,,,,,,,,,,,,,,,1.82,,,,,,,,,,,,,,,
IE000QADMYA3,,,,,,,,,,,,,,,,,,,,,,,,,,,,,,
IE000QAO7DD4,,,,,,,,,,,,,,,,,,,,,,,,,,,,,,
IE000QB5HJC8,,,,,,,,,,,,,,,,,,,,,,,,,,,,,,
IE000QC2YB58,,,,3.78,,,,,,,,,,,1.59,,,1.25,1.78,1.31,,1.21,,1.2,,,,,1.25,
IE000QDFFK00,7.6,6.67,4.35,,,4.03,3.27,5.64,3.03,,3.3,,,,,4.11,,,,,,,,,,,,,,
IE000QF66PE6,12.12,,6.93,,,,5.24,3.25,4.18,,,,,,,,,,,,,,,,,,,,,1.35
IE000QGWZZO0,,,,,,,,,,,,,,,,,,,,,,,,,,4.96,,,,
IE000QIF5N15,5.37,4.84,3.09,,,2.59,2.32,1.36,2.02,2.05,1.45,,,1.41,,,,,,,,,,,,,,,,
IE000QJMYB29,,,,,,,,,,,,,,,,,,,,,,,,,,,,,,
IE000QL3QEM2,,,,,,,,,,,,,,,,,,,,,,,,,,,,,,
IE000QLV3SY5,,,,,17.3,,,,,,,7.84,6.41,,,,,,,,,,,,3.47,,,,,
IE000QMIHY81,5.18,4.76,2.95,,,2.59,2.34,1.45,1.84,1.9,1.33,,,1.39,,,,,,,,,,,,,,,,
IE000QOLLXO2,,,,6.39,,,,,,,,,,,1.92,,2.52,2.27,2.74,2.2,,2.24,2.41,,,,,,,
IE000QOU09J7,,,,,,,,,,,,,,,,,,,,,,,,,9.23,,,,,
IE000QQ8Z0D8,7.28,6.83,4.07,,,3.62,1.71,1.89,4.06,2.74,1.69,,,1.93,,,,,,,,,,,,,,,,
IE000QRDCYW2,,,,,,,,,,,,,,,,,,,,,,,,,,,,,,
IE000QUCVEN9,,,,,,,,,,,,,,,,,,,,,,,,,,,,,,
IE000QUOSE01,,,,6.79,,,,,,,,,,,2.11,,2.62,,2.51,1.61,,1.79,2.59,,,,1.41,,2.37,
IE000QVCOG22,,,,5.3,4.73,,,,,,,,,,,,,,,,,,5.26,,,4.72,4.19,,,
IE000QVCP9S5,,,,,,,,,,,,,,,,,,,,,,,,,,,,,,
IE000QVOGR82,,,,,,,,,,,,,,,,,,,,,,,,,,,,,,
IE000QVYFUT7,,,,,,,,,,,,,,,,,,,,,,,,,,,,,,
IE000QWCYQT0,5.73,5.36,3.27,,,2.81,2.5,1.47,1.98,2.12,1.33,,,1.53,,,,,,,,,,,,,,,,
IE000QWO5FT3,,,,,,,,,,,,,,,,,,,,,,,,,,9.08,,,,
IE000QYDXKV5,,,,,,,,,,,,,,,,,4.91,4.0,,2.75,,,,4.02,,,,2.71,5.06,
IE000QZ7JON9,7.03,6.59,4.16,,,3.56,3.11,2.02,2.45,2.6,1.69,,,1.91,,,,,,,,,,,,,,,,
IE000QZF7EX2,,,,,,,,,,,,,,,,,,,,,,,,,,,,,,
IE000R3K9FF7,5.2,4.81,2.9,,,2.66,,1.5,3.52,1.96,1.43,,,1.37,,,,,,,,,,,,,,,,
IE000R4ZNTN3,,,,3.08,,,,,,,,,,,0.97,,1.19,1.29,1.15,,,,1.16,0.89,,,,,1.06,
IE000R65LK54,,,,,,,,,,,,,,,,,,,,,,,,,,,,,,
IE000R6TN604,,,,,,,,,,,,,,,,,,,,,,,,,,,,,,
IE000R7DCW45,,,,,,,,,,,,,,,,,,,,,,,,,,,,,,
IE000R7HJVO6,7.49,6.83,4.47,,,3.7,3.42,2.1,2.69,2.6,1.89,,,1.89,,,,,,,,,,,,,,,,
IE000R85HL30,6.94,,,,,,,,,,,,,,,,,,,,,,,,,,,,,3.87
IE000R88UVN6,,,,,,,,,,,,,,,,,,,,,,,,,,,,,,
IE000R8PO127,,,,,,,,,,,,,,,,,,,,,4.05,,,,,,,,,
IE000R9FA4A0,12.12,,6.93,,,,5.24,3.25,4.18,,,,,,,,,,,,,,,,,,,,,1.35
IE000RBFCPY3,,,,,,,,,,,,,,,,,,,,,,,,,,,,,,
IE000RC18FG8,,,,,,,,,,,,,,,,,,,,,,,,,,,,,,
IE000RC2UNU0,5.63,5.08,3.42,,,3.0,2.14,1.76,2.22,2.21,1.4,,,,,,,,,,,,,,,,,,,
IE000RDRMSD1,,,,,,,,,,,,,,,,5.1,,,,,,,,,,,,,,
IE000RE0SQM6,2.63,2.43,1.92,,,1.99,1.92,,,1.69,,,,,,,,,,,,,,,,,,,,1.7
IE000REC8UF0,,,,,,,,,,,,,,,,,,,,,,,,,,,,,,
IE000REVDBO3,,,,,,,,,,,,,,,,,,,,,,,,,,,,,,
IE000RH1ZG27,,,,,,,,,,,,,,,,,,,,,,,,,,,,,,
IE000RITWOD4,,,,5.22,,,,,,,,,,,2.32,,1.39,1.69,1.87,1.76,,,2.22,,,,,,2.3,
IE000RJECXS5,,,,,,,,,,,,,,,,,,,,,,,,,,,,,,
IE000RJL5A30,,,,,,,,,,,,,,,,,,,,,,,,,,,,,,
IE000RKSAPB9,,,,,,,,,,,,,,,,,,,,,,,,,,,,,,
IE000RLUE8E9,10.55,,5.5,,,,,,,,,,,,,6.42,,,,,,,,,,,,,,
IE000RLUVMR2,,,,,,,,,,,,,,,,,,,,,,,,,,,,,,
IE000RMSPY39,,,,,,,,,,,,,,,,,,,,,,,,,,,,,,
IE000RN036E0,,,,,,,,,,,,,,,,,,,,,,,,,,,,,,
IE000RN4ORI2,,,,,,,,,,,,,,,,,,,,,,,,,,,,,,
IE000RN58M26,6.8,,,,,,,,,,,,,5.46,,5.31,,,,,,,,,,,,,,
IE000ROSD5J6,,,,,,,,,,,,,,,,,,,,,,,,,,,,,,
IE000RQJBQI6,,,,,,,,,,,,,,,,,,,,,,,,,,,,,,
IE000RRCJI06,,,,,,,,,,,,,,,,,,,,,,,,,,,,,,
IE000RSCXLM4,8.29,5.46,4.91,,,5.02,,2.54,5.42,3.31,,,,2.67,,,,,,,,,,,,,,,,2.59
IE000RTQ5X23,13.34,12.27,7.6,,,6.66,6.01,3.77,4.72,4.91,3.43,,,3.58,,,,,,,,,,,,,,,,
IE000RUEGGK5,,,,,,,,,,,,,,,,,,,,,,,,,,,,,,
IE000RUF4QN8,7.6,6.67,4.35,,,4.03,3.27,5.64,3.03,,3.3,,,,,4.11,,,,,,,,,,,,,,
IE000RW7V8Q4,,,,,,,,,,,,,,,,,,,,,,,,,,,,,,
IE000RWQ7DN4,,,,,,,,,,,,,,,,,,,,,,,,,,,,,,
IE000RYWBSX8,,,,,,,,,,,,,,,,,,,,,,,,,,,,,,
IE000S0PSP47,,,,,,,,,,,,,,,,,,,,,,,,,,,,,,
IE000S23Q7H3,,,,,,,,,,,,,,,,,,,,,,,,,,,,,,
IE000S2QZKI8,,,,,,,,,,,,,,,,,,,,,,,,,,,,,,
IE000S3N6R34,,,,,15.01,,,,,,,8.12,7.61,,,,,,,,,,,,2.72,,,,,
IE000S4A5WE2,8.28,4.73,4.51,,,2.63,3.51,4.09,2.78,,,,,,,,,,,,,,,,,,,,,2.22
IE000S6476U8,,,,,,,,,,,,,,,,,,,,,,,,,,,,,,
IE000S67ID55,,,,,,,,,,,,,,,,,,,,,,,,,,,,,,
IE000S9T0WR9,8.63,8.19,5.63,,,,,,,,,,,,,,,,,,,,,,,,,,,3.81
IE000SA19OL0,,,,,,,,,,,,,,,,,,,,,,,,,,,,,,
IE000SAXJ1M1,,,,,,,,,,,,,,,,,,,,,,,,,,,,,,
IE000SB4G4I4,7.59,6.66,4.34,,,4.02,3.26,5.63,3.02,,3.29,,,,,4.1,,,,,,,,,,,,,,
IE000SB9GY21,,,,,,,,,,,,,,,,,,,,,,,,,,,,,,
IE000SBJO6L2,,,,,,,,,,,,,,,,,,,,,,,,,,,,,,
IE000SBU19F7,,,,,,,,,,,,,,,,,,,,,,,,,,,,,,
IE000SC8O430,,,,,,,,,,5.42,,,,,,,,,,,,,,,,,,,,
IE000SCAG5Q1,,,,,,,,,,,,,,,,,,,,,,,,,,,,,,
IE000SDFJUU0,,,,,,,,,,,,,,,,,,,,,,,,,,,,,,
IE000SE6KPV2,,,,,,,,,,,,,,,,,,,,,,,,,,,,,,
IE000SGVQIZ9,,,,,,,,,,,,,,,,,,,,,,,,,,,,,,
IE000SHR0UX9,4.4,3.84,2.51,,1.77,2.11,1.95,1.31,1.56,1.71,,,,1.16,,,,,,,,,,,,,,,,
IE000SI9E3I8,,,,,,,,,,,,,,,,,,,,,,,,,,,,,,
IE000SIZJ2B2,,,,,,,,,,,,,,,,,,,,,,,,,,,,,,
IE000SNCKVM9,,4.44,,,,,,,,,,,,,,,,,,,,,,,,,,,,5.19
IE000SNLFDR7,,,,,,,,,,,,,,,,,,,,,,,,,,,,,,
IE000SNMGYT5,,,,,,,,,,,,,,,,,,,,,,,,,,,,,,
IE000SNWS0L0,4.87,4.48,2.77,,1.96,2.43,2.17,1.37,1.75,1.79,,,,1.3,,,,,,,,,,,,,,,,
IE000SOORXS0,,,,,,,,,,,,,,,,,,,,,,,,,,,,,,
IE000SSFEUS3,,,,,,,,,,,,,,,,,,,,,,,,,,,,,,
IE000ST40PX8,,,,,,,,,,,,,,,,4.5,,,,,,,,,,,,,,
IE000ST59DS4,,,,,,,,,,,,,,,,,,,,,,,,,,,,,,
IE000ST7KGV2,,,,,,,,,,,,,,,,,,,,,,,,,,,,,,
IE000STIHQB2,,,,,,,,,,,,,,,,,,,,,,,,,,,,,,
IE000STJ19F2,7.6,6.67,4.35,,,4.03,3.27,5.64,3.03,,3.3,,,,,4.11,,,,,,,,,,,,,,
IE000SU1VJ03,,,,,,,,,,,,,,,,,,,,,,,,,,,,,,
IE000SU7USQ3,6.94,5.34,3.44,,,2.71,1.69,,2.99,2.13,2.13,,,,,1.79,,,,,,,,,,,,,,
IE000SVXJH05,,,,3.31,,,,,,,,,,,,,,,,,,,,,,,,,,
IE000SWSI2U4,13.57,,7.73,,,,6.11,,4.8,,3.48,,,,,2.78,,,,,,,,,,,,,,
IE000SWYZ0D5,,,,,,,,,,,,,,,,,,,,,,,,,,,,,,
IE000SYQFJV2,,,,,,,,,,,,,,,,,,,,,,,,,,,,,,
IE000T369T05,,,,,,,,,,,,,,,,,,,,,,,,,,5.6,,,,
IE000T4LTZ00,4.82,4.17,2.85,,1.91,2.46,2.06,1.47,1.61,1.75,,,,1.29,,,,,,,,,,,,,,,,
IE000T52YWD9,,,,,,,,,,,,,,,,,,,,,,,,,,,,,,
IE000T5R61X5,4.34,4.51,4.13,,,2.93,2.42,1.79,1.92,4.5,,,,,,2.3,,,,,,,,,,,,,,
IE000T62NEO6,,,,,,,,,,,,,,,,,,,,,,,,,,,,,,
IE000T8E6SX8,,,,,,,,,,,,,,,,,,,,,,,,,,,,,,
IE000T8QD852,,,,,,,,,,,,,,,,,,,,,,,,,,,,,,
IE000T9EOCL3,,,,,,,,,,,,,,,,,,,,,,,,,,,,,,
IE000T9NSP89,,,,,,,,,,,,,,,,,,,,,,,,,,,,,,
IE000TAA0GK0,,,,,,,,,,,,,,,,,,,,,,,,,,,,,,
IE000TAV7246,,,,,,,,,,,,,,,,,,,,,,,,,,,,,,
IE000TB15RC6,5.17,4.74,2.94,,,2.58,2.33,1.46,1.83,1.9,1.33,,,1.38,,,,,,,,,,,,,,,,
IE000TD32PU3,,,,,,,,,,,,,,,,,,,,,,,,,,,,,,
IE000TD3TI26,,2.64,3.24,,,6.14,,,,,,,,1.89,,,,,,,,,,,,,,,,
IE000TG1LGI4,9.81,,5.59,1.62,,,4.42,,3.47,,2.52,,,,,2.01,,,,,,,,,,,,,,
IE000TGCBXG8,,,,,,,,,,,,,,,,,,,,,,,,,,,,,,
IE000TGSG3Y5,,,,,,,,,,,,,,,,,,,,,,,,,,,,,,
IE000TI21P14,,,,5.75,,,,,,,,,,,1.49,,2.99,2.14,2.67,1.69,,1.29,,,,,,,,
IE000TIZ5AP4,,,,,,,,,,,,,,,,,,,,,,,,,,,,,,
IE000TMJDGV1,,,,,,,17.26,,13.8,,,,,18.07,,,,,,,,,,,,,,,,
IE000TT7HZ88,6.94,5.34,3.44,,,2.71,1.69,,2.99,2.13,2.13,,,,,1.79,,,,,,,,,,,,,,
IE000TVZKNN6,,,,,,,,,,,,,,,,,,,,,,,,6.32,,,,,,
IE000TWAN2K7,,,,,,,,,,,,,,,,,,,,,,,,,,,,,,
IE000TY854T9,,,,,,,,,,,,,,,,,,,,,,,,,,,,,,
IE000TYGG0N6,6.44,5.68,4.28,,,3.77,3.25,,2.84,2.84,,,,2.23,,1.76,,,,,,,,,,,,,,
IE000TZ4SIN6,5.36,4.65,2.77,,,2.46,4.12,1.87,,1.86,1.18,,,1.34,,0.9,,,,,,,,,,,,,,
IE000TZOB1X7,,,,,,,,,,,,,,,,,,,,,,,,,,,,,,
IE000TZT3JJ0,,,,,,,,,,,,,,,,,,8.68,7.51,,,,,6.04,,,,,,
IE000TZT8TI0,,,,,18.47,,,,,,,9.6,10.29,,,,,,,,,,,,3.8,,,,,
IE000U07IGB1,,,,,9.57,,,,,,,9.68,8.72,,,,,,,,,,,,2.65,,,,,
IE000U1MQKJ2,6.75,5.62,,3.41,,,2.31,,2.34,,,,,,,,,,,,,,,,,,,,,3.59
IE000U3XZQN5,,,,6.26,,,,,,,,,,,2.32,,2.07,,2.78,,1.51,,2.09,,,,1.55,,1.91,
IE000U58J0M1,,,,,,,,,,,,,,,,,,,,,,,,,,,,,,
IE000U5MJOZ6,2.63,2.43,1.92,,,1.99,1.92,,,1.69,,,,,,,,,,,,,,,,,,,,1.7
IE000U6ABUJ7,,,,,,,,,,,,,,,,,,,,,,,,,,,,,,
IE000U6US1Q0,,,,,,,,,,,,,,,,,,,,,,,,,,,,,,
IE000U7L59A3,7.17,6.73,4.1,,,3.64,2.56,2.18,3.21,2.69,1.93,,,1.91,,,,,,,,,,,,,,,,
IE000U7LIXH5,,,,,,,,,,,,,,,,,,,,,,,,,,,,,,
IE000U882CN5,,,,,,,,,,,,,,,,,,,,,,,,,,,,,,
IE000U9J8HX9,7.83,6.83,4.56,,,4.3,,6.54,5.92,,2.8,,,2.79,,4.52,,,,,,,,,,,,,,3.39
IE000U9ODG19,,,,,,,,,,,,,,,,,,,,,,,,,,,,,,
IE000UBAW7M3,7.65,6.83,4.39,,,3.62,3.21,1.87,2.58,2.84,1.7,,,1.95,,,,,,,,,,,,,,,,
IE000UBGUJP8,,,,,,,,,,,,,,,,,,,,,,,,,,,,,,
IE000UDFKE13,,,,,,,,,,,,,,,,,,,,,,,,,,,,,,
IE000UDUSCI9,,,,,,,,,,,,,,,,,,,,,,,,,,,,,,
IE000UDV9YG1,,,,,,,,,,,,,,,,,,,,,,,,32.36,,,,,,
IE000UERNJ93,,,,,,,,,,,,,,,,,,,,,,,,,,,,,,
IE000UFAX9L6,5.14,5.26,2.86,,,2.63,3.98,1.52,,2.16,1.53,,,1.45,,,,,,,,,,,,,,,,
IE000UIPBPY3,,,,,,,,,,,,,,,,,,,,,,,,,,,,,,
IE000UJC4MR1,4.4,3.84,2.51,,1.77,2.11,1.95,1.31,1.56,1.71,,,,1.16,,,,,,,,,,,,,,,,
IE000UJSC3C9,,,,,,,,,,,,,,,,,,,,,,,,,,,,,,
IE000UKN7GP4,,,,,,,,,,,,,,,,,,,,,,,,,,,,,,
IE000UL6CLP7,,,,,,,,,,,,,,,,,,,,,,,,,,,,,,
IE000UL7AOT5,,,,,,,,,,,,,,,,,,,,,,,,,,,,,,
IE000UM3HMI5,,,,6.4,,,,,,,,,,,4.07,,,,,3.06,2.44,3.37,,,,,2.72,2.59,,
IE000UOXRAM8,7.56,6.45,4.18,,,3.55,3.21,2.2,2.58,2.86,,1.82,,1.89,,,,,,,,,,,,,,,,
IE000UQLOH05,,,,,,,,,,,,,,,,,,,,,,,,,,,,,,
IE000UQND7H4,5.18,4.76,2.95,,,2.59,2.34,1.45,1.84,1.9,1.33,,,1.39,,,,,,,,,,,,,,,,
IE000US24HF4,,5.37,3.88,,,5.93,,,,,,,,,,,,,,,,,,,,,,,,
IE000USQ2N65,,,,,,,,,,,,,,,,,,,,,,,,,,,,,,
IE000UU299V4,,,,,,,,,,,,,,,,,,,,,,,,,,3.91,,,,
IE000UU89RZ0,,,,,,,,,,,,,,,,,,,,,,,,,,,,,,
IE000UWJUW87,,,,,,,,,,,,,,,,,,,,,,,,,,,,,,
IE000UX5WPU4,,,,,,,,,,,,,,,,,,,,,,,,,,,,,,
IE000UXDT343,,,,,,,,,,,,,,,,,,,,,,,,,,,,,,
IE000UXI85C0,,,,,,,,,,,,,,,,,,,,,,,,,,,,,,
IE000UY6XF65,,,,,,,,,,,,,,,,,,,,,,,,,,,,,,
IE000UYVEVN3,,,,,,,,,,,,,,,,,,,,,,,,,,,,,,
IE000UZIKD07,5.63,5.08,3.42,,,3.0,2.14,1.76,2.22,2.21,1.4,,,,,,,,,,,,,,,,,,,
IE000UZO4IC7,,,,,,,,,,,,,,,,,,,,,,,,,,,,,,
IE000UZTA1X0,8.45,4.91,4.54,,,,3.46,,2.78,,2.64,,,,,,,,,,,,,,,,,,,2.95
IE000UZZ5D45,,,,,,,,,,,,,,,,,,,,,,,,,,,,,,
IE000UZZ5SU2,9.33,4.94,,,,,,3.85,9.43,4.53,2.92,,,2.21,,3.27,,,,,,,,,,,,,,1.97
IE000V0Q8BV4,,,,,,,,,,,,,,,,,,,,,,,,,,,,,,
IE000V3AQGW3,,,,,,,,,,,,,,,,,,,,,,,,,,,,,,
IE000V4JSM06,,,,2.52,3.34,,,,,,,,,,,,,,,,,,,,,,,3.2,,
IE000V6KDJC9,9.81,,5.59,1.62,,,4.42,,3.47,,2.52,,,,,2.01,,,,,,,,,,,,,,
IE000V73IL86,,,,,,,,,,,,,,,,,,,,,,,,,,,,,,
IE000V93BNU0,6.91,2.79,3.49,,,,,,,2.12,,,,,,2.13,,,,,,,,,,,,,,
IE000VA628D5,15.65,13.72,8.95,,,7.53,6.77,4.2,5.39,5.78,3.82,,,3.99,,,,,,,,,,,,,,,,
IE000VAZZYM3,8.35,6.73,4.97,,,4.3,3.46,2.39,2.49,3.11,,,,2.13,,,,,,,,,,,,,,,,1.83
IE000VCTBRW6,,,,,,,,,,,,,,,2.23,,,,,,1.7,,,,,,,,,
IE000VCYXLY9,,,,,,,,,,,,,,,,,,,,,,,,,,,,,,
IE000VDH1PG3,,,,,,,,,,,,,,,,,,,,,,,,,,,,,,
IE000VDI16Q5,,,,0.37,,,,,,,,,,,,,,,,,,,,,,,,,,
IE000VG2WCW5,,,,,,,,,,,,,,,,,,,,,,,,,,,,,,
IE000VH3JSL8,,,,9.49,,,,,,,,,,,2.95,,,,,2.25,2.21,2.5,,,,,1.97,2.1,,
IE000VJEVNM1,,,,,,,,,,,,,,,,,,,,,,,,,,,,,,
IE000VKU6XC9,,,,,,,,,,,,,,,,,,,,,,,,,,,,,,
IE000VMAR5O6,,,,6.05,,,,,,,,,,,3.32,,2.8,3.01,2.76,1.65,2.7,,2.75,,,,,,,
IE000VML2GZ3,13.6,,8.48,,,,6.61,,5.24,,2.61,,,,,2.86,,,,,,,,,,,,,,1.58
IE000VMQ8IH9,,,,,,,,,,,,,,,,,,,,,,,,,,,,,,
IE000VQZQ963,,,,,,,,,,,,,,,,,,,,,,,,,,,,,,
IE000VSFIC94,,,,,,,,,,,,,,,,,,,,,,,,,,,,,,
IE000VU9AUN9,,,,,,,,,,,,,,,,,,,,,,,,,,,,,,
IE000VVBM1F6,,,,,,,,,,,,,,,,,,,,,,,,,,,,,,
IE000VVC8KW9,,,,,,,,,,,,,,,,,,,,,,,,,,,,,,
IE000VZ8BBU9,,,,,,,,,,,,,,,,,,,,,,,,,,,,,,
IE000W080FK3,,,,,,,,,,,,,,,,,,,,,,,,,,,,,,
IE000W1AURU9,,,,,,,,,,,,,,,,,,,,,,,,,,,,,,
IE000W1S2PT6,,,,,,,,,,,,,,,,,,,,,,,,,,,,,,
IE000W24OG76,,,,,,,,,,,,,,,,,,,,,,,,,,,,,,
IE000W336086,,,,,,,,,,,,,,,,,,,,,,,,,,,,,,
IE000W4A2Q38,,,,,,,,,,,,,,,,,,,,,,,,,,,,,,
IE000W566ZX2,,,,,,,,,,,,,,,,,,,,,,,,,,,,,,
IE000W6YTDH7,,,,,,,,,,,,,,,,,,,,,,,,,,,,,,
IE000W85O7M4,7.93,6.63,4.69,,,3.97,3.3,2.29,2.48,2.89,1.61,,,2.07,,,,,,,,,,,,,,,,
IE000W8HP9L8,5.09,4.66,2.94,,,2.61,2.33,1.46,1.82,1.9,1.31,,,1.37,,,,,,,,,,,,,,,,
IE000W8RYVC0,,,,,18.56,,,,,,,10.05,9.42,,,,,,,,,,,,,,,,,
IE000W8WMSL2,,,,,,,,,,,,,,,,2.65,,,,,,,,,,,,,,
IE000W95TAE6,5.18,4.65,2.55,,,2.74,4.32,1.32,,2.21,1.79,,,1.41,,,,,,,,,,,,,,,,
IE000WA6L436,,,,,,,,,,,,,,,,,,,,,,,,,,,,,,
IE000WAKWCV7,,,,,,,,,,,,,,,,,,,,,,,,,,,,,,
IE000WDG5795,,,,,,,,,,,,,,,,,,,,,,,,,,,,,,
IE000WFBC0W4,,,,,,,,,,,,,,,,,,,,,,,,,,,,,,
IE000WGK3YY5,,,,5.99,,,,,,,,,,,2.36,,1.95,2.18,2.42,2.05,,1.79,1.89,2.01,,,,,2.11,
IE000WHL2ZK1,6.83,5.71,3.94,,,3.08,2.79,1.72,2.52,2.32,,,,,,,,,,,,,,,,,,,,
IE000WIQIPT2,,,,,,,,,,,,,,,,,,,,,,,,,,,,,,
IE000WJ7OF21,,,,,,,,,,,,,,,,,,,,,,,,,,,,,,
IE000WJCYGB4,,,,,,,,,,,,,,,,,,,,,,,,,,,,,,
IE000WJJTA81,7.53,6.6,4.3,,,3.62,3.25,2.02,2.59,2.78,1.84,,,1.92,,,,,,,,,,,,,,,,
IE000WLR06P0,,,,,,,,,,,,,,,,,,,,,,,,,,,,,,
IE000WN3JW15,7.55,6.6,4.03,,,3.52,4.41,2.36,,2.75,1.56,,,1.87,,,,,,,,,,,,,,,,
IE000WNEYKM1,,,,,,,,,,,,,,,,,,,,,,,,,,,,,,
IE000WOBV8X1,,,,,,,,,,,,,,,,,,,,,,,,,,,,,,
IE000WP7CVZ7,,,,,,,,,,,,,,,,,,,,,,,,,,,,,,
IE000WPH0239,,,,,,,,,,,,,,,,,,,,,,,,,,,,,,
IE000WQ5O293,4.47,4.11,2.58,,1.82,2.31,2.04,1.29,1.62,1.66,,,,1.22,,,,,,,,,,,,,,,,
IE000WQJ37B1,,,,,,,,,,,,,,,,,,,,,,,,,,,,,,
IE000WRQ9RR1,,,,,,,,,,,,,,,,,,,,,,,,,,,,,,
IE000WUTBLT5,,,,,,,,,,,,,,,,,,,,,,,,,,,,,,
IE000WV38GP5,,,,,,,,,,,,,,,,,,,,,,,,,,,,,,
IE000WX2HZQ7,,,,,,,,,,,,,,,,,,,,,,,,,,,,,,
IE000WX7BVB0,,,1.3,1.42,,,,,,,,,,,,,,,,,,,,,,,,,,
IE000WXLHR76,,,,,,,,,,,,,,,,,,,,,,,,,,,,,,
IE000WYNFVU8,,,,,,,,,,,,,,,,,,,,,,,,,,,,,,
IE000WYTQSF9,,,,,,,,,,,,,,,,,,,,,,,,,,,,,,
IE000WZU35H0,6.94,5.34,3.44,,,2.71,1.69,,2.99,2.13,2.13,,,,,1.79,,,,,,,,,,,,,,
IE000X3D1YS5,,,,,,,,,,,,,,,,,,,,,,,,,,,,,,
IE000X3MDCC5,,,,,,,,,,,,,,,,,,,,,,,,,,,,,,
IE000X4K3704,,,,,,,,,,,,,,,,,,,,,,,,,,,,,,
IE000X59ZHE2,,,,4.01,3.94,,,4.29,,,,,,,,4.4,,,,,,,,,,,,,,
IE000X5OD4M3,,,,,,,,,,,,,,,,,,,,,,,,,,,,,,
IE000X6E0QC3,7.26,6.8,4.08,,,3.59,3.18,1.87,2.52,2.72,1.67,,,1.94,,,,,,,,,,,,,,,,
IE000X7DRW38,,,,,,,,,,,,,,,,,,,3.14,,,,,,,3.53,,,,
IE000X8M8M80,,,,,,,,,,,,,,,,,,,,,,,,,,,,,,
IE000X9TLGN8,,,,,,,,,,,,,,,,,,,,,,,,,,,,,,
IE000XAGSCY5,,,,,,,,,,,,,,,,,,,,,,,,,,,,,,
IE000XC6EVL9,,,,,,,,,,,4.44,,,,,,,,,,4.77,,,,,,,,,
IE000XD7KCJ7,,,,,,,,,,,,,,,,,,,,,,,,,,,,,,
IE000XE5BZ07,,,,,,,,,,,,,,,,,,,,,,,,,,,,,,
IE000XE6ELZ8,,,,,,,,,,,,,,,,,,,,,,,,,,,,,,
IE000XERHYF0,,,,,,,,,,,,,,,,,,,,,,,,,,,,,,
IE000XF8EOQ6,,,,,,,,,,,,,,,,,,,,,,,,,,,,,,
IE000XFORJ80,,,,,16.29,,,,,,,7.85,7.92,,,,,,,,,,,,3.33,,,,,
IE000XFP47S2,,,,,,,,,,,,,,,,,,,,,,,,,,,,,,
IE000XFUFRR4,,,,,,,,,,,,,,,,,,,,,,,,,,,,,,
IE000XFXBGR0,,,,,,,,,,,,,,,,,,,,,,,,,,,,,,
IE000XG0ZRI7,,,,,,,,,,,,,,,,,,,,,,,,,,,,,,
IE000XGNMWE1,,,,,,,,,,,,,,,,,,,,,,,,,,,,,,
IE000XHZP7D3,2.91,,,,2.85,,,5.04,,,,3.13,5.5,,,4.36,,,,,,,,,,,,,,3.49
IE000XIBT2R7,4.15,,2.67,,,,3.41,,,1.74,,,,,,,,,,,,,,,,,,,,
IE000XIITCN5,,,,,,,,,,,,,,,,,,,,,,,,,,,,,,
IE000XJA2OU4,,,,,,,,,,,,,,,,,,,,,,,,,,,,,,
IE000XKK4AV2,,,,,,,,,,,,,,,,,,,,,,,,,,,,,,
IE000XL4IXU1,,,,,,,,,,,,,,,,,,,,,,,,,,,,,,
IE000XLJ2JQ9,,,,,,,,,,,,,,,,,,,,,,,,,,,,,,
IE000XN05VU8,,,,,,,,,,,,,,,,,,,,,,,,,,,,,,
IE000XNILW20,3.91,4.0,,,,,,,,,2.66,,,,,,2.27,,,,,,,,,,,,,
IE000XOS4OJ6,,,,,,,,,,,,,,,,,,,,,,,,,,,,,,
IE000XPG7Q27,,,,,,,,,,,,,,,,,,,,,,,,,,,,,,
IE000XRBP9E3,,,,,,,,,,,,,,,,,,,,,,,,,,,,,,
IE000XSFZL82,,,,,,,,,,,,,,,,,,,,,,,,,,,,,,
IE000XYBMEH0,,,,,16.88,,,,,,,,,,,,,,,,,,,,,,,,,
IE000XZSV718,7.52,6.59,4.3,,,3.62,3.25,2.02,2.59,2.77,1.84,,,1.92,,,,,,,,,,,,,,,,
IE000Y0DQX41,,,,,,,,,,,,,,,,,,,,,,,,,,,,,,
IE000Y1595P8,,,,,,,,,,,,,,,,,,,,,,,,,,,,,,
IE000Y247W99,,,,,,,,,,,,,,,,,,,,,,,,,,,,,,
IE000Y2B34V0,,,,,,,,,,,,,,,,,,,,,,,,,,,,,,
IE000Y2BJVK9,,,,,,,,,,,,,,,,,,,,,,,,,,,,,,
IE000Y2JPPS4,,,,,,,,,,,,,,,,,,,,,,,,,,,,,,
IE000Y2ZYZ66,5.09,4.68,2.94,,,2.63,2.33,1.46,1.84,1.89,1.31,,,1.4,,,,,,,,,,,,,,,,
IE000Y3FZEN4,,,,,,,,,,,,,,,,,,,,,,,,,,,,,,
IE000Y4K4833,,,,,9.95,,,,,,,9.26,7.88,,,,,,,,,,,,2.94,,,,,
IE000Y65F5C2,,,,,,,,,,,,,,,,,,,,,,,,,,,,,,
IE000Y6L6LE6,,,,11.65,,,,,,,,,,,3.64,,,,,2.1,2.92,2.98,,,,,2.55,,,
IE000Y77LGG9,5.0,,,5.75,,,,,,,,,,,,,,,,,,,,,,,,,,4.3
IE000Y7V5EW2,7.51,6.58,4.29,,,3.61,3.25,2.02,2.59,2.77,1.83,,,1.92,,,,,,,,,,,,,,,,
IE000Y83YZ44,7.04,7.05,6.53,,,6.74,7.64,2.61,,3.74,,,,2.98,,1.97,,,,,,,,,,,,,,
IE000Y9MG996,,,,,,,,2.2,,,,,,,,1.94,,,,,,,,,,,,,,
IE000Y9XFN19,,,,,,,,,,,,,,,,,,,,,,,,,,,,,,
IE000YARBD10,,,,,,,,,,,,,,,,,,,,,,,,,,5.6,,,,
IE000YASIPS3,,,,5.87,,,,,,,,,,,1.85,,2.33,2.22,2.4,1.42,1.82,,2.27,,,,,,,
IE000YBGJ9I4,11.93,11.17,6.82,,,5.86,5.21,3.06,4.13,4.42,2.78,,,3.19,,,,,,,,,,,,,,,,
IE000YCD1TY0,16.74,15.8,9.78,,,8.58,7.74,4.83,6.07,6.32,4.41,,,4.59,,,,,,,,,,,,,,,,
IE000YD0IAD2,7.03,6.59,4.16,,,3.56,3.11,2.02,2.45,2.6,1.69,,,1.91,,,,,,,,,,,,,,,,
IE000YDDOAC3,7.28,6.83,4.07,,,3.62,1.71,1.89,4.06,2.74,1.69,,,1.93,,,,,,,,,,,,,,,,
IE000YDZG487,6.82,,,4.38,7.24,,,8.55,,6.08,,,7.95,,,,,,,,,,,,,,,,,4.9
IE000YELA4E3,,,,,,,,1.33,,,,,,,,1.15,,,,,,,,,,,,,,1.22
IE000YFGN231,5.26,4.04,6.09,,,2.3,,,,,,,,,,2.99,,,,,,,,,,,,,,
IE000YG82CF0,9.0,8.35,5.17,,,4.47,3.97,,3.11,,2.29,,,2.36,,,,,,,,,,,,,,,,
IE000YGEAK03,13.36,11.77,7.72,,,7.98,12.16,3.12,,4.44,,,,3.54,,2.37,,,,,,,,,,,,,,
IE000YICM5P9,,,,,,,,,,,,,,,,,,,,,,,,,,,,,,
IE000YIQZ0H6,,,,,,,,,,,,,,,,,,,,,,,,,,,,,,
IE000YIXESS9,2.87,2.85,2.7,,,2.88,,2.41,,2.92,2.19,,,2.29,,1.75,,,,,,,,,,,,,,
IE000YJBT6I5,,,,,,,,,,,,,,,,,,,,,,,,,,,,,,
IE000YK1TO74,,,,,,,,,,,,,,,,,,,,,,,,,,,,,,
IE000YKHGYN2,,,,1.74,4.51,,,,,,,2.58,2.44,,,,0.74,0.8,,,,,0.74,,0.82,,,,,
IE000YMBL844,,,,,,,,,,,,,,,,,,,,,,,,,,,,,,
IE000YMQ2SC9,,,,,,,,,,,,,,,,,,,,,,,,,,,,,,
IE000YNE6S57,6.64,6.11,3.78,,,3.19,2.83,,2.21,,1.64,,,1.68,,1.36,,,,,,,,,,,,,,
IE000YNVI4W4,,,,5.22,,,,,,,,,,,1.56,,2.34,2.39,2.04,1.77,,2.02,2.17,1.81,,,,,1.99,
IE000YPOHA39,,,,,,,,,,,,,,,,,,,,,,,,,,,,,,
IE000YR7N5U8,7.69,5.19,3.46,,,2.78,3.39,2.42,2.54,2.82,,,,,,,,,,,,,,,,,,,,
IE000YRDFNY8,5.76,4.69,2.96,,1.9,2.37,1.6,,2.4,1.87,1.8,,,,,1.44,,,,,,,,,,,,,,
IE000YS5XL05,,,,,,,,,,,,,,,,,,,,,,,,,,,,,,
IE000YSJPNV8,,,,,,,,,,,,,,,,,,,,,,,,,,,,,,
IE000YSUEJ32,,,,,,,,,,,,,,,,,,,,,,,,,,,,,,
IE000YU9K6K2,,,,,,,,,,,,,,,,,,,,,,,,,,,,,,
IE000YUTMIU2,5.35,4.75,3.09,1.15,,,4.27,,,2.14,,,,1.56,,,,,,,,,,,,,,,,
IE000YUU9UG5,,,,,,,,,,,,,,,,,,,,,,,,,,,,,,
IE000YVOQ2A3,,,,,,,,,,,,,,,,,,,,,,,,,,,,,,
IE000YYE6WK5,,,,,,,,,,,,,,,,,,,,,,,,,,,,,,
IE000YYVSM16,,,,,,,,,,,,,,,7.97,,,,,,8.11,,,,,,,,,
IE000YZIVX22,,,,,,,,,,,,,,,,,,,,,,,,,,,,,,
IE000YZLMXT9,,,,,,,,,,,,,,,,,,,,,,,,,,,,,,
IE000Z0FC0G5,,,,2.87,,,,,,,,,,,0.93,,1.17,1.32,1.17,,,,1.2,0.88,,,,,1.09,
IE000Z1PCR88,,,,,,,,0.48,,,,,,,,,,,,,,,,,,,,,,0.46
IE000Z3S26J2,7.53,6.6,4.3,,,3.62,3.25,2.02,2.59,2.78,1.84,,,1.92,,,,,,,,,,,,,,,,
IE000Z4OBQK4,6.96,6.46,4.51,,,3.65,3.04,2.1,2.42,3.02,1.69,,,1.87,,,,,,,,,,,,,,,,
IE000Z5YU8X3,,,,,,,,,,,,,,,,,,,,,,,,,,,,,,
IE000Z6C4D62,,,,,,,,,,,,,,,,,,,,,,,,,,,,,,
IE000Z7ELYY2,,,,,,,,,,,,,,,,,,,,,,,,,,,,,,
IE000Z7P04F4,9.96,8.74,5.7,,,5.27,4.28,7.39,3.97,,4.33,,,,,5.37,,,,,,,,,,,,,,
IE000Z87ZVJ8,,,,,,,,,,,,,,,,,,,,,,,,,,,,,,
IE000Z8F16G5,,,,,,,,,,,,,,,,,,,,,,,,,,,,,,
IE000Z8J5HD7,8.51,6.93,4.65,,,4.05,3.5,1.7,2.81,3.84,2.07,,,2.16,,,,,,,,,,,,,,,,
IE000Z9UVQ99,,,,,,,,,,,,,,,,,,,,,,,,,,,,,,
IE000ZAJ6XQ2,,,,,,,,,,,,,,,,,,,,,,,,,,,,,,
IE000ZBGZQM8,,,,,,,,,,,,,,,,,,,,,,,,,,,,,,
IE000ZC4C5Q1,,,,,,,,,,,,,,,,,,,,,,,,,,,,,,
IE000ZDDJWZ5,,,,3.08,,,,,,,,,,,0.97,,1.19,1.29,1.15,,,,1.16,0.89,,,,,1.06,
IE000ZDPZL69,,,,,,,,,,,,,,,,,,,,,,,,,,,,,,
IE000ZEOCR03,,,,6.91,,,,,,,,,,,,,5.1,,4.54,,,,5.16,,,,2.75,,,
IE000ZGT8JM8,3.19,2.5,5.98,,,,,,,,,,,,,1.6,,,,,,,,,,,,,,
IE000ZH72RF4,,,,,,,,,,,,,,,,,,,,,,,,,,,,,,
IE000ZI3FFP9,,,,,,,,,,,,,,,,,,,,,,,,,,,,,,
IE000ZIJ5B20,,,,,,,,,,,,,,,,,,,,,,,,,,,,,9.2,
IE000ZME9TM4,,,,,,,,,,,,,,,,,,,,,,,,,,,,,,
IE000ZMFFPP4,,,,,,,,,,,,,,,,,,,,,,,,,,,,,,
IE000ZO4CUT7,,,,,,,,,,,,,,,,,,,,,,,,,,,,,,
IE000ZOI8OK5,,,,,,,,,,,,,,,,,,,,,,,,,,,,,,
IE000ZOKLHY7,,,,,,,,,,,,,,,,,,,,,,,,,,,,,,
IE000ZPUEP93,,,,,,,,,,,,,,,,,,,,,,,,,,,,,,
IE000ZQF1PE1,,,,6.26,,,,,,,,,,,2.32,,2.07,,2.78,,1.51,,2.09,,,,1.55,,1.91,
IE000ZQOIPB1,,,,5.43,,,,,,,,,,,1.7,,2.04,2.32,2.01,1.28,,1.41,2.06,1.55,,,,,1.89,
IE000ZUAJ6B7,,,,,,,,,,,,,,,,,,,,,,,,,,,,,,
IE000ZURGSV2,,,,,,,,,,,,,,,,,,,,,,,,,,,,,,
IE000ZUTO1I5,,,,,,,,,,,,,,,,,,,,,,,,,,3.18,,,,
IE000ZWSN3F7,,,,,,,,,,,,,,,,,,,,,,,,,,,,,,
IE000ZX8CQG2,,,,,,,,,,,,,,,,,,,,,,,,,,,,,,
IE000ZYE17Z0,5.32,4.95,3.15,,,2.6,2.4,1.5,1.93,1.9,1.33,,,1.32,,,,,,,,,,,,,,,,
IE000ZZJ48Q0,,,,,,,,,,,,,,,,,2.09,,,2.11,,,,,,,,,,
IE0031442068,7.51,6.58,4.29,,,3.61,3.25,2.02,2.59,2.77,1.83,,,1.92,,,,,,,,,,,,,,,,
IE0032077012,7.65,6.53,4.24,,,3.95,3.23,6.08,3.01,,3.03,,,,,3.88,,,,,,,,,,,,,,
IE00B00FV128,,,,,,,,,,,,,,,,,,,,,,,,,,,,,,
IE00B02KXH56,,,,,,,,,,,,,,,,,,,,,,,,,,4.16,,,,
IE00B02KXK85,,,,,,,,,,,,,,,,,,,,,,,,,9.23,,,,,
IE00B02KXL92,,,,,,,,,,,,,,,,,,,,,,,,,,,,,,
IE00B02KXM00,,,,,,,,,,,,,,,,,,,,,,,,,,,,,,
IE00B0M62Q58,5.17,4.76,2.95,,,2.58,2.33,1.45,1.83,1.9,1.32,,,1.39,,,,,,,,,,,,,,,,
IE00B0M62S72,,,,,,,,,,,,,,,,,,,,,,,,,,,,,,
IE00B0M62V02,,,,20.72,,,,,,,,,,,6.4,,,,,,5.11,,,,,,4.2,4.26,,
IE00B0M62X26,,,,,,,,,,,,,,,,,,,,,,,,,,,,,,
IE00B0M62Y33,,,,15.54,,,,,,,,,,,,,,,,,,,,14.51,,,,,,
IE00B0M63060,,,,,,,,,,,,,,,,,,4.06,,,,,,,,,,,,
IE00B0M63177,,,,,15.01,,,,,,,8.12,7.61,,,,,,,,,,,,2.72,,,,,
IE00B0M63284,,,,,,,,,,,,,,,,,,,,,,,,,,,,,,
IE00B0M63391,,,,,,,,,,,,28.54,18.35,,,,,,,,,,,,,,,,,
IE00B0M63516,,,,,,,,,,,,,,,,,,,,,,,,,,,,,,
IE00B0M63730,,,,,19.09,,,,,,,10.32,9.67,,,,,,,,,,,,3.45,,,,,
IE00B14X4M10,6.83,6.28,3.89,,,3.41,3.08,1.93,2.41,2.51,1.75,,,1.83,,,,,,,,,,,,,,,,
IE00B14X4N27,,,,6.92,,,,,,,,,,,2.16,,2.6,,,1.63,1.62,1.79,2.62,,,,1.45,,2.41,
IE00B14X4Q57,,,,,,,,,,,,,,,,,,,,,,,,,,,,,,
IE00B14X4S71,,,,,,,,,,,,,,,,,,,,,,,,,,,,,,
IE00B14X4T88,,,,,,,,,,,,,,,,,,,,,,,,,,,,,,
IE00B1FZS244,,,,,,,,,,,,,,,,,,,,,,,,,,,,,,
IE00B1FZS350,,,,,,,,,,,,,,,,,,,,,,,,,,,,,,
IE00B1FZS467,,,,,,,,,,,,,,,,,,,,,,,,,,,,,,
IE00B1FZS574,,,,,,,,,,,,,,,,,,,,,,,,,,,,,,
IE00B1FZS681,,,,,,,,,,,,,,,,,,,,,,,,,,,,,,
IE00B1FZS798,,,,,,,,,,,,,,,,,,,,,,,,,,,,,,
IE00B1FZS806,,,,,,,,,,,,,,,,,,,,,,,,,,,,,,
IE00B1FZS913,,,,,,,,,,,,,,,,,,,,,,,,,,,,,,
IE00B1FZSB30,,,,,,,,,,,,,,,,,,,,,,,,,,,,,,
IE00B1FZSC47,,,,,,,,,,,,,,,,,,,,,,,,,,,,,,
IE00B1FZSD53,,,,,,,,,,,,,,,,,,,,,,,,,,,,,,
IE00B1TXHL60,,,,,,,,,,,,,,,,,,,,,,,,,,,,,,
IE00B1TXK627,,,,,,,,,,,,,,,,,,,,,,,,,,,,,,
IE00B1TXLS18,,,,,,,,,,,,,,,,,,,,,,,,,,,,,,
IE00B1W57M07,,,,,,,,,,,,,,,,,,,,,,,,,15.27,,,,,
IE00B1XNH568,,,,,,,,,,,,,,,,,,,,,,,,,,,,,,
IE00B1XNHC34,,,,,,,,,,,,,,,,,,,,,,,,,,,,,,
IE00B1YZSC51,,,,5.4,,,,,,,,,,,1.68,,2.03,2.3,2.0,1.27,,1.4,2.05,1.54,,,,,1.87,
IE00B23D8S39,,4.31,2.22,,,2.18,3.93,,,,,,,1.49,,,,,,,,,,,,,,,,
IE00B23D8X81,,,,,,,,,,,,,,,,,1.58,2.64,,,,1.47,2.16,3.9,,,,,1.59,
IE00B23D9570,,,,,3.95,,,,,,,9.61,3.26,,,,,,,,,,,,1.33,,,,,
IE00B23LNQ02,,2.15,1.11,,,1.08,1.95,,,,,2.18,,0.74,,,,,,,,,,,,,,,,
IE00B27YCF74,,,,,,,,,,,,,,,,,,,,,,,,,,,,,,
IE00B27YCK28,,,,,,,,,,,,,,,,,,,,,,,,,,,,,,
IE00B27YCN58,,,10.17,2.95,,,,5.03,,,4.57,,,,,3.66,,,,,,,,,,,,,,2.09
IE00B27YCP72,,,,,,,,,,,,14.13,19.69,,,,,,,,,,,,,,,,,
IE00B296QM64,,,12.32,,,,,7.78,,,7.08,,,,,5.66,,,,,,,,,,,,,,3.23
IE00B2NPKV68,,,,,,,,,,,,,,,,,,,,,,,,,,,,,,
IE00B2QWCY14,,,,,,,,,,,,,,,,,,,,,,,,,,,,,,
IE00B2QWDR12,,,,,,,,,,,,,,,,,,,,,,,,,,,,,,
IE00B2QWDY88,,,,,,,,,,,,,,,,,,,,,,,,,,,,,,
IE00B3B8PX14,,,,,,,,,,,,,,,,,,,,,,,,,,,,,,
IE00B3BPCH51,,,,,,,,,,,,,,,,,,,,,,,,,,,,,,
IE00B3CNHG25,,,,,,,,,,,,,,,,,,,,,,,,,,,,,,
IE00B3CNHJ55,,,,,,,,,,,,,,,,,,,,,,,,,,,,,,
IE00B3DKXQ41,,,,,,,,,,,,,,,,,,,,,,,,,,,,,,
IE00B3DWVS88,,,,,15.01,,,,,,,8.12,7.61,,,,,,,,,,,,2.72,,,,,
IE00B3F81G20,,,,,,,,,,,,,,,,,,,,,,,,,,,,,,
IE00B3F81K65,,,,,,,,,,,,,,,,,,,,,,,,,,,,,,
IE00B3FH7618,,,,,,,,,,,,,,,,,,,,,,,,,,,,,,
IE00B3Q19T94,,,,,,,,,,,,,,,,,,,,,,,,,,,,,,
IE00B3RBWM25,4.45,3.98,2.64,,1.75,2.2,1.99,1.24,1.6,1.67,,,,1.18,,,,,,,,,,,,,,,,
IE00B3S1J086,,,,,30.82,,,,,,,,,,,,,,,,,,,,,,,,,
IE00B3S5XW04,,,,,,,,,,,,,,,,,,,,,,,,,,,,,,
IE00B3SC9K16,7.03,6.59,4.16,,,3.56,3.11,2.02,2.45,2.6,1.69,,,1.91,,,,,,,,,,,,,,,,
IE00B3T9LM79,,,,,,,,,,,,,,,,,,,,,,,,,,,,,,
IE00B3VPKB53,,,,,,,,,,,,,,,,,,,,,,,,,,,,,,
IE00B3VSSL01,,,,,,,,,,,,,,,,,,,,,,,,,,,,,,
IE00B3VTMJ91,,,,,,,,,,,,,,,,,,,,,,,,,,,,,,
IE00B3VTML14,,,,,,,,,,,,,,,,,,,,,,,,,,,,,,
IE00B3VTN290,,,,,,,,,,,,,,,,,,,,,,,,,,,,,,
IE00B3VVMM84,,,,,17.3,,,,,,,,,,,,,,,,,,,,3.22,,,,,
IE00B3VWLG82,,,,,,,,,,,,,,,,,,,,,,,,,,,,,,
IE00B3VWM098,,,,,,,,,,,,,,,,,,,,,,,,,,,,,,
IE00B3VWMM18,,,,,,,,,,,,,,,,,,,,,,,,,,,,,,
IE00B3VWN179,,,,,,,,,,,,,,,,,,,,,,,,,,,,,,
IE00B3VWN393,,,,,,,,,,,,,,,,,,,,,,,,,,,,,,
IE00B3VWN518,,,,,,,,,,,,,,,,,,,,,,,,,,,,,,
IE00B3W74078,,,,,,,,,,,,,,,,,,,,,,,,,,,,,,
IE00B3WJKG14,19.74,16.94,11.36,,,,,5.34,,7.33,,,,,,3.88,,,,,,,,,,,,,,2.22
IE00B3WMTH43,,,,,,,,,,,,,,,,,,,,,,,,,,,,,,
IE00B3XM3R14,,,,,,,,,,,,,,,,,,,,,,,,,,,,,,
IE00B3XXRP09,7.49,6.57,4.28,,,3.61,3.24,2.01,2.58,2.77,1.83,,,1.91,,,,,,,,,,,,,,,,
IE00B3Y8D011,,,,,,,,,,,,,,,,,,,,,,,,,,,,,,
IE00B3YC1100,,,,,,,,,,,,,,,,,,,,,,,,,,,,,,
IE00B3YCGJ38,7.53,6.6,4.3,,,3.62,3.25,2.02,2.59,2.78,1.84,,,1.92,,,,,,,,,,,,,,,,
IE00B3YLTY66,4.08,3.69,2.27,,1.67,1.99,1.84,1.16,1.46,1.48,,,,1.06,,,,,,,,,,,,,,,,
IE00B3Z0X395,,,,,,,,,,,,29.48,19.09,,,,,,,,,,,,,,,,,
IE00B3Z3FS74,,,,,15.01,,,,,,,8.12,7.61,,,,,,,,,,,,2.72,,,,,
IE00B3ZW0K18,7.44,6.52,4.25,,,3.58,3.22,2.0,2.56,2.74,1.82,,,1.9,,,,,,,,,,,,,,,,
IE00B40B8R38,,,,,,,,,,,,,,,,,,,,,,,,,,,,,,
IE00B40QP990,,,,,,,,,,,,,,,,,,,,,,,,,,,,,,
IE00B41RYL63,,,,,,,,,,,,,,,,,,,,,,,,,,,,,,
IE00B428Z604,,,,,,,,,,,,,,,,,,,,,,,,,,,,,,
IE00B42NKQ00,,,,,,,,,,,,,,,,,,,,,,,,,,,,,,
IE00B42Q4896,,,,,,,,,,,,,,,,,,,,,,,,,,,,,,
IE00B42TW061,,,,,,,,,,,,,,,,,,9.84,8.47,,,,,6.6,,,,,,
IE00B42WWV65,,,,,,,,,,,,,,,,,,,,,,,,,,,,,,
IE00B42YS929,5.13,4.71,2.92,,,2.56,2.31,1.44,1.81,1.89,1.31,,,1.37,,,,,,,,,,,,,,,,
IE00B42Z5J44,,,,,,,,,,,,,,,,,,,,,,,,,,4.12,,,,
IE00B435BG20,,,,,,,,,,,,,,,,,,,,,,,,,,,,,,
IE00B435CG94,,,,,,,,,,,,,,,,,,,,,,,,,,,,,,
IE00B43HR379,,,,,,,,,,,,,,,,,,,,,,,,,,,,,,
IE00B43QJJ40,,,,,,,,,,,,,,,,,,,,,,,,,,,,,,
IE00B43VDT70,,,,,,,,,,,,,,,,,,,,,,,,,,,,,,
IE00B441G979,5.12,4.71,2.92,,,2.56,2.31,1.44,1.81,1.89,1.31,,,1.37,,,,,,,,,,,,,,,,
IE00B449XP68,,,,,,,,,,,,,,,,,,,,,,,,,,,,,,
IE00B44CGS96,,,,,,,,,,,,,,,,,,,,,,,,,,,,,,
IE00B44CND37,,,,,,,,,,,,,,,,,,,,,,,,,,,,,,
IE00B44T3H88,,,,,,,,,,,,,,,,,,,,,,,,,14.35,,,,,
IE00B44Z5B48,4.56,4.18,2.58,,1.84,2.27,2.0,1.29,1.67,1.68,,,,1.22,,,,,,,,,,,,,,,,
IE00B4556L06,,,,,,,,,,,,,,,,,,,,,,,,,,,,,,
IE00B459R192,,,,,,,,,,,,,,,,,,,,,,,,,,,,,,
IE00B4613386,,,,,,,,,,,,,,,,,,,,,,,,,,,,,,
IE00B466KX20,,,,,17.99,,,,,,,9.74,9.13,,,,,,,,,,,,3.27,,,,,
IE00B4694Z11,,,,,,,,,,,,,,,,,,,,,,,,,,,,,,
IE00B469F816,,,,,15.08,,,,,,,8.15,7.64,,,,,,,,,,,,2.74,,,,,
IE00B46G8275,,,,,,,,,,,,,,,,,,,,,,,,,,,,,,
IE00B48X4842,,,,,,,,,,,,,,,,,,,,,,,,,,,,,,
IE00B4JNQZ49,,,,,,,,,,,,,,,,,,,,,,,,,,,,,,
IE00B4JY5R22,7.53,6.6,4.3,,,3.62,3.25,2.02,2.59,2.78,1.84,,,1.92,,,,,,,,,,,,,,,,
IE00B4K48X80,,,,5.39,,,,,,,,,,,1.69,,2.03,2.3,1.99,1.27,,1.39,2.05,1.54,,,,,1.87,
IE00B4K6B022,,,,10.45,,,,,,,,,,,4.69,,,,,3.58,3.75,4.04,,,,,3.08,3.12,,
IE00B4KBBD01,,,,,,,,,,,,,,,,,,,,,,,,,,,,,,
IE00B4L5Y983,5.17,4.76,2.95,,,2.58,2.33,1.46,1.83,1.9,1.33,,,1.38,,,,,,,,,,,,,,,,
IE00B4L5YC18,,,,,14.99,,,,,,,8.11,7.59,,,,,,,,,,,,2.71,,,,,
IE00B4L5YX21,,,,,,,,,,,,,,,,,,,,,,,,,,3.31,,,,
IE00B4L5ZG21,,,,,,,,,,,,,,,,,,,,,,,,,,,,,,
IE00B4L5ZY03,,,,,,,,,,,,,,,,,,,,,,,,,,,,,,
IE00B4LHWP62,,,,,,,,,,,,,,,,,,,,,,,,,,,,,,
IE00B4LJS984,,,,,,,,,,,,,,,,,,,,,,,,,,,,,,
IE00B4LN9N13,,,,,,,,,,,,,,,,,,,,,,,,,,,,,,
IE00B4M7GH52,,,,,,,,,,,,,,,,,,,,,,,,,,,,,,
IE00B4MCHD36,,,,,,30.43,,,,,19.14,,,,,,,,,,,,,,,,,,,
IE00B4MKCJ84,,,,,,,,,,,,,,,,,,,,,,,,,,,,,,
IE00B4NCWG09,,,,,,,,,,,,,,,,,,,,,,,,,,,,,,
IE00B4ND3602,,,,,,,,,,,,,,,,,,,,,,,,,,,,,,
IE00B4P11460,,,,,,,,,,,,,,,,,,,,,,,,,,,,,,
IE00B4QNHH68,,,,,,,,,,,,,,,,,,,,,,,,,,,,,,
IE00B4QNHZ41,,,,,,,,,,,,,,,,,,,,,,,,,,,,,,
IE00B4QNJJ23,,,,,,,,,,,,,,,,,,,,,,,,,,,,,,
IE00B4QNK008,,,,,,,,,,,,,,,,,,,,,,,,,,,,,,
IE00B4WPHX27,,,,,,,,,,,,,,,,,,,,,,,,,,,,,,
IE00B4WXJD03,,,,,,,,,,,,,,,,,,,,,,,,,,,,,,
IE00B4WXJG34,,,,,,,,,,,,,,,,,,,,,,,,,,,,,,
IE00B4WXJH41,,,,,,,,,,,,,,,,,,,,,,,,,,,,,,
IE00B4WXJJ64,,,,,,,,,,,,,,,,,,,,,,,,,,,,,,
IE00B4X9L533,5.18,4.76,2.95,,,2.59,2.34,1.45,1.84,1.9,1.33,,,1.39,,,,,,,,,,,,,,,,
IE00B4YBJ215,,,,,,,,,,,,,,,,,,,,,,,,,,,,,,
IE00B50XJX92,,,,,,,,,,,,,,,,,,,,,,,,,,,,,,
IE00B51B7Z02,,,,,,,,,,,,,,,,,,,,,,,,,,,,,,
IE00B52MJD48,,,,,,,,,,,,,,,,,,,,,,,,,,11.02,,,,
IE00B52SF786,,,,,,,,,,,,,,,,,,,,,,,,,,,,,,
IE00B52SFT06,7.14,6.57,4.07,,,3.57,3.22,2.01,2.53,2.63,1.83,,,1.91,,,,,,,,,,,,,,,,
IE00B52VJ196,,,,8.82,,,,,,,,,,,,,4.98,,,,4.37,,,,,,,,,
IE00B52XQP83,,,,,,,,,,,,,,,,,,,,,,,,,,,,,,
IE00B5377D42,,,,,,,,,,,,,,,,,,,,,,,,,,,,,,
IE00B539F030,,,,,,,,,,,,,,,,,,10.52,9.13,,,,,7.05,,,,,,
IE00B53H0131,,,,,,,,,,,,,,,,,,,,,,,,,,,,,,
IE00B53HP851,,,,,,,,,,,,,,,,,,9.77,8.41,,,,,6.56,,,,,,
IE00B53L3W79,,,,10.41,,,,,,,,,,,4.68,,,,,3.57,3.73,4.02,,,,,3.07,3.11,,
IE00B53L4350,,,4.23,,,,4.05,,,,,,,,,,,,,,,,,,,,,,,
IE00B53L4X51,,,,,,,,,,,,,,,,,,,,,,,,,,,,,,
IE00B53QDK08,,,,,,,,,,,,,,,,,,,,,,,,,,4.16,,,,
IE00B53QG562,,,,9.88,,,,,,,,,,,3.09,,,,,2.33,2.31,2.56,,,,,2.07,1.97,,
IE00B53SZB19,7.59,6.67,4.35,,,4.02,3.26,5.64,3.02,,3.3,,,,,4.1,,,,,,,,,,,,,,
IE00B579F325,,,,,,,,,,,,,,,,,,,,,,,,,,,,,,
IE00B57X3V84,,,9.39,3.54,8.45,,,,,,,,,,,,,,1.34,,,,,,1.55,,,,,
IE00B58FQX63,,,,,,,,,,,,,,,,,,,,,,,,,,,,,,
IE00B58HMN42,,,,,,,,,,,,,,,,,,,,,,,,,,,,,,
IE00B58ZM503,,,,,,,,,,,,,,,,,,,,,,,,,,,,,,
IE00B598DX38,,,,,,,,,,,,,,,,,,,,,,,,,,,,,,
IE00B5993T22,,,,,,,,,,,,,,,,,,,,,,,,,,,,,,
IE00B5B3W843,,,,,,,,,,,,,,,,,,,,,,,,,,,,,,
IE00B5B5TG76,,,,10.41,,,,,,,,,,,4.68,,,,,3.57,3.73,4.02,,,,,3.07,3.11,,
IE00B5BD5K76,,,,5.43,,,,,,,,,,,1.7,,2.04,2.32,2.01,1.28,,1.41,2.06,1.55,,,,,1.89,
IE00B5BMR087,7.51,6.58,4.29,,,3.61,3.25,2.02,2.59,2.77,1.83,,,1.92,,,,,,,,,,,,,,,,
IE00B5KQNG97,7.52,6.6,4.3,,,3.62,3.25,2.02,2.59,2.77,1.84,,,1.92,,,,,,,,,,,,,,,,
IE00B5L01S80,,,,,,,,,,,,,,,,,,,,,,,,,,,,,,
IE00B5L8K969,,,,,17.91,,,,,,,9.68,9.08,,,,,,,,,,,,3.24,,,,,
IE00B5M1WJ87,,,,,,,,,,,,,,,,,,,,,,,,,,,,,,
IE00B5M4WH52,,,,,,,,,,,,,,,,,,,,,,,,,,,,,,
IE00B5MJYB88,,,,,,,,,,,,,,,,,,,,,,,,,,,,,,
IE00B5MJYC95,,,,,,,,,,,,,,,,,,,,,,,,,,,,,,
IE00B5MJYX09,,,,,,,,,,,,,,,,,,,,,,,,,,,,,,
IE00B5MJYY16,,,,,,,,,,,,,,,,,,,,,,,,,,,,,,
IE00B5MTWD60,,,,,,,,,,,,,,,,,,,,,,,,,,,,,,
IE00B5MTWH09,,,,,,,,,,,,,,,,,,,,,,,,,,,,,,
IE00B5MTWY73,,,,,,,,,,,,,,,,,,,,,,,,,,,,,,
IE00B5MTWZ80,,,,,,,,,,,,,,,,,,,,,,,,,,,,,,
IE00B5MTXJ97,,,,,,,,,,,,,,,,,,,,,,,,,,,,,,
IE00B5MTXK03,,,,,,,,,,,,,,,,,,,,,,,,,,,,,,
IE00B5MTY077,,,,,,,,,,,,,,,,,,,,,,,,,,,,,,
IE00B5MTY309,,,,,,,,,,,,,,,,,,,,,,,,,,,,,,
IE00B5MTYK77,,,,,,,,,,,,,,,,,,,,,,,,,,,,,,
IE00B5MTYL84,,,,,,,,,,,,,,,,,,,,,,,,,,,,,,
IE00B5MTZ488,,,,,,,,,,,,,,,,,,,,,,,,,,,,,,
IE00B5MTZ595,,,,,,,,,,,,,,,,,,,,,,,,,,,,,,
IE00B5MTZM66,,,,,,,,,,,,,,,,,,,,,,,,,,,,,,
IE00B5NLX835,,,,,,,,,,,,,,,,,,,,,,,,,,,,,,
IE00B5SG8Z57,,,,,,,,,,,,,,,,,,,,,,,,,,,,,,
IE00B5SSQT16,,,,,15.08,,,,,,,8.16,7.64,,,,,,,,,,,,2.73,,,,,
IE00B5V94313,,,,,,,,,,,,,,,,,,,,,,,,,,,,,,
IE00B5VX7566,,,,,,,,,,,,,,,,,,,,,,,,,,4.19,,,,
IE00B5W4TY14,,,,,,,,,,,,28.39,18.26,,,,,,,,,,,,,,,,,
IE00B5WFQ436,5.83,6.22,5.74,,,,,,,,,,,3.73,,,,,,,,,,,,,,,,5.16
IE00B5WHFQ43,,,,,,,,,,,,,,,,,,,,,,,,,,,,,,
IE00B5ZR2157,,,,,,,,,,,,,,,,,,,,,,,,,,,,,,
IE00B60SWT88,,,,,,,,,,,,,,,,,,9.77,8.59,,,,,6.51,,,,,,
IE00B60SWW18,,,,4.59,,,,,,,,,,,1.51,,1.95,2.16,1.9,,1.23,1.32,1.92,1.46,,,,,1.76,
IE00B60SWX25,,,,10.41,,,,,,,,,,,4.68,,,,,3.57,3.73,4.02,,,,,3.07,3.11,,
IE00B60SWY32,,,,5.4,,,,,,,,,,,1.68,,2.03,2.3,2.0,1.27,,1.4,2.05,1.54,,,,,1.87,
IE00B60SX170,7.03,6.59,4.16,,,3.56,3.11,2.02,2.45,2.6,1.69,,,1.91,,,,,,,,,,,,,,,,
IE00B60SX287,,,,,,,,,,,,,,,,,,,,,,,,,,3.99,,,,
IE00B60SX394,5.13,4.71,2.92,,,2.56,2.31,1.44,1.81,1.89,1.31,,,1.37,,,,,,,,,,,,,,,,
IE00B60SX402,,,,,,,,,,,,,,,,,,,,,,,,,,,,,,
IE00B622SG73,,,,,,,,,,,,,,,,,,,,,,,,,,,,,,
IE00B652H904,,,,,,,,,,,,,,,,,,,,,,,,,,,,,,
IE00B67B7N93,,,,,,,,,,,,,,,,,,,,,,,,,,,,,,
IE00B6QGFW01,,,,,,,,,,,,,,,,,,,,,,,,,,,,,,
IE00B6R51Z18,,,,,,,,,,,,,,,,,,,,,,,,,,,,,,
IE00B6R52036,,,,,,,,,,,,,,,,,,,,,,,,,,,,,,
IE00B6R52143,,,,,,,,,,,,,,,,,,,,,,,,,,,,,,
IE00B6R52259,4.54,4.17,2.58,,1.83,2.26,2.04,1.28,1.6,1.67,,,,,,,,,,,,,,,,,,,,
IE00B6S2Z822,,,,,,,,,,,,,,,,,,,,,,,,,,,,,,
IE00B6SPMN59,2.0,2.21,,,,1.92,,,1.96,1.99,1.99,,,,,,,,,,,,,,,,,,,
IE00B6TLBW47,,,,,,,,,,,,,,,,,,,,,,,,,,,,,,
IE00B6X2VY59,,,,,,,,,,,,,,,,,,,,,,,,,,,,,,
IE00B6X4BP29,,,,,,,,,,,,,,,,,,,,,,,,,,,,,,
IE00B6YX5B26,,,,,,,,,,,,,,,,,,,,,,,,,,,,,,
IE00B6YX5C33,7.52,6.59,4.3,,,3.62,3.25,2.02,2.59,2.77,1.84,,,1.92,,,,,,,,,,,,,,,,
IE00B6YX5D40,,,,,,,,,,,,,,,,,,,,,,,,,,,,,,
IE00B6YX5F63,,,,,,,,,,,,,,,,,,,,,,,,,,,,,,
IE00B6YX5H87,,,,,,,,,,,,,,,,,,,,,,,,,,,,,,
IE00B6YX5K17,,,,,,,,,,,,,,,,,,,,,,,,,,,,,,
IE00B6YX5L24,,,,,,,,,,,,,,,,,,,,,,,,,,,,,,
IE00B6YX5M31,,,,,,,,,,,,,,,,,,,,,,,,,,,,,,
IE00B77D4428,7.14,6.57,4.07,,,3.57,3.22,2.01,2.53,2.63,1.83,,,1.91,,,,,,,,,,,,,,,,
IE00B78JSG98,,,8.33,,,,,4.12,,,,,,3.91,,,,,,,,,,,,,,,,
IE00B7K93397,7.5,6.58,4.29,,,3.61,3.24,2.02,2.59,2.77,1.83,,,1.91,,,,,,,,,,,,,,,,
IE00B7KMNP07,,,,,,,,,,,,,,,,,,,,,,,,,,,,,,
IE00B7KQ7B66,5.17,4.74,2.94,,,2.58,2.33,1.46,1.83,1.9,1.33,,,1.38,,,,,,,,,,,,,,,,
IE00B7LGZ558,,,,,,,,,,,,,,,,,,,,,,,,,,,,,,
IE00B7LW6Y90,,,,,,,,,,,,,,,,,,,,,,,,,,,,,,
IE00B7N3YW49,,,,,,,,,,,,,,,,,,,,,,,,,,,,,,
IE00B7WK2W23,,,,,16.78,,,,,,,9.07,8.51,,,,,,,,,,,,3.03,,,,,
IE00B7Y34M31,,,,,,,,,,,,,,,,,,,,,,,,,,,,,,
IE00B802KR88,,,,,,,,,,,,,,,,,,,,,,,,,,,,,,
IE00B810Q511,,,,,,,,,,,,,,,,,,9.78,8.43,,,,,6.56,,,,,,
IE00B86MWN23,,,,,,,,,,,,,,,,,1.56,,,,,,,,,,,1.65,,
IE00B87G8S03,,,,,,,,,,,,,,,,,,,,,,,,,,,,,,
IE00B87RLX93,,,,,,,,,,,,,,,,,,,,,,,,,,,,,,
IE00B88DZ566,7.44,6.52,4.25,,,3.58,3.22,2.0,2.56,2.74,1.82,,,1.9,,,,,,,,,,,,,,,,
IE00B8CJW150,,,,,,,,,,,,,,,,,,,,,,,,,,,,,,
IE00B8FHGS14,1.11,,,,,,,,,,,,,,,,1.28,,,,,,,,,,,,,
IE00B8GF1M35,,,,,,,,,,,,,,,,,,,,,,,,,,,,,,
IE00B8GKDB10,,,,,,,,,,,,,,,,,,0.77,,,,,,,,,,,,
IE00B8HGT870,,,,,,,,,,,,,,,,,,,,,,,,,,,,,,
IE00B8J37J31,,,,,,,,,,,,,,,,,,,,,,,,,,4.11,,,,
IE00B8K7KM88,,,,,,,,,,,,,,,,,,,,,,,,,,,,,,
IE00B8KGV557,,,,,1.54,,,,,,,1.67,2.1,,,,,,,,,,,,,,,,,
IE00B8NB3063,,,,,,,,,,,,,,,,,,,,,,,,,,,,,,
IE00B8X9NW27,,,,,,,,1.31,,,,,,,,0.88,,,,,,,,,,,,,,
IE00B8X9NX34,,,,,,,,,,,,,,,,,,,,,,,,,,,,,,
IE00B8X9NY41,,,,1.26,,,,,,,,,,,,,,,,,,,,,,,,,,
IE00B8X9NZ57,,,,,,,,,,,,,,,,,,,,,,,,2.26,,,,,,
IE00B910VR50,,,,9.99,,,,,,,,,,,3.12,,,,,2.35,2.34,2.58,,,,,2.09,1.99,,
IE00B945VV12,,,,5.2,,,,,,,,,,,1.61,,2.01,2.23,1.92,1.23,,1.37,1.99,1.5,,,,,1.81,
IE00B94ZB998,,,,,,,,,,,,,,,,,,,,,,,,,,,,,,
IE00B95PGT31,,,,,,,,,,,,,,,,,,,,,,,,,,3.36,,,,
IE00B979GK47,,,,,,,,,,,,,,,,,,,,,,,,,,,,,,
IE00B99FL386,,,,,,,,,,,,,,,,,,,,,,,,,,,,,,
IE00B9CQXS71,,,,,,,,,,,,,,,,,,,,,,,,,,,,,,
IE00B9F5YL18,,,,,,,,,,,,17.57,16.74,,,,,,,,,,,,,,,,,
IE00B9KNR336,,,,,,,,,,,,,,,,,,,,,,,,,,,,,,
IE00B9M04V95,,,,,,,,,,,,,,,,,,,,,,,,,,,,,,
IE00B9M6RS56,,,,,,,,,,,,,,,,,,,,,,,,,,,,,,
IE00B9MRJJ36,,,,,,,,,,,,,,,,,,,,,,,,,,,,,,
IE00BBQ2W338,,,,,19.19,,,,,,,10.37,9.72,,,,,,,,,,,,3.46,,,,,
IE00BC7GZJ81,,,,,,,,,,,,,,,,,,,,,,,,,,,,,,
IE00BC7GZW19,,,,,,,,,,,,,,,,,,,,,,,,,,,,,,
IE00BC7GZX26,,,,,,,,,,,,,,,,,,,,,,,,,,,,,,
IE00BCBJF711,,,,,,,,,,,,,,,,,,,,,,,,,,,,,,
IE00BCBJG560,,,,,,,,,,,,,,,,,,,,,,,,,,,,,,
IE00BCHWNS19,,,,,,,,,,,,,,,,,,,,,,,,,,,,,,
IE00BCHWNV48,,,,,,,,,,,,,,,,,,,,,,,,,,,,,,
IE00BCHWNW54,,,,,,,,,,,,,,,,,,,,,,,,,,,,,,
IE00BCLWRD08,,,,,,,,,,,,,,,,,,,,,,,,,,,,,,
IE00BCLWRF22,,,,11.82,,,,,,,,,,,3.69,,,,,2.79,2.77,3.06,,,,,2.48,2.35,,
IE00BCLWRG39,,,,,,,,,,,,,,,,,,,,,,,,,,4.13,,,,
IE00BD0B9B76,,,,,,,,,,,,,,,,,,,,,,,,,,,,,,
IE00BD0Q9673,,,,,,,,,,,,,,,,,,,,,,,,,,,,,,
IE00BD1F4K20,,,,,,,,,,,,,,,,,,,,,,,,,,,,,,
IE00BD1F4L37,5.81,6.2,5.73,,,,,,,,,,,3.72,,,,,,,,,,,,,,,,5.15
IE00BD1F4M44,,,,,,,,25.36,,,,,,,,,,,,,,,,,,,,,,
IE00BD1F4N50,,,,,,,,7.07,,3.93,,,,,,6.01,,,,,,,,,,,,,,4.76
IE00BD26N851,,,,,,,,,,,,,,,,,,,,,,,,,,,,,,
IE00BD34DB16,7.5,6.58,4.29,,,3.61,3.24,2.02,2.59,2.77,1.83,,,1.91,,,,,,,,,,,,,,,,
IE00BD34DK07,7.5,6.58,4.29,,,3.61,3.24,2.02,2.59,2.77,1.83,,,1.91,,,,,,,,,,,,,,,,
IE00BD34DL14,7.5,6.58,4.29,,,3.61,3.24,2.02,2.59,2.77,1.83,,,1.91,,,,,,,,,,,,,,,,
IE00BD3RYZ16,,,,,,,,,,,,,,,,,,,3.07,,,,,,,,,,,
IE00BD3V0B10,,,,,,,,,,,,,,,,,,,,,,,,,,,,,,
IE00BD45KH83,,,,,13.18,,,,,,,7.13,6.68,,,,,,,,,,,,2.39,,,,,
IE00BD4DX952,,,,,,,,,,,,,,,,,,,,,,,,,,,,,,
IE00BD4DXB77,,,,,,,,,,,,,,,,,,,,,,,,,,,,,,
IE00BD4TXS21,7.14,6.57,4.07,,,3.57,3.22,2.01,2.53,2.63,1.83,,,1.91,,,,,,,,,,,,,,,,
IE00BD4TXV59,5.17,4.74,2.94,,,2.58,2.33,1.46,1.83,1.9,1.33,,,1.38,,,,,,,,,,,,,,,,
IE00BD4TXW66,7.5,6.58,4.29,,,3.61,3.24,2.02,2.59,2.77,1.83,,,1.91,,,,,,,,,,,,,,,,
IE00BD4TY345,,,,,,,,,,,,,,,,,,,,,,,,,,,,,,
IE00BD4TY451,,,,,,,,,,,,,,,,,,,,,,,,,,,,,,
IE00BD4TYF66,7.14,6.57,4.07,,,3.57,3.22,2.01,2.53,2.63,1.83,,,1.91,,,,,,,,,,,,,,,,
IE00BD4TYG73,7.14,6.57,4.07,,,3.57,3.22,2.01,2.53,2.63,1.83,,,1.91,,,,,,,,,,,,,,,,
IE00BD4TYL27,7.14,6.57,4.07,,,3.57,3.22,2.01,2.53,2.63,1.83,,,1.91,,,,,,,,,,,,,,,,
IE00BD5HBQ97,,,,,,,,,,,,,,,,,,,,,,,,,,,,,,
IE00BD5HBR05,,,,,,,,,,,,,,,,,,,,,,,,,,,,,,
IE00BD5HBS12,,,,,,,,,,,,,,,,,,,,,,,,,,,,,,
IE00BD6FTQ80,,,,,,,,,,,,,,,,,,,,,,,,,,,,,,
IE00BD6GCF16,,,,,,,,,,,,,,,,,,,,,,,,,,,,,,
IE00BD6RZT93,,,,,,,,,,,,,,,,,,,,,,,,,,,,,,
IE00BD6RZW23,,,,,,,,,,,,,,,,,,,,,,,,,,,,,,
IE00BD6RZZ53,,,,,,,,,,,,,,,,,,,,,,,,,,,,,,
IE00BD842Y21,,,,,,,,,,,,,,,,,,,,2.5,,,,1.87,,,,,,
IE00BD8D5G25,,,,,,,,,,,,,,,,,,,,,,,,,,,,,,
IE00BD8D5H32,,,,,,,,,,,,,,,,,,,,,,,,,,,,,,
IE00BD8PGZ49,,,,,,,,,,,,,,,,,,,,,,,,,,,,,,
IE00BD8PH067,,,,,,,,,,,,,,,,,,,,,,,,,,,,,,
IE00BD8PH174,,,,,,,,,,,,,,,,,,,,,,,,,,,,,,
IE00BD93YH54,2.0,2.21,,,,1.92,,,1.96,1.99,1.99,,,,,,,,,,,,,,,,,,,
IE00BD9MMC32,,,,,,,,,,,,,,,,,,,,,,,,,,,,,,
IE00BD9MMD49,,,,,,,,,,,,,,,,,,,,,,,,,,,,,,
IE00BD9MMF62,,,,,,,,,,,,,,,,,,,,,,,,,,,,,,
IE00BD9MMG79,,,,,,,,,,,,,,,,,,,,,,,,,,,,,,
IE00BD9N0445,,,,,,,,,,,,,,,,,,,,,,,,2.26,,,,,,
IE00BDBRT036,,,,,,,,,,,8.37,,,,,,,,,,,,,,,,,,,
IE00BDD48R20,,,,,,,,,,,,,,,,,,,,,,,,,,,,,,
IE00BDD48S37,,,,,,,,,,,,,,,,,,,,,,,,,,,,,,
IE00BDDRDW15,,,,,,,,,,,,,,,,,,,,,,,,,,,,,,
IE00BDDRDY39,,,,,,,,,,,,,,,,,,,,,,,,,,,,,,
IE00BDDRF700,,,,,,,,,,,,,,,,1.78,,,,,,,,,,,,,,
IE00BDF12W49,,,,,,,,,,,,,,,,,,,,,,,,,,,,,,
IE00BDF16007,,,,,,,,,,,,,,,,,,4.99,,,,,,,,,,,,
IE00BDF16114,,,,,,,,,,,,,,,,,,,,,,,,,,,,,,
IE00BDFBTQ78,,,,,,,,,,,,,,,,,,,,,,,,,,,,,,
IE00BDFC6G93,,,,,,,,,,,,,,,,,,,,,,,,,,,,,,
IE00BDFC6Q91,,,,,,,,,,,,,,,,,,,,,,,,,,,,,,
IE00BDFJYM28,,,,,,,,,,,,,,,,,,,,,,,,,,,,,,
IE00BDFK1573,,,,,,,,,,,,,,,,,,,,,,,,,,,,,,
IE00BDFL4P12,,,,,,,,,,,,,,,,,,,,,,,,,,,,,,
IE00BDGV0308,,1.52,,,,,,1.3,,,,,,,,1.1,,,,,,,,,,,,,,2.08
IE00BDGV0415,,1.52,,,,,,1.3,,,,,,,,1.1,,,,,,,,,,,,,,2.08
IE00BDGV0746,,1.52,,,,,,1.3,,,,,,,,1.1,,,,,,,,,,,,,,2.08
IE00BDGV0C91,,1.52,,,,,,1.3,,,,,,,,1.1,,,,,,,,,,,,,,2.08
IE00BDQYWQ65,,,,,,,,,,,,,,,,,,,,,,,,,,,,,,
IE00BDQZMX67,4.36,3.67,3.41,,2.41,1.99,1.8,,1.42,2.2,,1.31,,,,1.23,,,,,,,,,,,,,,
IE00BDQZN113,4.36,3.67,3.41,,2.41,1.99,1.8,,1.42,2.2,,1.31,,,,1.23,,,,,,,,,,,,,,
IE00BDQZN337,4.36,3.67,3.41,,2.41,1.99,1.8,,1.42,2.2,,1.31,,,,1.23,,,,,,,,,,,,,,
IE00BDQZN550,4.36,3.67,3.41,,2.41,1.99,1.8,,1.42,2.2,,1.31,,,,1.23,,,,,,,,,,,,,,
IE00BDQZN667,4.36,3.67,3.41,,2.41,1.99,1.8,,1.42,2.2,,1.31,,,,1.23,,,,,,,,,,,,,,
IE00BDQZN774,4.36,3.67,3.41,,2.41,1.99,1.8,,1.42,2.2,,1.31,,,,1.23,,,,,,,,,,,,,,
IE00BDR55364,4.22,,,3.03,5.05,,,,,4.27,4.69,,,,,3.75,,,,,,,,,,,,,,2.14
IE00BDR55471,4.22,,,3.03,5.05,,,,,4.27,4.69,,,,,3.75,,,,,,,,,,,,,,2.14
IE00BDR55703,4.22,,,3.03,5.05,,,,,4.27,4.69,,,,,3.75,,,,,,,,,,,,,,2.14
IE00BDR55927,4.22,,,3.03,5.05,,,,,4.27,4.69,,,,,3.75,,,,,,,,,,,,,,2.14
IE00BDR55B48,4.22,,,3.03,5.05,,,,,4.27,4.69,,,,,3.75,,,,,,,,,,,,,,2.14
IE00BDR55D61,4.22,,,3.03,5.05,,,,,4.27,4.69,,,,,3.75,,,,,,,,,,,,,,2.14
IE00BDR55F85,4.22,,,3.03,5.05,,,,,4.27,4.69,,,,,3.75,,,,,,,,,,,,,,2.14
IE00BDR5GT91,,,,,,,,,,,,,,,,,,,,,,,,,,,,,,
IE00BDR5GV14,,,,,,,,,,,,,,,,,,,,,,,,,,,,,,
IE00BDR5GY45,,,,,,,,,,,,,,,,,,,,,,,,,,,,,,
IE00BDR5H073,,,,,,,,,,,,,,,,,,,,,,,,,,,,,,
IE00BDR5H297,,,,,,,,,,,,,,,,,,,,,,,,,,,,,,
IE00BDR5H305,,,,,,,,,,,,,,,,,,,,,,,,,,,,,,
IE00BDR5H412,,,,,,,,,,,,,,,,,,,,,,,,,,,,,,
IE00BDR5HM97,,,,,,,,,,,,,,,,,,,,,,,,,,,,,,
IE00BDR5HN05,,,,,,,,,,,,,,,,,,,,,,,,,,,,,,
IE00BDS67326,,,,,,,,,,,,,,,,,,,,,,,,,,,,,,
IE00BDT6FP91,,,,,,,,,,,,,,,,,,,,,,,,,,,,,,
IE00BDT6FR16,,,,,,,,,,,,,,,,,,,,,,,,,,,,,,
IE00BDT6FS23,,,,,,,,,,,,,,,,,,,,,,,,,,,,,,
IE00BDT6FT30,,,,,,,,,,,,,,,,,,,,,,,,,,,,,,
IE00BDT8TZ34,,,,,,,,,,,,,,,,,,,,,,,,,,,,,,
IE00BDT8V027,,,,,,,,,,,,,,,,,,,,,,,,,,,,,,
IE00BDVJF675,,,,,,,,,,,,,,,,,,,,,,,,,,,,,,
IE00BDVPNG13,,,,,,2.15,2.13,4.18,,,,,3.47,,,5.07,,,,,,,,,,,,,,
IE00BDVPNS35,,,,,,,,,,,,,,,,,,,,,,,,,,,,,,
IE00BDVPNV63,,,,,,,,,,,,,,,,,,,,,,,,,,,,,,
IE00BDVPTJ63,,,,,,,,,,,,,,,,,,,,,,,,,,,,,,
IE00BDZCKK11,,4.38,,,,,,,,,,,,,,,,,,,,,,,,,,,,5.79
IE00BDZVH859,,,,,,,,,,,,,,,,,,,,,,,,,,,,,,
IE00BDZVH966,,,,,,,,,,,,,,,,,,,,,,,,,,,,,,
IE00BDZVHD04,,,,,,,,,,,,,,,,,,,,,,,,,,,,,,
IE00BDZVHG35,,,,,,,,,,,,,,,,,,,,,,,,,,,,,,
IE00BDZZTM54,7.53,,,4.54,,,,,,,3.59,,,,,,,,,,,,,,,,,,,3.22
IE00BF0BCP69,,,,,,,,,,,,,,,,,,,,,,,,,,,,,,
IE00BF0H7608,,,,,,,,,,,,,,,,,,,,,,,,,,,,,,
IE00BF0M2Z96,,,,,,,,,,,,,,,,,,,,,,,,,,,,,,
IE00BF0M6N54,,,,,,,,,,,,,,,,,,,,,,,,,,,,,,
IE00BF0V4615,,,,,,,,,,,,,,,,,,,,,,,,,,,,,,
IE00BF16M727,,,,,,,,,,6.67,,,,,,,,,,,,,,,,,,,,
IE00BF1B7272,4.56,4.18,2.58,,1.84,2.27,2.0,1.29,1.67,1.68,,,,1.22,,,,,,,,,,,,,,,,
IE00BF1B7389,4.56,4.18,2.58,,1.84,2.27,2.0,1.29,1.67,1.68,,,,1.22,,,,,,,,,,,,,,,,
IE00BF1QPH33,,,,,,,,,,,,,,,,,,,,,,,,,,,,,,
IE00BF1QPJ56,,,,,,,,,,,,,,,,,,,,,,,,,,,,,,
IE00BF1QPK61,,,,,,,,,,,,,,,,,,,,,,,,,,,,,,
IE00BF1QPL78,,,,,,,,,,,,,,,,,,,,,,,,,,,,,,
IE00BF20LF40,,,,,,,,,,,,,,,,,,,,,,,,,,,,,,
IE00BF2B0K52,,,,,1.12,,,,,,,1.08,1.59,,,,,,,,,,,,,,,,,
IE00BF2B0L69,,,,,,,,,,,,,,,,,3.22,,,3.24,,,,,,,,,,
IE00BF2B0M76,,,,,,,,,,,,,,,,,2.09,,,2.11,,,,,,,,,,
IE00BF2B0P08,6.67,6.96,3.93,,,3.09,3.66,,2.95,2.46,,,,1.83,,,,,,,,,,,,,,,,
IE00BF2FL590,,,,1.26,,,,,,,,,,,,,,,,,,,,,,,,,,
IE00BF2FN646,,,,,,,,,,,,,,,,,,,,,,,,,,,,,,
IE00BF2FN752,,,,,,,,,,,,,,,,,,,,,,,,,,,,,,
IE00BF2FN869,,,,,,,,,,,,,,,,,,,,,,,,,,,,,,
IE00BF2FNB90,,,,,,,,,,,,,,,,,,,,,,,,,,,,,,
IE00BF2FNF39,,,,,,,,,,,,,,,,,,,,,,,,,,,,,,
IE00BF2FNG46,,,,,,,,,,,,,,,,,,,,,,,,,,,,,,
IE00BF2FNH52,,,,,,,,,,,,,,,,,,,,,,,,,,,,,,
IE00BF2FNJ76,,,,,,,,,,,,,,,,,,,,,,,,,,,,,,
IE00BF2FNL98,,,,,,,,,,,,,,,,,,,,,,,,,,,,,,
IE00BF2FNQ44,,,,,,,,,,,,,,,,,,,,,,,,,,,,,,
IE00BF2FNR50,,,,,,,,,,,,,,,,,,,,,,,,,,,,,,
IE00BF2FPB31,,,,,,,,,,,,,,,,,,,,,,,,,,,,,,
IE00BF2GC043,,,,,,,,,,,,,,,,,,,,,,,,,,,,,,
IE00BF2GFH28,,,,,,,,,,,,,,,,,,,,,,,,,,,,,,
IE00BF2GFJ42,,,,,,,,,,,,,,,,,,,,,,,,,,,,,,
IE00BF2GFK56,,,,,,,,,,,,,,,,,,,,,,,,,,,,,,
IE00BF2GFM70,,,,,,,,,,,,,,,,,,,,,,,,,,,,,,
IE00BF2GFQ19,,,,,,,,,,,,,,,,,,,,,,,,,,,,,,
IE00BF2QSQ20,5.81,6.2,5.73,,,,,,,,,,,3.72,,,,,,,,,,,,,,,,5.15
IE00BF4G6Y48,5.46,4.73,3.23,,,2.79,2.34,1.67,1.83,1.99,1.16,,,1.46,,,,,,,,,,,,,,,,
IE00BF4G6Z54,,,,,9.95,,,,,,,9.26,7.88,,,,,,,,,,,,2.94,,,,,
IE00BF4G7076,7.93,6.63,4.69,,,3.97,3.3,2.29,2.48,2.89,1.61,,,2.07,,,,,,,,,,,,,,,,
IE00BF4G7183,,,,5.99,,,,,,,,,,,2.36,,1.95,2.18,2.42,2.05,,1.79,1.89,2.01,,,,,2.11,
IE00BF4J0300,,,,,,,,,,,,,,,,,,,,,,,,,,,,,,
IE00BF4NQ904,,,,,,,,,,,,,,,,,,,,,,,,,,,,,,
IE00BF4RFH31,,,,,,,,,,,,,,,,,,,,,,,,,,,,,,
IE00BF4TW453,,,,,,,,,,,,,,,,,,,,,,,,,,,,,,
IE00BF4TWC33,,,,,,,,,,,,,,,,,,,,,,,,,,,,,,
IE00BF4TWF63,,,,,,,,,,,,,,,,,,,,,,,,,,,,,,
IE00BF51K025,,,,,,,,,,,,,,,,,,,,,,,,,,,,,,
IE00BF51K132,,,,,,,,,,,,,,,,,,,,,,,,,,,,,,
IE00BF51K249,,,,,,,,,,,,,,,,,,,,,,,,,,,,,,
IE00BF540Z61,,,,,,,,,,,,,,,,,,,,,,,,,,,,,,
IE00BF541080,,,,,,,,,,,,,,,,,,,,,,,,,,,,,,
IE00BF553838,,,,,,,,,,,,,,,,,,,,,,,,,,,,,,
IE00BF59RV63,,,,,,,,,,,,,,,,,,,,,,,,,,,,,,
IE00BF59RW70,,,,,,,,,,,,,,,,,,,,,,,,,,,,,,
IE00BF59RX87,,,,,,,,,,,,,,,,,,,,,,,,,,,,,,
IE00BF5DXP42,,,,,1.77,1.42,,3.55,,,,2.12,,,,3.67,,,,,,,,,,,,,,
IE00BF8HV600,,,,,,,,,,,,,,,,,,,,,,,,,,,,,,
IE00BF8HV717,,,,,,,,,,,,,,,,,,,,,,,,,,,,,,
IE00BF8J5974,,,,,,,,,,,,,,,,,,,,,,,,,,,,,,
IE00BF92J153,,,,,,,,,,,,,,,,,,,,,,,,,,,,,,
IE00BF92LR56,,,,,,,,,,,,,,,,,,,,,,,,,,,,,,
IE00BF92LV92,,,,,,,,,,,,,,,,,,,,,,,,,,,,,,
IE00BFD26097,,,,,,,,,,,,,,,,,,,,,,,,,,,,,,
IE00BFD2H405,,,3.25,,,3.45,3.68,,,,,,,,,,,,,,,,,,,,,,,
IE00BFF5RX68,,,,,,,,25.36,,,,,,,,,,,,,,,,,,,,,,
IE00BFF5RZ82,,,,,,,,7.07,,3.93,,,,,,6.01,,,,,,,,,,,,,,4.76
IE00BFM15T99,,,,,,,,,,,,,,,,,,,,,,,,,,3.31,,,,
IE00BFM6T814,,,,,,,,,,,,,,,,,,,,,,,,,,,,,,
IE00BFM6T921,,,,,,,,,,,,,,,,,,,,,,,,,,,,,,
IE00BFM6TC58,,,,,,,,,,,,,,,,,,,,,,,,,,,,,,
IE00BFM6TD65,,,,,,,,,,,,,,,,,,,,,,,,,,,,,,
IE00BFMKQC67,,,,,,,,,,,,,,,,,,,,,,,,,,,,,,
IE00BFMM8Y81,,,,,,,,,,,,,,,,,,,,,,,,,,,,,,
IE00BFMM9235,,,,,,,,,,,,,,,,,,,,,,,,,,,,,,
IE00BFMXVQ44,,,,,,,,,,,,,,,,,,,,,,,,,,,,,,
IE00BFMXXD54,7.49,6.57,4.28,,,3.61,3.24,2.01,2.58,2.77,1.83,,,1.91,,,,,,,,,,,,,,,,
IE00BFMXYP42,,,,,,,,,,,,,,,,,,9.78,8.43,,,,,6.56,,,,,,
IE00BFMXYX26,,,,,,,,,,,,,,,,,,,,,,,,,,3.36,,,,
IE00BFMXYY33,,,,,,,,,,,,,,,,,,,,,,,,,,3.36,,,,
IE00BFMXZJ56,,,,,,,,,,,,,,,,,,,,,,,,,,3.36,,,,
IE00BFNM3B99,,,,10.91,,,,,,,,,,,3.41,,,,,2.57,2.56,2.84,,,,,2.28,2.18,,
IE00BFNM3C07,,,,10.91,,,,,,,,,,,3.41,,,,,2.57,2.56,2.84,,,,,2.28,2.18,,
IE00BFNM3D14,,,,6.21,,,,,,,,,,,1.94,,2.33,2.65,2.3,1.46,1.45,1.61,2.36,,,,,,,
IE00BFNM3F38,,,,6.21,,,,,,,,,,,1.94,,2.33,2.65,2.3,1.46,1.45,1.61,2.36,,,,,,,
IE00BFNM3G45,7.64,7.03,4.35,,,3.81,3.44,2.15,2.7,2.81,1.96,,,2.05,,,,,,,,,,,,,,,,
IE00BFNM3H51,7.64,7.03,4.35,,,3.81,3.44,2.15,2.7,2.81,1.96,,,2.05,,,,,,,,,,,,,,,,
IE00BFNM3J75,5.58,5.13,3.18,,,2.79,2.51,1.57,1.97,2.05,1.43,,,1.5,,,,,,,,,,,,,,,,
IE00BFNM3K80,5.58,5.13,3.18,,,2.79,2.51,1.57,1.97,2.05,1.43,,,1.5,,,,,,,,,,,,,,,,
IE00BFNM3L97,,,,,,,,,,,,,,,,,,,,,,,,,,4.46,,,,
IE00BFNM3M05,,,,,,,,,,,,,,,,,,,,,,,,,,4.46,,,,
IE00BFNM3N12,,,,,13.74,,,,,,,7.43,6.96,,,,,,,,,,,,2.49,,,,,
IE00BFNM3P36,,,,,13.74,,,,,,,7.43,6.96,,,,,,,,,,,,2.49,,,,,
IE00BFNNN012,,,,,,,,,,,,,,,,,,,,,,,,,,,,,,
IE00BFNNN236,,,,,,,,,,,,,,,,,,,,,,,,,,,,,,
IE00BFNNN343,,,,,,,,,,,,,,,,,,,,,,,,,,,,,,
IE00BFNNN459,,,,,,,,,,,,,,,,,,,,,,,,,,,,,,
IE00BFTWP510,,,,,,,,,,,,,,,,,,,,,,,,,,,,1.49,,
IE00BFWFPX50,,,,,,,19.05,,15.18,,,,,19.42,,,,,,,,,,,,,,,,
IE00BFWFPY67,,,,,,,,,,,,,,,,,,,,,,,,,,,,,,
IE00BFWMQ331,,,,,,,,,,,,,,,,,,,,,,,,,,,,,,
IE00BFWXDV39,,,,,19.12,,,,,,,10.96,10.36,,,,,,,,,,,,,,,,,
IE00BFWXDX52,,,,,,,,,,,,,,,,,,,,,,,,,,,,,,
IE00BFWXDY69,,,,,,,,,,,,,,,,,,,,,,,,,,,,,,
IE00BFXR5Q31,7.41,6.37,4.19,,,3.53,3.24,2.21,2.81,2.85,2.03,,,1.92,,,,,,,,,,,,,,,,
IE00BFXR5R48,,,,,,,,,,,,,,,,,,10.96,9.31,,,,,7.27,,,,,,
IE00BFXR5S54,5.29,4.55,2.99,,,2.52,2.33,1.58,1.99,2.04,1.45,,,1.38,,,,,,,,,,,,,,,,
IE00BFXR5T61,,,,,,,,,,,,,,,,,,,,,,,,,,3.72,,,,
IE00BFXR5V83,,,,6.58,,,,,,,,,,,2.14,,2.7,,,1.69,1.65,1.89,2.78,,,,,,2.54,
IE00BFXR5W90,,,,,,,,,,,,,,,,,,,,,,,,,,,,,,
IE00BFXR6159,,,,,,,,,,,,,,,,,,,,,,,,,,,,,,
IE00BFXR7892,,,,,,,,,,,,,,,,,,,,,,,,,10.48,,,,,
IE00BFXR7900,,,,,,,,,,,,,,,,,,,,,,,,,10.48,,,,,
IE00BFXX9Y76,,,,,,,,,,,,,,,,,,,,,,,,,,,,,,
IE00BFXYHY63,,,,,,,,,,,,,,,,,,,,,,,,,,,,,,
IE00BFY0GT14,5.19,4.78,2.96,,,2.6,2.34,1.46,1.83,1.91,1.33,,,1.39,,,,,,,,,,,,,,,,
IE00BFY0GV36,,,,,,,,,,,,,,,,,,,,,,,,,,,,,,
IE00BFYN8Y92,,,,,,,,,,,,,,,,,,,,,,,,,6.45,,,,,
IE00BFYTYS33,,,,,,,,17.27,,,,,,,,,,,,,,,,,,,,,,
IE00BFZPF322,,,,,,,,,,,,,,,,,,,,,,,,,,,,,,
IE00BFZPF439,,,,,,,,,,,,,,,,,,,,,,,,,,,,,,
IE00BFZPF546,,,,,,,,,,,,,,,,,,,,,,,,,,,,,,
IE00BFZXGZ54,7.65,6.53,4.24,,,3.95,3.23,6.08,3.01,,3.03,,,,,3.88,,,,,,,,,,,,,,
IE00BG04LT92,,,,,,,,,,,,,,,,,,,,,,,,,,,,,,
IE00BG0J4957,,,,,,,,,,,,,,,,,,,,,,,,,,,,,,
IE00BG0J4B71,,,,,,,,,,,,,,,,,,,,,,,,,,,,,,
IE00BG0NY640,,,,9.19,,,,,,,,,,,,,,,,3.03,3.01,,,,,,,,,
IE00BG0SKF03,,,,,13.06,,,,,,,10.44,10.49,,,,,,,,,,,,,,,,,
IE00BG0SSC32,,,,,,9.97,5.55,,4.42,,,,,9.82,,,,,,,,,,,,,,,,
IE00BG0TQ445,,,,,,,,,,,,,,,,,,,,,,,,,,,,,,
IE00BG0TQB18,,,,,,,,,,,,,,,,,,,,,,,,,,,,,,
IE00BG0TQC25,,,,,,,,,,,,,,,,,,,,,,,,,,,,,,
IE00BG0TQD32,,,,,,,,,,,,,,,,,,,,,,,,,,,,,,
IE00BG11HV38,5.2,4.81,2.9,,,2.66,,1.5,3.52,1.96,1.43,,,1.37,,,,,,,,,,,,,,,,
IE00BG13YG34,,,,10.04,,,,,,,,,,,,,3.08,,2.97,4.43,,,2.79,,,,,,3.17,
IE00BG13YH41,,,,,,,,,,,,,,,4.18,,,2.86,,,,2.43,,,,,,,,
IE00BG13YJ64,,,,6.55,,,,,,,,,,,,,4.3,5.15,2.96,,,3.79,4.05,,,,,3.3,,
IE00BG13YK79,,,,,,,,,,,,,,,,,1.56,,,,,,,,,,,1.65,,
IE00BG13YL86,,,,5.63,,,,,,,,,,,,,4.1,,,,,,,,,,,,,
IE00BG13YZ23,7.33,6.05,3.22,,,2.42,,1.57,5.44,3.46,,,,,,,,,,,,,,,,,,,,
IE00BG143G97,,,,,,,,,,,,,,,11.49,,,,,8.78,,,,,,,7.68,,,
IE00BG21M733,,,,,,,,,,,,,,,,,,,,,,,,,,,,,,
IE00BG47J908,,,,,,,,,,,,,,,,,,,,,,,,,,,,,,
IE00BG47K971,,,,,,,,,,,,,,,,,,,,,,,,,,,,,,
IE00BG47KB92,,,,,,,,,,,,,,,,,,,,,,,,,,,,,,
IE00BG47KF31,,,,,,,,,,,,,,,,,,,,,,,,,,,,,,
IE00BG47KG48,,,,,,,,,,,,,,,,,,,,,,,,,,,,,,
IE00BG47KH54,,,,,,,,,,,,,,,,,,,,,,,,,,,,,,
IE00BG47KJ78,,,,,,,,,,,,,,,,,,,,,,,,,,,,,,
IE00BG482169,,,,,,,,,,,,,,,,,,,,,,,,,,,,,,
IE00BG5QQ390,,,,,,,,,,,,,,,,,,,,,,,,,,,,,,
IE00BG7PP820,,,,,,,,,,,,,,,,,,,,,,,,,,,,,,
IE00BG88WG77,,,,,,,,,,,,,,,,,,,,,,,,,,,,,,
IE00BG88WH84,,,,,,,,,,,,,,,,,,,,,,,,,,,,,,
IE00BG88WL21,,,,,,,,,,,,,,,,,,,,,,,,,,,,,,
IE00BG8BCY43,,,,,,,,,,,,,,,,,,,,,,,,,,,,,,
IE00BGBN6P67,,,,,3.14,,,,,,,4.25,,,,5.11,,,,,,,,,,,,,,
IE00BGDPWV87,,,,,,,,,,,,,,,,,,,,,,,,,,,,,,
IE00BGDPWW94,,,,8.82,,,,,,,,,,,,,4.98,,,,4.37,,,,,,,,,
IE00BGDQ0L74,,,,,,,,,,,,,,,,,,,,,,,,,,,,,,
IE00BGDQ0T50,,,,,18.07,,,,,,,,,,,,,,,,,,,,,,,,,
IE00BGDQ0V72,,,,,,,,,,,,,,,,,,,,,,,,,,9.08,,,,
IE00BGJWWT11,,,,,,,,,,,,,,,,,,,,,,,,,,,,,,
IE00BGJWWV33,,,,,,,,,,,,,,,,,,,,,,,,,,,,,,
IE00BGJWWW40,,,,,,,,,,,,,,,,,,,,,,,,,,,,,,
IE00BGJWWX56,,,,,,,,,,,,,,,,,,,,,,,,,,,,,,
IE00BGJWWY63,,,,,,,,,,,,,,,,,,,,,,,,,,,,,,
IE00BGL86Z12,4.29,,,,,,,,,,4.73,,,,,5.45,,,,,,,,,,,,,,
IE00BGPP6473,,,,,,,,,,,,,,,,,,,,,,,,,,,,,,
IE00BGPP6697,,,,,,,,,,,,,,,,,,,,,,,,,,,,,,
IE00BGQ0J979,,,,,,,,,,,,,,,,,,,,,,,,,,,,,,
IE00BGQYRQ28,,,,,,,,,,,,,,,,,,,,,,,,,,,,,,
IE00BGR7L912,,,,,,,,,,,,,,,,,,,,,,,,,,,,,,
IE00BGSF1X88,,,,,,,,,,,,,,,,,,,,,,,,,,,,,,
IE00BGYWCB81,,,,,,,,,,,,,,,,,,,,,,,,,,,,,,
IE00BGYWFK87,,,,,,,,,,,,,,,,,,,,,,,,,,,,,,
IE00BGYWFL94,,,,,,,,,,,,,,,,,,,,,,,,,,,,,,
IE00BGYWFN19,,,,,,,,,,,,,,,,,,,,,,,,,,,,,,
IE00BGYWFS63,,,,,,,,,,,,,,,,,,,,,,,,,,,,,,
IE00BGYWSV06,,,,,,,,,,,,,,,,,,,,,,,,,,,,,,
IE00BGYWSW13,,,,,,,,,,,,,,,,,,,,,,,,,,,,,,
IE00BGYWSZ44,,,,,,,,,,,,,,,,,,,,,,,,,,,,,,
IE00BGYWT403,,,,,,,,,,,,,,,,,,,,,,,,,,,,,,
IE00BGYWT510,,,,,,,,,,,,,,,,,,,,,,,,,,,,,,
IE00BH04FZ00,,,,,,,,,,,,,,,,,,,,,,,,,,,,,,
IE00BH04GL39,,,,,,,,,,,,,,,,,,,,,,,,,,,,,,
IE00BH04GM46,,,,,,,,,,,,,,,,,,,,,,,,,,,,,,
IE00BH04GW44,,,,,,,,,,,,,,,,,,,,,,,,,,,,,,
IE00BH3X8336,,,,,,,,,,,,,,,,,,,,,,,,,,,,,,
IE00BH3YZ803,,,,,,,,,,,,,,,,,,,,,,,,,,,,,,
IE00BH4G7D40,,,,,,,,,,,,,,,,,,,,,,,,,,,,,,
IE00BH4GPZ28,11.54,,6.6,,,,4.95,3.69,3.96,,,,,,,,,,,,,,,,,,,,,1.69
IE00BH4GR342,,,,,,,,,,,,,,,,,,,,,,,,,,,,,,
IE00BHJYDT11,,,,,,,,,,,,,,,,,,,,,,,,,,,,,,
IE00BHJYDV33,,,,,,,,,,,,,,,,,,,,,,,,,,,,,,
IE00BHXMHK04,12.14,,6.94,,,,5.25,3.26,4.18,,,,,,,,,,,,,,,,,,,,,1.35
IE00BHXMHL11,12.14,,6.94,,,,5.25,3.26,4.18,,,,,,,,,,,,,,,,,,,,,1.35
IE00BHXMHN35,12.14,,6.94,,,,5.25,3.26,4.18,,,,,,,,,,,,,,,,,,,,,1.35
IE00BHXMHQ65,12.14,,6.94,,,,5.25,3.26,4.18,,,,,,,,,,,,,,,,,,,,,1.35
IE00BHXMHR72,12.14,,6.94,,,,5.25,3.26,4.18,,,,,,,,,,,,,,,,,,,,,1.35
IE00BHZPHZ28,,,,10.13,,,,,,,,,,,3.19,,,,,2.78,3.33,2.87,,,,,2.18,2.59,,
IE00BHZPJ015,,,,10.13,,,,,,,,,,,3.19,,,,,2.78,3.33,2.87,,,,,2.18,2.59,,
IE00BHZPJ122,,,,,15.05,,,,,,,7.79,7.72,,,,,,,,,,,,2.68,,,,,
IE00BHZPJ239,,,,,15.05,,,,,,,7.79,7.72,,,,,,,,,,,,2.68,,,,,
IE00BHZPJ346,,,,,,,,,,,,,,,,,,,,,,,,,,,,,,
IE00BHZPJ452,,,,,,,,,,,,,,,,,,,,,,,,,,,,,,
IE00BHZPJ569,5.2,4.81,2.9,,,2.66,,1.5,3.52,1.96,1.43,,,1.37,,,,,,,,,,,,,,,,
IE00BHZPJ676,,,,5.78,,,,,,,,,,,1.62,,2.66,2.66,1.94,,1.75,,2.28,,,,,1.59,,
IE00BHZPJ783,,,,5.78,,,,,,,,,,,1.62,,2.66,2.66,1.94,,1.75,,2.28,,,,,1.59,,
IE00BHZPJ890,7.17,6.73,4.1,,,3.64,2.56,2.18,3.21,2.69,1.93,,,1.91,,,,,,,,,,,,,,,,
IE00BHZPJ908,7.17,6.73,4.1,,,3.64,2.56,2.18,3.21,2.69,1.93,,,1.91,,,,,,,,,,,,,,,,
IE00BHZRQY00,,,,,,,,,,,,,,,,,,,,,,,,,,,,,,
IE00BHZRQZ17,,,,,,,,,,,,,,,,,,,,,,,,,,,,,,
IE00BHZRR030,,,,,,,,,,,,27.73,21.87,,,,,,,,,,,,,,,,,
IE00BHZRR147,,,,,,,,,,,,,,,,,,,,,,,,,13.46,,,,,
IE00BHZRR253,,,,,,,,,,,,,,,,,,,,,,,,,,,,,,
IE00BJ06C044,7.93,6.63,4.69,,,3.97,3.3,2.29,2.48,2.89,1.61,,,2.07,,,,,,,,,,,,,,,,
IE00BJ06C481,,,,,,,,,,,,,,,,,,,,,,,,,,,,,,
IE00BJ06C937,,,,,,,,,,,,,,,,,,,,,,,,,,,,,,
IE00BJ0KDQ92,5.07,4.66,2.93,,,2.62,2.32,1.46,1.83,1.89,1.31,,,1.39,,,,,,,,,,,,,,,,
IE00BJ0KDR00,7.03,6.59,4.16,,,3.56,3.11,2.02,2.45,2.6,1.69,,,1.91,,,,,,,,,,,,,,,,
IE00BJ38QD84,,,,,,,,,,,,,,,,,,,,,,,,,,,,,,
IE00BJ5CNR11,8.48,,,,,3.09,,2.36,,3.71,1.43,,,2.82,,,,,,,,,,,,,,,,1.52
IE00BJ5JNY98,16.45,13.18,8.54,4.89,,,,3.74,,5.99,,,,,,3.34,,,,,,,,,,,,,,3.93
IE00BJ5JNZ06,,,,,,,,,,,,,,,,,5.44,,3.3,,,,3.51,,,,,,,
IE00BJ5JP097,,,,,,,,,,,,,,,,,,2.26,,,,,,,,,,,,
IE00BJ5JP105,,,,,,,,,,,,,,,,,,,,,,,,6.8,,,,,,
IE00BJ5JP212,,,,,,28.59,,,,,14.75,,,,,,,,,,,,,,,,,,,
IE00BJ5JP329,,,,,,,,,,,,,,,,,,,,,,,,,,,,,5.99,
IE00BJ5JP436,,,,,,,25.32,,5.64,,,,,17.96,,,,,,,,,,,,,,,,
IE00BJ5JP659,,,,,,,,,,,,,,,2.53,,,,,,1.75,,,,,,,,,
IE00BJ5JP766,,,,,,,,,,,,,,,,,,,,,,,,,,,,,,
IE00BJ5JPH63,,,,,,,,,,,,,,,,,,,,,,,,,,,,,,
IE00BJ5JPJ87,,,,,,,,,,,,,,,,,,,,,,,,,,,,,,
IE00BJFN5P63,,,,,,,,,,,,,,,,,,,,,,,,,,,,,,
IE00BJGWQN72,,,,,,,,,,,,,,,,,,,,,,,,,,,,,,
IE00BJJYYX67,,,,,,,,,,,,,,,,,,,,,,,,,,,,,,
IE00BJK3WF00,,,,,,,,,,,,,,,,,,,,,,,,,,,,,,
IE00BJK55B31,,,,,,,,,,,,,,,,,,,,,,,,,,,,,,
IE00BJK55C48,,,,,,,,,,,,,,,,,,,,,,,,,,,,,,
IE00BJK9H753,7.27,6.58,4.3,,,3.63,3.24,2.01,2.58,2.72,1.84,,,1.91,,,,,,,,,,,,,,,,
IE00BJK9H860,7.27,6.58,4.3,,,3.63,3.24,2.01,2.58,2.72,1.84,,,1.91,,,,,,,,,,,,,,,,
IE00BJK9HD13,,,,,,,,,,,,,,,,,,,,,,,,,,,,,,
IE00BJK9HH50,,,,,,,,,,,,,,,,,,,,,,,,,,,,,,
IE00BJL36X53,,,,,,,,,,,,,,,,,,,,,,,,,,,,,,
IE00BJLKK341,,,,11.68,,,,,,,,,,,,,,,,,5.47,,,,,,3.55,,,
IE00BJP26C72,,,,,,,,,,,,,,,,,,,,,,,,,,,,,,
IE00BJP26D89,,,,,,,,,,,,,,,,,,,,,,,,,,,,,,
IE00BJP26F04,,,,,,,,,,,,,,,,,,,,,,,,,,,,,,
IE00BJQRDK83,4.36,3.43,4.15,1.19,,1.86,1.7,1.15,1.34,2.9,,,,,,1.47,,,,,,,,,,,,,,
IE00BJQRDL90,,,,6.03,,,,,,,,,,,2.09,,2.6,2.99,,1.61,,1.77,2.64,,,,,,2.42,
IE00BJQRDM08,4.34,4.51,4.13,,,2.93,2.42,1.79,1.92,4.5,,,,,,2.3,,,,,,,,,,,,,,
IE00BJQRDN15,5.74,,1.88,1.73,,,4.21,,,1.91,,,,,,,,,,,,,,,,,,,,2.24
IE00BJQRDP39,5.74,,1.88,1.73,,,4.21,,,1.91,,,,,,,,,,,,,,,,,,,,2.24
IE00BJQTJ848,,,,,,,,,,,,,,,,,,,,,,,,,,,,,,
IE00BJRCLL96,,,,,,,,0.39,,,,0.35,0.45,,,,,,,,,,,,,,,,,0.42
IE00BJSBC011,,,,,,,,,,,,,,,,,,,,,,,,,,,,,,
IE00BJSBCS90,,,,,,,,,,,,,,,,,,,,,,,,,,,,,,
IE00BJXFZ989,4.54,4.17,2.58,,1.83,2.26,2.04,1.28,1.6,1.67,,,,,,,,,,,,,,,,,,,,
IE00BJXRT698,,,,,,,,,,,,,,,,,,,,,,,,,,,,,,
IE00BJXRT813,,,,,,,,7.93,,,,,,,,,,,,,,,,,,,,,,5.48
IE00BJXRZJ40,,,,,,,,,,,,,,,,,,,,,,,,,,,,,,
IE00BJXT3B87,4.2,,4.14,,,,,,,4.26,4.82,,,,,6.13,,,,,,,,,,,,,,3.5
IE00BJXT3C94,4.2,,4.14,,,,,,,4.26,4.82,,,,,6.13,,,,,,,,,,,,,,3.5
IE00BJXT3G33,4.2,,4.14,,,,,,,4.26,4.82,,,,,6.13,,,,,,,,,,,,,,3.5
IE00BJXT3H40,4.2,,4.14,,,,,,,4.26,4.82,,,,,6.13,,,,,,,,,,,,,,3.5
IE00BJXT3L85,4.2,,4.14,,,,,,,4.26,4.82,,,,,6.13,,,,,,,,,,,,,,3.5
IE00BK0TB144,,,,,,,,,,,,,,,,,,,,,,,,,,,,,,
IE00BK4W7N32,,,,,,,,,,,,,,,,,,,,,,,,,,,,,,
IE00BK5BC677,,,,,,,,,,,,,,,,,,,,,,,,,,,,,,
IE00BK5BC891,,,,,,,,,,,,,,,,,,,,,,,,,,,,,,
IE00BK5BCD43,,,,2.25,,,,,,,,,,,,2.42,,,,,,,,,,,,,,2.51
IE00BK5BCH80,,,,,,,,,,,,,,,,,,,,,,,,,,,,,,
IE00BK5BQT80,4.45,3.98,2.64,,1.75,2.2,1.99,1.24,1.6,1.67,,,,1.18,,,,,,,,,,,,,,,,
IE00BK5BQV03,4.88,4.38,2.9,,,2.42,2.17,1.36,1.77,1.84,1.29,,,1.29,,,,,,,,,,,,,,,,
IE00BK5BQW10,6.85,6.14,4.06,,,3.39,3.06,1.91,2.46,2.58,1.8,,,1.82,,,,,,,,,,,,,,,,
IE00BK5BQX27,,,,5.2,,,,,,,,,,,1.61,,2.01,2.23,1.92,1.23,,1.37,1.99,1.5,,,,,1.81,
IE00BK5BQY34,,,,6.74,,,,,,,,,,,2.09,,2.6,,,1.6,1.57,1.78,2.58,,,,,1.49,2.35,
IE00BK5BQZ41,,,,,,,,,,,,17.57,16.74,,,,,,,,,,,,,,,,,
IE00BK5BR626,,,,,,,,,,,,,,,,,,0.77,,,,,,,,,,,,
IE00BK5BR733,,,,,17.3,,,,,,,,,,,,,,,,,,,,3.22,,,,,
IE00BK5BZQ82,,,,,,,,,,,,,,,,,,,,,,,,,,,,,,
IE00BK5BZS07,,,,,,,,,,,,,,,,,,,,,,,,,,,,,,
IE00BK5BZT14,,,,,,,,,,,,,,,,,,,,,,,,,,,,,,
IE00BK5BZV36,,,,,,,,,,,,,,,,,,,,,,,,,,,,,,
IE00BK5BZX59,,,,,,,,,,,,,,,,,,,,,,,,,,,,,,
IE00BK5C1B80,,,,,,,,,,,,,,,,,,,,,,,,,,,,,,
IE00BK5H8015,,,,10.45,,,,,,,,,,,,,4.13,,4.01,,2.6,2.8,4.01,,,,2.14,,3.67,
IE00BK5LYT47,7.03,6.59,4.16,,,3.56,3.11,2.02,2.45,2.6,1.69,,,1.91,,,,,,,,,,,,,,,,
IE00BK63RN45,,,,,,,,,,,,,,,,,,,,,,,,,,,,,,
IE00BK6NC407,,,,,,,,,,,,,,,,,,,,,,,,,,,,,,
IE00BK6Q9938,,,,,,,,,,,,,,,,,,,,,,,,,,,,,,
IE00BK72HH44,4.19,,4.12,3.41,,,,,,,4.8,,,,,4.23,,,,,,,,,,,,,,2.42
IE00BK72HJ67,4.19,,4.12,3.41,,,,,,,4.8,,,,,4.23,,,,,,,,,,,,,,2.42
IE00BK72HM96,4.19,,4.12,3.41,,,,,,,4.8,,,,,4.23,,,,,,,,,,,,,,2.42
IE00BK72HN04,4.19,,4.12,3.41,,,,,,,4.8,,,,,4.23,,,,,,,,,,,,,,2.42
IE00BK72HT65,4.19,,4.12,3.41,,,,,,,4.8,,,,,4.23,,,,,,,,,,,,,,2.42
IE00BK7Y2P34,,,,,,,,,,,,,,,,,,,,,,,,,,,,,,
IE00BK80XL30,,,,,,,,,,,,,,,,,,,,,,,,,7.82,,,,,
IE00BK8JH525,,,,,,,,,,,,,,,,,,,,,,,,,,,,,,
IE00BK95B138,,,,,,,,,,,,,,,,,,,,,,,,,,,,,,
IE00BK9YKZ79,,,,,,,,,,,,,,,,,,,,,,,,,,,,,,
IE00BKBF6616,,,,9.88,,,,,,,,,,,3.09,,,,,2.33,2.31,2.56,,,,,2.07,1.97,,
IE00BKBF6H24,5.17,4.76,2.95,,,2.58,2.33,1.46,1.83,1.9,1.33,,,1.38,,,,,,,,,,,,,,,,
IE00BKC94M46,,,,,,,,,,,,,,,,,,,,,,,,,,,,,,
IE00BKF09C98,,,,,,,,,,,,,,,,,,,,,,,,,,,,,,
IE00BKFB6K94,,,,,,,,,,,,,,,,,,,,,,,,,,,,,,
IE00BKFB6L02,,,,,,,,,,,,,,,,,,,,,,,,,,,,,,
IE00BKKCKJ46,,,,,,,,,,,,,,,,,,,,,,,,,,,,,,
IE00BKKKWJ26,,,,,,,,,,,,,,,,,,,,,,,,,,,,,,
IE00BKLC5874,,,,,,,,,,,,,,,,,,,,,,,,,,,,,,
IE00BKLF1R75,,,,,,,,,,,,,,,,,,,,,,,,3.25,,,,,,
IE00BKLTRN76,,,,5.3,,,,,,,,,,,1.88,,2.33,2.41,2.15,,1.58,1.61,2.32,,,,,,2.06,
IE00BKLWY790,9.8,9.19,5.11,,,2.64,3.16,,2.73,3.61,3.37,,,,,,,,,,,,,,,,,,,
IE00BKM4GZ66,,,,,13.18,,,,,,,7.13,6.68,,,,,,,,,,,,2.39,,,,,
IE00BKM4H197,,,,,,,,,,,,,,,,,,,,,,,,,,,,,,
IE00BKM4H312,5.27,4.59,3.15,,,,,,,,,,,,,,,,,,,,,,,,,,,3.04
IE00BKP5L623,,,,,,,,,,,,,,,,,,,,,,,,,,,,,,
IE00BKP5L730,,,,,,,,,,,,,,,,,,,,,,,,,,,,,,
IE00BKPJY434,,,,,,,,,,,,,,,,,,,,,,,,,,,,,,
IE00BKPJY541,,,,,,,,,,,,,,,,,,,,,,,,,,,,,,
IE00BKPSFC54,3.36,2.83,2.36,,,,,,,,,,,,,,2.32,,,,,,,,,2.35,,,,
IE00BKPSFD61,,,,,,,,,,,,,,,,,,,,,,,,,,,,,,
IE00BKPSPT20,,,,,,,,,,,,,,,,,,,,,,,,,,,,,,
IE00BKPT2S34,,,,,,,,,,,,,,,,,,,,,,,,,,,,,,
IE00BKPT2T41,,,,,,,,,,,,,,,,,,,,,,,,,,,,,,
IE00BKPTXQ89,,,,,,,,,,,,,,,,,,,,,,,,,,,,,,
IE00BKPX3K41,,,,,19.09,,,,,,,10.32,9.67,,,,,,,,,,,,3.45,,,,,
IE00BKRWN659,,,,,,,,,,,,,,,,,,,,,,,,,,,,,,
IE00BKS2X200,,,,,,,,,,,,,,,,,,,,,,,,,,,,,,
IE00BKS2X317,,,,,,,,,,,,,,,,,,,,,,,,,,,,,,
IE00BKS7L097,12.12,,6.93,,,,5.24,3.25,4.18,,,,,,,,,,,,,,,,,,,,,1.35
IE00BKS8QN04,,,,,,,,,,,,,,,,,,,,,,,,,,,,,,
IE00BKS8QT65,,,,,,,,,,,,,,,,,,,,,,,,,,,,,,
IE00BKSBGS44,8.09,7.16,5.01,,,4.39,3.76,,3.02,3.08,,,,2.44,,1.86,,,,,,,,,,,,,,
IE00BKSBGT50,,,,6.06,,,,,,,,,,,2.43,,2.11,3.17,2.06,,1.92,2.13,2.15,,,,,,,
IE00BKSBGV72,5.87,5.32,3.71,,,3.33,2.81,,2.28,2.4,,,,2.0,,1.49,,,,,,,,,,,,,,
IE00BKSCBW67,,,,,,,,,,,,,,,,,,,,,,,,,,,,,,
IE00BKSCBX74,,,,,,,,,,,,,,,,,,,,,,,,,,,,,,
IE00BKT09032,,,,,,,,,,,,,,,,,,,,,,,,,,,,,,
IE00BKT1CS59,,,,,,,,,,,,,,,,,,,,,,,,,,,,,,
IE00BKT6BH25,,,,,,,,,,,,,,,,,,,,,,,,,,,,,,
IE00BKT6FT27,,,,,,,,,,,,,,,,,,,,,,,,,,,,,,
IE00BKT6FV49,,,,,,,,,,,,,,,,,,,,,,,,,,3.31,,,,
IE00BKT6RT64,,,,,,,,,,,,,,,,,,,,,,,,,,,,,,
IE00BKT6VQ12,,,,,,,,,,,,,,,,,,,,,,,,,,,,,,
IE00BKTLJB70,,,,,,,,,,,,,,,,,,,,,,,,,,,,,,
IE00BKTLJC87,,,,,,,,,,,,,,,,,,,,,,,,,,,,,,
IE00BKVKW020,,,,,,,,,,,,,,,,,,,,,,,,,,,,,,
IE00BKVL7331,,,,,,,,,,,,,,,,,,,,,,,,,,,,,,
IE00BKVL7778,,,,,,,,,,,,,,,,,,,,,,,,,,,,1.33,,
IE00BKVL7D31,,,,1.92,,,,,,,,,,,1.58,,1.53,,,,,,,,,,,1.62,,
IE00BKW9SV11,,,,,,,,,,,,,,,,,,,,,,,,,,,,,,
IE00BKW9SW28,,,,,,,,,,,,,,,,,,,,,,,,,,,,,,
IE00BKW9SX35,,,,,,,,,,,,,,,,,,,,,,,,,,,,,,
IE00BKWD3743,,,,,,,,,,,,,,,,,,,,,,,,,,,,,,
IE00BKWD3859,,,,,,,,,,,,,,,,,,,,,,,,,,,,,,
IE00BKWD3966,,,,,,,,,,,,,,,,,,,,,,,,,,,,,,
IE00BKWD3B81,,,,,,,,,,,,,,,,,,,,,,,,,,,,,,
IE00BKWD3C98,,,,,,,,,,,,,,,,,,,,,,,,,,,,,,
IE00BKWD3D06,,,,,,,,,,,,,,,,,,,,,,,,,,,,,,
IE00BKWD3F20,,,,,,,,,,,,,,,,,,,,,,,,,,,,,,
IE00BKWQ0C77,,,,,,,,,,,,,,,,,,,,,,,,,,,,,,
IE00BKWQ0D84,,,,,,,,,,,,,,,,,,,,,,,,,,,,,22.02,
IE00BKWQ0F09,,,,,,,,,,,,,,,,,,,,,,,,35.1,,,,,,
IE00BKWQ0G16,,,,,,,,,,,,,,,,,,9.5,,5.24,,5.76,,,,,,,,
IE00BKWQ0H23,,,,,,,,,,,,,,,,,15.46,,15.22,,,,15.59,,,,,,,
IE00BKWQ0J47,,,,,,,,,,,,,,,8.89,,,,,,6.66,,,,,,,,,
IE00BKWQ0K51,,,,37.95,,,,,,,,,,,,,,,,,,,,,,,16.36,,,
IE00BKWQ0L68,,,,,,,,,,,,,,,,,,,,,,,,,,,,,,
IE00BKWQ0M75,,,,,,,,,,,,,,,,,,,,,,,,,,,,,,
IE00BKWQ0N82,,,,,,,,,,,,,,,,,,,,,,,,,,,,,,
IE00BKWQ0P07,,,,,,,,,,,,,,,,,,,,,,,,,,,,21.7,,
IE00BKWQ0Q14,,,,5.45,,,,,,,,,,,1.7,,2.06,2.32,2.01,1.28,,1.41,2.06,1.56,,,,,1.9,
IE00BKX55Q28,,,,,,,,,,,,,,,,,,,,,,,,,,,,,,
IE00BKX55R35,6.85,6.14,4.06,,,3.39,3.06,1.91,2.46,2.58,1.8,,,1.82,,,,,,,,,,,,,,,,
IE00BKX55S42,,,,6.74,,,,,,,,,,,2.09,,2.6,,,1.6,1.57,1.78,2.58,,,,,1.49,2.35,
IE00BKX55T58,4.88,4.38,2.9,,,2.42,2.17,1.36,1.77,1.84,1.29,,,1.29,,,,,,,,,,,,,,,,
IE00BKX8G916,7.53,6.6,4.3,,,3.62,3.25,2.02,2.59,2.78,1.84,,,1.92,,,,,,,,,,,,,,,,
IE00BKY40J65,5.26,4.04,6.09,,,2.3,,,,,,,,,,2.99,,,,,,,,,,,,,,
IE00BKY4W127,,,,,,,,,,,,,,,,,,,,,,,,,,,,,,
IE00BKY53D40,,,,,,,,,,,,,,,,,,,,,,,,,,,,,,
IE00BKY55S33,,,,,,,,,,,,,,,,,,,,,,,,,,,,,,
IE00BKY55W78,,,,4.22,,,,,,,,,,,4.12,,4.97,,,,3.12,,,,,,,,2.99,
IE00BKY58625,,,,3.62,,,,,,,,,,,5.04,,5.82,,,,3.54,,,,,,,,3.52,
IE00BKY58G26,,,,,13.82,,,,,,,,11.34,,,,,,,,,,,,,,,,,
IE00BKY59G90,,,,,16.88,,,,,,,,,,,,,,,,,,,,,,,,,
IE00BKY59K37,3.19,2.5,5.98,,,,,,,,,,,,,1.6,,,,,,,,,,,,,,
IE00BKZGB098,,,,,,,,,,,,,,,,,,,,,,,,,,,,,,
IE00BL0BLZ15,,,,,,,,,,,,,,,,,,,,,,,,,,,,,,
IE00BL0BMX65,,,,,,,,,,,,,,,,,,,,,,,,,,,,,,
IE00BL0BMZ89,2.02,,,,2.4,,,,,2.0,,,,,,,,,,,,,,,,,,,,
IE00BL0L0D23,,,,,,,,,,,,,,,,,,,,,,,,,,,,,,
IE00BL0L0H60,,,,,,,,,,,,,,,,,,,,,,,,,,,,,,
IE00BL2F2474,,,,,,,,,,,,,,,,,,,,,,,,,,,,,,
IE00BL58LJ19,,,,,,,,,,,,,,,,,,,,,,,,,,,,,,
IE00BL58LL31,,,,,,,,,,,,,,,,,,,,,,,,,,,,,,
IE00BL643144,,,,,,,,,,,,,,,,,,,,,,,,,,,,,,
IE00BL6K6H97,,,,,,,,,,,,,,,,,,,,,,,,,,,,,,
IE00BL6K8C82,,,,6.04,,,,,,,,,,,,,2.55,2.42,2.36,1.46,1.92,1.26,2.3,,,,1.22,,,
IE00BL6K8D99,,,,11.11,,,,,,,,,,,2.96,,,,,3.04,3.46,2.4,,,,,2.08,,,
IE00BLB2GQ94,,,,,,,,,,,,,,,,,,,,,,,,,,,,,,
IE00BLB2GS19,,,,,,,,,,,,,,,,,,,,,,,,,,,,,,
IE00BLB2GT26,,,,,,,,,,,,,,,,,,,,,,,,,,,,,,
IE00BLCGR455,,,,,,,,,,,,,,,,,,,,,,,,,,,,,,
IE00BLCH1X54,,,,,,,,,,,,,,,,,,,,,,,,,,,,,,
IE00BLCHJ534,,,,,,,,,,,,,,,,,,,,,,,,,,,,,,
IE00BLCHJ641,,,,,,,,,,,,,,,,,,,,,,,,,,,,,,
IE00BLCHJB90,8.57,,,,,,,,,,,,,,,,,,,,,,,,,,,,,
IE00BLCHJC08,8.57,,,,,,,,,,,,,,,,,,,,,,,,,,,,,
IE00BLCHJH52,,,,,,,,,,,,,,,,,,,,,,,,,,,,,,
IE00BLCHJN13,,,,,,,,,,,4.53,,,,,,,,,,,,,,,,,,,
IE00BLCHJT74,,,,,,,,,,,,,,,,,,,,,,,,,,,,,,
IE00BLCHJZ35,,,,,,,,,,,,,,,,,,,,,,,,,,,,,,
IE00BLCHK052,,,,,,,,,,,,,,,,,,,,,,,,,,,,,,
IE00BLDGH447,,,,,,,,,,,,,,,,,,,,,,,,,,,,,,
IE00BLDGH553,,,,,,,,,,,,,,,,,,,,,,,,,,,,,,
IE00BLDGHF56,,,,,,,,,,,,,,,,,,,,,,,,,,,,,,
IE00BLDGHQ61,,,,,,,,,,,,,,,,,,,,,,,,,,,,,,
IE00BLDGHT92,,,,,,,,,,,,,,,,,,,,,,,,,,,,,,
IE00BLDGHX39,,,,,,,,,,,,,,,,,,,,,,,,,,,,,,
IE00BLF7VX27,,,,,,,,,,,,,,,,,,,,,,,,,,,,,,
IE00BLNMYC90,,,,,,,,0.25,,,,,,,,,,,,,,,,,,,,,,
IE00BLPK3577,,,,,,,,,,,,,,,,,,,,,,,,,,,,,,
IE00BLR6Q544,,,,,,,,,,,,,,,,,,,,,,,,,,,,,,
IE00BLR6Q650,,,,,,,,,,,,,,,,,,,,,,,,,,,,,,
IE00BLR6QB00,,,,,,,,,,,,,,,,,,,,,,,,,,,,,,
IE00BLR6QC17,,,,,,,,,,,,,,,,,,,,,,,,,,,,,,
IE00BLRB0028,,,,,,,,,,,,,,,,,,,,,,,,,,,,,,
IE00BLRB0242,,,,,,,,,,,,,,,,,,,,,,,,,,,,,,
IE00BLRPN388,,,,,10.06,,,,,,,8.52,8.09,,,,,,,,,,,,3.3,,,,,
IE00BLRPPV00,,,,,,,,,,,,,,,,,,,,,,,,,,,,,,
IE00BLRPQH31,,,,,,,,,,,,,,,,,,,,,,,,,,,,,,
IE00BLRPQK69,,,,,,,,,,,,,,,,,,,,,,,,,,,,,,
IE00BLRPQL76,,,,,,,,,,,,,,,,,,,,,,,,,,,,,,
IE00BLRPQM83,,,,,,,,,,,,,,,,,,,,,,,,,,,,,,
IE00BLRPQN90,,,,,,,,,,,,,,,,,,,,,,,,,,,,,,
IE00BLRPQP15,,,,,,,,,,,,,,,,,,,,,,,,,,,,,,
IE00BLRPRD67,,,,,,,,,,,,,,,,,,,,,,,,,,,,,,
IE00BLRPRF81,,,,,,,,,,,,,,,,,,,,,,,,,,,,,,
IE00BLRPRJ20,,,,,,,,,,,,,,,,,,,,,,,,,,,,,,
IE00BLRPRL42,,,,,,,,,,,,,,,,,,,,,,,,,,,,,,
IE00BLRPRR04,,,,,,,,,,,,,,,,,,,,,,,,,,,,,,
IE00BLS09N40,,,,,,,,,,,,,,,,,,,,,,,,,,,,,,
IE00BLSN7N96,4.18,,3.68,,,,,10.34,,,,,,,,,,,,,,,,,,,,,,4.3
IE00BLSN7P11,4.18,,3.68,,,,,10.34,,,,,,,,,,,,,,,,,,,,,,4.3
IE00BLSN7W87,4.18,,3.68,,,,,10.34,,,,,,,,,,,,,,,,,,,,,,4.3
IE00BLSN7X94,4.18,,3.68,,,,,10.34,,,,,,,,,,,,,,,,,,,,,,4.3
IE00BLSNMW37,,,,,,,,,,,,,,,,,,,,,,,,3.91,,,,,,
IE00BM67HK77,,,,,,,,,,,,,,,,,3.51,,3.51,,,,3.58,,,,,,,
IE00BM67HM91,,,,,,,,,,,,,,,,,,,,,,,,6.67,,,,,,
IE00BM67HQ30,,,,,,,,,,,,,,,,,,,,,,,,,,,,6.43,,
IE00BM67HR47,,,,,,,16.84,,13.26,,,,,18.06,,,,,,,,,,,,,,,,
IE00BM67HS53,,,,,,,,,,,,,,,,,,,,,,,,,,,,,,
IE00BM67HV82,,,,,,,,,,,,,,,2.23,,,,,,1.7,,,,,,,,,
IE00BM8QRY62,,,,,,,,0.27,,,,,,,,,,,,,,,,,,,,,,
IE00BM8QRZ79,,,,,,,,,,,,,,,,,,,,,,,,,,,,,,
IE00BM8QS095,,,,,,,,,,,,,,,,,,,,,,,,,9.58,,,,,
IE00BM8R0H36,7.92,7.08,4.47,,,4.15,3.31,5.37,3.1,,3.09,,,,,3.85,,,,,,,,,,,,,,
IE00BM8R0J59,7.92,7.08,4.47,,,4.15,3.31,5.37,3.1,,3.09,,,,,3.85,,,,,,,,,,,,,,
IE00BM8R0N95,,,,,,,,,,,,,,,,,,,,,,,,,,,,,,
IE00BM97MR69,,,,,,,,,,,,,,,,,,,,,,,,,,,,,,
IE00BM9GRM34,,,,,,,,,,,,,,,,,,,,,,,,,,,,,,
IE00BM9GRN41,,,,,,,,,,,,,,,,,,,,,,,,,,,,,,
IE00BM9GRP64,,,,,,,,,,,,,,,,,,,,,,,,,,,,,,
IE00BM9GRQ71,,,,,,,,,,,,,,,,,,,,,,,,,,,,,,
IE00BM9TSP27,,,,,9.85,,,,,,,8.1,6.76,,,,,,,,,,,,,,,,,
IE00BM9TV208,,,,,,,,,,,,,,,,,,,,,,,,,,,,,,
IE00BMBKBZ46,,,,,,,,,,,,,,,,,,,,,,,,,,,,,,
IE00BMC38736,8.46,,,9.67,9.9,,,10.97,,8.6,,,,,,10.88,,,,,,,,,,,,,,6.09
IE00BMC5DV85,,,,,,,,,,,,,,,,,,,,,,,,,,,,,,
IE00BMC5DW92,,,,,,,,,,,,,,,,,,,,,,,,,,,,,,
IE00BMC7BF44,,,,,,,,,,,,,,,,,,,,,,,,,,,,,,
IE00BMCZLH06,,,,,,,,,,,,,,,,,,,,,,,,,,,,,,
IE00BMCZLJ20,1.11,,,,,,,,,,,,,,,,1.28,,,,,,,,,,,,,
IE00BMD8KM66,,,,,,,,,,,,,,,,,,,,,,,,,,,,,,
IE00BMD8KP97,,,,,,,,,,,,,,,,,,,,,,,,,,,,,,
IE00BMDBMG37,,,,8.82,,,,,,,,,,,,,4.98,,,,4.37,,,,,,,,,
IE00BMDBMK72,,,,,,,,,,,,,,,,,,,,,,,,,,,,,,
IE00BMDBMN04,,,,,,,,,,,,,,,,,,,,,,,,,,,,,,
IE00BMDBMT65,,,,,,,,,,,,,,,,,,,,,,,,,,,,,,
IE00BMDBMV87,,,,,,,,,,,,,,,,,,,,,,,,,,5.13,,,,
IE00BMDBMW94,,,,6.04,,,,,,,,,,,2.63,,3.26,,,2.02,,2.23,3.34,,,,1.8,,3.05,
IE00BMDBMY19,,,,,4.94,,,,,,,5.35,7.61,,,,,,,,,,,,2.49,,,,,
IE00BMDFDY08,,,,,,,,,,,,,,,,,,,,,,,,,,,,,,
IE00BMDH1538,,,,,,,,,,,,,,,,,,,,,,,,,,,,,,
IE00BMDKNW35,,,,,,,,,,,,,,,,,,,,,,,,,,,,,,
IE00BMDPBY65,,,,4.37,,,,,,,,,,,,,2.6,2.87,2.49,,1.67,1.92,2.22,,,,,2.2,1.71,
IE00BMDPBZ72,8.17,4.75,4.62,,,,3.39,,2.71,,2.78,,,,,,,,,,,,,,,,,,,2.83
IE00BMDV7354,,,,,10.02,,,,,,,9.21,7.81,,,,,,,,,,,,2.88,,,,,
IE00BMDV7578,,,,,,,,,,,,,,,,,,,,,,,,,,,,,,
IE00BMDWYZ92,5.18,4.65,2.55,,,2.74,4.32,1.32,,2.21,1.79,,,1.41,,,,,,,,,,,,,,,,
IE00BMFJGP26,,,,,,,,,,,,,,,,,,,,,,,,,,,,,,
IE00BMFNW783,,,,,,,,,,,,,,,,,,,,,,,,,,,,,,
IE00BMG6Z448,,,,,18.56,,,,,,,10.05,9.42,,,,,,,,,,,,,,,,,
IE00BMG8GR03,5.35,4.75,3.09,1.15,,,4.27,,,2.14,,,,1.56,,,,,,,,,,,,,,,,
IE00BMH5VP31,,,,,,,,,,,,,,,,,,,,,,,,,,,,1.33,,
IE00BMH5XY61,,,,,,4.92,,,,,,,,,,,,,,,,,,,,,,,,
IE00BMH5Y327,,,,,,,,5.42,,,,,5.37,,,3.8,,,,,,,,,,,,,,
IE00BMH5Y871,,,,,,,,,,,,,,,,,,,,,,,,,,,,,,
IE00BMH5YF48,,,,,,,,,,,,,,,,,,,,,,,,,,,,,,
IE00BMH5YL08,,,,,,,,,,,,,,,,,,,,,,,,,,,,,,
IE00BMH5YR69,2.7,,,,,,2.72,,,,2.37,,,,,,,,,,,,,,,,,,,
IE00BMH5YS76,2.7,,,,,,2.72,,,,2.37,,,,,,,,,,,,,,,,,,,
IE00BMP3HG27,,,,,,,,,,,,,,,,,,,,,,,,,,,,,,
IE00BMP3HN93,,,,,,,,,,,,,,,,,,5.21,,,,,,,,,,,,
IE00BMQ5Y557,,,,,,,,,,,,,,,,,,,,,,,,,,,,,,
IE00BMTX1Y45,7.53,6.6,4.3,,,3.62,3.25,2.02,2.59,2.78,1.84,,,1.92,,,,,,,,,,,,,,,,
IE00BMTX2B82,,,,15.54,,,,,,,,,,,,,,,,,,,,14.51,,,,,,
IE00BMVB5K07,,,,,,,,,,,,,,,,,,,,,,,,,,,,,,
IE00BMVB5L14,,,,,,,,,,,,,,,,,,,,,,,,,,,,,,
IE00BMVB5M21,,,,,,,,,,,,,,,,,,,,,,,,,,,,,,
IE00BMVB5N38,,,,,,,,,,,,,,,,,,,,,,,,,,,,,,
IE00BMVB5P51,,,,,,,,,,,,,,,,,,,,,,,,,,,,,,
IE00BMVB5Q68,,,,,,,,,,,,,,,,,,,,,,,,,,,,,,
IE00BMVB5R75,,,,,,,,,,,,,,,,,,,,,,,,,,,,,,
IE00BMVB5S82,,,,,,,,,,,,,,,,,,,,,,,,,,,,,,
IE00BMW13836,,,,,,,,,,,,,,,,,,,,,,,,,10.48,,,,,
IE00BMW3QX54,,,,,,,,,,,,,,,,,,,,,,,,,,,,,,
IE00BMW42074,,,,,,,,,,,,,,,,,,,,,,,,,,,,,21.96,
IE00BMW42181,,,,,,,,,,,,,,,,,15.41,,15.17,,,,15.54,,,,,,,
IE00BMW42298,,,,,,,,,,,,,,,,,,,,,,,,,,,,,,
IE00BMW42306,,,,,,,,,,,,,,,,,,9.44,,5.21,,5.72,,,,,,,,
IE00BMW42413,,,,34.3,,,,,,,,,,,,,,,,,,,,,,,14.31,,,
IE00BMW42520,,,,,,,,,,,,,,,8.85,,,,,,6.63,,,,,,,,,
IE00BMW42637,,,,,,,,,,,,,,,,,,,,,,,,32.36,,,,,,
IE00BMWXKN31,,,,,,,,,,,,,,,,,,,,,,,,,8.31,,,,,
IE00BMX0B524,,,,,,,,,,,,,,,,,,,,,,,,,,,,,,
IE00BMX0B631,,,,,,,,,,,,,,,,,,,,,,,,,,,,,,
IE00BMX0DF60,,,,,,,,,,,,,,,,,,,,,,,,,,,,,,
IE00BMXC7V63,10.29,4.76,6.32,,,3.04,4.23,,3.36,3.16,3.18,,,,,,,,,,,,,,,,,,,
IE00BMXC7W70,5.29,5.23,3.29,,,2.69,1.76,,2.87,2.11,1.67,,,,,,,,,,,,,,,,,,,
IE00BMYDM794,,,,,,,,,,,,,,,,,,,,,,,,,,,,4.01,,
IE00BMYDM802,,,,,,,,,,,,,,,,,,,,,,,,,,,,,,
IE00BMYDM919,,,,,,,,,,,,,,,,,,,,,,,,,,,,,,
IE00BMYDMB35,,,,,,,,,,,,,,,,,,,,,,,,,,,,,,
IE00BMYDMC42,,,,,,,,,,,,,,,,,,,,,,,,,,,,,,
IE00BMYHQM42,,,,,,,,,,,,,,,,,,,,,,,,,,,,,,
IE00BMYMHS24,,,,4.65,7.03,,5.0,,,3.45,,,,,,3.93,,,,,,,,,,,,,,
IE00BMZ17T93,7.53,,,4.54,,,,,,,3.59,,,,,,,,,,,,,,,,,,,3.22
IE00BMZ17W23,7.53,,,4.54,,,,,,,3.59,,,,,,,,,,,,,,,,,,,3.22
IE00BMZ17X30,7.53,,,4.54,,,,,,,3.59,,,,,,,,,,,,,,,,,,,3.22
IE00BN2BCY94,,,,,,,,,,,,,,,,,,,,,,,,,,,,,,
IE00BN4GXL63,,,,,,,,,,,,,,,,,,,,,,,,,,,,,,
IE00BN4PXC48,4.93,5.19,3.48,1.61,,,2.75,,2.36,2.51,1.84,,,1.67,,1.88,,,,,,,,,,,,,,
IE00BN4Q0370,,,,3.37,,,,,,,,,,,1.06,,1.35,1.18,1.31,,1.13,,1.29,,,,,,,
IE00BN4Q0602,8.97,6.91,5.85,,,,,,3.9,2.92,3.89,,,,,4.23,,,,,,,,,,,,,,
IE00BN4Q0933,,,,5.87,,,,,,,,,,,1.85,,2.33,2.22,2.4,1.42,1.82,,2.27,,,,,,,
IE00BN4Q0L55,,,,10.84,,,,,,,,,,,3.58,,,,,3.02,3.58,2.3,,,,,2.53,,,
IE00BN4Q0P93,5.76,4.69,2.96,,1.9,2.37,1.6,,2.4,1.87,1.8,,,,,1.44,,,,,,,,,,,,,,
IE00BN4Q0X77,,,,,,,,,,,,,,,,,,,,,,,,,,3.91,,,,
IE00BN4Q1675,,,,,17.12,,,,,,,7.35,6.04,,,,,,,,,,,,3.48,,,,,
IE00BN4RDY28,,,,,,,,,,,,,,,,,,,,,,,,,,,,,,
IE00BN7J5Z03,,,,,,,,,,,,,,,,,,6.39,6.35,,,,,,,,,,,
IE00BN92ZL31,5.29,5.23,3.29,,,2.69,1.76,,2.87,2.11,1.67,,,,,,,,,,,,,,,,,,,
IE00BN940Z87,,,,,,,,,,,,,,,,,,,,,,,,,,,,,,
IE00BN941009,,,,,,,,,,,,,,,,,,,,,,,,,,,,,,
IE00BNC0M350,4.35,4.64,4.27,,,3.58,3.23,2.03,2.54,3.96,1.84,,,,,2.2,,,,,,,,,,,,,,
IE00BNC0M913,,,,6.4,,,,,,,,,,,4.07,,,,,3.06,2.44,3.37,,,,,2.72,2.59,,
IE00BNC0MD55,,,,,,,,,,,,,,,,,,,,,,,,,,4.9,,,,
IE00BNC0MH93,,,,,4.8,,,,,,,,6.53,,,,,,,,,,,,,,,,,
IE00BNC1F287,,,,,,,,,,,,,,,4.25,,,,,,4.37,,,,,,,4.86,,
IE00BNC1G707,,,,,,,16.94,,13.34,,,,,18.17,,,,,,,,,,,,,,,,
IE00BNDS1P30,,,,,,,,,,,,,,,,,,,,,,,,,,,,,,
IE00BNDS1Q47,,,,,,,,,,,,,,,,,,,,,,,,,,,,,,
IE00BNDS1R53,,,,,,,,,,,,,,,,,,,,,,,,,,,,,,
IE00BNDS1S60,,,,,,,,,,,,,,,,,,,,,,,,,,,,,,
IE00BNDS1T77,,,,,,,,,,,,,,,,,,,,,,,,,,,,,,
IE00BNDS1V99,,,,,,,,,,,,,,,,,,,,,,,,,,,,,,
IE00BNDS1W07,,,,,,,,,,,,,,,,,,,,,,,,,,,,,,
IE00BNDS1X14,,,,,,,,,,,,,,,,,,,,,,,,,,,,,,
IE00BNG70R26,,,,,,,,,,,,,,,,,,,,,,,,,,,,,,
IE00BNG8L278,5.05,4.53,3.0,,1.99,2.51,2.32,1.41,1.76,1.9,,,,1.34,,,,,,,,,,,,,,,,
IE00BNG8L385,5.05,4.53,3.0,,1.99,2.51,2.32,1.41,1.76,1.9,,,,1.34,,,,,,,,,,,,,,,,
IE00BNGFMX61,,,,,,,,,,,,,,,,,,,,,,,,,,4.14,,,,
IE00BNGFMY78,,,,,,,,,,,,,,,,,,,,,,,,,,,,,,
IE00BNGJJT35,,,,,,,,0.27,,,,,,,,,,,,,,,,,,,,,,
IE00BNH72088,,,,,,,,,,,,,,,,,,,,,,,,,,,,,,
IE00BNKF6C99,,,,,,,,,,,,,,,,,4.55,,,,4.58,,4.53,,,,,,4.6,
IE00BNRQM384,7.6,6.67,4.35,,,4.03,3.27,5.64,3.03,,3.3,,,,,4.11,,,,,,,,,,,,,,
IE00BNTVVR89,,,,,,,,,,,,,,,,,,,,,,,,,,,,,,
IE00BP2C0316,,,,5.91,,,,,,,,,,,1.64,,2.34,2.23,2.39,1.44,1.82,,2.27,,,,,,,
IE00BP2C1S34,8.99,6.93,5.87,,,,,,3.91,2.93,3.9,,,,,4.24,,,,,,,,,,,,,,
IE00BP2C1V62,6.94,5.34,3.44,,,2.71,1.69,,2.99,2.13,2.13,,,,,1.79,,,,,,,,,,,,,,
IE00BP2NF958,,,,,,,,,,,,,,,,,,,,,,,,,,4.96,,,,
IE00BP3QZ825,,,,2.84,,,2.28,7.35,,,,,,,,3.35,,,,,,,,,,,,,,2.84
IE00BP3QZB59,,,,,,,,17.27,,,,,,,,,,,,,,,,,,,,,,
IE00BP3QZD73,,,,,,,,,,,,,,,,,,,,,,,,,,,,,,
IE00BP3QZJ36,,,,,,,,,,,,,,,,,,,,,8.33,,,,,,,,,
IE00BP46NG52,,,,,,,,,,,,,,,,,,,,,,,,,,,,,,
IE00BP8FKB21,,,,,,,,,,,,,,,,,,,,,,,,,,,,,,
IE00BP9F2H18,,,,,,,,,,,,,,,,,,,,,,,,,,,,,,
IE00BP9F2J32,,,,,,,,,,,,,,,,,,,,,,,,,,,,,,
IE00BPRCH686,,,,,,,,,,,,,,,,,,,,,,,,,,2.96,,,,
IE00BPVLQF37,,,,,,,,,,,,,,,,,,,,,,,,,,4.21,,,,
IE00BQ70R696,,,,,,,,,,,,,,,,,,,,,,,,,,,,,,
IE00BQN1K562,,,,10.04,,,,,,,,,,,,,3.08,,2.97,4.43,,,2.79,,,,,,3.17,
IE00BQN1K786,,,,6.55,,,,,,,,,,,,,4.3,5.15,2.96,,,3.79,4.05,,,,,3.3,,
IE00BQN1K901,,,,,,,,,,,,,,,4.18,,,2.86,,,,2.43,,,,,,,,
IE00BQN1KC32,,,,,,,,,,,,,,,,,,,,,,,,,,,,,,
IE00BQQ3Q067,,,,,,,,,,,,,,,,,,,,,,,,,,,,,,
IE00BQQP9F84,,,,,,,,,,,,,,,,,,,,,,,,,,,,,,
IE00BQQP9G91,,,,,,,,,,,,,,,,,,,,,,,,,,,,,,
IE00BQQP9H09,,,,,,,,,,,,,,,,,,,,,,,,,,,,,,
IE00BQT3WG13,,,,,,,,,,,,,,,,,,,,,,,,,,,,,,
IE00BQWJFQ70,,,,,,,,,,,,,,,,,,,,,,,,,,,,1.46,,
IE00BQXKVQ19,,,,,,,,,,,,,,,,,,,,,,,,,,,,,,
IE00BQZJBM26,,,,,,,,,,,,,,,,,,,,,,,,,,,,,,
IE00BQZJBQ63,,,,,,,,,,,,,,,,,,,,,,,,,,,,,,
IE00BQZJBX31,,,,,,,,,,,,,,,,,,4.99,,,,,,,,,,,,
IE00BQZJC527,,,,,,,,,,,,,,,,,,,,,,,,,,,,,,
IE00BRHZ0398,,,,,,,,,,,,,,,,,,,,,,,,,,,,,,
IE00BRKWGL70,7.53,6.6,4.3,,,3.62,3.25,2.02,2.59,2.78,1.84,,,1.92,,,,,,,,,,,,,,,,
IE00BS7K8821,,,,,,,,,,,,,,,,,,,,,,,,,,,,,,
IE00BSJCQV56,,,,,,,,,,,,,,,,,,,,,,,,,,,,,,
IE00BSKRJX20,,,,,,,,,,,,,,,,,,,,,,,,,,,,,,
IE00BSKRJZ44,,,,,,,,,,,,,,,,,,,,,,,,,,,,,,
IE00BSPLC298,,,,,,,,,,,,,,,,,,,,,,,,,,,,,,
IE00BSPLC306,,,,,,,,,,,,,,,,,2.78,,,,,,3.29,,,,,,,
IE00BSPLC413,,,,,,,,,,,,,,,,,,,,,,,,,,,,,,
IE00BSPLC520,,,,,,,,7.93,,,,,,,,,,,,,,,,,,,,,,
IE00BT9PVG14,,,,,,,,,,,,,,,,,,,,,,,,,9.63,,,,,
IE00BTJRMP35,,,,,14.86,,,,,,,7.94,7.62,,,,,,,,,,,,2.68,,,,,
IE00BVFZGC04,,,,,,,,,,,,,,,,,,,,,,,,,,,,,,
IE00BVFZGD11,,,,,,,,,,,,,,,,,,,,,,,,,,,,,,
IE00BVGC6645,,,,,,,,,,,,,,,,,,,,,,,,,,2.96,,,,
IE00BVGC6751,,,,,,,,,,,,,,,,,,,,,,,,,,2.96,,,,
IE00BVXBH163,,,,,,,,,,,,,,,4.25,,,,,,2.05,6.31,,,,,,,,
IE00BVXC4854,,,,,,,,,,,,,,,,,,,,,,,,,,3.33,,,,
IE00BVZ6SP04,,,,,,,,,,,,,,,,,,,,,,,,,,,,,,
IE00BVZ6SQ11,,,,,,,,,,,,,,,,,,,,,,,,,,,,,,
IE00BWBXM278,,,,,,31.95,,,,,20.25,,,,,,,,,,,,,,,,,,,
IE00BWBXM385,,,,,,,,,,,,,,,,,,,,,,,,,,,,,,
IE00BWBXM492,,,,,,,,,,,,,,,,,,,,,,,,,,,,,,
IE00BWBXM500,,,,,,,,,,,,,,,,,,,,,,,,,,,,,,
IE00BWBXM617,,,,,,,,,,,,,,,,,,,,,,,,,,,,,,
IE00BWBXM724,,,,,,,,,,,,,,,,,,,,,,,,,,,,,,
IE00BWBXM831,,,,,,,,,,,,,,,,,,,,,,,,,,,,,,
IE00BWBXM948,19.77,17.34,11.3,,,,,5.31,,7.3,,,,,,3.86,,,,,,,,,,,,,,2.21
IE00BWBXMB69,,,,,,,,,,,,,,,,,,,,,,,,,,,,,,
IE00BWC52F58,,,,,,,,,,,,,,,,,,,,,,,,,,,,,,
IE00BWC52G65,,,,,,,,,,,,,,,,,,,,,,,,,,,,,,
IE00BWK1SP74,,,,9.83,,,,,,,,,,,3.07,,,,,2.32,2.3,2.55,,,,,2.06,1.95,,
IE00BWT3KJ20,,,,,,,,,,,,,,,,,,,,,,,,,,,,,,
IE00BWT3KL42,,,,,,,,,,,,,,,,,,,,,,,,,,,,,,3.77
IE00BWT3KN65,8.63,8.19,5.63,,,,,,,,,,,,,,,,,,,,,,,,,,,3.81
IE00BWT3KS11,,,,,,,,,,,,,,,,,,,,,,,,,,,,,,
IE00BWTN6Y99,,,,,,,,,,,,,,,,,,,,,,,,,,,,,,
IE00BWTNM743,,,,,1.51,,,1.66,,,,,,,,1.66,,,,,,,,,,,,,,
IE00BWTNM966,,,,,,,,,,,,,,,,,,,,,,,,,,,,,,
IE00BWTNMB87,,,,,,,,1.31,,,,,,,,0.88,,,,,,,,,,,,,,
IE00BWZN1T31,,,,9.82,,,,,,,,,,,3.07,,,,,2.31,2.3,2.54,,,,,2.06,1.95,,
IE00BX7RQY03,,,,,,,,,,,,,,,,,,,,,,,,,,,,,,
IE00BX7RR706,,,,,,,,,,,,,,,,,,,,,,,,,,,,,,3.77
IE00BX7RRJ27,8.63,8.19,5.63,,,,,,,,,,,,,,,,,,,,,,,,,,,3.81
IE00BX7RS555,,,,,,,,,,,,,,,,,,,,,,,,,,,,,,
IE00BX7RS779,,,,,,,,,,,,,,,,,,,,,,,,,,,,,,
IE00BXDZNH00,,,,,,,,,,,,,,,,,,,,,,,,,,,,,,3.77
IE00BXDZNK39,8.63,8.19,5.63,,,,,,,,,,,,,,,,,,,,,,,,,,,3.81
IE00BXDZNQ90,,,,,,,,,,,,,,,,,,,,,,,,,,,,,,
IE00BYM11H29,4.54,4.17,2.58,,1.83,2.26,2.04,1.28,1.6,1.67,,,,,,,,,,,,,,,,,,,,
IE00BYM11J43,4.54,4.17,2.58,,1.83,2.26,2.04,1.28,1.6,1.67,,,,,,,,,,,,,,,,,,,,
IE00BYM11K57,4.54,4.17,2.58,,1.83,2.26,2.04,1.28,1.6,1.67,,,,,,,,,,,,,,,,,,,,
IE00BYM11L64,4.54,4.17,2.58,,1.83,2.26,2.04,1.28,1.6,1.67,,,,,,,,,,,,,,,,,,,,
IE00BYM8JD58,,,,,,,,,,,,,,,,,,,,,,,,,,,,,,
IE00BYML9W36,7.53,6.6,4.3,,,3.62,3.25,2.02,2.59,2.78,1.84,,,1.92,,,,,,,,,,,,,,,,
IE00BYMLZY74,,,,,,,,,,,,,,,,,,,,,,,,,,,,,,
IE00BYMS5W68,,,,,,,,,,,,,,,,,,,,,,,,,,,,,,
IE00BYNQMK61,,,,,,,,,,,,,,,,,,5.21,,,,,,,,,,,,
IE00BYPC1H27,,,,,,,,,,,,,,,,,,,,,,,,,,,,,,
IE00BYPHT736,,,,,,,,,,,,,,,,,,,,,,,,,,,,,,
IE00BYPLS672,,,,,,,,,,5.42,,,,,,,,,,,,,,,,,,,,
IE00BYQ00Y50,7.14,6.57,4.07,,,3.57,3.22,2.01,2.53,2.63,1.83,,,1.91,,,,,,,,,,,,,,,,
IE00BYQCZD50,,,,,,,,,,,,,,,,,,,,,,,,,,3.33,,,,
IE00BYQCZF74,,,,,,,,,,,,,,,,,,,,,,,,,,3.33,,,,
IE00BYQCZJ13,,,,,,,,,,,,,,,,,,,,,,,,,,3.33,,,,
IE00BYQCZL35,,,,,,,,,,,,,,,,,,,,,,,,,,3.33,,,,
IE00BYQCZN58,,,,,,,,,,,,,,,,,,,,,,,,,,3.33,,,,
IE00BYQCZP72,,,,,,,,,,,,,,,4.25,,,,,,2.05,6.31,,,,,,,,
IE00BYQCZQ89,,,,,,,,,,,,,,,4.25,,,,,,2.05,6.31,,,,,,,,
IE00BYQCZT11,,,,,,,,,,,,,,,4.25,,,,,,2.05,6.31,,,,,,,,
IE00BYQCZX56,,,,,,,,,,,,,,,4.25,,,,,,2.05,6.31,,,,,,,,
IE00BYSX4176,,,,5.76,,,,,,,,,,,2.04,,2.18,2.8,2.67,2.08,,,2.17,,,,,1.74,2.55,
IE00BYSX4283,,,,5.76,,,,,,,,,,,2.04,,2.18,2.8,2.67,2.08,,,2.17,,,,,1.74,2.55,
IE00BYSX4408,,,,5.76,,,,,,,,,,,2.04,,2.18,2.8,2.67,2.08,,,2.17,,,,,1.74,2.55,
IE00BYSX4739,,,,,,,,,,,,,,,,,,,,,,,,,,,,,,
IE00BYSX4846,,,,,,,,,,,,,,,,,,,,,,,,,,,,,,
IE00BYSZ5R67,,,,,,,,,,,,,,,,,,,,,,,,,,,,,,
IE00BYSZ5T81,,,,,,,,,,,,,,,,,,,,,,,,,,,,,,
IE00BYSZ5V04,,,,,,,,,,,,,,,,,,,,,,,,,,,,,,
IE00BYSZ6062,,,,,,,,,,,,,,,,,,,,,,,,,,,,,,
IE00BYT5CV85,,,,,,,,,,,,,,,,,,,,,,,,,,,,,,
IE00BYT5CW92,,,,,,,,,,,,,,,,,,,,,,,,,,,,,,
IE00BYT5CX00,,,,,,,,,,,,,,,,,,,,,,,,,,,,,,
IE00BYTH5602,,,,,,,,,,,,,,,,,,,,,,,,,,,,,,
IE00BYTH5R14,,,,,,,,,,,,,,,,,,,,,,,,,,,,,,
IE00BYTH5S21,,,,,,,,,,,,,,,,,,,,,,,,,,,,,,
IE00BYTH5T38,,,,,,,,,,,,,,,,,,,,3.67,,,,,,,,,,
IE00BYTH6121,,,,,,,,,,,,,,,,,,,,2.5,,,,1.87,,,,,,
IE00BYTH6238,,,,,,,,,,,,,,,,,,,,,,,,,,,,,,
IE00BYTRR640,,,,,,29.08,,,,,14.91,,,,,,,,,,,,,,,,,,,
IE00BYTRR756,,,,,,,,,,,,,,,,,,,,,,,,,,,,,5.93,
IE00BYTRR863,,,,,,,,,,,,,,,,,,,,,,,,6.83,,,,,,
IE00BYTRR970,,,,,,,,,,,,,,,,,,2.31,,,,,,,,,,,,
IE00BYTRRB94,,,,,,,,,,,,,,,,,3.54,,3.49,,,,3.58,,,,,,,
IE00BYTRRC02,,,,,,,,,,,,,,,2.3,,,,,,1.72,,,,,,,,,
IE00BYTRRD19,17.16,15.78,9.78,2.83,,,,4.84,,6.31,,,,,,3.52,,,,,,,,,,,,,,2.01
IE00BYTRRF33,,,,,,,,,,,,,,,,,,,,,,,,,,,,,,
IE00BYTRRG40,,,,,,,18.96,,14.9,,,,,17.94,,,,,,,,,,,,,,,,
IE00BYTRRH56,,,,,,,,,,,,,,,,,,,,,,,,,,,,6.56,,
IE00BYTYHM11,,,,,,,,,,,,,,,,,,,,,,,,,,,,,,
IE00BYTYHN28,,,,,,,,,,,,,,,,,,,,,,,,,,,,,,
IE00BYV03C98,7.48,6.64,4.32,,,,5.96,,,3.0,,,,2.18,,,,,,,,,,,,,,,,
IE00BYV12Y75,,,,,,,,,,,,,,,,,,,,,,,,,,,,,,
IE00BYV1Y969,7.48,6.64,4.32,,,,5.96,,,3.0,,,,2.18,,,,,,,,,,,,,,,,
IE00BYV1YF22,5.35,4.75,3.09,1.15,,,4.27,,,2.14,,,,1.56,,,,,,,,,,,,,,,,
IE00BYV1YH46,5.35,4.75,3.09,1.15,,,4.27,,,2.14,,,,1.56,,,,,,,,,,,,,,,,
IE00BYVDRC61,4.54,4.17,2.58,,1.83,2.26,2.04,1.28,1.6,1.67,,,,,,,,,,,,,,,,,,,,
IE00BYVDRD78,4.54,4.17,2.58,,1.83,2.26,2.04,1.28,1.6,1.67,,,,,,,,,,,,,,,,,,,,
IE00BYVDRF92,4.54,4.17,2.58,,1.83,2.26,2.04,1.28,1.6,1.67,,,,,,,,,,,,,,,,,,,,
IE00BYVHJM24,4.36,3.67,3.41,,2.41,1.99,1.8,,1.42,2.2,,1.31,,,,1.23,,,,,,,,,,,,,,
IE00BYVJRP78,,,,,18.07,,,,,,,,,,,,,,,,,,,,,,,,,
IE00BYVJRR92,9.27,,,,,,,,,,3.63,,,,,,,,,,,,,,,,,,,5.18
IE00BYVQ9F29,7.59,6.67,4.35,,,4.02,3.26,5.64,3.02,,3.3,,,,,4.1,,,,,,,,,,,,,,
IE00BYVQ9G36,,,,,,,,,,,,,,,,,,,,,,,,,,,,,,
IE00BYVTMS52,7.65,6.53,4.24,,,3.95,3.23,6.08,3.01,,3.03,,,,,3.88,,,,,,,,,,,,,,
IE00BYVTMT69,7.65,6.53,4.24,,,3.95,3.23,6.08,3.01,,3.03,,,,,3.88,,,,,,,,,,,,,,
IE00BYVTMZ20,,,,,,,,,,,,,,,,,,,,,,,,,,,,,,
IE00BYVZV757,,,,,,,,,,,,,,,,,,,,,,,,,,,,,,
IE00BYWQWR46,,,,,,,,,,,,,,,,,,,,,,,,,7.21,,,,,
IE00BYWZ0333,,,,,,,,,,,,,,,,3.29,,,,,,,,,,,,,,
IE00BYX2JD69,7.53,,,4.54,,,,,,,3.59,,,,,,,,,,,,,,,,,,,3.22
IE00BYX5K108,,,,6.89,,,,,,,,,,,2.15,,2.59,,,1.62,1.61,1.79,2.62,,,,1.44,,2.39,
IE00BYX8XC17,,,,,,,,,,,,,,,,,,,,,,,,,,9.08,,,,
IE00BYX8XD24,2.0,2.21,,,,1.92,,,1.96,1.99,1.99,,,,,,,,,,,,,,,,,,,
IE00BYXG2H39,,,,,,,,,,,,,,,,,,,,,,,,,,,,,,
IE00BYXPSP02,,,,,,,,,,,,,,,,,,,,,,,,,,,,,,
IE00BYXPXK00,5.01,4.21,3.07,,,1.8,,,3.37,2.27,,,,,,,,,,,,,,,,,,,,
IE00BYXPXL17,1.11,,,,,,,,,,,,,,,,1.28,,,,,,,,,,,,,
IE00BYXVGX24,7.48,6.64,4.32,,,,5.96,,,3.0,,,,2.18,,,,,,,,,,,,,,,,
IE00BYXVGY31,7.48,6.64,4.32,,,,5.96,,,3.0,,,,2.18,,,,,,,,,,,,,,,,
IE00BYXVGZ48,5.35,4.75,3.09,1.15,,,4.27,,,2.14,,,,1.56,,,,,,,,,,,,,,,,
IE00BYXVWC37,,,,,,,,,,,,,,,,,,,,,,,,,,,,,,
IE00BYXYX521,,,,,,,,,,,,,,,,,,,,,,,,,,,,,,
IE00BYXYX745,,,,,,,,,,,,,,,,,,,,,,,,,,,,,,
IE00BYXYYK40,,,,,,,,,,,,,,,,,,,,,,,,,,,,,,
IE00BYXYYM63,,,,,,,,,,,,,,,,,,,,,,,,,,,,,,
IE00BYXZ2585,,,,9.88,,,,,,,,,,,3.09,,,,,2.33,2.31,2.56,,,,,2.07,1.97,,
IE00BYYHSM20,,,,2.83,,,,,,,,,,,,,4.04,,,3.33,,,,,,,,3.19,,
IE00BYYHSQ67,3.36,2.83,2.36,,,,,,,,,,,,,,2.32,,,,,,,,,2.35,,,,
IE00BYYLVH00,,,,,,,,,,,,,,,,,,,,,,,,,,,,,,
IE00BYYLVJ24,,,,,,,,,,,,,,,,,,,,,,,,,,,,,,
IE00BYYLVK39,,,,,,,,,,,,,,,,,,,,,,,,,,,,,,
IE00BYYR0489,,,,,,,,,,,,,,,,,,,,,,,,,,,,,,
IE00BYYW2S15,7.52,6.59,4.3,,,3.62,3.25,2.02,2.59,2.77,1.84,,,1.92,,,,,,,,,,,,,,,,
IE00BYYW2V44,7.52,6.59,4.3,,,3.62,3.25,2.02,2.59,2.77,1.84,,,1.92,,,,,,,,,,,,,,,,
IE00BYYXBF44,,,,,,,,,,,,,,,,,,,,,,,,,,,,,,
IE00BYZ28V50,,,,,,,,,,,,,,,,,,,,,,,,,,,,,,
IE00BYZ28W67,,,,,,,,,,,,,,,,,,9.77,8.41,,,,,6.56,,,,,,
IE00BYZK4552,,,,,,,,,,,,,,,,3.29,,,,,,,,,,,,,,
IE00BYZK4669,,,,,,,,,,,,,,,,,,,,,,,,,,,,,,
IE00BYZK4776,,,,,,,,,,,,,,,,,,,,,,,,,,,,,,
IE00BYZK4883,,,,,,,,,,,,,,,,,,,,,,,,,,,,,,
IE00BYZLWM19,,,,,,,,,,,,,,,,,,,,,,,,,,,,,,
IE00BYZNF849,,,,,,,,,,,,,,,,,,,,,,,,,,,,4.84,,
IE00BYZTVT56,,,,,,,,,,,,,,,,,,,,,,,,,,,,,,
IE00BYZTVV78,,,,,,,,,,,,,,,,,,,,,,,,,,,,,,
IE00BZ036H21,,,,,,,,,,,,,,,,,,,,,,,,,,,,,,
IE00BZ036J45,,,,,,,,,,,,,,,,,,,,,,,,,,,,,,
IE00BZ048579,,,,,,,,,,,,,,,,,,,,,,,,,,,,,,
IE00BZ0G8860,,,,,,,,,,,,,,,,,,,,,,,,,,,,,,
IE00BZ0G8977,,,,,,,,,,,,,,,,,,,,,,,,,,,,,,
IE00BZ0G8B96,,,,,,,,,,,,,,,,,,,,,,,,,,4.19,,,,
IE00BZ0G8C04,,,,,,,,,,,,,,,,,,,,,,,,,,4.19,,,,
IE00BZ0PKS76,7.33,6.05,3.22,,,2.42,,1.57,5.44,3.46,,,,,,,,,,,,,,,,,,,,
IE00BZ0PKT83,5.01,4.21,3.07,,,1.8,,,3.37,2.27,,,,,,,,,,,,,,,,,,,,
IE00BZ0PKV06,,,,5.63,,,,,,,,,,,,,4.1,,,,,,,,,,,,,
IE00BZ0RTB90,,,,,,,,,,,,,,,,,,5.21,,,,,,,,,,,,
IE00BZ0XVF52,,,,,,,,,,,,,,,,,,,,,,,,,,,,,,
IE00BZ0XVG69,,,,,,,,,,,,,,,,,,,,,,,,,,,,,,
IE00BZ163G84,,,,,,,,,,,,,,,,,,,,,,,,,,,,,,
IE00BZ163H91,,,,,,,,,,,,,,,,,,,,,,,,,,,,,,
IE00BZ163K21,,,,,,,,,,,,,,,,,,,,,,,,,,,,,,
IE00BZ163L38,,,,,,,,,,,,,,,,,,,,,,,,,,,,,,
IE00BZ163M45,,,,,,,,,,,,,,,,,,,,,,,,,,,,,,
IE00BZ171348,,,,,,,,,,,,,,,,,,,,,,,,,,,,,,
IE00BZ173T46,9.27,,,,,,,,,,3.63,,,,,,,,,,,,,,,,,,,5.18
IE00BZ173V67,9.27,,,,,,,,,,3.63,,,,,,,,,,,,,,,,,,,5.18
IE00BZ1GHD37,,,,,,,,,,,,,,,,,,,,,,,,,,,,,,
IE00BZ1NCS44,,,,,,,,,,,,,,,,,,,,,,,,,,,,,,
IE00BZ2GTT26,4.54,4.17,2.58,,1.83,2.26,2.04,1.28,1.6,1.67,,,,,,,,,,,,,,,,,,,,
IE00BZ2GV965,,,,,,,,,,,,,,,,,,,,,,,,,,,,,,
IE00BZ4BMM98,,,,,,,,,,,,,,,,,,,,,,,,,,,,,,
IE00BZ56RD98,4.3,5.17,5.86,,,,,,,3.68,,,,,,,,,,,,,,,,,,,,
IE00BZ56RG20,4.3,5.17,5.86,,,,,,,3.68,,,,,,,,,,,,,,,,,,,,
IE00BZ56RN96,2.2,3.8,3.29,,,,,,,2.72,,,,,,,,,,,,,,,,,,,,
IE00BZ56SW52,2.2,3.8,3.29,,,,,,,2.72,,,,,,,,,,,,,,,,,,,,
IE00BZ56SY76,,,,,,,,,,,,,,,,,,,,,4.45,,,,,,2.71,,,
IE00BZ56TQ67,,,,,,,,,,,,,,,,,,,,,4.45,,,,,,2.71,,,
IE00BZBW4Z27,,,,,,,,,,,,,,,,,,,,,,,,,,,,,,
IE00BZCQB185,,,,,,,,,,,,,,,,,,,,,,,,,,,,,,
JE00B1VS2W53,,,,,,,,,,,,,,,,,,,,,,,,,,,,,,
JE00B1VS3002,,,,,,,,,,,,,,,,,,,,,,,,,,,,,,
JE00B1VS3333,,,,,,,,,,,,,,,,,,,,,,,,,,,,,,
JE00B1VS3770,,,,,,,,,,,,,,,,,,,,,,,,,,,,,,
JE00B1VS3W29,,,,,,,,,,,,,,,,,,,,,,,,,,,,,,
JE00B24DK975,,,,,,,,,,,,,,,,,,,,,,,,,,,,,,
JE00B24DKC09,,,,,,,,,,,,,,,,,,,,,,,,,,,,,,
JE00B24DKH53,,,,,,,,,,,,,,,,,,,,,,,,,,,,,,
JE00B24DKJ77,,,,,,,,,,,,,,,,,,,,,,,,,,,,,,
JE00B24DKK82,,,,,,,,,,,,,,,,,,,,,,,,,,,,,,
JE00B24DMC49,,,,,,,,,,,,,,,,,,,,,,,,,,,,,,
JE00B24DMD55,,,,,,,,,,,,,,,,,,,,,,,,,,,,,,
JE00B24DMJ18,,,,,,,,,,,,,,,,,,,,,,,,,,,,,,
JE00B24DMK23,,,,,,,,,,,,,,,,,,,,,,,,,,,,,,
JE00B2NFT427,,,,,,,,,,,,,,,,,,,,,,,,,,,,,,
JE00B2NFTD12,,,,,,,,,,,,,,,,,,,,,,,,,,,,,,
JE00B2NFTF36,,,,,,,,,,,,,,,,,,,,,,,,,,,,,,
JE00B2NFTG43,,,,,,,,,,,,,,,,,,,,,,,,,,,,,,
JE00B2NFTL95,,,,,,,,,,,,,,,,,,,,,,,,,,,,,,
JE00B2NFTS64,,,,,,,,,,,,,,,,,,,,,,,,,,,,,,
JE00B2NFTW01,,,,,,,,,,,,,,,,,,,,,,,,,,,,,,
JE00B2NFV134,,,,,,,,,,,,,,,,,,,,,,,,,,,,,,
JE00B2NFV803,,,,,,,,,,,,,,,,,,,,,,,,,,,,,,
JE00B2QXZK10,,,,,,,,,,,,,,,,,,,,,,,,,,,,,,
JE00B44F1611,,,,,,,,,,,,,,,,,,,,,,,,,,,,,,
JE00B4PDKD43,,,,,,,,,,,,,,,,,,,,,,,,,,,,,,
JE00B4RKQV36,,,,,,,,,,,,,,,,,,,,,,,,,,,,,,
JE00B588CD74,,,,,,,,,,,,,,,,,,,,,,,,,,,,,,
JE00B5SV2703,,,,,,,,,,,,,,,,,,,,,,,,,,,,,,
JE00B6SV8B36,,,,,,,,,,,,,,,,,,,,,,,,,,,,,,
JE00B6XF0923,,,,,,,,,,,,,,,,,,,,,,,,,,,,,,
JE00B7305Z55,,,,,,,,,,,,,,,,,,,,,,,,,,,,,,
JE00B78CGV99,,,,,,,,,,,,,,,,,,,,,,,,,,,,,,
JE00B78CP782,,,,,,,,,,,,,,,,,,,,,,,,,,,,,,
JE00B78NNK09,,,,,,,,,,,,,,,,,,,,,,,,,,,,,,
JE00B78NNS84,,,,,,,,,,,,,,,,,,,,,,,,,,,,,,
JE00B78NNV14,,,,,,,,,,,,,,,,,,,,,,,,,,,,,,
JE00B78NPQ01,,,,,,,,,,,,,,,,,,,,,,,,,,,,,,
JE00B78NPW60,,,,,,,,,,,,,,,,,,,,,,,,,,,,,,
JE00B78NPY84,,,,,,,,,,,,,,,,,,,,,,,,,,,,,,
JE00B7VG2M16,,,,,,,,,,,,,,,,,,,,,,,,,,,,,,
JE00B8DFY052,,,,,,,,,,,,,,,,,,,,,,,,,,,,,,
JE00BDD9Q840,,,,,,,,,,,,,,,,,,,,,,,,,,,,,,
JE00BDD9Q956,,,,,,,,,,,,,,,,,,,,,,,,,,,,,,
JE00BDD9QB77,,,,,,,,,,,,,,,,,,,,,,,,,,,,,,
JE00BDD9QC84,,,,,,,,,,,,,,,,,,,,,,,,,,,,,,
JE00BN2CJ301,,,,,,,,,,,,,,,,,,,,,,,,,,,,,,
JE00BN7KB334,,,,,,,,,,,,,,,,,,,,,,,,,,,,,,
JE00BN7KB441,,,,,,,,,,,,,,,,,,,,,,,,,,,,,,
JE00BN7KB557,,,,,,,,,,,,,,,,,,,,,,,,,,,,,,
JE00BN7KB664,,,,,,,,,,,,,,,,,,,,,,,,,,,,,,
JE00BN7KB771,,,,,,,,,,,,,,,,,,,,,,,,,,,,,,
JE00BNG8LN89,,,,,,,,,,,,,,,,,,,,,,,,,,,,,,
JE00BP2PWW32,,,,,,,,,,,,,,,,,,,,,,,,,,,,,,
JE00BPRDNL86,,,,,,,,,,,,,,,,,,,,,,,,,,,,,,
JE00BPRDNM93,,,,,,,,,,,,,,,,,,,,,,,,,,,,,,
JE00BQRFDY49,,,,,,,,,,,,,,,,,,,,,,,,,,,,,,
LU0136234068,,,,,,,,,,,,,,,,,,,,,,,,,,,,,,
LU0136234654,,,,,,,,,,,,,,,,,,,,,,,,,,,,,,
LU0136240974,,,,,,,,,,,,,,,,,,,,,,,,,,4.15,,,,
LU0136242590,,,,,,,,,,,,,,,,,,,,,,,,,,,,,,
LU0147308422,,,,,,,,,,,,,,,,,,,,,,,,,,,,,,
LU0192223062,,,,,,,,,,,,,,,,,,,,,,,,,,,,,,
LU0249326488,,,,,,,,,,,,,,,,,,,,,,,,,,,,,,
LU0252633754,,,,,,,,,,,,,,,11.84,,,,,9.15,,,,,,,8.11,,,
LU0252634307,,,,,,,,,,,,,,,,,,,,,,,,,,,,,,
LU0259322260,,,,,,,,,,,,,,,,,,,,,,,,,,,,,,
LU0274208692,5.13,4.71,2.92,,,2.56,2.31,1.44,1.81,1.89,1.31,,,1.37,,,,,,,,,,,,,,,,
LU0274210672,7.03,6.59,4.16,,,3.56,3.11,2.02,2.45,2.6,1.69,,,1.91,,,,,,,,,,,,,,,,
LU0274211217,,,,9.75,,,,,,,,,,,4.55,,,,,3.59,3.69,4.02,,,,,3.16,3.16,,
LU0274212538,,,,,,,,,,,,,,,,,,,,,,,,,,,,,,
LU0290355717,,,,,,,,,,,,,,,,,,,,,,,,,,,,,,
LU0290356871,,,,,,,,,,,,,,,,,,,,,,,,,,,,,,
LU0290356954,,,,,,,,,,,,,,,,,,,,,,,,,,,,,,
LU0290357176,,,,,,,,,,,,,,,,,,,,,,,,,,,,,,
LU0290357259,,,,,,,,,,,,,,,,,,,,,,,,,,,,,,
LU0290357507,,,,,,,,,,,,,,,,,,,,,,,,,,,,,,
LU0290357846,,,,,,,,,,,,,,,,,,,,,,,,,,,,,,
LU0290357929,,,,,,,,,,,,,,,,,,,,,,,,,,,,,,
LU0290358224,,,,,,,,,,,,,,,,,,,,,,,,,,,,,,
LU0290358497,,,,,,,,,,,,,,,,,,,,,,,,,,,,,,
LU0292095535,,,,,,,,,,,,,,,,,,,,,,,,,,,,,,
LU0292096186,,,,,,,,,,,,,,,,,,,,,,,,,,,,,,
LU0292097234,,,,,,,,,,,,,,,,,,9.77,8.59,,,,,6.51,,,,,,
LU0292097317,,,,,,,,,,,,,,,,,,,,,,,,,,,,,,
LU0292100806,,,,,,,,,,,,,,,,,,,,,,,,,,,,,,
LU0292103222,,,,,,,,,,,,,,,,,15.37,,15.4,,,,15.83,,,,,,,
LU0292103651,,,,,,,,,,,,,,,,,,9.53,,5.22,,5.73,,,,,,,,
LU0292104030,,,,,,,,,,,,,,,,,,,,,,,,,,,,,,
LU0292104469,,,,33.22,,,,,,,,,,,,,,,,,,,,,,,15.09,,,
LU0292104899,,,,,,,,,,,,,,,,,,,,,,,,,,,,21.69,,
LU0292105359,,,,,,,,,,,,,,,,,,,,,,,,,,,,,21.99,
LU0292106084,,,,,,,,,,,,,,,8.67,,,,,,6.6,,,,,,,,,
LU0292106167,,,,,,,,,,,,,,,,,,,,,,,,,,,,,,
LU0292106241,,,,,,,,,,,,,,,,,,,,,,,,,,,,,,
LU0292106753,,,,,,,,,,,,,,,,,,,,,,,,,,,,,,
LU0292107645,,,,,15.01,,,,,,,8.12,7.61,,,,,,,,,,,,2.72,,,,,
LU0292107991,,,,,,,,,,,,,,,,,,,,,,,,,,,,,,
LU0292108619,,,,,,,,,,,,,,,,,,,,,,,,,,,,,,
LU0292109005,,,,,,,,,,,,,,,,,,,,,,,,,,,,,,
LU0292109690,,,,,,,,,,,,,,,,,,,,,,,,,,,,,,
LU0321462870,,,,,,,,,,,,,,,,,,,,,,,,,,,,,,
LU0321462953,,,,,,,,,,,,,,,,,,,,,,,,,,,,,,
LU0321464652,,,,,,,,,,,,,,,,,,,,,,,,,,,,,,
LU0321465469,,,,,,,,,,,,,,,,,,,,,,,,,,,,,,
LU0322248146,,,,,,,,,,,,,,,,,8.9,,,,,,8.84,,,,,,8.98,
LU0322250712,,,,,,,,,,,,,,,,,,,,,,,,,,,,,,
LU0322250985,,,,,,,,,,,,,,,,,,,,,8.52,,,,,,,,,
LU0322251520,,,,,,,,,,,,,,,,,,,,,,,,,,,,,,
LU0322252171,,,,,,,,,,,,,,,,,,,,,,,,,,,,,,
LU0322252924,,,,,,,,,,,,,,,,,,,,,,,,,,,,,,
LU0322253229,,,,,,,,,,,,,,,,,,,,,,,,,,,,4.16,,
LU0328473581,,,,,,,,,,,,,,,,,,,,,,,,,,,,,,
LU0328475792,,,,4.73,,,,,,,,,,,1.5,,1.97,2.15,1.95,,1.21,1.32,1.95,1.43,,,,,1.78,
LU0328476410,,,,,,,,,,,,,,,,,,,,,,,,,,,,,,
LU0335044896,,,,,,,,,,,,,,,,,,,,,,,,,,,,,,
LU0340285161,,,,,,,,,,,,,,,,,,,,,,,,,,,,,,
LU0378818131,,,,,,,,,,,,,,,,,,,,,,,,,,,,,,
LU0378818560,,,,,,,,,,,,,,,,,,,,,,,,,,,,,,
LU0380865021,,,,9.75,,,,,,,,,,,4.55,,,,,3.59,3.69,4.02,,,,,3.16,3.16,,
LU0397221945,,,,,,,,,,,,,,,,,,,,,,,,,,,,,,
LU0411075020,,,,,,,,,,,,,,,,,,,,,,,,,,,,,,
LU0411075376,,,,,,,,,,,,,,,,,,,,,,,,,,,,,,
LU0411078552,,,,,,,,,,,,,,,,,,,,,,,,,,,,,,
LU0411078636,,,,,,,,,,,,,,,,,,,,,,,,,,,,,,
LU0429458895,,,,,,,,,,,,,,,,,,,,,,,,,,,,,,
LU0429459356,,,,,,,,,,,,,,,,,,,,,,,,,,,,,,
LU0429790743,,,,,,,,,,,,,,,,,,,,,,,,,,,,,,
LU0446734104,,,,,,,,,,,,,,,,,,,,,,,,,,,,,,
LU0446734369,,,,,,,,,,,,,,,3.99,,,,,4.63,,3.3,,,,,,3.89,,
LU0446734526,,,,,,,,,,,,,,,,,,,,,,,,,,,,,,
LU0446734872,,,,,,,,,,,,,,,,,,,,,,,,,,,,,,
LU0460391732,,,,,,,,,,,,,,,,,,,,,,,,,,,,,,
LU0460391906,,,,,,,,,,,,,,,,,,,,,,,,,,,,,,
LU0468896575,,,,,,,,,,,,,,,,,,,,,,,,,,,,,,
LU0468897110,,,,,,,,,,,,,,,,,,,,,,,,,,,,,,
LU0476289466,,,,,,,,,,,,,,,,,,,,,,,,,,,,,,
LU0476289623,,,,,,,,,,,,,,,,,,,,,,,,,,,,,,
LU0480132876,,,,,15.06,,,,,,,8.14,7.64,,,,,,,,,,,,2.73,,,,,
LU0484968812,,,,,,,,,,,,,,,,,,,,,,,,,,,,,,
LU0484968903,,,,,,,,,,,,,,,,,,,,,,,,,,,,,,
LU0484969463,,,,,,,,,,,,,,,,,,,,,,,,,,,,,,
LU0490618542,7.53,6.6,4.3,,,3.62,3.25,2.02,2.59,2.78,1.84,,,1.92,,,,,,,,,,,,,,,,
LU0494592974,,,,,,,,,,,,,,,,,,,,,,,,,,,,,,
LU0496786574,7.53,6.6,4.3,,,3.62,3.25,2.02,2.59,2.78,1.84,,,1.92,,,,,,,,,,,,,,,,
LU0496786657,7.53,6.6,4.3,,,3.62,3.25,2.02,2.59,2.78,1.84,,,1.92,,,,,,,,,,,,,,,,
LU0496786905,,,,,,,,,,,,,,,,,,,,,,,,,,,,,,
LU0514694370,,,,,,,,,,,,,,,,,,,,,,,,,,,,,,
LU0514695187,,,,,,,,,,,,,,,,,,,,,,,,,,,,,,
LU0524480265,,,,,,,,,,,,,,,,,,,,,,,,,,,,,,
LU0533032859,,,,,,,,,,,,,,,,,,2.29,,,,,,,,,,,,
LU0533033071,,,,,,,,,,,,,,,,,,2.29,,,,,,,,,,,,
LU0533033238,,,,,,,,,,,,,,,,,3.51,,3.51,,,,3.58,,,,,,,
LU0533033311,,,,,,,,,,,,,,,,,3.51,,3.51,,,,3.58,,,,,,,
LU0533033667,,,,,,,,,,,,,,,,,,,,,,,,,,,,,,
LU0533033741,,,,,,,,,,,,,,,,,,,,,,,,,,,,,,
LU0592215403,,,,,,,,,,,,,,,,,,,,,,,,,,,,,,
LU0592216393,,,,,,,,,,,,,,,,,,,,,,20.66,,,,,,17.38,,
LU0592217524,,,,,,,,,,,,,,,,,,,,,,,,,,,,,,
LU0599612842,,,,2.86,,,,,,,,,,,,,,,,,,,,,,,,4.42,,
LU0599613147,,,,,,,,,,,,,,,,,,,,,,,,,,,,,,
LU0613540268,,,,,,,,,,,,,,,,,,,,,,,,,,,,,,
LU0614173549,,,,,,,,,,,,,,,,,,,,,,,,,,,,,,
LU0614173895,,,,,,,,,,,,,,,,,,,,,,,,,,,,,,
LU0629459743,4.2,,4.13,3.42,,,,,,,4.81,,,,,4.24,,,,,,,,,,,,,,2.42
LU0629460089,4.23,,4.16,,,,,,,4.28,4.85,,,,,6.17,,,,,,,,,,,,,,3.52
LU0629460675,,,,6.51,,,,,,,,,,,,,,,,,5.28,,,,,,4.04,,,
LU0629460832,,,,,,,,,,,,,,,,,,,,,,,,,,7.93,,,,
LU0641006290,,,,,,,,,,,,,,,,,,,,,,,,,,,,,,
LU0641006456,,,,,,,,,,,,,,,,,,,,,,,,,,,,,,
LU0641006613,,,,,,,,,,,,,,,,,,,,,,,,,,,,,,
LU0641007009,,,,,,,,,,,,,,,,,,,,,,,,,,,,,,
LU0641007264,,,,,,,,,,,,,,,,,,,,,,,,,,,,,,
LU0641007421,,,,,,,,,,,,,,,,,,,,,,,,,,,,,,
LU0643975161,,,,,,,,,,,,,,,,,,,,,,,,,,,,,,
LU0643975591,,,,,,,,,,,,,,,,,,,,,,,,,,,,,,
LU0659579063,,,,,,,,,,,,,,,,,,,,,,,,,,,,,,
LU0659579147,,,,,,,,,,,,,,,,,,,,,,,,,,,,,,
LU0659579733,5.13,4.71,2.92,,,2.56,2.31,1.44,1.81,1.89,1.31,,,1.37,,,,,,,,,,,,,,,,
LU0671493277,,,,,,,,,,,,,,,,,,,,,,,,,,,,,,
LU0677077884,,,,,,,,,,,,,,,,,,,,,,,,,,,,,,
LU0690964092,,,,,,,,,,,,,,,,,,,,,,,,,,,,,,
LU0721552544,,,,,,,,,,,,,,,,,,,,,,,,,,,,,,
LU0721552973,,,,,,,,,,,,,,,,,,,,,,,,,,,,,,
LU0779800910,,,,,,,,,,,,,,,,,,,,,,,,,,,,,,
LU0832435464,,,,,,,,,,,,,,,,,,,,,,,,,,,,,,
LU0832436512,,,,,,,,,,,,,,,,,,,,,,,,,,,,,,
LU0838780707,,,,,,,,,,,,,,,,,,9.77,8.6,,,,,6.51,,,,,,
LU0875160326,,,,,,,,,,,,,,,,,,,,,,,,,,,,,,
LU0879397742,,,,,,,,,,,,,,,,,,,,,,,,,,,,,,
LU0879399441,,,,,,,,,,,,,,,,,,,,,,,,,,,,,,
LU0908500753,,,,4.59,,,,,,,,,,,1.51,,1.95,2.16,1.9,,1.23,1.32,1.92,1.46,,,,,1.76,
LU0908501058,,,,9.28,,,,,,,,,,,3.01,,,,,2.71,2.8,2.74,,,,,2.21,2.41,,
LU0908501132,,,,9.28,,,,,,,,,,,3.01,,,,,2.71,2.8,2.74,,,,,2.21,2.41,,
LU0908508731,,,,,,,,,,,,,,,,,,,,,,,,,,,,,,
LU0908508814,,,,,,,,,,,,,,,,,,,,,,,,,,,,,,
LU0925589839,,,,,,,,,,,,,,,,,,,,,,,,,,,,,,
LU0937836467,,,,,,,,,,,,,,,,,,10.52,9.12,,,,,7.05,,,,,,
LU0940748279,,,,,,,,,,,,,,,,,,,,,,,,,,,,,,
LU0942970103,,,,,,,,,,,,,,,,,,,,,,,,,,,,,,
LU0942970442,,,,,,,,,,,,,,,,,,,,,,,,,,,,,,
LU0942970798,,,,,,,,,,,,,,,,,,,,,,,,,,,,,,
LU0950381748,,,,,,,,,,,,,,,,,,,,,,,,,,,,,,
LU0950668367,,,,10.41,,,,,,,,,,,4.68,,,,,3.57,3.73,4.02,,,,,3.07,3.11,,
LU0950668524,,,,5.41,,,,,,,,,,,1.69,,2.04,2.32,2.0,1.28,,1.4,2.05,1.55,,,,,1.88,
LU0950668870,,,,9.85,,,,,,,,,,,3.08,,,,,2.33,2.3,2.55,,,,,2.06,1.96,,
LU0950669845,,,,,,,,,,,,,,,3.99,,,,,4.63,,3.3,,,,,,3.89,,
LU0950670009,,,,,,,,,,,,,,,,,,,,,,,,,,,,,,
LU0950670777,,,,,,,,,,,,,,,,,,,,,,,,,,,,,,
LU0950670850,,,,,,,,,,,,,,,,,,10.52,9.12,,,,,7.05,,,,,,
LU0950671825,,,,,,,,,,,,,,,,,,,,,,,,,,4.15,,,,
LU0950672807,,,,,,,,,,,,,,,,,,,,,,,,,,,,,,
LU0950674175,,,,,15.06,,,,,,,8.14,7.64,,,,,,,,,,,,2.73,,,,,
LU0950674332,4.2,,4.13,3.42,,,,,,,4.81,,,,,4.24,,,,,,,,,,,,,,2.42
LU0950674761,,,,6.51,,,,,,,,,,,,,,,,,5.28,,,,,,4.04,,,
LU0950674928,,,,,,,,,,,,,,,,,,,,,,,,,,7.93,,,,
LU0950676113,,,,,,,,,,,,,,,,,,,,,,,,,,,,,,
LU0950676469,,,,,,,,,,,,,,,,,,,,,,,,,,,,,,
LU0950677863,,,,,,,,,,,,,,,,,,,,,,,,,,,,,,
LU0952581584,,,,,,,,,,,,,,,,,,,,,,,,,,,,,,
LU0959210278,,,,,,,,,,,,,,,,,,,,3.6,,,,,,,,,,
LU0959211243,7.53,6.6,4.3,,,3.62,3.25,2.02,2.59,2.78,1.84,,,1.92,,,,,,,,,,,,,,,,
LU0959211326,7.53,6.6,4.3,,,3.62,3.25,2.02,2.59,2.78,1.84,,,1.92,,,,,,,,,,,,,,,,
LU0962071741,,,,,,,,,,,,,,,,,,,,,,,,,,,,,,
LU0962078753,,,,,,,,,,,,,,,,,,,,,,,,,,,,,,
LU0969639128,,,,,,,,,,,,,,,,,,,,,,,,,,,,,,
LU0969639474,,,,,,,,,,,,,,,,,,,,,,,,,,,,,,
LU0977261329,,,,,,,,,,,,,,,,,13.85,,,,,,13.97,,,,,,12.79,
LU0979892907,,,,,,,,,,,,,,,,,,,,,,,,,,,,,,
LU0994505336,,,,,,,,,,,,,,,,,,,,,,20.66,,,,,,17.38,,
LU1048313891,,,,,4.99,,,,,,,,6.78,,,,,,,,,,,,,,,,,
LU1048313974,,,,,4.99,,,,,,,,6.78,,,,,,,,,,,,,,,,,
LU1048314196,,,,,,,,,,,,,,,,,,,,,,,,,,,,,,
LU1048314949,,,,,,,,,,,,,,,,,,,,,,,,,,,,,,
LU1048315086,,,,,,,,,,,,,,,,,,,,,,,,,,,,,,
LU1048315243,,,,,,,,,,,,,,,,,,,,,,,,,,,,,,
LU1048315326,,,,,,,,,,,,,,,,,,,,,,,,,,,,,,
LU1048315755,,,,,,,,,,,,,,,,,,,,,,,,,,,,,,
LU1048316647,,,,,,,,,,,,,,,,,,,,,,,,,,,,,,
LU1048316720,,,,,,,,,,,,,,,,,,,,,,,,,,,,,,
LU1048317025,,,,,,,,,,,,,,,,,,,,,,,,,,,,,,
LU1048317298,,,,,,,,,,,,,,,,,,,,,,,,,,,,,,
LU1048317538,,,,,,,,,,,,,,,,,,,,,,,,,,,,,,
LU1079841273,,,,,,,,,,,,,,,,,,,,,,,,,,,,,,
LU1079841513,,,,,,,,,,,,,,,,,,,,,,,,,,,,,,
LU1079842321,,,,,,,,,,,,,,,,,,,,,,,,,,,,,,
LU1094612022,,,,,,,,,,,,,,,,,,,,,,,,,,,,,,
LU1109939865,,,,,,,,,,,,,,,,,,,,,,,,,,,,,,
LU1109941689,,,,,,,,,,,,,,,,,,,,,,,,,,,,,,
LU1109942653,,,,,,,,,,,,,,,,,,,,,,,,,,,,,,
LU1109943388,,,,,,,,,,,,,,,,,,,,,,,,,,,,,,
LU1130155432,,,,,,,,,,,,,,,,,,,,,,,,,,,,,,
LU1130155606,,,,,,,,,,,,,,,,,,,,,,,,,,,,,,
LU1130155861,,,,,,,,,,,,,,,,,,,,,,,,,,,,,,
LU1130156323,,,,,,,,,,,,,,,,,,,,,,,,,,,,,,
LU1130156596,,,,,,,,,,,,,,,,,,,,,,,,,,,,,,
LU1135865084,7.53,6.6,4.3,,,3.62,3.25,2.02,2.59,2.78,1.84,,,1.92,,,,,,,,,,,,,,,,
LU1169819635,,,,9.85,,,,,,,,,,,3.08,,,,,2.33,2.3,2.55,,,,,2.06,1.96,,
LU1169819718,,,,9.85,,,,,,,,,,,3.08,,,,,2.33,2.3,2.55,,,,,2.06,1.96,,
LU1169819809,,,,9.85,,,,,,,,,,,3.08,,,,,2.33,2.3,2.55,,,,,2.06,1.96,,
LU1169819981,,,,9.85,,,,,,,,,,,3.08,,,,,2.33,2.3,2.55,,,,,2.06,1.96,,
LU1169820138,,,,9.85,,,,,,,,,,,3.08,,,,,2.33,2.3,2.55,,,,,2.06,1.96,,
LU1169820997,,,,,,,,,,,,,,,,,,10.52,9.12,,,,,7.05,,,,,,
LU1169821029,,,,,,,,,,,,,,,,,,10.52,9.12,,,,,7.05,,,,,,
LU1169821292,,,,,,,,,,,,,,,,,,10.52,9.12,,,,,7.05,,,,,,
LU1169821375,,,,,,,,,,,,,,,,,,10.52,9.12,,,,,7.05,,,,,,
LU1169821458,,,,,,,,,,,,,,,,,,10.52,9.12,,,,,7.05,,,,,,
LU1169821888,,,,,,,,,,,,,,,,,,,,,,,,,,4.15,,,,
LU1169822001,,,,,,,,,,,,,,,,,,,,,,,,,,4.15,,,,
LU1169822266,,,,,,,,,,,,,,,,,,,,,,,,,,4.15,,,,
LU1169822340,,,,,,,,,,,,,,,,,,,,,,,,,,4.15,,,,
LU1169822779,,,,,,,,,,,,,,,,,,,,,,,,,,4.15,,,,
LU1169825954,,,,,,,,,,,,,,,,,,,,,,,,,,,,,,
LU1169827224,,,,,,,,,,,,,,,,,,,,,,,,,,,,,,
LU1169830012,,,,,,,,,,,,,,,,,13.85,,,,,,13.97,,,,,,12.79,
LU1169830103,,,,,,,,,,,,,,,,,13.85,,,,,,13.97,,,,,,12.79,
LU1169830285,,,,,,,,,,,,,,,,,13.85,,,,,,13.97,,,,,,12.79,
LU1169830368,,,,,,,,,,,,,,,,,13.85,,,,,,13.97,,,,,,12.79,
LU1169830442,,,,,,,,,,,,,,,,,13.85,,,,,,13.97,,,,,,12.79,
LU1169830525,,,,,,,,,,,,,,,,,13.85,,,,,,13.97,,,,,,12.79,
LU1190417599,,,,,,,,,,,,,,,,,,,,,,,,,,,,,,
LU1215415214,,,,,,,,,,,,,,,,,,,,,,,,,,,,,,
LU1215451524,,,,12.52,,,,,,,,,,,,,,,,4.36,4.41,,,,,,3.68,,,
LU1215452092,,,,12.52,,,,,,,,,,,,,,,,4.36,4.41,,,,,,3.68,,,
LU1215452928,,,,,,,,,,,,,,,,,,,,4.43,,,,,,,,4.08,,
LU1215454460,,,,,,,,,,,,,,,,,,,,,,,,,,,,2.38,,
LU1215461085,,,,,,,,,,,,,,,,,,,,,,,,,,,,,,
LU1215461168,,,,,,,,,,,,,,,,,,,,,,,,,,,,,,
LU1215461325,,,,,,,,,,,,,,,,,,,,,,,,,,,,,,
LU1215461598,,,,,,,,,,,,,,,,,,,,,,,,,,,,,,
LU1215461754,,,,,,,,,,,,,,,,,,,,,,,,,,,,,,
LU1215827756,,,,,,,,,,,,,,,,,,,,,,,,,,3.99,,,,
LU1220245556,,,,,,,,,,,,,,,,,,,,,,,,,,,,,,
LU1230136894,,,,,,,,,,,,,,,,,,,,,,,,,,,,,,
LU1230561679,,,,,,,,,,,,,,,,,,,,,,,,,,7.71,,,,
LU1230563022,,,,,,,,,,,,,,,,,,,,,,,,,,7.71,,,,
LU1233598447,,,,,,,,,,,,,,,,,,,,,,,,,,,,,,
LU1248511575,,,,,,,,,,,,,,,,,,,,,,,,,,,,,,
LU1273488475,,,,,,,,,,,,,,,,,,,,,,,,,,7.71,,,,
LU1273488715,,,,,,,,,,,,,,,,,,,,,,,,,,7.71,,,,
LU1273489440,,,,,,,,,,,,,,,,,,,,,,,,,,7.71,,,,
LU1273641503,4.23,,4.16,,,,,,,4.28,4.85,,,,,6.17,,,,,,,,,,,,,,3.52
LU1273642816,,,,6.51,,,,,,,,,,,,,,,,,5.28,,,,,,4.04,,,
LU1273642907,,,,6.51,,,,,,,,,,,,,,,,,5.28,,,,,,4.04,,,
LU1280300770,,,,6.51,,,,,,,,,,,,,,,,,5.28,,,,,,4.04,,,
LU1280300853,,,,6.51,,,,,,,,,,,,,,,,,5.28,,,,,,4.04,,,
LU1280303014,4.23,,4.16,,,,,,,4.28,4.85,,,,,6.17,,,,,,,,,,,,,,3.52
LU1285959703,,,,,,,,,,,,,,,,,,,,,,,,,,,,,,
LU1285959885,,,,,,,,,,,,,,,,,,,,,,,,,,,,,,
LU1285960032,,,,,,,,,,,,,,,,,,,,,,,,,,,,,,
LU1287022708,,,,,,,,,,,,,,,,,,,,,,,,,,,,,,
LU1287023003,,,,,,,,,,,,,,,,,,,,,,,,,,,,,,
LU1287023185,,,,,,,,,,,,,,,,,,,,,,,,,,,,,,
LU1287023268,,,,,,,,,,,,,,,,,,,,,,,,,,,,,,
LU1287023342,,,,,,,,,,,,,,,,,,,,,,,,,,,,,,
LU1291097779,,,,,14.95,,,,,,,7.98,7.69,,,,,,,,,,,,2.7,,,,,
LU1291098314,,,,,,,,,,,,,,,,,,,,,,,,,,,,,,
LU1291098827,,,,9.55,,,,,,,,,,,3.08,,,,,2.52,2.32,2.49,,,,,2.24,2.12,,
LU1291099718,,,,5.2,,,,,,,,,,,1.67,,2.13,2.35,2.04,1.37,,1.36,2.11,1.37,,,,,1.93,
LU1291101555,,,,,,,,,,,,,,,,,,,,,,,,,,,,,,
LU1291102447,,,,,,,,,,,,,,,,,,,,,,,,,,4.27,,,,
LU1291103338,11.17,,,,,,,,,,3.52,,,,,4.73,,,,,,,,,,,,,,
LU1291104575,7.03,6.43,4.07,,,3.61,3.22,2.01,2.51,2.62,1.8,,,1.89,,,,,,,,,,,,,,,,
LU1291106356,,,,,,,,,,,,,,,,,,,,,,,,,,,,,,
LU1291108642,5.83,,,3.09,,,,,,,1.76,,,,,1.52,1.24,,,,,,,,,1.37,,,,
LU1291109533,,,,,,,,,,,,,,,,,,,,,,,,,,,,,,
LU1291109616,,,,,,,,,,,,,,,,,,,,,,,,,,,,,,
LU1302703878,7.53,6.6,4.3,,,3.62,3.25,2.02,2.59,2.78,1.84,,,1.92,,,,,,,,,,,,,,,,
LU1324510525,,,,,,,,,,,,,,,,,,,,,,,,,,,,,,
LU1324516050,,,,,,,,,,,,,,,,,,,,,,,,,,,,,,
LU1324516308,,,,,,,,,,,,,,,,,,,,,,,,,,,,,,
LU1324516480,,,,,,,,,,,,,,,,,,,,,,,,,,,,,,
LU1324516720,,,,,,,,,,,,,,,,,,,,,,,,,,,,,,
LU1324517454,,,,,,,,,,,,,,,,,,,,,,,,,,,,,,
LU1327051279,,,,,,,,,,,,,,,,,,,,,,,,,,,,,,
LU1377381717,,,,,,,,,,,,,,,,,,,,,,,,,,,,,,
LU1377382103,,,,,,,,,,,,,,,,,,,,,,,,,,,,,,
LU1377382285,,,,,,,,,,,,,,,,,,,,,,,,,,,,,,
LU1377382368,,,,7.81,,,,,,,,,,,3.05,,3.24,9.92,3.21,,,,,,,,,,,
LU1377382442,,,,7.81,,,,,,,,,,,3.05,,3.24,9.92,3.21,,,,,,,,,,,
LU1390062245,,,,,,,,,,,,,,,,,,,,,,,,,,,,,,
LU1390062831,,,,,,,,,,,,,,,,,,,,,,,,,,,,,,
LU1399300455,,,,,,,,,,,,,,,,,,,,,,,,,,,,,,
LU1407887089,,,,,,,,,,,,,,,,,,,,,,,,,,,,,,
LU1407887162,,,,,,,,,,,,,,,,,,,,,,,,,,,,,,
LU1407887329,,,,,,,,,,,,,,,,,,,,,,,,,,,,,,
LU1407887675,,,,,,,,,,,,,,,,,,,,,,,,,,,,,,
LU1407887915,,,,,,,,,,,,,,,,,,,,,,,,,,,,,,
LU1407888053,,,,,,,,,,,,,,,,,,,,,,,,,,,,,,
LU1407888137,,,,,,,,,,,,,,,,,,,,,,,,,,,,,,
LU1407888483,,,,,,,,,,,,,,,,,,,,,,,,,,,,,,
LU1407888723,,,,,,,,,,,,,,,,,,,,,,,,,,,,,,
LU1407888996,,,,,,,,,,,,,,,,,,,,,,,,,,,,,,
LU1407889457,,,,,,,,,,,,,,,,,,,,,,,,,,,,,,
LU1407890547,,,,,,,,,,,,,,,,,,,,,,,,,,,,,,
LU1407890620,,,,,,,,,,,,,,,,,,,,,,,,,,,,,,
LU1407890976,,,,,,,,,,,,,,,,,,,,,,,,,,,,,,
LU1407891271,,,,,,,,,,,,,,,,,,,,,,,,,,,,,,
LU1407892592,,,,,,,,,,,,,,,,,,,,,,,,,,,,,,
LU1407893301,,,,,,,,,,,,,,,,,,,,,,,,,,,,,,
LU1435356065,,,,,,,,,,,,,,,,,,,,,,,,,,,,,,
LU1435356149,,,,,,,,,,,,,,,,,,,,,,,,,,,,,,
LU1435356495,,,,,,,,,,,,,,,,,,,,,,,,,,,,,,
LU1437015735,,,,4.96,,,,,,,,,,,1.66,,2.03,2.34,2.0,1.27,,1.4,2.08,1.58,,,,,1.9,
LU1437016204,,,,,,,,,,,,,,,,,,,,,,,,,,,,,,
LU1437017350,,,,,14.93,,,,,,,8.32,7.45,,,,,,,,,,,,2.72,,,,,
LU1437018168,,,,,,,,,,,,,,,,,,,,,,,,,,,,,,
LU1437018598,,,,,,,,,,,,,,,,,,,,,,,,,,,,,,
LU1437018838,,,,,,,,,,,,,,,,,,,,,,,,,,,,,,
LU1437024729,,,,,,,,,,,,,,,,,,,,,,,,,,,,,,
LU1437025023,,,,,,,,,,,,,,,,,,,,,,,,,,,,,,
LU1437025296,,,,,,,,,,,,,,,,,,,,,,,,,,,,,,
LU1446552652,,,,,,,,,,,,,,,,,,,,,,,,,,,,,,
LU1452600197,,,,,,,,,,,,,,,,,,,,,,,,,,,,,,
LU1452600270,,,,,,,,,,,,,,,,,,,,,,,,,,,,,,
LU1452600437,,,,,,,,,,,,,,,,,,,,,,,,,,,,,,
LU1459799943,,,,,,,,,,,,,,,,,,,,,,,,,,,,,,
LU1459800030,,,,,,,,,,,,,,,,,,,,,,,,,,,,,,
LU1459800113,,,,,,,,,,,,,,,,,,,,,,,,,,,,,,
LU1459801434,,,,,,,,,,,,,,,,,,,,,,,,,,,,,,
LU1459801517,,,,,,,,,,,,,,,,,,,,,,,,,,,,,,
LU1459801780,,,,,,,,,,,,,,,,,,,,,,,,,,,,,,
LU1459801947,,,,,,,,,,,,,,,,,,,,,,,,,,,,,,
LU1459802168,,,,,,,,,,,,,,,,,,,,,,,,,,,,,,
LU1459802754,,,,,,,,,,,,,,,,,,,,,,,,,,,,,,
LU1459802838,,,,,,,,,,,,,,,,,,,,,,,,,,,,,,
LU1459803059,,,,,,,,,,,,,,,,,,,,,,,,,,,,,,
LU1459803133,,,,,,,,,,,,,,,,,,,,,,,,,,,,,,
LU1481201025,,,,,,,,,,,,,,,,,,,,,,,,,,,,,,
LU1481201611,,,,,,,,,,,,,,,,,,,,,,,,,,,,,,
LU1481201702,,,,,,,,,,,,,,,,,,,,,,,,,,,,,,
LU1481202692,,,,,,,,,,,,,,,,,,,,,,,,,,,,,,
LU1481203070,,,,,,,,,,,,,,,,,,,,,,,,,,4.27,,,,
LU1484799769,,,,,,,,,,,,,,,,,,,,,,,,,,,,,,
LU1484799843,,,,,,,,,,,,,,,,,,,,,,,,,,,,,,
LU1484799926,,,,,,,,,,,,,,,,,,,,,,,,,,,,,,
LU1484800955,,,,,,,,,,,,,,,,,,,,,,,,,,,,,,
LU1525418643,,,,,,,,,,,,,,,,,,,,,,,,,,,,,,
LU1525418726,,,,,,,,,,,,,,,,,,,,,,,,,,,,,,
LU1547515053,,,,,,,,,,,,,,,,,,,,,,,,,,,,,,
LU1547515137,,,,,,,,,,,,,,,,,,,,,,,,,,,,,,
LU1547516291,,,,,,,,,,,,,,,,,,,,,,,,,,,,,,
LU1563454310,,,,,,,,,,,,,,,,,,,,,,,,,,,,,,
LU1563454401,,,,,,,,,,,,,,,,,,,,,,,,,,,,,,
LU1563454823,,,,,,,,,,,,,,,,,,,,,,,,,,,,,,
LU1574142243,,,,4.59,,,,,,,,,,,1.51,,1.95,2.16,1.9,,1.23,1.32,1.92,1.46,,,,,1.76,
LU1589327680,,,,5.41,,,,,,,,,,,1.69,,2.04,2.32,2.0,1.28,,1.4,2.05,1.55,,,,,1.88,
LU1589349734,,,,,,,,,,,,,,,,,,,,,,,,,,,,,,
LU1598688189,,,,9.87,,,,,,,,,,,,,,,3.98,,2.51,,,,,,2.3,,,
LU1598689153,,,,,,,,,,,,,,,,,,,,,,,,,,,,,,
LU1598690169,,,,,,,,,,,,,,,3.89,,,,,4.58,,3.27,,,,,,3.81,,
LU1598691050,,,,,,,,,,,,,,,,,,,,,,,,,,,,,,
LU1598691217,,,,,,,,,,,,,,,,,,,,,,,,,,,,,,
LU1600334798,,,,5.41,,,,,,,,,,,1.69,,2.04,2.32,2.0,1.28,,1.4,2.05,1.55,,,,,1.88,
LU1602144575,,,,9.05,,,,,,,,,,,,,,,,4.96,4.97,,,,,,,4.16,,
LU1602144732,,,,,,,,,,,,,,,,,,,,,,,,,,3.86,,,,
LU1602144906,,,,,,,,,,,,,,,,,,,,,,,,,,,,,,
LU1602145036,,,,,,,,,,,,,,,,,,,,,,,,,,,,,,
LU1603790731,,,,,,,,,,,,,,,,,,,,,,,,,,,,,,
LU1603795458,,,,,,,,,,,,,,,,,,,,,,,,,,,,,,
LU1603797587,,,,,,,,,,,,,,,,,,,,,,,,,,,,,,
LU1615090864,,,,,,,,,,,,,,,,,,,,,,,,,,,,,,
LU1615092217,5.83,,,3.09,,,,,,,1.76,,,,,1.52,1.24,,,,,,,,,1.37,,,,
LU1617164998,,,,,,,,,,,,,,,,,,,,,,,,,,,,,,
LU1645380368,,,,,,,,,,,,,,,,,,,,,,,,,,,,,,
LU1645380442,,,,,,,,,,,,,,,,,,,,,,,,,,,,,,
LU1645381689,,,,,,,,,,,,,,,,,,,,,,,,,,,,,,
LU1645385839,,,,,,,,,,,,,,,,,,,,,,,,,,,,,,
LU1645385912,,,,,,,,,,,,,,,,,,,,,,,,,,,,,,
LU1645386217,,,,,,,,,,,,,,,,,,,,,,,,,,,,,,
LU1645386308,,,,,,,,,,,,,,,,,,,,,,,,,,,,,,
LU1645386480,,,,,,,,,,,,,,,,,,,,,,,,,,,,,,
LU1645386647,,,,,,,,,,,,,,,,,,,,,,,,,,,,,,
LU1646359619,,,,,,,,,,,,,,,,,,,,,,,,,,8.99,,,,
LU1646359882,,,,,,,,,,,,,,,,,,,,,,,,,,8.99,,,,
LU1646360542,,,,,,,,,,,,,,,,,,,,,,,,,,8.99,,,,
LU1646360971,,,,9.1,,,,,,,,,,,3.04,,,,,2.32,2.32,2.56,,,,,2.12,1.94,,
LU1646361276,,,,9.1,,,,,,,,,,,3.04,,,,,2.32,2.32,2.56,,,,,2.12,1.94,,
LU1650487413,,,,,,,,,,,,,,,,,,,,,,,,,,,,,,
LU1650487926,,,,,,,,,,,,,,,,,,,,,,,,,,,,,,
LU1650488494,,,,,,,,,,,,,,,,,,,,,,,,,,,,,,
LU1650488817,,,,,,,,,,,,,,,,,,,,,,,,,,,,,,
LU1650489385,,,,,,,,,,,,,,,,,,,,,,,,,,,,,,
LU1650489898,,,,,,,,,,,,,,,,,,,,,,,,,,,,,,
LU1650491282,,,,,,,,,,,,,,,,,,,,,,,,,,,,,,
LU1650491795,,,,,,,,,,,,,,,,,,,,,,,,,,,,,,
LU1650492173,,,,,,,,,,,,,,,,,,9.77,8.59,,,,,6.51,,,,,,
LU1650492256,,,,,,,,,,,,,,,,,,9.77,8.59,,,,,6.51,,,,,,
LU1650492330,,,,,,,,,,,,,,,,,,9.77,8.59,,,,,6.51,,,,,,
LU1650492504,,,,,,,,,,,,,,,,,,9.77,8.59,,,,,6.51,,,,,,
LU1655103486,,,,,,,,,,,,,,,,,5.74,5.1,5.39,,,,5.09,,,,,,4.66,
LU1655103643,,,,,,,,,,,,,,,,,,,,,,,,,,2.84,,,,
LU1655103726,,,,,,,,,,,,,,,,,,,,,,,,,,2.84,,,,
LU1659681230,,,,,,,,,,,,,,,,,,,,,,,,,,,,,,
LU1659681313,,,,,,,,,,,,,,,,,,,,,,,,,,,,,,
LU1659681586,11.17,,,,,,,,,,3.52,,,,,4.73,,,,,,,,,,,,,,
LU1659681669,11.17,,,,,,,,,,3.52,,,,,4.73,,,,,,,,,,,,,,
LU1681037518,,,,,,,,,,,,,,,,,,,,,,,,,,,,,,
LU1681037609,,,,,,,,,,,,,,,,,,,,,,,,,,2.65,,,,
LU1681037781,,,,,,,,,,,,,,,,,,,,,,,,,,2.65,,,,
LU1681037864,,,,,,,,,,,,,,,,,,,,,,,,,,2.65,,,,
LU1681037948,,,,,,,,,,,,,,,,,,,,,,,,,,2.65,,,,
LU1681038086,,,,,,,,,,,,,,,,,,,,,,,,,,2.65,,,,
LU1681038169,,,,,,,,,,,,,,,,,,,,,,,,,,2.65,,,,
LU1681038243,7.6,6.67,4.35,,,4.03,3.27,5.64,3.03,,3.3,,,,,4.11,,,,,,,,,,,,,,
LU1681038326,7.6,6.67,4.35,,,4.03,3.27,5.64,3.03,,3.3,,,,,4.11,,,,,,,,,,,,,,
LU1681038599,7.6,6.67,4.35,,,4.03,3.27,5.64,3.03,,3.3,,,,,4.11,,,,,,,,,,,,,,
LU1681038672,,,,,,,,,,,,,,,,,,,,,,,,,,,,,,
LU1681038839,,,,,,,,,,,,,,,,,,,,,,,,,,,,,,
LU1681038912,,,,,,,,,,,,,,,,,,,,,,,,,,2.96,,,,
LU1681039050,,,,,,,,,,,,,,,,,,,,,,,,,,2.96,,,,
LU1681039134,,,,,,,,,,,,,,,,,,,,,,,,,,2.96,,,,
LU1681039217,,,,,,,,,,,,,,,,,,,,,,,,,,2.96,,,,
LU1681039308,,,,,,,,,,,,,,,,,,,,,,,,,,2.96,,,,
LU1681039480,,,,,,,,,,,,,,,,,,,,,,,,,,,,,,
LU1681039647,,,,,,,,,,,,,,,,,,,,,,,,,,,,,,
LU1681040223,,,,5.45,,,,,,,,,,,1.8,,2.32,2.57,2.26,1.38,1.47,1.57,2.29,,,,,,2.09,
LU1681040496,,,,,,,,,,,,,,,,,,,,,,,,,,,,,,
LU1681040900,,,,,,,,,,,,,,,,,,,,,,,,,,,,,,
LU1681041031,,,,,,,,,,,,,,,,,,,,,,,,,,,,,,
LU1681041114,,,,,,,,,,,,,,,,,,,,,,,,,,,,,,
LU1681041205,,,,,,,,,,,,,,,,,,,,,,,,,,,,,,
LU1681041460,,,,6.55,,,,,,,,,,,,,4.3,5.15,2.96,,,3.79,4.05,,,,,3.3,,
LU1681041544,,,,,,,,,,,,,,,,,,,,,,,,,,,,,,
LU1681041627,,,,,,,,,,,,,,,,,1.56,,,,,,,,,,,1.65,,
LU1681041890,,,,6.24,,,,,,,,,,,,,5.05,,4.95,2.86,,,4.68,,,,,,4.69,
LU1681041973,,,,,,,,,,,,,,,,,,,,,,,,,,,,,,
LU1681042435,,,,9.87,,,,,,,,,,,,,,,3.98,,2.51,,,,,,2.3,,,
LU1681042518,,,,,,,,,,,,,,,,,,,,,,,,,,,,,,
LU1681042609,,,,5.08,,,,,,,,,,,1.58,,2.33,2.45,2.09,1.52,,1.52,2.22,,,,,,,
LU1681042864,7.05,,4.24,,,,3.08,,2.45,,3.22,,,,,5.32,,,,,,,,,,,,,,2.94
LU1681042948,7.05,,4.24,,,,3.08,,2.45,,3.22,,,,,5.32,,,,,,,,,,,,,,2.94
LU1681043086,,,,,,,,,,,,,,,,,,,,,,,,,,,,,,
LU1681043169,,,,,,,,,,,,,,,,,,,,,,,,,,,,,,
LU1681043599,5.13,4.71,2.92,,,2.56,2.31,1.44,1.81,1.89,1.31,,,1.37,,,,,,,,,,,,,,,,
LU1681043672,5.13,4.71,2.92,,,2.56,2.31,1.44,1.81,1.89,1.31,,,1.37,,,,,,,,,,,,,,,,
LU1681043912,,,,,,,,,,,,,,,,,,,,,,,,,,,,,,
LU1681044050,,,,,,,,,,,,,,,,,,,,,,,,,,,,,,
LU1681044308,,,,6.01,,,,,,,,,,,1.79,,,2.81,2.45,1.79,1.85,1.72,,,,,1.43,1.65,,
LU1681044480,,,,,17.91,,,,,,,9.68,9.08,,,,,,,,,,,,3.24,,,,,
LU1681044563,,,,,17.91,,,,,,,9.68,9.08,,,,,,,,,,,,3.24,,,,,
LU1681044647,,,,,,,,,,,,,,,,,,,,,,,,,,,,,,
LU1681044720,,,,,,,,,,,,,,,,,13.91,,,,,,14.03,,,,,,12.85,
LU1681044993,,,,,,,,,,,,,,,,,13.91,,,,,,14.03,,,,,,12.85,
LU1681045024,,,,,,,,,,,,,,,,,,,,,,,,,,,,,,
LU1681045297,,,,,,,,,,,,,,,,,,,,,,,,,,,,,,
LU1681045370,,,,,15.01,,,,,,,8.12,7.61,,,,,,,,,,,,2.72,,,,,
LU1681045453,,,,,15.01,,,,,,,8.12,7.61,,,,,,,,,,,,2.72,,,,,
LU1681045537,,,,,,,,,,,,,,,,,,,,,,,,,,,,,,
LU1681046006,,,,,,,,,,,,,,,,,,,,,,,,,,,,,,
LU1681046188,,,,,,,,,,,,,,,,,,,,,,,,,,,,,,
LU1681046261,,,,,,,,,,,,,,,,,,,,,,,,,,,,,,
LU1681046345,,,,,,,,,,,,,,,,,,,,,,,,,,,,,,
LU1681046691,,,,,,,,,,,,,,,,,,,,,,,,,,,,,,
LU1681046774,,,,,,,,,,,,,,,,,,,,,,,,,,,,,,
LU1681046857,,,,,,,,,,,,,,,,,,,,,,,,,,,,,,
LU1681046931,,,,,,,,,,,,,,,,,,,,,9.69,,,,,,,,,
LU1681047079,,,,,,,,,,,,,,,,,,,,,9.69,,,,,,,,,
LU1681047236,,,,9.61,,,,,,,,,,,4.62,,,,,3.57,3.75,4.04,,,,,3.16,3.08,,
LU1681047319,,,,9.61,,,,,,,,,,,4.62,,,,,3.57,3.75,4.04,,,,,3.16,3.08,,
LU1681047400,,,,9.61,,,,,,,,,,,4.62,,,,,3.57,3.75,4.04,,,,,3.16,3.08,,
LU1681047665,,,,,,,,,,,,,,,,,,,,,,,,,,2.96,,,,
LU1681048127,,,,,,,,,,,,,,,,,,,,,,,,,,,,,,
LU1681048556,,,,,,,,,,,,,,,,,,,,,,,,,,,,,,
LU1681048630,,,,,,,,,,,,,,,,,,,,,,,,,,,,,,
LU1681048713,,,,,,,,,,,,,,,,,,,,,,,,,,,,,,
LU1681048804,7.53,6.6,4.3,,,3.62,3.25,2.02,2.59,2.78,1.84,,,1.92,,,,,,,,,,,,,,,,
LU1681049018,7.53,6.6,4.3,,,3.62,3.25,2.02,2.59,2.78,1.84,,,1.92,,,,,,,,,,,,,,,,
LU1681049109,7.53,6.6,4.3,,,3.62,3.25,2.02,2.59,2.78,1.84,,,1.92,,,,,,,,,,,,,,,,
LU1686830065,,,,,,,,,,,,,,,,,,,,,,,,,,,,,,
LU1686830909,,,,,,,,,,,,,,,,,,,,,,,,,,,,,,
LU1686831030,,,,,,,,,,,,,,,,,,,,,,,,,,,,,,
LU1686832194,,,,,,,,,,,,,,,,,,,,,,,,,,,,,,
LU1686832277,,,,,,,,,,,,,,,,,,,,,,,,,,,,,,
LU1691909508,,,,,,,,,,,,,,,,,,,,,,,,,,,,,,
LU1708330235,,,,,,,,,,,,,,,,,,,,,,,,,,,,,,
LU1708330318,,,,,,,,,,,,,,,,,,,,,,,,,,,,,,
LU1720938841,,,,,,,,,,,,,,,,,,,,,,,,,,,,,,
LU1720938924,,,,,,,,,,,,,,,,,,,,,,,,,,,,,,
LU1737652310,,,,4.96,,,,,,,,,,,1.66,,2.03,2.34,2.0,1.27,,1.4,2.08,1.58,,,,,1.9,
LU1737652583,,,,,14.93,,,,,,,8.32,7.45,,,,,,,,,,,,2.72,,,,,
LU1737652823,,,,,,,,,,,,,,,,,,,,,,,,,,,,,,
LU1737653631,,,,,,,,,,,,,,,,,,,,,,,,,,,,,,
LU1737653714,,,,,,,,,,,,,,,,,,,,,,,,,,,,,,
LU1737653987,,,,,,,,,,,,,,,,,,,,,,,,,,,,,,
LU1737654019,,,,,,,,,,,,,,,,,,,,,,,,,,,,,,
LU1750178011,,,,,,,,,,,,,,,,,,,,,,,,,,,,,,
LU1753045332,,,,7.13,,,,,,,,,,,,,2.99,,,,2.71,,,,,,,,,
LU1753045415,,,,7.13,,,,,,,,,,,,,2.99,,,,2.71,,,,,,,,,
LU1753045845,,,,,,,,,,,,,,,,,,,,,,,,,,11.76,,,,
LU1753045928,,,,,,,,,,,,,,,,,,,,,,,,,,11.76,,,,
LU1772333404,,,,4.73,,,,,,,,,,,1.5,,1.97,2.15,1.95,,1.21,1.32,1.95,1.43,,,,,1.78,
LU1778293313,,,,,,,,,,,,,,,,,,,,,,,,,,,,,,
LU1781541096,,,,,,,,,,,,,,,,,,9.34,8.2,,,,,6.24,,,,,,
LU1781541252,,,,,,,,,,,,,,,,,,,,,,,,,,3.82,,,,
LU1781541849,,,,,18.56,,,,,,,8.88,8.9,,,,,,,,,,,,3.03,,,,,
LU1804202403,,,,2.15,,,,,,,,,,,,,,,,2.87,,1.88,,,,,,2.17,,
LU1805389258,,,,,,,,,,,,,,,,,,,,,,,,,,,,,,
LU1805389506,,,,,,,,,,,,,,,,,,,,,,,,,,,,,,
LU1806495575,,,,,,,,,,,,,,,,,,,,,,,,,,,,,,
LU1812090543,,,,,,,,,,,,,,,,,,,,,,,,,,,,,,
LU1812091194,,,,,,,,,,,,,,,,,,,,,,,,,,,,,,
LU1812092168,,,,,,,,,,,,,,,,,,,,,,,,,,,,,,
LU1829218749,,,,,,,,,,,,,,,,,,,,,,,,,,,,,,
LU1829218822,,,,,,,,,,,,,,,,,,,,,,,,,,,,,,
LU1829219127,,,,,,,,,,,,,,,,,,,,,,,,,,,,,,
LU1829219390,,,,,,,,,,,,,,,,,,,,,,14.46,,,,,,,,
LU1829219556,,,,,,,,,,,,,,,,,,,,,,,,,,,,,,
LU1829219713,,,,,,,,,,,,,,,,,,,,,,,,,,,,,,
LU1829220133,4.54,4.17,2.58,,1.83,2.26,2.04,1.28,1.6,1.67,,,,,,,,,,,,,,,,,,,,
LU1829220216,4.54,4.17,2.58,,1.83,2.26,2.04,1.28,1.6,1.67,,,,,,,,,,,,,,,,,,,,
LU1829221024,7.6,6.67,4.35,,,4.03,3.27,5.64,3.03,,3.3,,,,,4.11,,,,,,,,,,,,,,
LU1832418773,,,,,,,,,,,,,,,,,,,,,,,,,,,,,,
LU1834983477,,,,,,,,,,,,,,,,,,14.27,,,,8.88,,,,,,,,
LU1834983550,,,,,,,,,,,,,,,,,,,,,,,,,,,,,,
LU1834983634,,,,,,,,,,,,,,,,,,,,,,,,,,,,,,
LU1834985845,,,,,,,,,,,,,,,,,,,,,,,,,,,,,,
LU1834986900,,,,,,,,,,,,,,,,,15.37,,14.86,,,,14.58,,,,,,,
LU1834987890,,,,,,,,,,,,,,,,,,,,,,,,,,,,,,
LU1834987973,,,,,,,,,,,,,,,,,,,,20.33,,,,,,,,,,
LU1834988278,,,,,,,,,,,,,,,,,,,,,,,,28.56,,,,,,
LU1834988518,,,,32.0,,,,,,,,,,,,,,,,,,,,,,,14.03,,,
LU1834988609,,,,,,,,,,,,,,,,,,,,,,,,,,,,,,
LU1834988781,,,,,,,,,,,,,,,,,,,,,,,,,,,,,,
LU1834988864,,,,,,,,,,,,,,,,,,,,,,,,,,,,21.86,,
LU1841731745,,,,,,,,,,,,,,,,,,,,,,,,,14.27,,,,,
LU1847674733,,,,11.06,,,,,,,,,,,3.17,,,,,,3.27,3.43,,,,,2.86,2.58,,
LU1852211215,,,,,,,,,,,,,,,,,,,,,,,,,,,,,,
LU1852211561,,,,,,,,,,,,,,,,,,,,,,,,,,,,,,
LU1852211645,,,,,,,,,,,,,,,,,,,,,,,,,,,,,,
LU1852211991,,,,,,,,,,,,,,,,,,,,,,,,,,,,,,
LU1852212023,,,,,,,,,,,,,,,,,,,,,,,,,,,,,,
LU1852212965,,,,,,,,,,,,,,,,,,,,,,,,,,,,,,
LU1859444769,,,,,,,,,,,,,,,,,,,,,,,,,,,,,,
LU1861132840,,3.23,,,,,,,,3.07,,,,,,4.14,,,,,,,,,,,,,,
LU1861137484,,,,5.94,,,,,,,,,,,,,4.96,,,,5.24,,,,,,,,,
LU1861138961,,,,,14.56,,,,,,,,,,,,,,,,,,,,,,,,,
LU1900065811,,,,,,,,,,,,,,,,,,,,,,,,,,,,,,
LU1900066033,25.77,,,4.3,11.65,,,7.44,,10.81,,,5.81,,,5.33,,,,,,,,,,,,,,2.94
LU1900066207,,,,,,,,,,,,,,,,,,,,,,,,,,,,,,
LU1900066462,,,,,,,,,,,,,,,,,,,,,,,,,,,,,,
LU1900066975,,,,,,,,,,,,28.54,18.35,,,,,,,,,,,,,,,,,
LU1900067601,,,,,,,,,,,,,,,,,,,,,,,,,,,,,,
LU1900067940,,,,,,,,,,,,,,,,,,,,,,,,,15.42,,,,,
LU1900068161,,,,,16.78,,,,,,,9.07,8.51,,,,,,,,,,,,3.03,,,,,
LU1900068328,,,,,,,,,,,,,,,,,,,,,,,,,,,,,,
LU1900068914,,,,,,,,,,,,,,,,,,,,,,,,,15.42,,,,,
LU1900069219,,,,,,,,,,,,,,,,,,,,,,,,,,,,,,
LU1910939849,,,,,,,,,,,,,,,,,,,,,,,,,,,,,,
LU1910940268,,,,,,,,,,,,,,,,,,,,,,,,,,,,,,
LU1910940425,,,,,,,,,,,,,,,,,,,,,,,,,,,,,,
LU1920015440,,,,,,,,,,,,,,,,,,,,,,,,,,,,,,
LU1920015523,,,,,,,,,,,,,,,,,,,,,,,,,,,,,,
LU1920015796,,,,,,,,,,,,,,,,,,,,,,,,,,,,,,
LU1923163676,,,,,,,,,,,,,,,,,,,,,,,,,,,,,,
LU1923163759,,,,,,,,,,,,,,,,,,,,,,,,,,,,,,
LU1931974262,,,,5.01,,,,,,,,,,,1.65,,2.07,2.41,2.05,1.3,,1.46,2.14,1.63,,,,,1.96,
LU1931974429,,,,9.43,,,,,,,,,,,3.11,,,,,2.46,2.43,2.74,,,,,2.2,2.08,,
LU1931974775,,,,,,,,,,,,,,,,,,,,,,,,,,3.44,,,,
LU1931975079,,,,,,,,,,,,,,,,,,,,,,,,,,,,,,
LU1931975152,,,,,,,,,,,,,,,,,,,,,,,,,,,,,,
LU1931975236,,,,,,,,,,,,,,,,,,,,,,,,,,,,,,
LU1931975319,,,,,,,,,,,,,,,,,,,,,,,,,,,,,,
LU1940199711,,,,5.89,,,,,,,,,,,,,4.04,4.66,3.99,2.52,2.52,,,,,,,2.11,,
LU1940199984,,,,5.89,,,,,,,,,,,,,4.04,4.66,3.99,2.52,2.52,,,,,,,2.11,,
LU1953136287,,,,,,,,,,,,,,,,,,,,,,,,,,,,,,
LU1953136527,,,,2.81,,,,,,,,,,,,,,,,,,,,,,,,,,
LU1953137681,,,,,,,,,,,,,,,,,,,,,,,,,,,,,,
LU1953188833,,,,,,,,,,,,,,,,,,,,,,,,,5.11,,,,,
LU1954152853,7.6,6.67,4.35,,,4.03,3.27,5.64,3.03,,3.3,,,,,4.11,,,,,,,,,,,,,,
LU1971906802,,,,10.39,,,,,,,,,,,5.68,,,,,3.91,4.53,4.4,,,,,3.73,3.4,,
LU1971906984,,,,10.39,,,,,,,,,,,5.68,,,,,3.91,4.53,4.4,,,,,3.73,3.4,,
LU1974693662,,,,,,,,,,,,,,,,,,,,,,,,,,,,,,
LU1974694041,,,,,,,,,,,,,,,,,,,,,,,,,,,,,,
LU1974694397,,,,,,,,,,,,,,,,,,,,,,,,,,,,,,
LU1974694470,,,,,,,,,,,,,,,,,,,,,,,,,,,,,,
LU1974694553,,,,,,,,,,,,,,,,,,,,,,,,,,,,,,
LU1974694637,,,,,,,,,,,,,,,,,,,,,,,,,,,,,,
LU1974695790,,,,,,,,,,,,,,,,,,,,,,,,,,,,,,
LU1974696095,,,,,,,,,,,,,,,,,,,,,,,,,,,,,,
LU1974696418,,,,,,,,,,,,,,,,,,,,,,,,,,,,,,
LU1981859819,,,,,,,,,,,,,,,,,,,,,,,,,,,,,,
LU1981860072,,,,,,,,,,,,,,,,,,,,,,,,,,,,,,
LU1981860239,,,,,,,,,,,,,,,,,,,,,,,,,,,,,,
LU1981860585,,,,,,,,,,,,,,,,,,,,,,,,,,,,,,
LU1981860668,,,,,,,,,,,,,,,,,,,,,,,,,,,,,,
LU1981860742,,,,,,,,,,,,,,,,,,,,,,,,,,,,,,
LU2008760592,,,,,,,,,,,,,,,,,,,,,,,,,,,,,,
LU2008761053,,,,,,,,,,,,,,,,,,,,,,,,,,,,,,
LU2008763935,,,,,,,,,,,,,,,,,,,,,,,,,,,,,,
LU2009147591,,,,,,,,,,,,,,,,,,,,,,,,,,,,,,
LU2009147757,7.53,6.6,4.3,,,3.62,3.25,2.02,2.59,2.78,1.84,,,1.92,,,,,,,,,,,,,,,,
LU2009202107,,,,,18.65,,,,,,,10.09,9.45,,,,,,,,,,,,,,,,,
LU2018762653,,,,,,,,,,,,,,,,,,,,,,,,,,,,,,
LU2018762901,,,,,,,,,,,,,,,,,,,,,,,,,,,,,,
LU2023678282,,,,,,,,3.21,,,,,,,,2.95,,,,,,,,,,,,,,
LU2023678449,,2.49,,,,,,,,,,,,,,,,,,,,,,,,,,,2.56,
LU2023678878,,,,,,,,,,,,,,,,3.73,,,,,,,,,,,,,,
LU2023679090,12.95,,,,,,,,,,13.34,,,,,,,,,,,,,,,,,,,
LU2037748345,,,,,2.33,,,,,,,,,,,,,,,,2.31,,,,,,,,,
LU2037748774,,,,,,,,,,,,,,,,,,,,,,,,,,,,,,
LU2037749152,,,,,,,,,,,,,,,,,,,,,,,,,,,,,,
LU2048727247,,,,,,,,,,,,,,,,,,,,,,,,,,,,,,
LU2050966394,,,,,18.65,,,,,,,10.09,9.45,,,,,,,,,,,,,,,,,
LU2059756325,,,,9.05,,,,,,,,,,,,,,,,4.96,4.97,,,,,,,4.16,,
LU2059756598,,,,5.94,,,,,,,,,,,,,4.96,,,,5.24,,,,,,,,,
LU2059756754,,,,,14.56,,,,,,,,,,,,,,,,,,,,,,,,,
LU2069380306,,,,,,,,,,,,,,,,,,,,,,,,,,,,,,
LU2082996112,,,,,,,,,,,,,,,,,,14.27,,,,8.88,,,,,,,,
LU2082996385,,,,,,,,,,,,,,,,,,,,,,,,,,,,,,
LU2082996542,,,,,,,,,,,,,,,,,,,,,,,,,,,,,,
LU2082997359,,,,,,,,,,,,,,,,,,,,,,,,,,,,,,
LU2082997516,,,,,,,,,,,,,,,,,15.37,,14.86,,,,14.58,,,,,,,
LU2082997789,,,,,,,,,,,,,,,,,,,,,,,,,,,,,,
LU2082997946,,,,,,,,,,,,,,,,,,,,20.33,,,,,,,,,,
LU2082998167,,,,,,,,,,,,,,,,,,,,,,,,28.56,,,,,,
LU2082998837,,,,32.0,,,,,,,,,,,,,,,,,,,,,,,14.03,,,
LU2082999058,,,,,,,,,,,,,,,,,,,,,,,,,,,,,,
LU2082999132,,,,,,,,,,,,,,,,,,,,,,,,,,,,,,
LU2082999215,,,,,,,,,,,,,,,,,,,,,,,,,,,,21.86,,
LU2082999306,,,,,,,,,,,,,,,,,,,,,,,,,,,,,,
LU2089238039,,,,5.01,,,,,,,,,,,1.65,,2.07,2.41,2.05,1.3,,1.46,2.14,1.63,,,,,1.96,
LU2089238112,,,,9.43,,,,,,,,,,,3.11,,,,,2.46,2.43,2.74,,,,,2.2,2.08,,
LU2089238385,,,,,,,,,,,,,,,,,,,,,,,,,,3.44,,,,
LU2089238625,,,,,,,,,,,,,,,,,,,,,,,,,,,,,,
LU2089238898,,,,,,,,,,,,,,,,,,,,,,,,,,,,,,
LU2089238971,,,,,,,,,,,,,,,,,,,,,,,,,,,,,,
LU2089239193,,,,,,,,,,,,,,,,,,,,,,,,,,,,,,
LU2089239276,,,,,,,,,,,,,,,,,,,,,,,,,,,,,,
LU2090062352,,,,,,,,,,,,,,,,,,,,,,,,,,,,,,
LU2090062436,,,,,,,,,,,,,,,11.84,,,,,9.15,,,,,,,8.11,,,
LU2090062600,,,,,,,,,,,,,,,,,,,,,,,,,,,,,,
LU2090062782,,,,,,,,,,,,,,,,,,,,,,,,,,,,,,
LU2090062865,,,,,,,,,,,,,,,,,,,,,,,,,,,,,,
LU2090062949,,,,,,,,,,,,,,,,,,,,,,,,,,,,,,
LU2090063160,,,,,,,,,,,,,,,,,,,,,,,,,,,,,,
LU2090063327,25.77,,,4.3,11.65,,,7.44,,10.81,,,5.81,,,5.33,,,,,,,,,,,,,,2.94
LU2090063673,,,,,,,,,,,,,,,,,,,,,,,,,,3.82,,,,
LU2095995895,,,,,,,,,,,,,,,,,,,,,,,,,,,,,,
LU2098179695,,,,,,,,,,,,,,,,,,,,,,,,,,,,,,
LU2098180271,,,,,,,,,,,,,,,,,,,,,,,,,,,,,,
LU2099288503,,,,,,,,,,,,,,,,,,,,,,,,,,,,,,
LU2099289147,,,,,,,,,,,,,,,,,,,,,,,,,,,,,,
LU2099295466,,,,,,,,,,,,,,,,,,,,,,,,,,,,,,
LU2099296274,,,,,,,,,,,,,,,,,,,,,,,,,,,,,,
LU2099991536,,,,,,,,,,,,,,,,,,,,,,,,,,,,,,
LU2099991882,,,,,,,,,,,,,,,,,,,,,,,,,,,,,,
LU2099992005,,,,,,,,,,,,,,,,,,,,,,,,,,,,,,
LU2099992187,,,,,,,,,,,,,,,,,,,,,,,,,,,,,,
LU2099992260,,,,,,,,,,,,,,,,,,,,,,,,,,,,,,
LU2109787049,,,,,15.05,,,,,,,8.2,7.59,,,,,,,,,,,,2.63,,,,,
LU2109787551,,,,,14.8,,,,,,,,7.39,,,,,,,,,,,,4.34,,,,,
LU2109787635,,,,8.68,,,,,,,,,,,,,,,,,5.16,,,,,,,,,
LU2130768844,,,,5.54,,,,,,,,,,,1.7,,2.34,2.34,2.33,1.49,1.93,,2.3,,,,,,,
LU2133056387,,,,,,,,,,,,,,,,,,,,,,,,,,3.82,,,,
LU2158769930,,,,,,,,,,,,,,,,,,,,,,,,,,,,,,
LU2178481649,,,,,,,,,,,,,,,,,,,,,,,,,,,,,,
LU2182388152,,,,,,,,,,,,,,,,,,,,,,,,,,,,,,
LU2182388236,,,,,,,,,,,,,,,,,,,,,,,,,,,,,,
LU2182388582,,,,9.91,,,,,,,,,,,3.36,,,,,3.11,3.37,2.44,,,,,2.47,2.14,,
LU2182388665,,,,,,,,,,,,,,,,,,,,,,,,,,,,,,
LU2182388749,,,,,,,,,,,,,,,,,,,,,,,,,,,,,,
LU2194286006,,,,,,,,,,,,,,,,,,,,,,,,,,,,,,
LU2194447293,,,,,,,,,,,,,,,,,,,,,,,,,,,,2.22,,
LU2194449075,,,,7.6,,,,,,,,,,,,,,,,,,,,,,2.31,1.94,,,
LU2195226068,,,,8.38,,,,,,,,,,,,,,,,,4.6,3.03,,,,,3.87,,,
LU2196472984,7.53,6.6,4.3,,,3.62,3.25,2.02,2.59,2.78,1.84,,,1.92,,,,,,,,,,,,,,,,
LU2197908721,7.6,6.67,4.35,,,4.03,3.27,5.64,3.03,,3.3,,,,,4.11,,,,,,,,,,,,,,
LU2206597804,,,,6.54,,,,,,,,,,,,,5.02,,,,5.29,,4.76,,,,4.06,,,
LU2206598109,,,,6.54,,,,,,,,,,,,,5.02,,,,5.29,,4.76,,,,4.06,,,
LU2233156582,,,,,,,,,,,,,,,,,,,,,,,,,,,,,,
LU2233156749,,,,,,,,,,,,,,,,,,,,,,,,,,8.99,,,,
LU2240851688,,,,9.88,,,,,,,,,,,3.3,,,,,2.52,2.52,2.78,,,,,2.31,2.11,,
LU2244386053,,,,,,,,,,,,,,,,,,,,,,,,,,,,,,
LU2244386137,,,,,,,,,,,,,,,,,,,,,,,,,,,,,,
LU2244387457,,,,,,,,,,,,,,,,,,,,,,,,,,,,,,
LU2244387887,,,,,,,,,,,,,,,,,,,,,,,,,,,,,,
LU2250132763,,,,,,,,,,,,,,,,,5.01,,,,,,4.76,,,,,,4.89,
LU2263803533,5.13,4.71,2.92,,,2.56,2.31,1.44,1.81,1.89,1.31,,,1.37,,,,,,,,,,,,,,,,
LU2265794276,,,,,,,,,,,,,,,,,,,,,,,,,9.18,,,,,
LU2265794789,,,,,,,,,,,,,,,,,,,,,,,,,9.18,,,,,
LU2265794946,,,,,,,,,,,,,,,,,,,,,,,,,9.18,,,,,
LU2269164310,,,,,,,,,,,,,,,,,,,,,,,,,,8.99,,,,
LU2277591868,,,,,14.93,,,,,,,8.32,7.45,,,,,,,,,,,,2.72,,,,,
LU2278080713,,,,,,,,,,,,,,,,,,,,,,,,,,,,,,
LU2296661775,,,,,,,,,,,,,,,,,,,,,,,,,,,,,,
LU2297533809,,,,,,,,,,,,,,,,,,,,,,,,,,,,,,
LU2300294316,,,,,,,,,,,,,,,,,,,,,,,,,,,,,,
LU2300294589,,,,,17.51,,,,,,,,,,,,,,,,,,,,,,,,,
LU2300294746,,,,,,,,,,,,,,,,,,,,,,,,,,3.86,,,,
LU2300295123,,,,,13.47,,,,,,,7.69,7.07,,,,,,,,,,,,2.55,,,,,
LU2314312849,,,,,,,,,,,,,,,,,,,,,,,,,14.05,,,,,
LU2314312922,,,,,,,,,,,,,,,,,,,,,,,,,14.05,,,,,
LU2343997487,,,,,,,,,,,,,,,,,,,,,,,,,14.24,,,,,
LU2345046655,,,,,18.5,,,,,,,,,,,,,,,,,,,,,,,,,
LU2346257210,,,,,,,,,,,,,,,,,,,,,,,,,,,,,,
LU2355200523,,,,,,,,,,,,,,,,,,,,,,,,,,,,,,
LU2355200796,,,,,,,,,,,,,,,,,,,,,,,,,,,,,,
LU2356220926,,,,,,,,,,,,,,,,,,,,,,,,,,,,,,
LU2365458145,,,,,,,,,,,,,,,,,,,,,,,,,,,,,,
LU2365458731,,,,,,,,,,,,,,,,,,,,,,,,,,,,,,
LU2365458814,,,,,,,,,,,,,,,,,,,,,,,,,,,,,,
LU2368674045,,,,,,,,,,,,,,,,,,,,,,,,,,,,,,
LU2368674631,,,,,,,,,,,,,,,,,,,,,,,,,,,,,,
LU2370241684,,,,,,,,,,,,,,,,,,,,,,,,,,,,,,
LU2382233182,,,,,,,,,,,,,,,,,,,,,,,,,,,,,,
LU2385068163,,,,,,,,,,,,,,,,,,,,,,,,,,,,,,
LU2385068593,,,,,,,,,,,,,,,,,,,,,,,,,,,,,,
LU2391437253,7.53,6.6,4.3,,,3.62,3.25,2.02,2.59,2.78,1.84,,,1.92,,,,,,,,,,,,,,,,
LU2402389261,,,,,,,,,,,,,,,,,,,,,,,,,,,,,,
LU2408467723,,,,,,,,,,,,,,,,,,,,,,,,,,,,,,
LU2408468291,,,,,,,,,,,,,,,,,,,,,,,,,,,,,,
LU2408468887,,,,,,,,,,,,,,,,,,,,,,,,,,,,,,
LU2439113387,,,,,,,,,,,,,,,,,,,,,,,,,,,,,,
LU2439119236,,,,,19.66,,,,,,,,,,,,,,,,,,,,4.48,,,,,
LU2439733507,,,,,,,,,,,,,,,,,,,,,,,,,,,,,,
LU2439734141,,,,,,,,,,,,,,,,,,,,,,,,,,,,,,
LU2439735890,,,,,,,,,,,,,,,,,,,,,,,,,,,,,,
LU2439874319,,,,,,,,,,,,,,,,,,,,,,,,,,,,,,
LU2446383254,,,,,,,,,,,,,,,,,,,,,,,,,,,,,,
LU2446383338,,,,,,,,,,,,,,,,,,,,,,,,,,,,,,
LU2462217071,,,,,,,,,,,,,,,,,,,,,,,,,,,,,,
LU2468423459,,,,,,,,,,,,,,,,,,,,,,,,,,,,,,
LU2469335298,,,,,,,,,,,,,,,,,,,,,,,,,,,,,,
LU2469335371,,,,,14.56,,,,,,,,,,,,,,,,,,,,,,,,,
LU2469335538,,,,,,,,,,,,,,,,,,,,,,,,,,,,,,
LU2469335611,,,,,,,,,,,,,,,,,,,,,,,,,,,,,,
LU2469335884,,,,,,,,,,,,,,,,,,,,,,,,,,,,,,
LU2469465822,,,,,,,,,,,,,,,,,,,,,,,,,,,,,,
LU2470620761,,,,,,,,,,,,,,,,,,,,,,,,,,,,,,
LU2470620845,,,,,,,,,,,,,,,,,,,,,,,,,,,,,,
LU2484583138,,,,,,,,,,,,,,,,,,,,,,,,,,,,,,
LU2484583302,,,,,,,,,,,,,,,,,,,,,,,,,,,,,,
LU2490201840,,,,,,,,,,,,,,,,,,,,,,,,,,3.86,,,,
LU2491210618,,,,,,,,,,,,,,,,,,,,,,,,,,,,,,
LU2491211004,,,,,,,,,,,,,,,,,,,,,,,,,,,,,,
LU2504532131,,,,,,,,,,,,,,,,,,,,,,,,,,,,,,
LU2504532487,,,,,,,,,,,,,,,,,,,,,,,,,,,,,,
LU2504537445,,,,,,,,,,,,,,,,,,,,,,,,,,,,,,
LU2523865991,,,,,,,,,,,,,,,,,,,,,,,,,,,,,,
LU2523866379,,,,,,,,,,,,,,,,,,,,,,,,,,,,,,
LU2533810276,,,,2.81,,,,,,,,,,,,,,,,,,,,,,,,,,
LU2533810789,,,,,,,,,,,,,,,,,,,,,,,,,,,,,,
LU2533810862,,,,,,,,,,,,,,,,,,,,,,,,,,,,,,
LU2533811910,,,,,,,,,,,,,,,,,,,,,,,,,,,,,,
LU2533812058,,,,,,,,,,,,,,,,,,,,,,,,,,,,,,
LU2533812728,,,,,,,,,,,,,,,,,,,,,,,,,,,,,,
LU2533812991,,,,,,,,,,,,,,,,,,,,,,,,,,,,,,
LU2533813023,,,,,,,,,,,,,,,,,,,,,,,,,,,,,,
LU2533813296,,,,,,,,,,,,,,,,,,,,,,,,,,,,2.22,,
LU2552296563,,,,,,,,,,,,,,,,,,,,,,,,,,,,,,
LU2555926372,,,,,,,,,,,,,,,,,,,,,,,,,,,,,,
LU2555926455,,,,,,,,,,,,,,,,,,,,,,,,,,,,,,
LU2564007743,,,,,,,,,,,,,,,,,,,,,,,,,,,,,,
LU2572256662,,,4.23,,,,4.05,,,,,,,,,,,,,,,,,,,,,,,
LU2572256746,,,,,,,,,,,,,,,,,,,,,,,,,,,,,,
LU2572257124,5.13,4.71,2.92,,,2.56,2.31,1.44,1.81,1.89,1.31,,,1.37,,,,,,,,,,,,,,,,
LU2572257397,,,,,,,,,,,,,,,,,,,,,,,,,,2.83,,,,
LU2572257470,,,,,,,,,,,,,,,,,,,,,,,,,,,,,,
LU2573966905,,,,,15.01,,,,,,,8.12,7.61,,,,,,,,,,,,2.72,,,,,
LU2573967036,,,,,15.01,,,,,,,8.12,7.61,,,,,,,,,,,,2.72,,,,,
LU2581375073,7.03,6.59,4.16,,,3.56,3.11,2.02,2.45,2.6,1.69,,,1.91,,,,,,,,,,,,,,,,
LU2581375156,,,,4.73,,,,,,,,,,,1.5,,1.97,2.15,1.95,,1.21,1.32,1.95,1.43,,,,,1.78,
LU2606055775,,,,,,,,,,,,,,,,,,,,,,,,,,,,,,
LU2606231335,,,,,,,,,,,,,,,,,,,,,,,,,,,,,,
LU2608817958,,,,6.63,,,,,,,,,,,2.21,,2.68,1.58,2.61,,1.68,,2.71,,,,,,2.45,
LU2611731667,,,,,,,,,,,,,,,,,,,,,,,,,,,,,,
LU2611731741,,,,,,,,,,,,,,,,,,,,10.68,,,,,,,,,,
LU2611731824,,,,,,,,,,,,,,,,,,,,,,,,,,,,,,
LU2611732046,,,,,,,,,,,,,,,11.84,,,,,9.15,,,,,,,8.11,,,
LU2611732129,,,,,,,,,,,,,,,9.12,,,,,7.06,,,,,,,7.44,,,
LU2611732475,,,,,,,,,,,,,,,,,,,,,,,,,,,,,,
LU2611732558,,,,,,,,,,,,,,,,,,,,,,,,,,,,,,
LU2611732632,,,,,,,,,,,,,,,,,9.93,,,,,,9.35,,,,,,9.88,
LU2611732806,,,,,,,,,,,,,,,,,,,,,,,,,,,,,,
LU2616774076,,,,,,,,,,,,,,,,,,,,,,,,,,,,,,
LU2616776444,,,,,,,,,,,,,,,,,,,,,,,,,,,,,,
LU2621112452,,,,,,,,,,,,,,,,,,,,,,,,,,,,,,
LU2641054122,,,,,,,,,,,,,,,,,,,,,,,,,,,,,,
LU2641054551,,,,,,,,,,,,,,,,,,,,,,,,,,,,,,
LU2641925016,5.83,,,3.09,,,,,,,1.76,,,,,1.52,1.24,,,,,,,,,1.37,,,,
LU2655993207,5.13,4.71,2.92,,,2.56,2.31,1.44,1.81,1.89,1.31,,,1.37,,,,,,,,,,,,,,,,
LU2662649412,,,,,,,,,,,,,,,,,,,,,,,,,,,,,,
LU2662649503,,,,,,,,,,,,,,,,,,,,,,,,,,,,,,
LU2662649685,,,,,,,,,,,,,,,,,,,,,,,,,,,,,,
LU2668197069,,,,,,,,,,,,,,,,,,,,,,,,,,3.86,,,,
LU2673523135,,,,,,,,,,,,,,,,,,,,,,,,,,,,,,
LU2673523218,,,,,,,,,,,,,,,,,,,,,,,,,,,,,,
LU2673523309,,,,,,,,,,,,,,,,,,,,,,,,,,,,,,
LU2673523481,,,,,,,,,,,,,,,,,,,,,,,,,,,,,,
LU2675291913,,,,,15.01,,,,,,,8.12,7.61,,,,,,,,,,,,2.72,,,,,
LU2678230652,,,,5.08,,,,,,,,,,,1.58,,2.33,2.45,2.09,1.52,,1.52,2.22,,,,,,,
LU2679277744,,,,,,,,,,,,,,,,,,,,,,,,,,,,,,
LU2697596745,,,,,,,,,,,,,,,,,,,,,,,,,,,,,,
LU2697596828,,,,,,,,,,,,,,,,,,,,,,,,,,,,,,
LU2697597552,,,,,,,,,,,,,,,,,,,,,,,,,,,,,,
LU2697597719,,,,,,,,,,,,,,,,,,,,,,,,,,,,,,
LU2742532745,,,,,,,,,,,,,,,,,,,,,,,,,,,,,,
LU2742532828,,,,,,,,,,,,,,,,,,,,,,,,,,,,,,
LU2742533552,,,,,,,,,,,,,,,,,,,,,,,,,,,,,,
LU2742533636,,,,,,,,,,,,,,,,,,,,,,,,,,,,,,
LU2777377875,,,,7.81,,,,,,,,,,,3.05,,3.24,9.92,3.21,,,,,,,,,,,
LU2780870932,,,,,,,,,,,,,,,,,,,,,,,,,,,,,,
LU2780871237,,,,,,,,,,,,,,,,,,,,,,,,,,,,,,
LU2780871310,,,,,,,,,,,,,,,,,,,,,,,,,,,,,,
LU2780871401,,,,,,,,,,,,,,,,,,,,,,,,,,,,,,
LU2780871666,,,,,,,,,,,,,,,,,,,,,,,,,,,,,,
LU2780871823,,,,,,,,,,,,,,,,,,,,,,,,,,,,,,
LU2780872128,,,,,,,,,,,,,,,,,,,,,,,,,,,,,,
LU2785470191,,,,,,,,,,,,,,,,,,,,,,,,,,,,,,
LU2788421340,,,,,,,,,,,,,,,,,,,,,,,,,,,,,,
LU2798197641,,,,,,,,,,,,,,,,,,,,,,,,,,,,,,
LU2800573128,,,,,,,,,,,,,,,,,,,,,,,,,,4.27,,,,
LU2807512947,,,,3.09,,,,,,,,,,,0.97,,1.17,1.32,1.14,,,,1.18,0.88,,0.86,,,1.08,
LU2823895250,,,,,,,,,,,,,,,,,,,,,,,,,,,,,,
LU2823895763,,,,,,,,,,,,,,,,,,,,,,,,,,,,,,
LU2823895847,,,,,,,,,,,,,,,,,,,,,,,,,,,,,,
LU2823896738,,,,,,,,,,,,,,,,,,,,,,,,,,,,,,
LU2823896811,,,,,,,,,,,,,,,,,,,,,,,,,,,,,,
LU2825556892,,,,,,,,,,,,,,,,,,,,,,,,,,,,,,
LU2868143954,,,,,,,,,,,,,,,,,,,,,,,,,,,,,,
LU2868144093,,,,,,,,,,,,,,,,,,,,,,,,,,,,,,
LU2872291278,,,,,,,,,,,,,,,,,,,,,,,,,,,,,,
LU2872291435,,,,,,,,,,,,,,,,,,,,,,,,,,,,,,
LU2872291781,,,,,,,,,,,,,,,,,,,,,,,,,,,,,,
LU2872291948,,,,,,,,,,,,,,,,,,,,,,,,,,,,,,
LU2872292086,,,,,,,,,,,,,,,,,,,,,,,,,,,,,,
LU2872292169,,,,,,,,,,,,,,,,,,,,,,,,,,,,,,
LU2872292243,,,,,,,,,,,,,,,,,,,,,,,,,,,,,,
LU2873560481,,,,5.08,,,,,,,,,,,1.58,,2.33,2.45,2.09,1.52,,1.52,2.22,,,,,,,
LU2873560564,,,,4.59,,,,,,,,,,,1.51,,1.95,2.16,1.9,,1.23,1.32,1.92,1.46,,,,,1.76,
LU2880762781,,,,,,,,,,,,,,,,,,,,,,,,,,,,,,
LU2880762948,,,,,,,,,,,,,,,,,,,,,,,,,,,,,,
LU2881684745,,,,5.34,,,,,,,,,,,2.68,,2.96,2.6,2.35,1.7,1.61,,2.17,,,,,1.95,,
LU2891727930,,,,,,,,,,,,,,,,,,,,,,,,,,,,,,
LU2891728078,,,,,,,,,,,,,,,,,,,,,,,,,,,,,,
LU2895488661,,,,,,,,,,,,,,,,,,,,,,,,,,,,,,
LU2898088419,,,,,,,,,,,,,,,,,,,,,,,,,,,,,,
LU2903252349,4.54,4.17,2.58,,1.83,2.26,2.04,1.28,1.6,1.67,,,,,,,,,,,,,,,,,,,,
LU2914157412,,,,,,,,,,,,,,,,,,,,,,,,,,3.82,,,,
LU2914558916,,,,,,,,,,,,,,,,,,,,,,,,,,,,,,
LU2924149862,,,,,,,,,,,,,,,,,,,,,,,,,,,,,,
LU2924150019,,,,,,,,,,,,,,,,,,,,,,,,,,,,,,
LU2924150282,,,,,,,,,,,,,,,,,,,,,,,,,,,,,,
LU2928641757,,,,,29.65,,,,,,,,,,,,,,,,,,,,,,,,,
LU2932780914,,,,8.38,,,,,,,,,,,,,,,,,4.6,3.03,,,,,3.87,,,
LU2941599081,,,,,,,,,,,,,,,,,,,,,,,,,,,,,,
LU2941599164,,,,,,,,,,,,,,,,,,,,,,,,,,,,,,
LU2941599248,,,,,,,,,,,,,,,,,,,,,,,,,,,,,,
LU2941599594,,,,,,,,,,,,,,,,,,,,,,,,,,,,,,
LU2941599834,,,,,,,,,,,,,,,,,,,,,,,,,,,,,,
LU2951555403,,,,,,,,,,,,,,,,,,,,,,,,,,,,,,
LU2951555585,,,,,,,,,,,,,,,,,,,,,,,,,,,,,,
LU2970735911,,,,,,,,,,,,,,,,,,,,,,,,,,,,,,
LU2976311444,,,,,,,,,,,,,,,,,,,,,,,,,,,,,,
LU2976312335,,,,,,,,,,,,,,,,,,,,,,,,,,,,,,
LU2976313655,,,,,,,,,,,,,,,,,,,,,,,,,,,,,,
LU2976313812,,,,,,,,,,,,,,,,,,,,,,,,,,,,,,
LU2976314208,,,,,,,,,,,,,,,,,,,,,,,,,,,,,,
LU2976314463,,,,,,,,,,,,,,,,,,,,,,,,,,,,,,
LU2976314620,,,,,,,,,,,,,,,,,,,,,,,,,,,,,,
LU2976315601,,,,,,,,,,,,,,,,,,,,,,,,,,,,,,
LU2976315866,,,,,,,,,,,,,,,,,,,,,,,,,,,,,,
LU2976318613,,,,,,,,,,,,,,,,,,,,,,,,,,,,,,
LU2976318886,,,,,,,,,,,,,,,,,,,,,,,,,,,,,,
LU2976319009,,,,,,,,,,,,,,,,,,,,,,,,,,,,,,
LU2976320437,,,,,,,,,,,,,,,,,,,,,,,,,,,,,,
LU2976320601,,,,,,,,,,,,,,,,,,,,,,,,,,,,,,
LU2976320866,,,,,,,,,,,,,,,,,,,,,,,,,,,,,,
LU2976321328,,,,,,,,,,,,,,,,,,,,,,,,,,,,,,
LU2977964027,,,,,,,,,,,,,,,,,,,,,,,,,,,,,,
LU2977996904,,,,,,,,,,,,,,,,,,,,,,,,,,,,,,
LU2977997118,,,,,,,,,,,,,,,,,,,,,,,,,,,,,,
LU2977997209,,,,,,,,,,,,,,,,,,,,,,,,,,,,,,
LU2977997381,,,,,,,,,,,,,,,,,,,,,,,,,,,,,,
LU2991918421,,,,,,,,,,,,,,,,,,,,,,,,,,,,,,0.26
LU2993390504,7.53,6.6,4.3,,,3.62,3.25,2.02,2.59,2.78,1.84,,,1.92,,,,,,,,,,,,,,,,
LU2993390686,7.53,6.6,4.3,,,3.62,3.25,2.02,2.59,2.78,1.84,,,1.92,,,,,,,,,,,,,,,,
LU2993390769,7.53,6.6,4.3,,,3.62,3.25,2.02,2.59,2.78,1.84,,,1.92,,,,,,,,,,,,,,,,
LU2993390843,7.53,6.6,4.3,,,3.62,3.25,2.02,2.59,2.78,1.84,,,1.92,,,,,,,,,,,,,,,,
LU2993392898,,,,,,,,,,,,,,,,,,,,,,,,,,,,,,
LU2993394241,,,,,,,,,,,,,,,,,,,,,,,,,,,,,,
LU2993397939,,,,,,,,,,,,,,,,,,,,,,,,,,,,,,
LU2993401392,,,,,,,,,,,,,,,,,,,,,,,,,,,,,,
LU2993402101,,,,,,,,,,,,,,,,,,,,,,,,,,,,,,
LU2994520851,,,,,,,,,,,,,,,,,,,,,,,,,,,,,,
LU2994520935,,,,,,,,,,,,,,,,,,,,,,,,,,,,,,
LU2994521073,,,,,,,,,,,,,,,,,,,,,,,,,,,,,,
LU2994521669,,,,,,,,,,,,,,,,,,,,,,,,,,,,,,
LU2996613266,,,,,,,,,,,,,,,,,,,,,,,,,,,,,,
LU2997383372,7.53,6.6,4.3,,,3.62,3.25,2.02,2.59,2.78,1.84,,,1.92,,,,,,,,,,,,,,,,
LU3003218016,,,,,,,,,,,,,,,,,,,,,,,,,,,,,,
LU3003218446,,,,,,,,,,,,,,,,,,,,,,,,,,,,,,
LU3019781460,,,,,,,,,,,,,,,,,,,,,,,,,,,,,,
LU3025345516,,,,,,,,,,,,,,,,,,,,,,,,,,,,,,
LU3025345789,,,,,,,,,,,,,,,,,,,,,,,,,,,,,,
LU3025346910,,,,,,,,,,,,,,,,,,,,,,,,,,,,,,
LU3028243122,,,,,,,,,,,,,,,,,,,,,,,,,,,,,,
LU3028243478,,,,,,,,,,,,,,,,,,,,,,,,,,,,,,
LU3028243981,,,,,,,,,,,,,,,,,,,,,,,,,,,,,,
LU3035799587,,,,,,,,,,,,,,,,,,,,,,,,,,,,,,
LU3038520774,,,,,,,,,,,,,,,,,,,,,,,,,,,,,,
LU3046359165,,,,,,,,,,,,,,,,,,,,,,,,,,,,,,
LU3046617984,,,,5.4,,,,,,,,,,,1.68,,2.03,2.3,2.0,1.27,,1.4,2.05,1.54,,,,,1.87,
LU3046618362,,,,,,,,,,,,,,,,,,,,,,,,,,,,,,
LU3046618446,,,,,,,,,,,,,,,,,,,,,,,,,,,,,,
LU3047998896,,,,,,,,,,,,,,,,,,,,,,,,,,,,,,
LU3047998979,,,,,,,,,,,,,,,,,,,,,,,,,,,,,,
LU3053349364,,,,,,,,,,,,,,,,,,,,,,,,,,,,,,
LU3053349448,,,,,,,,,,,,,,,,,,,,,,,,,,,,,,
LU3053350610,13.57,,7.73,,,,6.11,,4.8,,3.48,,,,,2.78,,,,,,,,,,,,,,
LU3053351261,,,,,,,,,,,,,,,,,,,,,,,,,,,,,,
LU3053352152,,,,,,,,,,,,,,,,,,,,,,,,,,,,,,
LU3065084744,,,,,,,,,,,,,,,,,,,,,,,,,,,,,,
LU3065087333,,,,,,,,,,,,,,,,,,,,,,,,,,,,,,
LU3065094974,,,,,,,,,,,,,,,,,,,,,,,,,,,,,,
LU3075459852,,,,,,,,,,,,,,,,,,,,,,,,,,,,,,
LU3078637314,,,,9.24,,,,,,,,,,,3.0,,,,,2.34,2.28,2.55,,,,,2.13,1.99,,
LU3078637405,5.13,4.71,2.92,,,2.56,2.31,1.44,1.81,1.89,1.31,,,1.37,,,,,,,,,,,,,,,,
LU3078637660,5.13,4.71,2.92,,,2.56,2.31,1.44,1.81,1.89,1.31,,,1.37,,,,,,,,,,,,,,,,
LU3079566835,,,,,,,,,,,,,,,,,,,,,,,,,,,,,,
LU3079566918,,,,,,,,,,,,,,,,,,,,,,,,,,,,,,
LU3079567056,,,,,,,,,,,,,,,,,,,,,,,,,,,,,,
LU3079567130,,,,,,,,,,,,,,,,,,,,,,,,,,,,,,
LU3086262709,,,,,,,,,,,,,,,,,,,,,,,,,,,,,,
LU3086264317,,,,,18.65,,,,,,,10.09,9.45,,,,,,,,,,,,,,,,,
LU3086265710,4.54,4.17,2.58,,1.83,2.26,2.04,1.28,1.6,1.67,,,,,,,,,,,,,,,,,,,,
LU3086267096,,,,,,,,,,,,,,,,,,,,,,,,,,,,,,
LU3086268227,,,,,,,,,,,,,,,,,,,,,,,,,,,,,,
LU3086268573,,,,5.4,,,,,,,,,,,1.68,,2.03,2.3,2.0,1.27,,1.4,2.05,1.54,,,,,1.87,
LU3086269894,,,,,,,,,,,,,,,,,,,,,,,,,,3.99,,,,
LU3086271106,5.13,4.71,2.92,,,2.56,2.31,1.44,1.81,1.89,1.31,,,1.37,,,,,,,,,,,,,,,,
LU3086271288,5.13,4.71,2.92,,,2.56,2.31,1.44,1.81,1.89,1.31,,,1.37,,,,,,,,,,,,,,,,
LU3086272419,,,,,,,,,,,,,,,,,,,,,,,,,,,,,,
LU3086273813,,,,,15.01,,,,,,,8.12,7.61,,,,,,,,,,,,2.72,,,,,
LU3086388124,,,,5.65,,,,,,,,,,,1.89,,2.29,2.68,2.22,1.44,1.43,1.59,2.32,1.82,,,,,,
LU3093383670,,,,,,,,,,,,,,,,,,,,,,,,,,,,,,
LU3098954871,,,,,,,,,,,,,,,,,,,,,,,,,,,,,,
LU3104524593,,,,,,,,,,,,,,,,,,,,,,,,,,,,,,
LU3116008346,,,,,,,,,,,,,,,,,,,,,,,,,,,,,,
LU3116008429,,,,,,,,,,,,,,,,,,,,,,,,,,,,,,
LU3116008692,,,,,,,,,,,,,,,,,,,,,,,,,,,,,,
LU3116008775,,,,,,,,,,,,,,,,,,,,,,,,,,,,,,
LU3119430067,,,,,,,,,,,,,,,,,,,,,,,,,,,,,,
LU3119430141,,,,,,,,,,,,,,,,,,,,,,,,,,,,,,
LU3119430224,,,,,,,,,,,,,,,,,,,,,,,,,,,,,,
LU3119430497,,,,,,,,,,,,,,,,,,,,,,,,,,,,,,
LU3119430570,,,,,,,,,,,,,,,,,,,,,,,,,,,,,,
LU3120976132,,,,,,,,,,,,,,,,,,,,,,,,,,,,,,
LU3121015138,,,,8.37,,,,,,,,,,,2.02,,,,,,,,,,,,,,,
LU3121015211,,,,,10.08,,,,,,,8.54,7.64,,,,,,,,,,,,,,,,,
LU3121015302,,,,,10.15,,,,,,,8.36,8.38,,,,,,,,,,,,,,,,,
LU3121015484,,,,,,,,,,,,,,,,,,,,,,,,,,,,,,
LU3121015567,,,,5.24,,,,,,,,,,,1.81,,2.34,2.5,2.17,,,1.71,2.37,1.61,,,,,1.75,
LU3121015641,,,,5.24,,,,,,,,,,,1.81,,2.34,2.5,2.17,,,1.71,2.37,1.61,,,,,1.75,
LU3138596492,,,,,,,,,,,,,,,,,,,,,,,,,,,,,,
LU3142893745,,,,,,,,,,,,,,,,,,,,,,,,,,,,,,
LU3146950038,,,,,,,,,,,,,,,,,,,,,,,,,,,,,,
LU3152892629,,,,,,,,,,,,,,,,,,,,,,,,,,,,,,
LU3168133059,,,,,,,,,,,,,,,,,,,,,,,,,,,,,,
LU3173209654,5.13,4.71,2.92,,,2.56,2.31,1.44,1.81,1.89,1.31,,,1.37,,,,,,,,,,,,,,,,
LU3178805456,,,,,,,,,,,,,,,,,,,,,,,,,,,,,,
LU3180074463,,,,9.64,,,,,,,,,,,,,,,,,3.91,,,,,,6.52,,,
LU3206575048,,,,,,,,,,,,,,,,,,,,,,,,,,,,,,
LU3206582846,5.13,4.71,2.92,,,2.56,2.31,1.44,1.81,1.89,1.31,,,1.37,,,,,,,,,,,,,,,,
LU3206582929,5.13,4.71,2.92,,,2.56,2.31,1.44,1.81,1.89,1.31,,,1.37,,,,,,,,,,,,,,,,
LU3206583067,,,,,,,,,,,,,,,11.84,,,,,9.15,,,,,,,8.11,,,
LU3206583901,,,,,,,,,,,,,,,,,,,,,,,,,,,,,,
LU3215527659,,,,2.93,,,,,,,,,,,0.94,,1.17,1.33,1.17,,,,1.21,0.88,,,,,1.1,
LU3215529275,,,,,,,,,,,,,,,,,,,,,,,,,,,,,,
LU3215530521,,,,,,,,,,,,,,,,,,,,,,,,,,,,,,
LU3215536486,,,,9.42,,,,,,,,,,,3.01,,,,,2.34,2.3,2.57,,,,,2.15,2.0,,
LU3215538003,,,,,,,,,,,,,,,,,,,,,,,,,,,,,,
LU3215539589,,,,,,,,,,,,,,,,,,,,,,,,,,,,,,
LU3231307524,,,,,,,,,,,,,,,,,,,,,,,,,,,,,,
LU3238224508,,,,,,,,,,,,,,,,,,,,,,,,,,,,,,
LU3243907741,4.54,4.17,2.58,,1.83,2.26,2.04,1.28,1.6,1.67,,,,,,,,,,,,,,,,,,,,
LU3243965608,,,,,,,,,,,,,,,,,,,,,,,,,,,,,,
LU3243965780,,,,,,,,,,,,,,,,,,,,,,,,,,,,,,
LU3250315499,,,,,,,,,,,,,,,,,,,,,,,,,,,,,,
LU3254330437,,,,,,,,,,,,,,,,,,,,,,,,,,,,,,
LU3254330601,,,,,,,,,,,,,,,,,,,,,,,,,,,,,,
LU3254343414,,,,,,,,,,,,,,,,,,,,,,,,,,,,,,
LU3254394912,,,,,,,,,,,,,,,,,,,,,,,,,,4.15,,,,
LU3254395307,,,,5.41,,,,,,,,,,,1.69,,2.04,2.32,2.0,1.28,,1.4,2.05,1.55,,,,,1.88,
LU3256186639,,,,2.93,,,,,,,,,,,0.94,,1.17,1.33,1.17,,,,1.21,0.88,,,,,1.1,
LU3257630437,,,,,15.01,,,,,,,8.12,7.61,,,,,,,,,,,,2.72,,,,,
LU3257630510,,,,,18.65,,,,,,,10.09,9.45,,,,,,,,,,,,,,,,,
LU3277835305,,,,,,,,,,,,,,,,,,,,,,,,,,,,,,
LU3281687312,,,,,,,,,,,,,,,,,,,,,,,,,,,,,,
LU3281687668,,,,,,,,,,,,,,,,,,,,,,,,,,,,,,
LU3281687825,,,,,,,,,,,,,,,,,,,,,,,,,,,,,,
LU3281688120,,,,,,,,,,,,,,,,,,,,,,,,,,,,,,
LU3281688476,,,,,,,,,,,,,,,,,,,,,,,,,,,,,,
LU3281688633,,,,,,,,,,,,,,,,,,,,,,,,,,,,,,
LU3281688807,,,,,,,,,,,,,,,,,,,,,,,,,,,,,,
LU3284391318,,,,,,,,,,,,,,,,,,,,,,,,,,,,,,
LU3299677271,,,,,,,,,,,,,,,,,,,,,,,,,,,,,,
LU3299677438,,,,,,,,,,,,,,,,,,,,,,,,,,,,,,
LU3299677511,,,,,,,,,,,,,,,,,,,,,,,,,,,,,,
LU3307214216,,,,2.97,,,,,,,,,,,0.95,,1.21,1.33,1.16,,,,1.22,,,0.88,,,1.1,
LU3307215619,,,,,,,,,,,,,,,,,,,,,,,,,,,,,,
LU3307215700,,,,,,,,,,,,,,,,,,,,,,,,,,,,,,
LU3307218399,,,,,,,,,,,,,,,,,,,,,,,,,,,,,,
LU3307219520,,,,,,,,,,,,,,,,,,,,,,,,,,,,,,
LU3307219793,,,,,,,,,,,,,,,,,,,,,,,,,,,,,,
LU3307220965,,,,,,,,,,,,,,,,,,,,,,,,,,,,,,
LU3307281595,,,,,,,,,,,,,,,,,,,,,,,,,,,,,,
LU3322521785,,,,,,,,,,,,,,,,,,,,,,,,,,,,,,
LU3322522080,,,,,,,,,,,,,,,,,,,,,,,,,,,,,,
LU3322522163,1.83,,,,1.85,,,,,1.87,,1.72,,,,2.17,,,,,,,,,,,,,,2.1
LU3322522247,,,,,,,,,,,,,,,,,,,,,,,,,,,,,,
LU3322522593,,,,,,,,,,,,,,,,,,,,,,,,,,,,,,
LU3332965949,7.03,6.59,4.16,,,3.56,3.11,2.02,2.45,2.6,1.69,,,1.91,,,,,,,,,,,,,,,,
LU3332966160,7.03,6.59,4.16,,,3.56,3.11,2.02,2.45,2.6,1.69,,,1.91,,,,,,,,,,,,,,,,
LU3334220699,,,,,,,,,,,,,,,,,,,,,,,,,,,,,,
LU3351069201,,,,2.97,,,,,,,,,,,0.95,,1.21,1.33,1.16,,,,1.22,,,0.88,,,1.1,
LU3359622902,,,,,,,,,,,,,,,,,,,,,,,,,,,,,,
LU3401048387,,,,,,,,,,,,,,,,,,,,,,,,,,,,,,
LU3401048460,,,,,,,,,,,,,,,,,,,,,,,,,,,,,,
LU3401048544,,,,,,,,,,,,,,,,,,,,,,,,,,,,,,
LU3402750635,,,,,,,,,,,,,,,,,,,,,,,,,,,,,,
NL0009272749,,,,15.63,,,,,,,,,,,,,,,,,,,,14.6,,,,,,
NL0009272764,,,,,,,,,,,,,,,,,,,,,,,,,,,,,,
NL0009272772,,,,,,,,,,,,,,,,,,,,,,,,,,,,,,
NL0009272780,,,,,,,,,,,,,,,,,,,,,,,,,,,,,,
NL0009690239,,,,,,,,,,,,,,,,,,,,,,,,,,,,,,
NL0009690247,,,,,,,,,,,,,,,,,,,,,,,,,,,,,,
NL0009690254,,,,,,,,,,,,,,,,,,,,,,,,,,,,,,
NL0010273801,,,,,,,,,,,,,,,,,,,,,,,,,,,,,,
NL0010408704,,,,,,,,1.05,,,,,0.97,,,1.06,,,,,,,,,,,,,,0.73
NL0010731816,,,,1.38,,,,,,,,,,,,,,,,,,,,,,,,,,
NL0011683594,,,,,,,,,,,,,,,,,,4.58,,2.85,,,,3.11,,,,,4.41,
SE0020541639,,,,,,,,,,,,,,,,,,,,,,,,,,,,,,
SE0020845709,,,,,,,,,,,,,,,,,,,,,,,,,,,,,,
SE0021149259,,,,,,,,,,,,,,,,,,,,,,,,,,,,,,
SE0021309754,,,,,,,,,,,,,,,,,,,,,,,,,,,,,,
SE0021486156,,,,,,,,,,,,,,,,,,,,,,,,,,,,,,
SE0023260716,,,,,,,,,,,,,,,,,,,,,,,,,,,,,,
SE0024417356,,,,,,,,,,,,,,,,,,,,,,,,,,,,,,
SE0024738389,,,,,,,,,,,,,,,,,,,,,,,,,,,,,,
SE0025159833,,,,,,,,,,,,,,,,,,,,,,,,,,,,,,
SE0026821282,,,,,,,,,,,,,,,,,,,,,,,,,,,,,,
SE0027598038,,,,,,,,,,,,,,,,,,,,,,,,,,,,,,
SE0027598202,,,,,,,,,,,,,,,,,,,,,,,,,,,,,,
SE0028425314,,,,,,,,,,,,,,,,,,,,,,,,,,,,,,
XS2115336336,,,,,,,,,,,,,,,,,,,,,,,,,,,,,,
XS2183935274,,,,,,,,,,,,,,,,,,,,,,,,,,,,,,
XS2183935605,,,,,,,,,,,,,,,,,,,,,,,,,,,,,,
XS2284324667,,,,,,,,,,,,,,,,,,,,,,,,,,,,,,
XS2335553801,,,,,,,,,,,,,,,,,,,,,,,,,,,,,,
XS2337090422,,,,,,,,,,,,,,,,,,,,,,,,,,,,,,
XS2337090851,,,,,,,,,,,,,,,,,,,,,,,,,,,,,,
XS2337092550,,,,,,,,,,,,,,,,,,,,,,,,,,,,,,
XS2353177293,,,,,,,,,,,,,,,,,,,,,,,,,,,,,,
XS2376095068,,,,,,,,,,,,,,,,,,,,,,,,,,,,,,
XS2399364152,,,,,,,,,,,,,,,,,,,,,,,,,,,,,,
XS2399364319,,,,,,,,,,,,,,,,,,,,,,,,,,,,,,
XS2399365043,,,,,,,,,,,,,,,,,,,,,,,,,,,,,,
XS2399367254,,,,,,,,,,,,,,,,,,,,,,,,,,,,,,
XS2399369110,,,,,,,,,,,,,,,,,,,,,,,,,,,,,,
XS2425842106,,,,,,,,,,,,,,,,,,,,,,,,,,,,,,
XS2425848053,,,,,,,,,,,,,,,,,,,,,,,,,,,,,,
XS2427354985,,,,,,,,,,,,,,,,,,,,,,,,,,,,,,
XS2427355958,7.53,6.6,4.3,,,3.62,3.25,2.02,2.59,2.78,1.84,,,1.92,,,,,,,,,,,,,,,,
XS2427362145,,,,10.41,,,,,,,,,,,4.68,,,,,3.57,3.73,4.02,,,,,3.07,3.11,,
XS2427363036,,,,,,,,,,,,,,,,,,,,,,,,,,,,,,
XS2427363895,,,,,,,,,,,,,,,,,,,,,,,,,,,,,,
XS2427474023,,,,,,,,,,,,,,,,,,,,,,,,,,,,,,
XS2434891219,,,,,,,,,,,,,,,,,,,,,,,,,,,,,,
XS2435550947,,,,,,,,,,,,,,,,,,,,,,,,,,,,,,
XS2437455608,,,,,,,,,,,,,,,,,,,,,,,,,,,,,,
XS2472333348,,,,,,,,,,,,,,,,,,,,,,,,,,,,,,
XS2531767502,,,,,,,,,,,,,,,,,,,,,,,,,,,,,,
XS2531767767,,,,,,,,,,,,,,,,,,,,,,,,,,,,,,
XS2575914176,,,,,,,,,,,,,,,,,,,,,,,,,,,,,,
XS2595672036,,,,,,,,,,,,,,,,,,,,,,,,,,,,,,
XS2595672549,,,,,,,,,,,,,,,,,,,,,,,,,,,,,,
XS2595673190,,,,,,,,,,,,,,,,,,,,,,,,,,,,,,
XS2617255760,,,,,,,,,,,,,,,,,,,,,,,,,,,,,,
XS2651539681,,,,,,,,,,,,,,,,,,,,,,,,,,,,,,
XS2656469561,,,,,,,,,,,,,,,,,,,,,,,,,,,,,,
XS2656472193,,,,,,,,,,,,,,,,,,,,,,,,,,,,,,
XS2663694680,,,,,,,,,,,,,,,,,,,,,,,,,,,,,,
XS2671672819,,,,,,,,,,,,,,,,,,,,,,,,,,,,,,
XS2734938835,,,,,,,,,,,,,,,,,,,,,,,,,,,,,,
XS2757381400,,,,,,,,,,,,,,,,,,,,,,,,,,,,,,
XS2779861082,,,,,,,,,,,,,,,,,,,,,,,,,,,,,,
XS2779861249,,,,,,,,,,,,,,,,,,,,,,,,,,,,,,
XS2792094604,,,,,,,,,,,,,,,,,,,,,,,,,,,,,,
XS2819843223,,,,,,,,,,,,,,,,,,,,,,,,,,,,,,
XS2819843736,,,,,,,,,,,,,,,,,,,,,,,,,,,,,,
XS2819843900,,,,,,,,,,,,,,,,,,,,,,,,,,,,,,
XS2819844387,,,,,,,,,,,,,,,,,,,,,,,,,,,,,,
XS2820604770,,,,,,,,,,,,,,,,,,,,,,,,,,,,,,
XS2842095320,,,,,,,,,,,,,,,,,,,,,,,,,,,,,,
XS2842095676,,,,,,,,,,,,,,,,,,,,,,,,,,,,,,
XS2842095759,,,,,,,,,,,,,,,,,,,,,,,,,,,,,,
XS2846982663,,,,,,,,,,,,,,,,,,,,,,,,,,,,,,
XS2852999429,,,,,,,,,,,,,,,,,,,,,,,,,,,,,,
XS2852999692,,,,,,,,,,,,,,,,,,,,,,,,,,,,,,
XS2852999775,,,,,,,,,,,,,,,,,,,,,,,,,,,,,,
XS2872232850,,,,,,,,,,,,,,,,,,,,,,,,,,,,,,
XS2872233403,,,,,,,,,,,,,,,,,,,,,,,,,,,,,,
XS2875105608,,,,,,,,,,,,,,,,,,,,,,,,,,,,,,
XS2875106242,,,,,,,,,,,,,,,,,,,,,,,,,,,,,,
XS2879867773,,,,,,,,,,,,,,,,,,,,,,,,,,,,,,
XS2892961827,,,,,,,,,,,,,,,,,,,,,,,,,,,,,,
XS2892962718,,,,,,,,,,,,,,,,,,,,,,,,,,,,,,
XS2892963286,,,,,,,,,,,,,,,,,,,,,,,,,,,,,,
XS2901884408,,,,,,,,,,,,,,,,,,,,,,,,,,,,,,
XS2901884663,,,,,,,,,,,,,,,,,,,,,,,,,,,,,,
XS2901885041,,,,,,,,,,,,,,,,,,,,,,,,,,,,,,
XS2901885553,,,,,,,,,,,,,,,,,,,,,,,,,,,,,,
XS2901886288,,,,,,,,,,,,,,,,,,,,,,,,,,,,,,
XS2901886445,,,,,,,,,,,,,,,,,,,,,,,,,,,,,,
XS2937253818,,,,,,,,,,,,,,,,,,,,,,,,,,,,,,
XS2940466316,,,,,,,,,,,,,,,,,,,,,,,,,,,,,,
XS2944874416,,,,,,,,,,,,,,,,,,,,,,,,,,,,,,
XS2944889109,,,,,,,,,,,,,,,,,,,,,,,,,,,,,,
XS2970736307,,,,,,,,,,,,,,,,,,,,,,,,,,,,,,
XS3003323741,,,,,,,,,,,,,,,,,,,,,,,,,,,,,,
XS3003324129,,,,,,,,,,,,,,,,,,,,,,,,,,,,,,
XS3003325795,7.6,6.67,4.35,,,4.03,3.27,5.64,3.03,,3.3,,,,,4.11,,,,,,,,,,,,,,
XS3005160091,,,,,,,,,,,,,,,,,,,,,,,,,,,,,,
XS3022291473,,,,,,,,,,,,,,,,,,,,,,,,,,,,,,
XS3037640110,,,,,,,,,,,,,,,,,,,,,,,,,,,,,,
XS3068761710,,,,,,,,,,,,,,,,,,,,,,,,,,,,,,
XS3068771271,,,,,,,,,,,,,,,,,,,,,,,,,,,,,,
XS3068774614,,,,,,,,,,,,,,,,,,,,,,,,,,,,,,
XS3068774887,,,,,,,,,,,,,,,,,,,,,,,,,,,,,,
XS3068775009,,,,,,,,,,,,,,,,,,,,,,,,,,,,,,
XS3068775264,,,,,,,,,,,,,,,,,,,,,,,,,,,,,,
XS3068775694,,,,,,,,,,,,,,,,,,,,,,,,,,,,,,
XS3068776312,,,,,,,,,,,,,,,,,,,,,,,,,,,,,,
XS3068789307,,,,,,,,,,,,,,,,,,,,,,,,,,,,,,
XS3069873134,,,,,,,,,,,,,,,,,,,,,,,,,,,,,,
XS3075487556,,,,,,,,,,,,,,,,,,,,,,,,,,,,,,
XS3087774306,,,,,,,,,,,,,,,,,,,,,,,,,,,,,,
XS3135031279,,,,,,,,,,,,,,,,,,,,,,,,,,,,,,
XS3151431957,7.53,6.6,4.3,,,3.62,3.25,2.02,2.59,2.78,1.84,,,1.92,,,,,,,,,,,,,,,,
XS3151433813,,,,,,,,,,,,,,,,,,,,,,,,,,,,,,
XS3218061631,,,,,,,,,,,,,,,,,,,,,,,,,,,,,,
XS3246964079,,,,,,,,,,,,,,,,,,,,,,,,,,,,,,
XS3246967098,,,,,,,,,,,,,,,,,,,,,,,,,,,,,,
XS3299465172,,,,,,,,,,,,,,,,,,,,,,,,,,,,,,
XS3299465412,,,,,,,,,,,,,,,,,,,,,,,,,,,,,,
XS3299465503,,,,,,,,,,,,,,,,,,,,,,,,,,,,,,
XS3299465768,,,,,,,,,,,,,,,,,,,,,,,,,,,,,,
XS3299466063,,,,,,,,,,,,,,,,,,,,,,,,,,,,,,
XS3299466147,,,,,,,,,,,,,,,,,,,,,,,,,,,,,,
XS3299466220,,,,,,,,,,,,,,,,,,,,,,,,,,,,,,
XS3299466493,,,,,,,,,,,,,,,,,,,,,,,,,,,,,,
XS3299466816,,,,,,,,,,,,,,,,,,,,,,,,,,,,,,
XS3299467897,,,,,,,,,,,,,,,,,,,,,,,,,,,,,,
XS3299468515,,,,,,,,,,,,,,,,,,,,,,,,,,,,,,
XS3299468788,,,,,,,,,,,,,,,,,,,,,,,,,,,,,,
XS3299468861,,,,,,,,,,,,,,,,,,,,,,,,,,,,,,
XS3299468945,,,,,,,,,,,,,,,,,,,,,,,,,,,,,,
XS3299469083,,,,,,,,,,,,,,,,,,,,,,,,,,,,,,
XS3299469166,,,,,,,,,,,,,,,,,,,,,,,,,,,,,,
XS3299469323,,,,,,,,,,,,,,,,,,,,,,,,,,,,,,
XS3299469679,,,,,,,,,,,,,,,,,,,,,,,,,,,,,,
XS3299469752,,,,,,,,,,,,,,,,,,,,,,,,,,,,,,
XS3299469919,,,,,,,,,,,,,,,,,,,,,,,,,,,,,,
XS3304269429,,,,,,,,,,,,,,,,,,,,,,,,,,,,,,
XS3306516876,,,,,,,,,,,,,,,,,,,,,,,,,,,,,,
XS3306517098,,,,,,,,,,,,,,,,,,,,,,,,,,,,,,
XS3306517338,,,,,,,,,,,,,,,,,,,,,,,,,,,,,,
XS3306517502,,,,,,,,,,,,,,,,,,,,,,,,,,,,,,
XS3306517924,,,,,,,,,,,,,,,,,,,,,,,,,,,,,,
XS3306518492,,,,,,,,,,,,,,,,,,,,,,,,,,,,,,
XS3306518658,,,,,,,,,,,,,,,,,,,,,,,,,,,,,,
XS3306519201,,,,,,,,,,,,,,,,,,,,,,,,,,,,,,
XS3332092090,,,,,,,,,,,,,,,,,,,,,,,,,,,,,,
XS3337099884,,,,,,,,,,,,,,,,,,,,,,,,,,,,,,
XS3337164027,,,,,,,,,,,,,,,,,,,,,,,,,,,,,,
XS3337171154,,,,,,,,,,,,,,,,,,,,,,,,,,,,,,
XS3337173440,,,,,,,,,,,,,,,,,,,,,,,,,,,,,,
XS3337192234,,,,,,,,,,,,,,,,,,,,,,,,,,,,,,
XS3337192408,,,,,,,,,,,,,,,,,,,,,,,,,,,,,,
XS3337205077,,,,,,,,,,,,,,,,,,,,,,,,,,,,,,
XS3337307741,,,,,,,,,,,,,,,,,,,,,,,,,,,,,,
XS3337373370,,,,,,,,,,,,,,,,,,,,,,,,,,,,,,
XS3337373701,,,,,,,,,,,,,,,,,,,,,,,,,,,,,,
XS3337373966,,,,,,,,,,,,,,,,,,,,,,,,,,,,,,
XS3337374261,,,,,,,,,,,,,,,,,,,,,,,,,,,,,,
XS3337374691,,,,,,,,,,,,,,,,,,,,,,,,,,,,,,
XS3337374774,,,,,,,,,,,,,,,,,,,,,,,,,,,,,,
XS3343238971,,,,,,,,,,,,,,,,,,,,,,,,,,,,,,
XS3384723154,,,,,,,,,,,,,,,,,,,,,,,,,,,,,,
XS3408767419,,,,,,,,,,,,,,,,,,,,,,,,,,,,,,
XS3430764525,,,,,,,,,,,,,,,,,,,,,,,,,,,,,,
XS3430765092,,,,,,,,,,,,,,,,,,,,,,,,,,,,,,
