isin,Basic Materials,Consumer Discretionary,Consumer Staples,Corporate,Energy,Financials,Government,Health Care,Industrials,Real Estate,Technology,Telecommunication,Utilities,Liquidity,Other
BG9000011163,,,,,,,,,,,,,,,
BGCROEX03189,,,,,,,,,,,,,,,
BGCZPX003174,,,,,,,,,,,,,,,
BGGRASE06174,,,,,,,,,,,,,,,
BGHUBUX01189,,,,,,,,,,,,,,,
BGMACMB06181,,,,,,,,,,,,,,,
BGPLWIG04173,,,,,,,,,,,,,,,
BGROBET05176,,,,,,,,,,,,,,,
BGSKSAX04187,,,,,,,,,,,,,,,
BGSLOBI02187,,,,,,,,,,,,,,,
BGSRBBE05183,,,,,,,,,,,,,,,
CH0445689208,,,,,,,,,,,,,,,
CH0454664001,,,,,,,,,,,,,,,
CH0454664027,,,,,,,,,,,,,,,
CH0454664043,,,,,,,,,,,,,,,
CH0475552201,,,,,,,,,,,,,,,
CH0475986318,,,,,,,,,,,,,,,
CH0491507486,,,,,,,,,,,,,,,
CH0496454155,,,,,,,,,,,,,,,
CH0496484640,,,,,,,,,,,,,,,
CH0558875933,,,,,,,,,,,,,,,
CH0568452707,,,,,,,,,,,,,,,
CH0587418630,,,,,,,,,,,,,,,
CH0593331561,,,,,,,,,,,,,,,
CH1100083471,,,,,,,,,,,,,,,
CH1102728750,,,,,,,,,,,,,,,
CH1109575535,,,,,,,,,,,,,,,
CH1113516871,,,,,,,,,,,,,,,
CH1114873776,,,,,,,,,,,,,,,
CH1129538448,,,,,,,,,,,,,,,
CH1130675676,,,,,,,,,,,,,,,
CH1135202088,,,,,,,,,,,,,,,
CH1135202096,,,,,,,,,,,,,,,
CH1135202120,,,,,,,,,,,,,,,
CH1135202161,,,,,,,,,,,,,,,
CH1135202179,,,,,,,,,,,,,,,
CH1146882308,,,,,,,,,,,,,,,
CH1146882316,,,,,,,,,,,,,,,
CH1162108893,,,,,,,,,,,,,,,
CH1184151731,,,,,,,,,,,,,,,
CH1199067674,,,,,,,,,,,,,,,
CH1209763130,,,,,,,,,,,,,,,
CH1210548892,,,,,,,,,,,,,,,
CH1218734544,,,,,,,,,,,,,,,
CH1263519394,,,,,,,,,,,,,,,
CH1297762812,,,,,,,,,,,,,,,
CH1315732250,,,,,,,,,,,,,,,
CH1315732268,,,,,,,,,,,,,,,
CH1327686056,,,,,,,,,,,,,,,
CH1381833420,,,,,,,,,,,,,,,
CH1385084384,,,,,,,,,,,,,,,
CH1390861214,,,,,,,,,,,,,,,
CH1390861222,,,,,,,,,,,,,,,
CH1390861297,,,,,,,,,,,,,,,
CH1390861305,,,,,,,,,,,,,,,
CH1390861313,,,,,,,,,,,,,,,
CH1396343266,,,,,,,,,,,,,,,
CH1396389921,,,,,,,,,,,,,,,
CH1396389939,,,,,,,,,,,,,,,
CH1431521033,,,,,,,,,,,,,,,
CH1453356367,,,,,,,,,,,,,,,
CH1464217285,,,,,,,,,,,,,,,
CH1468906669,,,,,,,,,,,,,,,
CH1471826029,,,,,,,,,,,,,,,
CH1505560610,,,,,,,,,,,,,,,
CH1506167035,,,,,,,,,,,,,,,
CH1521714696,,,,,,,,,,,,,,,
CH1528107811,,,,,,,,,,,,,,,
DE0002635273,10.2257,22.5018,3.286,,,21.7878,,,19.1992,4.2075,,,18.6979,0.0942,
DE0002635281,,7.546,3.8282,,5.2814,53.114,,2.9608,12.5231,,,5.9545,7.7343,1.0576,
DE0002635299,2.6623,13.6778,,,7.3662,59.6346,,,8.8428,2.8555,,1.7464,2.592,0.6223,
DE0002635307,5.463,6.6397,7.6564,,5.4601,25.7446,,12.3553,19.1378,1.0617,8.5716,2.805,4.5488,0.5561,
DE0005933923,15.7179,19.3158,,,,7.8849,,3.7495,30.1048,4.9268,12.0019,5.9582,,0.3402,
DE0005933931,4.3608,6.0638,1.0322,,,21.2398,,6.496,35.1157,0.8221,14.5873,5.992,4.2343,0.0561,
DE0005933949,,2.7445,5.3299,,9.759,19.2328,,21.4907,19.0239,,18.8467,,3.0676,0.5049,
DE0005933956,3.3949,9.3529,5.1304,,5.0185,28.0967,,5.3956,21.9169,,14.7564,2.2515,4.4465,0.2398,
DE0005933964,11.1927,4.4724,9.2842,,,25.6867,,34.305,11.5814,,1.1749,1.633,,0.6697,
DE0005933972,,,,,0.5172,,,24.6358,8.8546,,46.8342,18.9158,,0.2423,
DE0005933980,5.0404,6.2365,7.7157,,5.6308,26.7872,,13.538,18.1896,0.132,9.647,2.571,4.0216,0.4901,
DE0005933998,7.2108,8.8023,8.2101,,5.0118,20.5692,,6.8663,24.5699,5.0739,1.5965,3.3904,8.1693,0.5296,
DE0006289309,,,,,,99.5125,,,,,,,,0.4875,
DE0006289382,0.6396,11.9201,4.5244,,3.8331,8.5553,,11.9127,2.1542,,44.4562,11.7312,,0.2731,
DE0006289390,3.9229,10.2002,3.8772,,2.2857,27.1608,,13.9484,15.9937,,17.4621,5.0122,,0.1368,
DE0006289465,,,,99.5518,,,,,,,,,,0.4482,
DE0006289473,,,,99.914,,,,,,,,,,0.086,
DE0006289481,,,,99.9671,,,,,,,,,,0.033,
DE0006289499,,,,99.2596,,,,,,,,,,0.7404,
DE000A0D8Q07,4.2426,8.1195,4.8084,,4.4802,26.5462,,5.6866,20.6905,0.8582,14.4373,3.4274,6.3796,0.3235,
DE000A0D8Q23,9.1192,,,,12.9446,49.2641,,,14.4457,0.9874,4.5451,,6.093,2.601,
DE000A0D8Q31,,,,98.6712,,,,,,,,,,1.3288,
DE000A0D8Q49,6.0844,6.3441,13.5019,,9.5113,25.5684,,5.3536,1.8152,,3.8846,5.7336,21.8733,0.3297,
DE000A0D8QZ7,8.5086,8.0821,5.6649,,3.6764,20.8004,,5.8202,22.01,6.906,7.4328,5.5642,4.5617,0.9727,
DE000A0F5UE8,2.9929,32.2874,0.6636,,4.0234,27.6345,,6.0965,1.905,1.616,6.5071,15.4946,,0.7791,
DE000A0F5UF5,0.9808,11.1317,6.4889,,0.541,0.2402,,4.1209,3.6907,,57.9353,13.6482,1.1584,0.0639,
DE000A0F5UG3,5.8136,7.2584,4.5533,,1.6083,30.3273,,5.7651,26.2951,1.2463,5.446,1.4909,9.8086,0.3871,
DE000A0F5UH1,4.5481,9.1107,5.3065,,7.1555,44.1591,,1.969,8.9105,6.173,2.095,2.8396,7.1208,0.6121,
DE000A0F5UJ7,,,,,,99.2453,,,,,,,,0.7547,
DE000A0F5UK5,96.7542,,,,,,,,2.3007,,,,,0.945,
DE000A0H0728,,,,,,,,,,,,,,,
DE000A0H0744,15.7917,10.3551,4.5863,,5.2278,33.1777,,3.9936,7.2403,9.2271,1.6248,4.1447,4.2152,0.4158,
DE000A0H0785,,,,99.7914,,,,,,,,,,0.2086,
DE000A0H08D2,4.1221,17.2881,3.4573,,0.2828,3.17,,6.2035,17.4674,1.133,36.0618,10.5495,0.1438,0.1208,
DE000A0H08E0,87.6691,,5.5581,,,,,,6.0644,,,,,0.7084,
DE000A0H08F7,22.3425,,,,,,,,76.3527,,,,1.1785,0.1263,
DE000A0H08G5,,,,,,98.8554,,,0.5616,,,,,0.5831,
DE000A0H08H3,3.4121,,95.9892,,,,,,,,,,,0.5987,
DE000A0H08J9,1.1287,,,,0.5732,2.4769,,,94.6788,,0.8852,,,0.2571,
DE000A0H08K7,,,,,,99.6071,,,,,,,,0.3929,
DE000A0H08L5,,14.5835,,,4.4311,,,,,,,80.6827,,0.3027,
DE000A0H08M3,,,,,78.653,,,,18.5585,,,,1.8476,0.9409,
DE000A0H08N1,,49.1762,49.5587,,,,,,0.3953,,,0.5238,,0.346,
DE000A0H08P6,,89.2541,,,,,,,6.7433,,,,3.7393,0.2633,
DE000A0H08Q4,,8.3398,,,,,,,6.3209,,83.3859,1.7098,,0.2436,
DE000A0H08R2,,,,,,,,,0.8279,,19.1135,79.9716,,0.0869,
DE000A0H08S0,,68.2266,,,,,,,31.5258,,,,,0.2475,
DE000A0Q4R02,,,,,,,,,,,,,99.6181,0.3819,
DE000A0Q4R28,,99.7756,,,,,,,,,,,,0.2244,
DE000A0Q4R36,1.13,3.02,,,,0.29,,94.48,0.45,,,,,,0.63
DE000A0Q4R44,,,,,,,,,,96.1191,,3.0398,,0.841,
DE000A0Q4R69,3.5959,4.3862,0.8495,,,25.0599,,8.7316,28.9067,1.2923,16.5269,6.8201,3.6714,0.1595,
DE000A0Q4R85,13.8424,2.5566,4.8964,,17.0209,38.0827,,0.9437,8.0039,,,1.4893,11.1585,2.0055,
DE000A0Q4RZ9,,,,,,,99.9254,,,,,,,0.0746,
DE000A0S9GB0,,,,,,,,,,,,,,,
DE000A1E0HR8,,,,,,,,,,,,,,,
DE000A1E0HS6,,,,,,,,,,,,,,,
DE000A1EK0G3,,,,,,,,,,,,,,,
DE000A1EK0H1,,,,,,,,,,,,,,,
DE000A1EK0J7,,,,,,,,,,,,,,,
DE000A27Z304,,,,,,,,,,,,,,,
DE000A28M8D0,,,,,,,,,,,,,,,
DE000A2QP323,,,,,0.5172,,,24.6358,8.8546,,46.8342,18.9158,,0.2423,
DE000A2QP331,4.3608,6.0638,1.0322,,,21.2398,,6.496,35.1157,0.8221,14.5873,5.992,4.2343,0.0561,
DE000A2QP349,15.7179,19.3158,,,,7.8849,,3.7495,30.1048,4.9268,12.0019,5.9582,,0.3402,
DE000A2QP372,,,,,,99.5125,,,,,,,,0.4875,
DE000A2QP380,,7.546,3.8282,,5.2814,53.114,,2.9608,12.5231,,,5.9545,7.7343,1.0576,
DE000A2QP398,,8.3398,,,,,,,6.3209,,83.3859,1.7098,,0.2436,
DE000A2QP4A8,,99.7756,,,,,,,,,,,,0.2244,
DE000A2QP4B6,5.463,6.6397,7.6564,,5.4601,25.7446,,12.3553,19.1378,1.0617,8.5716,2.805,4.5488,0.5561,
DE000A2QP4C4,0.6396,11.9201,4.5244,,3.8331,8.5553,,11.9127,2.1542,,44.4562,11.7312,,0.2731,
DE000A2QP4D2,,,,99.9685,,,,,,,,,,0.0315,
DE000A2QP4F7,4.5481,9.1107,5.3065,,7.1555,44.1591,,1.969,8.9105,6.173,2.095,2.8396,7.1208,0.6121,
DE000A2T0VS9,,,,,,,,,,,,,,,
DE000A2T0VT7,,,,,,,,,,,,,,,
DE000A2T0VU5,,,,,,,,,,,,,,,
DE000A2T5DZ1,,,,,,,,,,,,,,,
DE000A2UDH48,,,,,,,,,,,,,,,
DE000A2UDH55,,,,,,,,,,,,,,,
DE000A2UDH63,,,,,,,,,,,,,,,
DE000A3G3ZD0,,,,,,,,,,,,,,,
DE000A3G3ZL3,,,,,,,,,,,,,,,
DE000A3G90G9,,,,,,,,,,,,,,,
DE000A3G9SE0,,,,,,,,,,,,,,,
DE000A3GK2N1,,,,,,,,,,,,,,,
DE000A3GMKD7,,,,,,,,,,,,,,,
DE000A3GN5J9,,,,,,,,,,,,,,,
DE000A3GPSP7,,,,,,,,,,,,,,,
DE000A3GSUC5,,,,,,,,,,,,,,,
DE000A3GSUD3,,,,,,,,,,,,,,,
DE000A3GSUE1,,,,,,,,,,,,,,,
DE000A3GTML1,,,,,,,,,,,,,,,
DE000A3GV1T7,,,,,,,,,,,,,,,
DE000A3GV1U5,,,,,,,,,,,,,,,
DE000A3GVKY4,,,,,,,,,,,,,,,
DE000A3GVKZ1,,,,,,,,,,,,,,,
DE000A3GWEU3,,,,,,,,,,,,,,,
DE000A3GWNE8,,,,,,,,,,,,,,,
DE000A3GXNT4,,,,,,,,,,,,,,,
DE000A3GXNV0,,,,,,,,,,,,,,,
DE000A3GYNB0,,,,,,,,,,,,,,,
DE000A41ZZJ4,,,,,,,,,,,,,,,
DE000A4231H9,,,,,,,,,,,,,,,
DE000A428XC1,,,,,,,,,,,,,,,
DE000A4A59D2,,,,,,,,,,,,,,,
DE000A4A5GV2,,,,,,,,,,,,,,,
DE000A4A5Z72,,,,,,,,,,,,,,,
DE000A4AER62,,,,,,,,,,,,,,,
DE000A4AJWU3,,,,,,,,,,,,,,,
DE000A4AKW34,,,,,,,,,,,,,,,
DE000A4AKZB4,,,,,,,,,,,,,,,
DE000A4APQX6,,,,,,,,,,,,,,,
DE000A4APRP0,,,,,,,,,,,,,,,
DE000A4ARTJ5,,,,,,,,,,,,,,,
DE000A4AT2X6,,,,,,,,,,,,,,,
DE000ETC0001,,,,,,,,,,,,,,,
DE000ETC0696,,,,,,,,,,,,,,,
DE000ETC0704,,,,,,,,,,,,,,,
DE000ETC0738,,,,,,,,,,,,,,,
DE000ETC0746,,,,,,,,,,,,,,,
DE000ETC0779,,,,,,,,,,,,,,,
DE000ETC0787,,,,,,,,,,,,,,,
DE000ETF7011,,,,,,,,,,,,,,,100.0
DE000ETF7029,,,,,,,,,,,,,,,100.0
DE000ETF7037,,,,,,,,,,,,,,,100.0
DE000ETF9033,10.2353,22.5228,3.289,,,21.8087,,,19.2172,4.2115,,,18.7155,,
DE000ETF9074,14.7711,19.4677,,,,9.9711,,4.7413,26.1481,6.2307,13.8589,4.8111,,,
DE000ETF9082,,,,,0.5197,,,24.6963,8.875,,46.9477,18.9614,,,
DE000ETF9090,8.5291,12.1207,,,,29.1065,,7.2387,13.6079,2.0562,14.175,7.5134,3.8414,,1.8111
DE000ETF9603,5.2282,7.6862,7.3262,,,29.8232,,13.4794,16.7316,,10.1245,3.2772,4.8252,,1.4982
DE000ETFL011,5.03,5.9,0.4,,,21.44,,6.48,36.75,,14.55,4.86,4.5,,0.1
DE000ETFL029,4.34,9.55,6.62,,4.45,26.69,,4.13,20.81,,16.2,1.87,4.88,,0.46
DE000ETFL037,,17.2,,,,8.67,,,34.26,,39.78,,,,0.18
DE000ETFL045,12.77,10.57,4.33,,,18.35,,19.68,16.15,,,,16.0,,2.15
DE000ETFL052,6.29,13.86,2.14,,,13.41,,9.7,25.21,,20.03,,7.88,,1.48
DE000ETFL060,5.03,5.9,0.4,,,21.44,,6.48,36.75,,14.55,4.86,4.5,,0.1
DE000ETFL078,,7.77,4.02,,7.21,54.47,,3.03,14.91,,,2.44,5.75,,0.4
DE000ETFL094,1.88,5.36,9.21,,3.06,12.03,,8.63,8.27,,48.97,0.87,1.42,,0.42
DE000ETFL110,,,,,,,94.8,,,,,,,,5.97
DE000ETFL128,,,,,,,95.95,,,,,,,,4.46
DE000ETFL136,,,,,,,71.68,,,,,,,,28.63
DE000ETFL144,,,,,,,83.69,,,,,,,,16.54
DE000ETFL151,,,,,,,72.4,,,,,,,,28.6
DE000ETFL169,,,,,,,92.62,,,,,,,,8.34
DE000ETFL177,,,,,,,86.13,,,,,,,,14.74
DE000ETFL185,,,,,,,78.03,,,,,,,,22.34
DE000ETFL193,,,,,,,81.98,,,,,,,,18.62
DE000ETFL201,,,,,,,79.96,,,,,,,,21.44
DE000ETFL219,,,,,,,99.96,,,,,,,,1.99
DE000ETFL227,,,,,,,82.93,,,,,,,,17.07
DE000ETFL235,8.38,23.24,,,,27.2,,10.48,27.11,,3.01,,,,0.59
DE000ETFL250,2.98,5.02,10.16,,6.5,22.62,,16.17,17.29,,13.45,1.23,4.35,,0.23
DE000ETFL268,2.42,5.71,8.83,,3.02,13.03,,8.85,9.52,,45.12,0.83,2.16,,0.51
DE000ETFL276,6.29,8.17,6.24,,2.75,20.26,,10.47,18.42,,18.21,0.58,7.39,,1.22
DE000ETFL284,5.92,5.98,8.95,,4.94,25.02,,12.67,17.95,,11.43,2.01,4.62,,0.51
DE000ETFL292,8.85,4.86,8.1,,4.25,26.49,,7.93,24.46,,4.21,4.07,4.96,,1.82
DE000ETFL300,5.5,9.79,7.04,,0.83,19.44,,5.22,18.84,,26.78,4.88,1.02,,0.66
DE000ETFL318,1.41,6.4,6.04,,,22.04,,9.36,15.27,,33.77,5.19,0.02,,0.5
DE000ETFL326,4.18,13.22,15.8,,3.66,21.81,,5.29,4.68,,29.14,0.26,1.25,,0.73
DE000ETFL342,4.45,4.24,4.9,,,25.35,,2.17,4.68,,48.62,3.64,1.42,,0.53
DE000ETFL359,,,,,,53.5,,,,,,,,,47.83
DE000ETFL375,1.65,7.53,4.68,,1.89,30.49,,4.41,4.76,,,1.85,3.34,,40.03
DE000ETFL383,4.31,8.19,6.28,,5.03,1.95,,6.03,5.38,,,9.65,18.45,,34.79
DE000ETFL433,7.98,8.81,0.63,,,,,9.64,38.53,,19.38,7.71,7.15,,0.19
DE000ETFL441,11.0,22.41,,,,13.01,,3.66,35.1,,11.53,2.84,,,0.46
DE000ETFL466,1.11,11.95,8.46,,,39.04,,5.29,12.23,,18.48,2.61,0.65,,0.18
DE000ETFL474,,4.49,1.72,,,52.56,,3.3,12.55,,23.84,1.37,,,0.18
DE000ETFL482,6.76,13.47,8.89,,11.9,,,5.73,25.41,,1.64,7.53,17.84,,0.84
DE000ETFL490,,,,,,,93.79,,,,,,,,6.21
DE000ETFL508,3.85,5.92,8.48,,3.67,17.46,,8.85,11.28,,36.23,1.28,2.54,,0.47
DE000ETFL524,,,,,,,65.29,,,,,,,,34.71
DE000ETFL532,3.34,8.55,8.11,,7.71,31.42,,3.24,14.2,,2.1,7.89,10.03,,3.89
DE000ETFL540,3.65,14.31,1.35,,,28.85,,9.05,20.57,,16.11,5.9,,,0.21
DE000ETFL557,3.55,8.56,7.2,,,24.8,,5.25,19.33,,15.94,2.27,12.53,,0.57
DE000ETFL565,4.0,6.84,6.63,,,24.54,,18.95,17.81,,10.99,1.95,7.72,,0.59
DE000ETFL573,0.07,10.04,7.2,,,17.16,,11.07,2.12,,51.3,0.96,0.07,,0.01
DE000ETFL581,1.46,9.37,6.68,,,19.55,,10.85,6.07,,42.96,1.49,1.41,,0.16
DE000ETFL599,2.24,6.4,3.74,,,29.08,,5.48,9.68,,0.65,7.0,10.51,,25.96
DE000ETFL607,8.62,3.87,0.82,,,1.12,,,42.73,,25.54,,17.24,,0.06
DE000ETFL615,3.47,,,,,35.48,,,1.1,,,3.55,10.16,,46.5
DE000ETFL623,1.04,6.15,11.15,,0.45,0.77,,3.56,3.6,,70.4,1.17,1.14,,0.61
DE000ETFL631,2.32,5.74,8.8,,2.94,13.19,,8.69,9.23,,45.89,0.79,2.2,,0.36
DE000ETFL649,5.67,20.62,4.97,,1.51,24.31,,2.99,6.36,,,3.39,1.5,,29.38
DE000ETFL656,22.45,0.12,11.92,,,,,0.75,40.32,,2.11,,21.83,,0.5
DE000ETFL664,0.45,,,,,,,,94.99,,3.49,0.64,,,0.43
DE000EWG0LD1,,,,,,,,,,,,,,,
DE000EWG2LD7,,,,,,,,,,,,,,,
DE000EWG4CR2,,,,,,,,,,,,,,,
DE000EWG4TR6,,,,,,,,,,,,,,,
DE000NXTA018,,,,,,,,,,,,,,,
DE000NXTA026,,,,,,,,,,,,,,,
DE000NXTA034,,,,,,,,,,,,,,,
DE000PB6GAS5,,,,,,,,,,,,,,,
DE000PB6R1B1,,,,,,,,,,,,,,,
DE000PB6R1G0,,,,,,,,,,,,,,,
DE000PB6R1W7,,,,,,,,,,,,,,,
DE000PB8C0P8,,,,,,,,,,,,,,,
DE000PB8R1C7,,,,,,,,,,,,,,,
DE000PB8R1M6,,,,,,,,,,,,,,,
DE000PR5RBU0,,,,,,,,,,,,,,,
DE000PR5RCU8,,,,,,,,,,,,,,,
DE000PR5RGU9,,,,,,,,,,,,,,,
DE000PR5RMU7,,,,,,,,,,,,,,,
DE000PR5RWU6,,,,,,,,,,,,,,,
DE000PS701L2,,,,,,,,,,,,,,,
DE000PS7G0L8,,,,,,,,,,,,,,,
DE000PS7WT17,,,,,,,,,,,,,,,
DE000PZ9REB6,,,,,,,,,,,,,,,
DE000PZ9REC4,,,,,,,,,,,,,,,
DE000PZ9REG5,,,,,,,,,,,,,,,
DE000PZ9REM3,,,,,,,,,,,,,,,
DE000PZ9REW2,,,,,,,,,,,,,,,
DE000TMG0LD6,,,,,,,,,,,,,,,
FR0007052782,6.998,12.1802,8.3925,,8.4116,14.7639,,8.0709,31.1325,,3.1127,,3.5118,,3.4259
FR0007054358,3.403,9.375,5.1427,,5.0305,28.1651,,5.4085,21.9691,,14.7918,,4.4572,,2.2569
FR0007056841,3.9309,10.2127,3.8802,,2.2875,27.199,,13.9697,16.017,,17.4818,5.0211,,,
FR0007075494,0.6429,11.9527,4.5361,,3.8402,8.5797,,11.9483,2.1605,,44.5779,11.7617,,,
FR0010010827,,9.5992,0.4602,,7.6529,51.8502,,1.1799,8.5859,,3.757,1.994,14.5027,,0.4181
FR0010150458,6.924,13.7034,9.3085,,,15.5043,,8.6687,32.7096,1.1557,4.1799,3.5291,4.3101,0.0067,
FR0010245514,5.413,14.6,4.9361,,,18.3728,,5.2724,25.8647,1.6271,15.5114,6.2597,,,2.1429
FR0010251744,1.33,10.79,0.28,,2.81,42.04,,0.57,18.35,,0.91,4.09,18.83,,
FR0010261198,5.3343,6.2231,8.2396,,5.0715,25.405,,12.9852,19.072,,9.1416,,4.677,,3.8508
FR0010315770,3.81,5.88,8.4,,3.63,17.29,0.61,8.76,11.12,,35.85,1.27,2.51,,0.88
FR0010342592,0.981,11.146,6.4933,,0.5408,,,4.1231,3.6907,,57.9695,13.6546,1.1627,,0.2383
FR0010361683,9.26,10.36,6.09,,8.6,31.9,0.03,6.29,11.69,,6.99,4.76,3.61,,0.43
FR0010375766,9.26,10.36,6.09,,8.6,31.9,0.03,6.29,11.69,,6.99,4.76,3.61,,0.43
FR0010377028,7.77,10.41,8.22,,0.8,19.11,,5.04,20.68,,22.33,4.36,1.29,,
FR0010405431,2.9204,7.2538,12.7849,,5.8043,52.7278,,,6.2888,0.4727,,3.2803,8.467,,
FR0010424135,3.403,9.375,5.1427,,5.0305,28.1642,,5.4085,21.9701,,14.7919,,4.4572,,2.2569
FR0010424143,3.403,9.375,5.1427,,5.0305,28.1642,,5.4085,21.9701,,14.7919,,4.4572,,2.2569
FR0010429068,6.2062,8.5724,2.798,,3.5034,19.6662,,2.7683,6.6441,,40.6238,6.3049,,,2.9126
FR0010435297,6.2062,8.5724,2.798,,3.5034,19.6662,,2.7683,6.6441,,40.6238,6.3049,,,2.9126
FR0010446146,,9.5986,0.4602,,7.6529,51.8502,,1.1809,8.5854,,3.757,1.994,14.5027,,0.4181
FR0010446658,,9.5986,0.4602,,7.6529,51.8502,,1.1809,8.5854,,3.757,1.994,14.5027,,0.4181
FR0010446666,,9.5986,0.4602,,7.6529,51.8502,,1.1809,8.5854,,3.757,1.994,14.5027,,0.4181
FR0010468983,3.403,9.375,5.1427,,5.0305,28.1642,,5.4085,21.9701,,14.7919,,4.4572,,2.2569
FR0010510800,,,,,,,,,,,,,,,
FR0010524777,11.15,0.16,0.18,,,,,,43.69,,11.54,,33.29,,
FR0010527275,,,,,,,,,70.6509,,1.8944,,27.4546,,
FR0010591362,6.999,12.1793,8.3927,,8.4116,14.7635,,8.0699,31.1332,,3.1136,,3.5113,,3.4259
FR0010655704,3.14,22.88,12.94,,,3.51,,7.45,41.74,,5.76,2.55,,,0.03
FR0010655712,4.3632,6.0674,1.0331,,,21.2515,,6.4994,35.1352,,14.5954,5.9954,4.2367,,0.8226
FR0010655746,1.4727,13.2337,,,2.9793,43.0684,,,13.2613,1.0481,1.0721,3.8375,19.1302,,0.8966
FR0010717090,0.51,5.65,6.31,,8.4,39.95,0.83,4.21,19.27,,0.41,3.06,9.55,,1.85
FR0010754200,,,,,,,100.0,,,,,,,,
FR0010755611,,9.3795,4.5279,,3.5546,12.0916,,9.6682,8.8708,,36.6915,9.5293,2.0292,,3.6574
FR0010756114,3.3465,8.9791,4.9474,,4.1039,15.469,,9.8567,10.5345,,30.6409,8.2854,,,3.8367
FR0010790980,2.97,5.01,10.14,,6.49,22.58,,16.14,17.26,,13.42,1.23,4.33,,0.43
FR0010821819,4.9923,3.4201,8.1621,,,24.6061,,26.482,22.1065,1.0223,,5.5162,3.6924,,
FR0010869495,4.3632,6.0676,1.0327,,,21.2516,,6.4996,35.1352,,14.5954,5.9954,4.2367,,0.8226
FR0010869578,,,,,,,,,,,,,,,
FR0010930644,27.2,2.76,,,,,,,42.06,,,,27.98,,
FR0011023621,,,,,,,,,,,,,,,
FR0011036268,,,,,,,,,,,,,,,
FR0011042753,,,,,,,,,,,,,,,
FR0011475078,5.413,14.6,4.9361,,,18.3728,,5.2724,25.8647,1.6271,15.5114,6.2597,,,2.1429
FR0011550177,1.7739,9.3978,4.6631,,3.3549,12.4713,,9.0981,8.6989,,36.5964,9.9065,2.1484,0.006,1.8845
FR0011550185,1.7739,9.3978,4.6631,,3.3549,12.4713,,9.0981,8.6989,,36.5964,9.9065,2.1484,0.006,1.8845
FR0011550193,5.4588,6.7992,8.1483,,5.3695,26.0189,,12.4184,19.0463,,8.148,2.8017,4.682,,1.1088
FR0011550672,5.4588,6.7992,8.1483,,5.3695,26.0189,,12.4184,19.0463,,8.148,2.8017,4.682,,1.1088
FR0011550680,1.7739,9.3978,4.6631,,3.3549,12.4713,,9.0981,8.6989,,36.5964,9.9065,2.1484,0.006,1.8845
FR0011660927,3.81,5.88,8.4,,3.63,17.29,0.61,8.76,11.12,,35.85,1.27,2.51,,0.88
FR0011669845,3.81,5.88,8.4,,3.63,17.29,0.61,8.76,11.12,,35.85,1.27,2.51,,0.88
FR0011720911,11.9491,4.3815,6.8127,,3.291,19.1509,,4.5336,14.3584,,30.3406,,3.3622,,1.82
FR0011758085,4.4335,21.1339,3.0686,,,18.1333,,3.1562,21.845,,17.1592,2.5637,7.9749,,0.5318
FR0011857234,11.34,22.91,,,,12.63,,3.49,34.99,,11.63,3.01,,,
FR0012399731,3.403,9.375,5.1427,,5.0305,28.1651,,5.4085,21.9691,,14.7918,,4.4572,,2.2569
FR0012399772,3.403,9.375,5.1427,,5.0305,28.1651,,5.4085,21.9691,,14.7918,,4.4572,,2.2569
FR0012399806,3.403,9.375,5.1427,,5.0305,28.1651,,5.4085,21.9691,,14.7918,,4.4572,,2.2569
FR0012739431,3.4687,9.5443,5.5072,,5.024,28.2353,,5.1605,21.9892,,14.0635,2.0923,4.6492,0.265,0.0009
FR0012740983,3.4687,9.5443,5.5072,,5.024,28.2353,,5.1605,21.9892,,14.0635,2.0923,4.6492,0.265,0.0009
FR0013041530,1.7739,9.3978,4.6631,,3.3549,12.4713,,9.0981,8.6989,,36.5964,9.9065,2.1484,0.006,1.8845
FR0013209921,5.4422,7.5293,3.8018,,3.9986,30.8974,,9.9755,17.8939,,11.5252,3.9591,,,4.9771
FR0013380607,6.998,12.1802,8.3925,,8.4116,14.7639,,8.0709,31.1325,,3.1127,,3.5118,,3.4259
FR0013416716,,,,,,,,,,,,,,,
FR0014002CH1,,,,,,,,,70.6509,,1.8944,,27.4546,,
FR0014002IH8,,,,,,,,,,,,,,,
FR0014003FW1,1.12,6.92,6.3,,,20.82,,8.33,7.36,,46.9,1.22,1.0,,0.03
FR0014003IY1,3.81,5.88,8.4,,3.63,17.29,0.61,8.76,11.12,,35.85,1.27,2.51,,0.88
FR0014003N93,3.81,5.88,8.4,,3.63,17.29,0.61,8.76,11.12,,35.85,1.27,2.51,,0.88
FR001400U5Q4,3.81,5.88,8.4,,3.63,17.29,0.61,8.76,11.12,,35.85,1.27,2.51,,0.88
FR001400YYJ0,3.91,5.82,8.6,,3.83,17.81,,8.64,11.33,,36.05,1.37,2.55,,0.09
FR0014010HV4,3.3965,8.8886,4.9739,,4.092,16.4354,,9.5168,11.3629,,29.3439,7.8734,,,4.1164
FR0014015ZN2,15.773,19.3806,,,,7.9116,,3.7622,30.2072,4.9437,12.043,5.9788,,,
FR0014017NX3,4.15,5.77,8.08,,3.61,17.81,,8.0,10.59,,37.59,1.36,2.41,,0.63
FR0014018VJ3,0.51,5.65,6.31,,8.4,39.95,0.83,4.21,19.27,,0.41,3.06,9.55,,1.85
GB00B00FHZ82,,,,,,,,,,,,,,,
GB00B15KXN58,,,,,,,,,,,,,,,
GB00B15KXQ89,,,,,,,,,,,,,,,
GB00B15KXT11,,,,,,,,,,,,,,,
GB00B15KXV33,,,,,,,,,,,,,,,
GB00B15KXW40,,,,,,,,,,,,,,,
GB00B15KXX56,,,,,,,,,,,,,,,
GB00B15KXY63,,,,,,,,,,,,,,,
GB00B15KY096,,,,,,,,,,,,,,,
GB00B15KY211,,,,,,,,,,,,,,,
GB00B15KY328,,,,,,,,,,,,,,,
GB00B15KY435,,,,,,,,,,,,,,,
GB00B15KY542,,,,,,,,,,,,,,,
GB00B15KY658,,,,,,,,,,,,,,,
GB00B15KY872,,,,,,,,,,,,,,,
GB00B15KY989,,,,,,,,,,,,,,,
GB00B15KYB02,,,,,,,,,,,,,,,
GB00B15KYC19,,,,,,,,,,,,,,,
GB00B15KYF40,,,,,,,,,,,,,,,
GB00B15KYG56,,,,,,,,,,,,,,,
GB00B15KYH63,,,,,,,,,,,,,,,
GB00B15KYJ87,,,,,,,,,,,,,,,
GB00B15KYL00,,,,,,,,,,,,,,,
GB00B5840F36,,,,,,,,,,,,,,,
GB00B684MW17,,,,,,,,,,,,,,,
GB00B68FL050,,,,,,,,,,,,,,,
GB00BJYDH287,,,,,,,,,,,,,,,
GB00BJYDH394,,,,,,,,,,,,,,,
GB00BLBDZV05,,,,,,,,,,,,,,,
GB00BLBDZW12,,,,,,,,,,,,,,,
GB00BLD4ZL17,,,,,,,,,,,,,,,
GB00BLD4ZM24,,,,,,,,,,,,,,,
GB00BLD4ZN31,,,,,,,,,,,,,,,
GB00BLD4ZP54,,,,,,,,,,,,,,,
GB00BM9JYH62,,,,,,,,,,,,,,,
GB00BM9JYJ86,,,,,,,,,,,,,,,
GB00BM9JYK91,,,,,,,,,,,,,,,
GB00BMTP1519,,,,,,,,,,,,,,,
GB00BMTP1626,,,,,,,,,,,,,,,
GB00BMTP1733,,,,,,,,,,,,,,,
GB00BMWB4803,,,,,,,,,,,,,,,
GB00BMWB4910,,,,,,,,,,,,,,,
GB00BMY36D37,,,,,,,,,,,,,,,
GB00BN474G19,,,,,,,,,,,,,,,
GB00BN6NHH92,,,,,,,,,,,,,,,
GB00BN7K9C82,,,,,,,,,,,,,,,
GB00BNGJ9G01,,,,,,,,,,,,,,,
GB00BNGJ9H18,,,,,,,,,,,,,,,
GB00BNGJ9J32,,,,,,,,,,,,,,,
GB00BNRRB013,,,,,,,,,,,,,,,
GB00BNRRF105,,,,,,,,,,,,,,,
GB00BNRRF659,,,,,,,,,,,,,,,
GB00BNRRF980,,,,,,,,,,,,,,,
GB00BNRRFW10,,,,,,,,,,,,,,,
GB00BNRRFY34,,,,,,,,,,,,,,,
GB00BNRRG624,,,,,,,,,,,,,,,
GB00BPDX1969,,,,,,,,,,,,,,,
GB00BQ991Q22,,,,,,,,,,,,,,,
GB00BRBMZ190,,,,,,,,,,,,,,,
GB00BRBV3124,,,,,,,,,,,,,,,
GB00BRXHQ425,,,,,,,,,,,,,,,
GB00BS2BDN04,,,,,,,,,,,,,,,
GB00BVBJQ593,,,,,,,,,,,,,,,
GB00BVBM1L91,,,,,,,,,,,,,,,
GB00BVLNRK36,,,,,,,,,,,,,,,
IE000004V778,,8.772,2.0137,,,14.6931,,11.5095,12.1595,5.402,35.6024,5.2606,2.6636,,1.9236
IE00000EF730,4.9033,6.0304,7.1889,,5.0758,25.0859,,12.8159,19.4036,0.6406,9.4602,3.8847,4.5634,0.9474,
IE000017NMH7,,,,,,,,,,,,,,,
IE00002QW7P5,1.65,12.8,6.83,,9.75,20.89,0.7,11.96,10.49,,3.94,7.61,7.96,,5.66
IE0000378O66,,,,,,,,,,,,,,,
IE00004OA765,1.65,12.8,6.83,,9.75,20.89,0.7,11.96,10.49,,3.94,7.61,7.96,,5.66
IE00004PGEY9,4.54,7.2,5.4,,3.14,26.24,,4.75,20.99,,17.18,3.0,6.87,,0.69
IE00004S2680,,,,,,,89.73,,,,,,,,10.27
IE00005YSIA4,5.29,10.93,6.18,,0.86,19.05,,5.62,17.74,,28.0,4.99,0.92,,0.43
IE0000902GT6,10.18,1.71,1.76,,2.51,8.04,,8.57,28.65,,20.98,2.96,2.89,,11.75
IE0000BH4WF5,5.33,9.32,10.08,,4.7,4.98,0.27,8.65,12.44,,2.65,6.93,10.61,,24.29
IE0000BNORX6,5.05,5.71,8.23,,4.13,22.88,,11.81,16.73,,11.15,2.19,5.21,,6.91
IE0000CRTTJ9,3.0627,8.6125,4.2102,,3.7699,17.1799,,9.9879,10.8644,,29.9154,7.8024,,,4.5947
IE0000DO92H7,,,,,,,,,,,,,,,
IE0000EAPBT6,3.71,8.54,12.17,,2.65,13.66,,13.62,12.15,,24.04,0.94,4.89,,3.63
IE0000FA5GB7,,,,,,,,,,,,,,,
IE0000FCGYF9,21.1,7.2,2.6,,1.4,9.8,,5.3,16.0,1.3,30.7,2.3,2.2,,
IE0000GXRR13,23.93,4.46,0.58,,,25.02,,25.82,1.02,,13.72,4.76,,,0.69
IE0000H445G8,,14.45,19.65,,,2.46,,22.09,7.68,,33.67,,,,
IE0000J0F3C5,2.43,1.27,2.11,,4.57,18.93,0.24,4.21,3.58,,2.77,3.12,7.62,,49.16
IE0000KA1ZX3,2.04,4.04,5.05,,2.13,31.57,0.11,4.59,7.08,,1.45,3.28,5.7,,32.97
IE0000LTAD82,,,,,,,,,,,,,,,
IE0000LVTJ08,1.7245,8.0672,4.3878,,,13.6073,,9.3672,9.3279,2.4571,38.4182,9.5374,3.0802,0.0249,0.0002
IE0000MK7GG1,,,,,,6.91,77.92,,1.07,,,,,,14.11
IE0000MR4GH9,4.19,4.85,5.2,,4.96,18.92,0.42,6.14,9.7,,2.3,3.4,5.5,,34.85
IE0000N55FP4,8.4846,11.1225,3.5242,,5.202,15.8282,,7.1142,26.3403,8.2445,7.0672,4.5512,2.1079,0.4132,
IE0000P0RPE6,1.5447,7.3264,6.8459,,5.9226,14.0975,,9.6137,10.483,1.1316,26.5646,9.6639,4.358,2.448,
IE0000PJLVN3,,,,,,,99.9572,,,,,,,0.0428,
IE0000QLH0G6,3.85,8.95,4.77,,4.07,17.11,,8.3,10.5,1.68,30.47,7.54,2.47,0.29,
IE0000T4S954,,,,,,,,,,,,,,,
IE0000TZZ2B2,5.4,9.3,6.6,,3.9,15.8,,12.4,16.9,5.8,14.2,3.5,6.3,,
IE0000U24AJ9,,2.5785,,,,10.1142,,20.9981,9.7987,6.8491,42.6383,4.8644,2.1587,,
IE0000UJ3480,2.18,7.07,5.52,,4.04,30.71,0.66,8.2,6.35,,8.62,2.02,6.31,,18.79
IE0000UW95D6,3.9,6.18,8.2,,3.58,17.67,,8.84,10.62,,35.87,1.31,2.66,,1.17
IE0000VITHT2,2.18,7.07,5.52,,4.04,30.71,0.66,8.2,6.35,,8.62,2.02,6.31,,18.79
IE0000VKUF67,1.78,4.07,4.29,,,33.08,,10.9,11.42,,2.54,7.23,3.79,,20.9
IE0000VX9GN7,2.0304,4.8776,5.0855,,2.8241,13.5654,,11.5007,8.9425,2.2783,35.3402,11.7929,,0.3668,1.3957
IE0000XTDDA8,,2.63,4.03,,,1.44,,0.39,5.67,,84.66,,,,1.18
IE0000ZL1RD2,,,,,,,,,1.25,,98.69,,,,0.07
IE0000ZVYDH0,1.9147,8.2241,,,,16.2601,,11.1153,12.0197,6.1404,34.9317,4.674,2.8537,,1.8662
IE000128BSS1,,,,,,,63.46,,,,,,,,36.54
IE000130VPV5,1.7245,8.0672,4.3878,,,13.6073,,9.3672,9.3279,2.4571,38.4182,9.5374,3.0802,0.0249,0.0002
IE00013A2XD6,3.6815,9.5899,5.4338,,,17.9134,,8.9684,12.0958,1.7963,31.3989,7.183,1.6014,0.3376,
IE00016PSX47,3.5979,8.5273,5.6095,,,16.5658,,9.7381,11.1281,1.8944,30.8455,10.6933,,,1.4001
IE0001858L90,,,,,,,,,,,,,,,
IE00018LB0D8,,0.06,,,,99.87,,,,,,,0.06,0.01,
IE00018U4PN8,,,,,,,,,,,,,,,
IE000191HKF0,,,,,,,99.7301,,,,,,,0.2699,
IE00019EG7X4,1.78,6.52,4.77,,3.25,22.91,0.44,5.21,4.83,,8.04,2.84,3.52,,36.15
IE0001A541Y3,5.29,10.93,6.18,,0.86,19.05,,5.62,17.74,,28.0,4.99,0.92,,0.43
IE0001ARVVZ9,2.1706,9.6074,5.5243,,4.1776,14.7478,,11.5085,10.6348,2.2092,29.2108,7.5434,2.4808,0.1849,
IE0001AXQAS6,1.56,5.44,5.85,,4.37,55.5,,5.53,7.41,,11.42,0.9,1.77,,0.25
IE0001DKJVC2,,4.9425,9.7827,,3.8691,13.9695,,15.2522,6.9285,,25.3314,10.2496,7.1041,,2.5703
IE0001DM7O60,3.63,10.63,3.42,,,30.07,,13.2,2.17,,7.93,4.12,2.74,,22.09
IE0001FQFU60,,4.4994,,,3.1326,22.793,,10.1885,13.3465,3.0207,25.3849,8.4839,4.2218,,4.9286
IE0001GSQ2O9,3.0627,8.6125,4.2102,,3.7699,17.1799,,9.9879,10.8644,,29.9154,7.8024,,,4.5947
IE0001J5A2T9,36.63,,4.12,,,,,,54.33,,,,4.92,,
IE0001JABD69,4.12,6.09,7.87,,3.58,18.22,,8.06,10.08,,37.6,1.47,2.51,,0.4
IE0001JH5CB4,3.8089,9.3899,9.3415,,0.4188,25.3391,,15.434,12.7016,1.7372,10.9048,3.2626,2.285,,5.3766
IE0001KK9B39,2.94,0.68,1.87,,,2.2,,,87.44,,3.81,,0.49,,0.58
IE0001KPAXU3,2.36,7.78,3.57,,2.77,31.29,,4.84,6.78,,1.58,4.97,6.64,,27.42
IE0001O84583,8.56,11.58,4.38,,3.8,21.43,,13.98,17.37,,14.5,1.09,2.16,,1.16
IE0001O9L5K4,3.43,5.41,5.19,,1.81,17.38,0.04,6.37,9.36,,35.75,1.26,1.41,,12.59
IE0001PY6688,3.08,3.79,5.09,,,22.66,,4.09,7.7,,4.1,5.93,5.68,,37.89
IE0001QF56M0,12.17,4.53,9.42,,2.09,13.86,,5.57,15.04,,34.58,,2.19,,0.55
IE0001R850E1,8.46,8.33,6.68,,2.18,35.39,,3.24,27.27,,8.3,,,,0.15
IE0001T0BHM5,6.1,3.9,9.57,,9.36,10.15,,7.88,11.98,,11.59,2.54,11.01,,15.94
IE0001UQQ933,6.46,5.85,6.14,,4.79,21.7,,7.5,11.4,,29.13,3.63,2.77,,0.67
IE0001VDDL68,7.34,15.68,3.44,,2.91,14.55,,7.4,12.17,,4.16,6.51,1.91,,23.93
IE0001VXZTV7,7.24,5.71,7.19,,,25.27,0.01,4.18,5.79,,38.05,2.54,0.97,,3.06
IE0001W4ZVM2,2.26,4.61,8.52,,2.69,13.52,,9.42,7.92,,49.14,0.28,1.42,,0.34
IE0001XIQ4D9,2.34,8.67,6.76,,4.98,39.98,,7.99,7.45,,10.88,3.15,4.8,,3.0
IE0001YGXFO5,2.7333,9.6286,5.0776,,3.0701,15.3663,,10.5865,10.9374,1.8396,30.2561,8.4855,1.6272,0.3917,
IE0001ZFMLN7,1.04,6.15,11.15,,0.45,0.77,,3.56,3.6,,70.4,1.17,1.14,,0.61
IE00020C1NS6,7.34,15.68,3.44,,2.91,14.55,,7.4,12.17,,4.16,6.51,1.91,,23.93
IE00020O1MD6,4.3987,10.5175,4.3401,,4.3442,17.0086,,8.2443,12.6305,2.5131,26.7701,6.6729,2.5599,,
IE00021E4FE3,3.17,6.92,7.3,,,45.2,,3.19,7.6,,1.07,2.46,4.51,,18.58
IE00022GJEG1,,,,,,,,,,,,,,,
IE00022VXYM7,3.1,4.11,4.75,,1.12,16.77,,1.91,5.68,,60.36,1.03,1.17,,
IE00023EZQ82,,10.6416,,,,,,,0.0297,,44.2108,44.9712,,0.1467,
IE000245C884,2.54,7.5,8.15,,3.63,15.85,,10.89,8.72,,37.12,3.0,1.6,,1.01
IE00025DKLQ3,2.34,8.67,6.76,,4.98,39.98,,7.99,7.45,,10.88,3.15,4.8,,3.0
IE000264WWY0,4.62,7.65,7.14,,4.51,37.46,0.17,5.81,9.83,,2.17,4.73,5.19,,10.76
IE00026BEVM6,3.35,0.56,0.79,,0.05,1.33,,,89.66,,4.05,,0.19,,
IE00028H9QJ8,0.61,6.99,,,0.55,38.91,,,8.24,,1.64,3.45,31.45,,8.16
IE0002A3VE77,,,,,,,,,,,,,,,
IE0002DDYPW4,2.6713,9.677,5.1994,,3.3635,17.6494,,10.6898,13.1663,,28.42,7.4996,0.6186,1.0674,-0.0223
IE0002EKOXU6,3.6764,10.5999,7.2613,,6.1446,18.9484,,13.11,11.2326,3.5069,18.2596,3.2678,3.5998,0.3925,
IE0002FCUS29,3.459,8.6147,4.581,,3.7679,18.428,,8.5434,10.6935,1.5535,30.1445,7.5409,2.2272,0.4462,
IE0002FPYN09,,,,,,,,,,,,,,,
IE0002G3KSC2,,3.33,3.49,,0.72,29.17,4.98,1.33,3.34,,2.19,2.01,3.09,,46.35
IE0002H3JQ66,1.95,4.82,4.66,,4.28,33.8,0.02,4.98,5.79,,6.23,2.49,6.14,,24.84
IE0002HWPU75,0.53,4.73,14.28,,21.02,42.42,,3.58,8.64,,,1.43,2.87,,0.5
IE0002L5QB31,,,,,,,,,,,,,,,
IE0002LI4M98,17.0931,3.1211,5.3475,,9.1003,35.4784,,4.0977,5.443,3.1969,0.9566,10.1336,6.0318,,
IE0002LUYGW0,2.6,9.1,4.4,,4.2,13.3,,9.1,8.8,1.7,35.6,9.0,2.1,,
IE0002OP0LA0,6.94,12.06,3.02,,0.41,6.88,,3.17,10.71,,3.52,8.12,1.81,,43.37
IE0002PG6CA6,91.76,,,,,,,,2.21,,,,1.36,,4.67
IE0002PPCMH6,,,,,,,,,,,,,,,
IE0002RPS3K2,2.47,0.49,,,,,,,91.16,,5.64,,,,0.24
IE0002SCQ8X0,1.3615,10.5253,1.0392,,0.1631,22.8834,,9.5611,22.7823,4.964,20.2761,6.0143,0.1018,0.328,
IE0002THYAT9,6.22,6.83,6.12,,4.39,23.03,,10.08,17.49,,18.23,2.05,4.14,,1.43
IE0002U1PIC8,,,,,,,,,,,,,,,
IE0002UMVXQ1,,3.29,4.88,,,22.07,,12.74,4.31,,51.44,0.46,0.57,,0.25
IE0002VEN3U3,3.81,5.88,8.4,,3.63,17.29,0.61,8.76,11.12,,35.85,1.27,2.51,,0.88
IE0002VU15G5,4.57,5.03,8.27,,,17.78,,11.19,5.68,,44.55,1.31,0.79,,0.83
IE0002VV7CV3,,2.58,1.28,,3.73,37.49,,1.62,4.38,,0.25,2.47,8.27,,37.93
IE0002W8NB38,2.46,5.66,9.04,,3.13,13.37,,9.14,9.7,,44.24,0.9,2.25,,0.12
IE0002XFS025,4.96,5.78,6.18,,7.33,28.92,,11.32,7.82,,21.67,1.74,3.57,,0.71
IE0002Y8CX98,,,,,,,,,91.77,,2.71,0.61,,,4.91
IE0002YHUWS3,,,,,,,,,,,,,,,
IE0002Z12PN9,,,,,,,,,,,,,,,
IE00032L0R44,1.87,1.59,2.13,,4.79,7.52,0.18,2.49,2.47,,4.56,1.71,1.48,,69.31
IE00032YLFR3,1.0607,11.0269,4.3131,,2.4708,14.8309,,10.9082,8.9683,0.0322,35.9408,9.5051,,0.934,0.0091
IE00034XRBU1,3.28,6.32,6.54,,7.03,23.16,,9.35,5.46,,9.24,4.7,4.9,,20.02
IE00035F1RO6,,,,,,,,,,,,,,,
IE00036F4K40,,,1.3148,,,,,98.0503,0.4952,,,,,,0.1397
IE000389GTC0,,,,,,0.03,77.96,,,,,,,,22.01
IE0003A512E4,,11.0,3.54,,,5.01,,2.67,17.76,,54.98,,,,5.04
IE0003B4BV34,0.07,3.71,5.47,,0.59,5.04,,5.23,2.28,,76.96,,0.05,,0.6
IE0003B6RHN4,5.29,10.93,6.18,,0.86,19.05,,5.62,17.74,,28.0,4.99,0.92,,0.43
IE0003B9KF87,,,,,,,,,,,,,,,
IE0003BJ2JS4,8.42,,,,39.95,,,,33.8,,1.21,,5.17,,11.46
IE0003CEOZG5,0.44,0.51,0.29,,2.24,12.68,13.36,0.89,2.59,,0.42,0.55,2.28,,63.76
IE0003HUCA83,,,,,,0.16,71.91,,,,,,,,27.93
IE0003HV7CS6,10.2,17.88,5.27,,0.6,16.72,2.49,6.03,17.83,,3.15,10.95,6.21,,4.55
IE0003JSNHV9,2.15,4.83,6.56,,,24.15,,11.78,7.77,,38.02,1.19,1.73,,1.82
IE0003KQ8JX1,2.07,5.59,3.22,,1.53,4.61,,8.0,10.78,,60.6,,,,3.62
IE0003L6OAY1,,,,,,,,,,,,,,,
IE0003LGI4Z6,2.7,4.84,5.71,,6.09,32.59,1.78,6.3,6.21,,6.55,3.43,8.63,,15.5
IE0003MKK4H3,,,,,,,84.93,,,,,,,,15.07
IE0003OZJ573,,,,,,,,,,,,,,,
IE0003R87OG3,,,,,,,,,,,,,,,
IE0003RA2ZR3,6.43,6.13,14.68,,8.3,28.13,,10.9,8.89,2.3,4.79,6.44,2.53,0.49,
IE0003RQ9F90,1.04,6.14,11.11,,0.45,0.77,,3.54,3.59,,68.76,1.16,1.13,,2.31
IE0003UH9270,5.08,11.63,7.46,,6.17,15.08,,12.46,14.25,,8.27,2.56,2.44,,14.6
IE0003UN5CT1,6.39,3.99,6.52,,,27.91,,16.82,17.02,,13.44,2.06,5.38,,0.47
IE0003UVYC20,4.86,5.19,10.4,,1.32,15.18,,14.28,9.45,,22.55,7.88,7.49,,1.4
IE0003VC1PW8,3.06,6.53,6.0,,2.41,23.42,,2.84,7.27,,45.29,1.4,1.3,,0.5
IE0003WEWAX4,0.49,4.01,1.76,,,,,88.24,1.65,,3.85,,,,
IE0003XI1PW0,,,,,,,,,,,,,,,
IE0003XJA0J9,3.5794,8.9003,4.7439,,3.9896,16.7551,,8.6261,10.659,,30.8915,7.9446,,,3.9104
IE0003XW12I8,,,,,,,,,,,,,,,
IE0003Z9E2Y3,92.87,,,,4.83,,,,0.67,,,,,,1.63
IE0003ZXNJY5,84.1325,3.7094,,,,,,,,11.4111,,,,0.7471,
IE00041H4WT9,,,,,,,,,,,,,,,
IE00042EX8S2,,,,,,,,,,,,,,,
IE00043CMIN7,,,,,,99.7296,,,,,,,,0.2704,
IE00043L4HU0,,,,,,,98.9609,,,,,,,1.0391,
IE00043ZI3D8,,,,,,,,,,,,,,,
IE000472H9T4,1.04,6.15,11.15,,0.45,0.77,,3.56,3.6,,70.4,1.17,1.14,,0.61
IE00048C5NZ0,1.67,0.94,1.6,,3.77,29.12,0.04,2.94,3.09,,1.63,1.44,6.65,,47.11
IE00048UULY2,1.78,4.07,4.29,,,33.08,,10.9,11.42,,2.54,7.23,3.79,,20.9
IE0004993469,4.1,6.57,9.07,,3.69,18.31,,12.7,16.42,,23.3,1.44,3.72,,0.68
IE00049BN7O1,2.6,5.5,8.43,,2.56,11.51,,8.62,8.69,,48.97,1.12,1.91,,0.09
IE00049LEBV0,2.72,9.78,7.21,,4.1,20.56,0.41,3.06,6.05,,12.48,2.42,5.35,,26.11
IE00049TNTV6,0.8,0.9,0.36,,1.95,11.2,16.51,0.67,1.12,,0.28,1.14,3.62,,61.45
IE0004CIQ1O4,3.5979,8.5273,5.6095,,,16.5658,,9.7381,11.1281,1.8944,30.8455,10.6933,,,1.4001
IE0004D7VJE6,,,,,,,,,,,,,,,
IE0004GONJX4,,,,,,,,,,,,,,,
IE0004HBJKG0,3.3108,8.7762,4.4888,,3.7476,17.9271,,8.3951,10.5579,,30.0335,8.0137,2.2866,0.7276,1.735
IE0004HE5624,,,,,,,,,,,,,,,
IE0004HMINW0,,,,,,,,,,,,,,,
IE0004I037N4,8.09,5.57,7.23,,4.27,23.76,,3.01,6.5,,36.05,2.7,2.83,,
IE0004IR5U82,1.57,1.06,,,,38.38,36.38,,2.47,,1.31,2.28,8.07,,8.5
IE0004J37T45,2.0304,4.8776,5.0855,,2.8241,13.5654,,11.5007,8.9425,2.2783,35.3402,11.7929,,0.3668,1.3957
IE0004J6PFL7,,,,,,,99.9421,,,,,,,0.0579,
IE0004L7EQG2,,,,,,,,,,,,,,,
IE0004L9EID2,,,,,,4.7697,,,,,,,,0.2353,94.9951
IE0004LCA3I5,,,,,,,99.9155,,,,,,,0.0845,
IE0004MXQ328,0.2,5.62,6.08,,3.92,32.86,,4.79,4.14,,7.95,4.29,4.81,,25.34
IE0004OXDQN6,1.893,9.0284,5.5294,,2.6639,12.2463,,10.1303,8.9384,1.6826,36.5029,9.0663,2.0426,0.2759,
IE0004OYBZA6,,,,,,,99.8174,,,,,,,0.1826,
IE0004QLESG4,97.59,,,,1.53,,,,0.13,,,,,,0.75
IE0004QWOTD5,9.95,8.8,5.52,,2.12,45.95,,7.18,5.47,,2.71,5.46,6.84,,
IE0004TFW0R5,2.0709,8.7903,5.4161,,,12.6247,,9.6094,9.0985,1.7139,38.0872,12.1459,,,0.443
IE0004TYCC17,12.41,15.55,1.12,,5.43,12.19,,3.58,7.46,,6.27,3.85,2.4,,29.74
IE0004U3TX15,,,,,,2.75,,,0.19,,96.84,0.11,,,0.11
IE0004W4ZVJ5,,,,,,,100.0,,,,,,,,
IE0004X8KUG5,,,,,,,,,,,,,,,
IE0004YCLDW1,5.4631,6.675,7.6876,,5.4623,25.7996,,12.3534,19.1483,1.0598,8.582,2.8169,4.5587,0.3933,
IE0004YRJHW4,15.09,3.38,3.83,,10.39,51.03,,,9.23,,5.34,0.81,0.62,,0.28
IE0004ZJGWT9,5.2628,5.7911,5.797,,,29.4487,,14.2996,19.1169,0.7588,13.6663,4.3718,1.4123,,0.0748
IE0005042456,8.1811,4.3819,13.2341,,10.9121,28.0368,,11.7085,13.9329,1.1836,1.0012,1.9783,4.3697,1.0799,
IE00050J4789,4.3782,10.1953,3.5269,,4.2514,16.0729,,14.0074,18.677,6.6769,16.7294,2.7681,,0.0221,2.6943
IE000512B9Q8,3.81,5.88,8.4,,3.63,17.29,0.61,8.76,11.12,,35.85,1.27,2.51,,0.88
IE000519M2U5,,,,,,,,,,,,,,,
IE00052LHEF4,2.23,4.34,4.85,,,23.44,,8.9,10.08,,41.4,0.94,3.43,,0.39
IE00052T92P8,,,,,,,,,,,,,100.0,,
IE00053HJRU7,,,,,,,,,,,,,,,
IE00053WDH64,28.13,2.65,,,1.38,,,,42.23,,19.88,,5.74,-0.01,
IE000544AJM3,92.64,,,,,,,,6.46,,,,,,0.9
IE00055OM853,,,,,,,99.8686,,,,,,,0.1314,
IE00056AT4A2,,,,,,,99.9572,,,,,,,0.0428,
IE000578J297,,,,,,,99.9421,,,,,,,0.0579,
IE000589MF42,,,,,,,99.8776,,,,,,,0.1224,
IE00058B19U6,1.5088,8.2146,4.1731,,,12.8617,,11.0652,7.5906,1.9047,42.1761,9.9123,,,0.593
IE00058MW3M8,2.1291,4.7929,5.1217,,,13.4216,,12.2242,8.813,2.235,36.7098,11.3287,,,3.224
IE00059GZ051,17.2892,29.8277,1.3725,,0.0433,,,,33.1229,0.0589,4.1936,,14.0919,,
IE0005AJA0P1,9.01,6.56,7.14,,6.1,33.17,,3.55,18.04,,5.77,1.95,8.15,,0.56
IE0005B8WVT6,47.74,0.35,49.81,,,,,,1.92,,,,,,0.18
IE0005CH3U28,2.07,5.59,3.22,,1.53,4.61,,8.0,10.78,,60.6,,,,3.62
IE0005E8B9S4,,7.9397,1.276,,0.5291,4.8681,,5.9179,8.0626,0.4319,54.3089,16.1295,,,0.5364
IE0005E8N9I1,3.89,6.8,4.07,,,29.64,,11.97,5.25,,5.69,4.32,3.67,,24.7
IE0005F2R613,2.36,7.78,3.57,,2.77,31.29,,4.84,6.78,,1.58,4.97,6.64,,27.42
IE0005HG1US8,3.43,6.85,5.12,,3.17,49.01,,4.83,8.12,,2.56,3.35,5.84,,7.74
IE0005HNE843,,,,,,,,,,,,,,,
IE0005KF09R2,1.77,6.27,7.4,,,17.69,,16.22,9.33,2.17,26.64,10.93,1.32,0.25,
IE0005KLWSI2,0.9838,11.1445,6.4913,,0.5392,,,4.1228,3.6902,,57.9693,13.6608,1.1608,,0.2373
IE0005KNCL90,3.2,3.95,5.74,,6.24,35.08,,4.35,6.39,,6.42,5.19,7.75,,15.69
IE0005KVDHL8,,,,,,11.39,,,1.57,,,,,,87.04
IE0005MWBFR7,3.9,6.18,8.2,,3.58,17.67,,8.84,10.62,,35.87,1.31,2.66,,1.17
IE0005NMTKY4,,,,,,7.11,59.73,,,,,,,,33.16
IE0005NYD352,0.78,0.05,99.17,,,,,,,,,,,,
IE0005POVJH8,3.3856,8.8945,4.9689,,4.0968,16.4662,,9.5186,11.38,1.6664,29.3063,7.8737,2.441,,
IE0005QL4147,0.28,6.06,4.3,,,55.81,2.34,6.44,4.42,,9.05,1.33,0.18,,12.3
IE0005RKXDO7,,,,,,,,,,,,,,,
IE0005TF96I9,,,,,,,,100.0,,,,,,,
IE0005YI2492,,,,,,,,,,,,,,,
IE0005YK6564,3.19,,,,74.82,,12.47,,7.24,,,,0.7,,1.62
IE00060Z4AE1,,,,,,,,,,,,,,,
IE000611IJM3,,,,,,,,,,,,,,,
IE00061J0RC6,,100.0,,,,,,,,,,,,,
IE000629MKR4,3.8666,7.6689,5.228,,,18.9612,,9.5348,11.3435,2.2201,28.7945,8.5199,3.7316,0.0435,0.0873
IE00063GNWK1,2.44,8.58,6.31,,1.92,12.08,,10.3,9.76,,46.18,1.2,0.99,,0.25
IE00063SATO1,4.57,5.03,8.27,,,17.78,,11.19,5.68,,44.55,1.31,0.79,,0.83
IE00063T9YS5,,,,,,,,,,,,,,,
IE00064KQDB3,1.67,0.94,1.6,,3.77,29.12,0.04,2.94,3.09,,1.63,1.44,6.65,,47.11
IE00064N5UY4,,,,,,,,,,,,,,,100.0
IE00064TWYK9,5.05,5.71,8.23,,4.13,22.88,,11.81,16.73,,11.15,2.19,5.21,,6.91
IE000650M1V4,6.72,9.76,5.52,,5.61,21.03,0.05,10.74,16.69,,16.71,0.53,5.94,,0.71
IE00066KZ5B5,,,,,,0.31,87.22,,,,,,,,12.47
IE00066L6LB9,,,,,,,,,,,,,,,
IE00067X7JX0,3.9,16.17,7.2,,3.83,28.8,,8.35,18.47,,5.67,1.95,5.67,,
IE00069H3LK0,9.05,9.32,5.04,,4.9,24.85,,6.7,24.98,,8.14,1.57,1.92,,3.53
IE00069JGT58,,3.29,4.88,,,22.07,,12.74,4.31,,51.44,0.46,0.57,,0.25
IE00069MGEE1,,,,,,,,,,,,,,,
IE00069Q7MY9,,,,,,,,,,,,,,,
IE0006B9CPY7,2.94,8.89,0.63,,7.2,15.02,,2.6,16.47,,5.63,1.97,2.46,,36.19
IE0006BDZN36,,,,,,,,,,,,,,,
IE0006BISQN7,,,,,,,,,,,,,,,
IE0006CHRED6,0.44,0.61,0.79,,0.92,12.34,45.63,0.81,4.59,,0.61,0.51,1.62,,31.15
IE0006CJGQR9,0.85,5.98,10.7,,0.3,1.14,,3.89,2.58,,68.99,1.08,1.02,,3.47
IE0006D3PGW3,8.81,3.69,4.69,,4.59,24.31,,2.33,5.65,,39.36,3.46,3.12,,
IE0006FAD976,2.3,6.29,8.56,,3.71,13.63,,9.84,9.6,,41.94,1.57,2.46,,0.11
IE0006FBEDB6,7.32,7.01,6.88,,4.88,29.01,,8.52,15.15,,13.7,2.63,4.14,,0.76
IE0006FIW9Z0,0.85,5.98,10.7,,0.3,1.14,,3.89,2.58,,68.99,1.08,1.02,,3.47
IE0006FM6MI8,,0.33,1.41,,,,,98.26,,,,,,,
IE0006GNB732,5.46,10.01,2.56,,0.22,12.59,1.0,2.03,12.12,,2.21,12.18,3.39,,36.23
IE0006GUEKQ7,,4.02,11.37,,,21.11,,15.22,3.1,,45.18,,,,
IE0006HIE7H2,,,,,,,,,,,,,,,
IE0006HMLPV6,,3.29,4.88,,,22.07,,12.74,4.31,,51.44,0.46,0.57,,0.25
IE0006IP4XZ8,,9.2788,3.5012,,2.6918,12.2637,,10.1498,8.6381,2.1877,37.3304,9.8193,,,4.1392
IE0006K7DEL9,1.02,1.34,1.42,,,50.18,,,2.9,,,1.7,19.56,,21.88
IE0006KNOFD1,5.83,14.17,0.94,,,18.79,,8.25,10.28,,6.5,8.94,2.2,,24.1
IE0006LBEDV2,3.17,6.92,7.3,,,45.2,,3.19,7.6,,1.07,2.46,4.51,,18.58
IE0006MHC136,,,,,,,,,2.51,,,,,,97.49
IE0006MM8VN6,0.44,0.51,0.29,,2.24,12.68,13.36,0.89,2.59,,0.42,0.55,2.28,,63.76
IE0006N7AK90,,,,,,,,,,,,,,,
IE0006NZSQW7,8.03,12.06,7.15,,1.08,19.31,,5.18,17.28,,25.0,4.39,0.42,,0.11
IE0006O3TTP9,2.32,2.26,0.82,,,12.89,,1.64,34.41,,19.53,11.05,13.73,,1.35
IE0006OIQXE9,5.83,14.17,0.94,,,18.79,,8.25,10.28,,6.5,8.94,2.2,,24.1
IE0006PTRUI8,3.9309,8.5409,5.2872,,3.2363,25.3843,,5.655,21.0191,0.4444,16.5267,2.5387,6.7607,0.6757,
IE0006QCIHM0,3.89,6.8,4.07,,,29.64,,11.97,5.25,,5.69,4.32,3.67,,24.7
IE0006QX3Y11,20.89,2.78,10.14,,,35.24,,,11.68,,10.83,4.87,3.53,,0.05
IE0006R681H8,1.52,4.49,0.77,,6.98,21.75,1.23,1.11,6.0,,2.79,0.9,1.68,,50.78
IE0006RFB3X2,5.54,9.87,7.09,,0.84,19.57,,5.26,18.93,,26.97,4.92,1.03,,
IE0006S0EBF2,,,,,,,,,,,,,,,
IE0006SEWKA2,5.49,5.28,4.96,,3.27,20.88,,1.98,6.17,,47.36,2.63,1.3,,0.68
IE0006UGU3X3,,,,,,,99.8174,,,,,,,0.1826,
IE0006UQKVQ0,0.91,6.4,11.4,,0.33,1.23,,4.16,2.76,,73.79,1.16,1.09,,1.32
IE0006VDD4K1,3.85,8.95,4.77,,4.07,17.11,,8.3,10.5,1.68,30.47,7.54,2.47,0.29,
IE0006WOV4I9,3.91,6.41,8.74,,4.38,18.04,,9.48,10.76,,33.28,2.27,2.64,,0.09
IE0006WPPA00,5.41,,,,9.87,,,,52.01,,0.91,,31.57,,0.25
IE0006WZF7C2,,,,,,67.88,,,,,,,,,32.12
IE0006YCYW06,3.71,8.54,12.17,,2.65,13.66,,13.62,12.15,,24.04,0.94,4.89,,3.63
IE0006YIB0U2,,,,,,0.16,71.91,,,,,,,,27.93
IE0006YM7D84,4.93,16.5,3.48,,2.44,13.87,1.34,6.04,10.93,,4.57,3.68,0.51,,31.71
IE00070SLDT6,,0.02,,,,,,,24.49,,,,75.28,,0.21
IE000716YHJ7,3.85,8.95,4.77,,4.07,17.11,,8.3,10.5,1.68,30.47,7.54,2.47,0.29,
IE00072RHT03,,,,,,,,,,,96.78,3.05,,0.17,
IE00074JLU02,1.5076,14.9835,4.5103,,,10.1715,,12.252,17.8843,13.8672,16.995,4.5614,,,3.2673
IE00074JV7J1,1.04,6.15,11.15,,0.45,0.77,,3.56,3.6,,70.4,1.17,1.14,,0.61
IE00075IVKF9,3.33,,,,87.68,,,,4.26,,,,1.34,,3.39
IE00076HZIP3,,,,,,,99.8686,,,,,,,0.1314,
IE00077FRP95,3.62,5.87,4.37,,13.48,53.63,,0.93,8.56,,3.84,1.16,0.98,,3.56
IE00077IIPQ8,,,,,,,,,,,,,,,100.0
IE000783LRG9,4.54,7.2,5.4,,3.14,26.24,,4.75,20.99,,17.18,3.0,6.87,,0.69
IE00078SFIQ6,7.4005,8.0293,10.1326,,4.2827,14.0052,,18.0407,22.2793,,12.5855,1.9036,0.888,0.4526,
IE00079EUF59,6.48,7.05,8.96,,3.52,40.48,,4.69,10.82,,1.9,4.77,5.7,,5.64
IE00079WNSI6,3.09,7.36,19.57,,8.73,42.9,,2.09,4.73,,4.71,5.13,1.41,,0.28
IE0007BT2BH8,,,,,,5.36,93.07,,,,,,,,1.57
IE0007EH5UK6,10.5,5.0,2.56,,8.64,31.79,,0.86,5.27,,2.94,3.4,5.99,,24.24
IE0007FIJUO5,,,,,,,,,,,,,,,
IE0007FM00T9,1.5336,8.9941,5.9976,,3.8156,11.7003,,10.2073,7.062,1.6643,34.7221,9.411,2.717,2.1751,
IE0007G78AC4,3.93,7.22,1.06,,7.93,36.21,1.05,,6.59,,7.63,2.48,3.88,,22.03
IE0007HKA9K1,,12.43,16.45,,,17.73,,1.49,1.29,,48.54,1.83,,,0.26
IE0007I99HX7,,11.62,23.34,,,12.66,,17.85,9.99,,24.53,,,,
IE0007ILCZU4,2.84,7.71,7.69,,3.25,13.16,,9.02,7.68,,43.49,0.97,3.02,,1.17
IE0007L3IJF6,2.67,,,,0.52,2.17,76.38,,1.97,,,,2.07,,14.22
IE0007LAQ4A1,,,,,,,99.8083,,,,,,,0.1917,
IE0007M3MLF3,4.23,13.86,7.61,,,6.92,,16.67,16.87,,25.73,2.63,,,5.48
IE0007O06KL9,5.67,7.85,2.93,,4.97,23.32,,17.85,16.95,,16.6,1.28,2.59,,0.02
IE0007P4PBU1,5.9,11.2,14.05,,3.43,20.85,,4.98,6.98,,30.75,0.26,1.6,,
IE0007QB4QS2,3.8666,7.6689,5.228,,,18.9612,,9.5348,11.3435,2.2201,28.7945,8.5199,3.7316,0.0435,0.0873
IE0007SRI1C7,2.21,4.74,4.02,,,1.41,0.52,4.99,4.67,,,2.39,3.34,,71.82
IE0007UE04X9,,,,,,,,,,,,,,,
IE0007UJ6IE0,,,,,,100.01,,,,,,,,-0.01,
IE0007UPSEA3,,,,33.7366,,,47.9073,,,,,,,18.3561,
IE0007W7MZL0,,,,,,,,,,,,,,,
IE0007WLHX89,,,,,,,,,,,,,,,
IE0007WMHDE3,0.05,,,,21.04,3.07,,,73.09,,0.01,,2.46,,0.28
IE0007Y8Y157,,,3.98,,,8.17,,,7.96,,68.34,7.1,,,4.45
IE0007YBWBE5,2.72,9.78,7.21,,4.1,20.56,0.41,3.06,6.05,,12.48,2.42,5.35,,26.11
IE0007YP0PL1,,0.0381,,,,,,,,99.2512,0.1406,,,0.5533,0.0169
IE0007YZZZN7,0.98,11.04,6.26,,0.54,0.24,,4.04,3.88,,58.43,13.42,1.17,,
IE0007Z19996,,,,,,,,,,,,,,,
IE0007Z28IJ7,2.0,1.5,2.37,,,14.42,,13.66,14.97,,36.55,5.52,,,9.02
IE0008119MO8,,2.21,0.42,,,12.81,,0.23,,,58.76,25.17,0.4,,
IE00081SF8K7,,,,,,6.89,69.31,,,,,,,,23.8
IE00082MOBL9,,12.36,,,30.65,34.25,,,19.42,,3.13,,,,0.19
IE000845MQC5,2.19,5.4,4.98,,5.6,28.41,0.03,6.49,6.11,,6.21,3.33,8.83,,22.42
IE0008470928,2.9354,4.7685,8.884,,7.4478,24.2567,,16.4347,17.9061,,11.4309,1.4935,4.0111,0.4313,
IE0008471009,3.3908,9.3427,5.1298,,5.0177,28.0761,,5.3906,21.9058,,14.7458,2.25,4.4461,0.3045,
IE00084KY2F2,7.93,4.33,3.83,,3.91,21.22,,2.04,6.11,,47.4,2.0,1.95,,
IE00085PWS28,7.3212,7.6055,6.1408,,5.4948,27.7436,,9.1286,17.8471,,10.2239,3.5611,,,4.9335
IE00087GRUR0,,,,,,,31.64,,,,,,,,68.36
IE000893FCN6,,,,,,,,,,,,,,,
IE00089J8KM1,5.48,8.98,2.23,,1.19,8.81,1.31,4.22,9.4,,2.19,8.44,4.55,,43.83
IE0008B0OAD5,,,,,,,,,,,,,,,
IE0008BA4TY1,,,,,,,,,,,,,,,
IE0008C3G0Y9,,,,,,,,,,,,,,,
IE0008D0AIU9,6.922,8.8101,7.3719,,,20.4435,,9.067,19.7113,4.5199,11.1476,3.473,5.4103,0.2714,2.8521
IE0008DFVN75,,7.5545,3.833,,5.2876,53.1803,,2.9639,12.5385,,,5.9604,7.743,0.9388,
IE0008DO91F6,7.32,7.01,6.88,,4.88,29.01,,8.52,15.15,,13.7,2.63,4.14,,0.76
IE0008EMOWT3,,,,,,,,,,,,,,,
IE0008F7X0W1,,,,,,,69.66,,,,,,,,30.34
IE0008FB2WZ1,3.0599,8.5694,4.765,,3.8779,18.0342,,9.2619,11.0565,,29.104,7.9014,2.4073,0.1822,1.7802
IE0008GBXCA4,5.95,10.1,7.49,,3.6,20.46,,11.73,16.47,,15.57,1.09,6.25,,1.29
IE0008GO35B5,,,,,,,,,2.51,,,,,,97.49
IE0008GRJRO8,,,,,,,,,98.8609,,0.8696,0.2695,,,
IE0008H4JHA2,,,,,,,,,,,,,,,
IE0008JXFQK8,,,,,,,,,,,,,,,
IE0008LRGGP4,,,,,,,,,,,,,,,
IE0008M1R3N4,1.15,5.12,9.69,,2.21,11.27,,9.44,4.19,,55.39,1.14,0.4,,
IE0008NJMGB5,1.04,6.14,11.11,,0.45,0.77,,3.54,3.59,,68.76,1.16,1.13,,2.31
IE0008P6LL15,,,,,,7.11,59.73,,,,,,,,33.16
IE0008QIFH42,0.8,0.9,0.36,,1.95,11.2,16.51,0.67,1.12,,0.28,1.14,3.62,,61.45
IE0008RSSHT4,,,,,,,,,,,,,,,
IE0008RX29L5,3.44,2.17,,,,,,,58.81,,15.24,,20.36,-0.02,
IE0008SEV3B2,,,,,,5.36,93.07,,,,,,,,1.57
IE0008T6IUX0,5.34,8.2,4.12,,,25.72,,4.73,8.1,,36.75,2.82,0.24,,3.99
IE0008TDJ461,3.3,6.27,6.48,,6.15,19.9,0.59,10.05,4.09,,9.49,4.0,4.8,,25.18
IE0008TKP6O7,2.0709,8.7903,5.4161,,,12.6247,,9.6094,9.0985,1.7139,38.0872,12.1459,,,0.443
IE0008U15456,,,,,,,99.7226,,,,,,,0.2773,
IE0008UEVOE0,4.62,7.65,7.14,,4.51,37.46,0.17,5.81,9.83,,2.17,4.73,5.19,,10.76
IE0008WICO06,,,,,,,,,,,,,,,
IE0008YN55P8,5.8,8.18,1.75,,,21.52,,7.7,14.66,0.58,29.44,9.58,0.5,0.29,
IE0008YWAFL1,8.43,24.85,3.4,,3.9,16.83,3.96,8.87,16.23,,5.27,3.61,3.26,,3.08
IE0008ZGI5C1,,,,,,,,,,,,,,,
IE00090GHHQ4,,,,,,,99.9092,,,,,,,0.0908,
IE000929U2U9,1.04,,0.35,,5.05,21.66,26.25,,6.95,,,0.95,6.64,,31.11
IE00093SKUY4,0.56,1.26,1.39,,1.41,8.06,39.2,1.71,1.57,,1.58,0.92,2.07,,40.27
IE000940RNE6,,,2.11,,,84.32,,,,,11.9,,,,1.67
IE00094AECT1,,,,,,,,,,,,,,,
IE00094FRAA6,,,,,,,,,,,,,,,
IE00094KNQN4,7.63,23.56,2.86,,8.22,14.91,2.17,5.87,19.72,,4.94,4.4,1.94,,4.69
IE000953I6Z4,,,,,,,,,,,,,,,
IE00096S6AV7,,0.05,,,,99.74,,,0.09,,0.07,,,,0.05
IE000979OT00,,,,,,,,,,,,,,,
IE00097WZHZ9,3.6997,8.6575,4.6227,,3.8171,17.9067,,8.474,10.8618,1.7419,29.8427,7.4591,2.3685,0.5482,
IE00098G6RH2,6.61,13.99,2.19,,6.14,11.37,0.89,3.89,12.48,,4.31,3.24,2.05,,34.1
IE00098YDEH5,,9.2788,3.5012,,2.6918,12.2637,,10.1498,8.6381,2.1877,37.3304,9.8193,,,4.1392
IE00098ZGGO6,1.49,5.28,3.76,,,51.89,1.24,6.14,4.04,,8.1,1.9,1.09,,16.08
IE00099GAJC6,11.8963,4.3384,6.7836,,3.29,19.1107,,4.5481,14.3038,0.4929,30.2235,1.2893,3.3508,0.3725,
IE0009BI8Z04,7.3212,7.6055,6.1408,,5.4948,27.7436,,9.1286,17.8471,,10.2239,3.5611,,,4.9335
IE0009BM62P2,,,,,,,,,,,,,,,
IE0009D6K2A2,25.92,32.64,5.03,,,23.35,,3.17,9.44,,,,,,0.45
IE0009DRDY20,3.2446,8.9098,5.0117,,4.0684,16.456,,9.428,11.0195,,29.6615,8.2017,,,3.9989
IE0009DRFET8,,,,,,,,,,,,,,,
IE0009EDBBS3,1.53,3.81,1.57,,3.13,33.45,,2.0,4.53,,0.7,1.76,6.59,,40.93
IE0009EGAHL0,2.17,10.31,4.2,,4.69,13.5,,8.67,8.12,1.18,37.1,8.45,1.48,0.12,
IE0009EQZP90,1.78,6.52,4.77,,3.25,22.91,0.44,5.21,4.83,,8.04,2.84,3.52,,36.15
IE0009F7UB30,,,,,,,,,,,,,,,
IE0009HF1MK9,3.5794,8.9003,4.7439,,3.9896,16.7551,,8.6261,10.659,,30.8915,7.9446,,,3.9104
IE0009IAUUI1,3.2,3.95,5.74,,6.24,35.08,,4.35,6.39,,6.42,5.19,7.75,,15.69
IE0009JOT9U1,,,,,,,,,,,,,,,
IE0009OCO2W4,2.54,7.5,8.15,,3.63,15.85,,10.89,8.72,,37.12,3.0,1.6,,1.01
IE0009QS7W62,,0.27,0.58,,,0.04,,98.78,0.04,,,,,,0.3
IE0009SJ3GE3,,,,,100.0,,,,,,,,,,
IE0009TJ5T70,3.12,5.5,8.08,,1.37,15.92,,8.01,8.35,,35.89,0.4,2.22,,11.15
IE0009TPHUV6,0.35,,,,57.27,,,,26.32,,,,13.34,,2.72
IE0009VWHAE6,1.6546,9.6342,4.1023,,3.6397,11.2832,,9.9478,9.2832,1.3305,36.5628,9.8699,1.7531,0.9387,
IE0009W21NT4,3.93,7.73,6.63,,2.5,16.81,,9.93,10.86,,37.56,1.65,1.69,,0.71
IE0009WMIIC0,,,,,,,94.84,,,,,,,,5.16
IE0009WWNY77,2.6,5.5,8.43,,2.56,11.51,,8.62,8.69,,48.97,1.12,1.91,,0.09
IE0009WYJCP8,2.6713,9.677,5.1994,,3.3635,17.6494,,10.6898,13.1663,,28.42,7.4996,0.6186,1.0674,-0.0223
IE0009Y1MQJ2,2.774,5.9384,2.5116,,3.9917,20.1042,,7.2583,11.7255,2.0406,30.9775,9.486,2.7023,0.49,
IE0009YQE5W1,6.31,5.55,14.1,,11.5,26.11,0.44,11.96,12.95,,4.29,1.46,4.33,,1.0
IE0009ZTL4B5,,,,,,,,,,,,,,,
IE000A0GH076,3.2424,9.0061,5.0788,,4.0107,16.7892,,9.1596,11.4749,,28.7336,8.1377,2.5365,0.1197,1.7108
IE000A0RC215,2.51,7.31,6.39,,4.85,33.01,,7.88,6.04,,8.28,2.75,6.47,,14.51
IE000A2E14U6,,,,,,0.16,71.91,,,,,,,,27.93
IE000A2YGZU5,0.9838,11.1445,6.4913,,0.5392,,,4.1228,3.6902,,57.9693,13.6608,1.1608,,0.2373
IE000A537EY2,,,,,,,,,,,,,,,
IE000A7N3IV0,4.12,6.09,7.87,,3.58,18.22,,8.06,10.08,,37.6,1.47,2.51,,0.4
IE000A89Y2G7,,,,,2.06,,,,2.94,,,,94.3,,0.7
IE000A8N67F3,2.54,8.74,4.23,,2.38,13.76,,10.45,8.51,2.23,38.71,7.03,1.31,0.12,
IE000A9G9R73,1.73,0.24,,,,,,,61.32,,11.99,20.01,,,5.22
IE000A9QKUV7,8.34,6.49,10.61,,7.38,19.77,,12.83,9.82,,10.83,3.57,9.52,,0.84
IE000A9QV382,,,,,,,99.9292,,,,,,,0.0708,
IE000AALNYM3,3.89,6.8,4.07,,,29.64,,11.97,5.25,,5.69,4.32,3.67,,24.7
IE000AD2AYN2,3.1,6.34,9.71,,1.18,8.75,0.02,9.61,10.24,,,6.39,5.34,,39.32
IE000AEBAUD0,,,,,,,,,,,,,,,
IE000AEM1K78,,,,,,,,,,,,,,,
IE000AES5KQ5,,,,,,,98.68,,,,,,,,1.32
IE000AFVKJZ0,,,,,,,,,,,,,,,
IE000AFVONT7,,,,,,,,,,,,,,,
IE000AGCIYE6,0.44,0.51,0.29,,2.24,12.68,13.36,0.89,2.59,,0.42,0.55,2.28,,63.76
IE000AI6QNJ5,,,,,,0.16,71.91,,,,,,,,27.93
IE000AIFGRB9,,,,,99.59,,,,0.4,,,,,0.01,
IE000AK4O3W6,3.61,5.88,3.97,,0.03,57.12,1.26,5.48,7.75,,2.75,3.8,1.55,,7.18
IE000ALCW221,2.23,4.34,4.85,,,23.44,,8.9,10.08,,41.4,0.94,3.43,,0.39
IE000ALI2E45,6.922,8.8101,7.3719,,,20.4435,,9.067,19.7113,4.5199,11.1476,3.473,5.4103,0.2714,2.8521
IE000AN258G4,15.7993,10.3656,4.6252,,5.2426,33.1867,,4.0176,7.24,9.2366,1.6154,4.0754,4.2175,0.3781,
IE000AN3AFZ1,,,,,,,,,,,,,,,
IE000ANHU3J3,3.93,3.24,5.92,,,24.06,,3.56,5.22,,49.38,2.06,1.95,,0.69
IE000ANMCD25,,,,,,,,,,,,,,,
IE000ANOU8J3,,,,,,4.7697,,,,,,,,0.2353,94.9951
IE000ANYHV73,,9.9,0.13,,,,,,2.35,,70.66,16.96,,,
IE000AON7ET1,,4.12,4.41,,,,,,49.61,,30.27,3.68,,,7.91
IE000AP27VA7,4.86,5.19,10.4,,1.32,15.18,,14.28,9.45,,22.55,7.88,7.49,,1.4
IE000APK27S2,0.46,1.06,0.63,,0.01,13.02,51.97,1.1,1.49,,1.03,0.77,1.78,,26.68
IE000AQ7A2X6,0.5,0.97,0.96,,1.27,14.58,46.52,1.08,4.43,,1.01,0.73,2.09,,25.87
IE000ARLR807,5.11,16.53,1.76,,,21.97,,9.45,10.19,,9.26,6.12,0.74,,18.87
IE000ASNLWH9,,,,,,,,,,,,,,,
IE000ATQR3N3,3.8666,7.6689,5.228,,,18.9612,,9.5348,11.3435,2.2201,28.7945,8.5199,3.7316,0.0435,0.0873
IE000ATRYEA4,1.9817,10.1573,5.5641,,,13.0788,,10.3688,9.4205,1.8968,38.3001,7.5987,1.4915,0.1417,
IE000AV35A01,3.93,3.24,5.92,,,24.06,,3.56,5.22,,49.38,2.06,1.95,,0.69
IE000AVUROO8,,,,,,,,,,,,,,,
IE000AWRDWI7,3.36,1.14,,,,8.41,,4.92,30.79,,47.6,3.68,,0.1,
IE000AXIKJM8,,4.94,1.86,,,23.16,,6.65,2.95,,58.5,,1.69,,0.26
IE000AXUR1L9,,,,,,,,,,,,,,,
IE000AY2ERH5,,,,,,,,,,,,,,-5.4209,105.4209
IE000AY6KP29,2.1706,9.6074,5.5243,,4.1776,14.7478,,11.5085,10.6348,2.2092,29.2108,7.5434,2.4808,0.1849,
IE000AYEFBK6,8.43,24.85,3.4,,3.9,16.83,3.96,8.87,16.23,,5.27,3.61,3.26,,3.08
IE000AYJ75E5,9.95,8.8,5.52,,2.12,45.95,,7.18,5.47,,2.71,5.46,6.84,,
IE000AZ2HZ31,9.9,10.26,5.15,,4.1,22.19,,10.29,18.02,,12.69,0.88,2.43,,4.09
IE000AZOUN82,3.58,4.52,2.53,,1.25,27.79,,2.9,9.99,,44.69,0.64,2.07,,0.04
IE000AZV0AS3,5.5896,5.4459,3.4611,,,20.9309,,14.4558,7.9677,2.1774,30.6831,7.1742,,,2.1144
IE000B1A2798,,,,,,0.16,71.91,,,,,,,,27.93
IE000B4EDHL6,2.25,7.82,5.97,,6.04,30.1,0.22,9.74,7.28,,10.3,3.16,4.96,,12.16
IE000B5MAME7,3.81,5.88,8.4,,3.63,17.29,0.61,8.76,11.12,,35.85,1.27,2.51,,0.88
IE000B5UZSG9,6.43,9.44,5.6,,1.57,20.7,,5.03,18.03,,28.04,4.73,0.45,,
IE000B8VAQZ8,5.83,14.17,0.94,,,18.79,,8.25,10.28,,6.5,8.94,2.2,,24.1
IE000B9PQW54,,,2.88,,,,,95.83,,,1.29,,,,
IE000BAF6X29,9.51,8.46,6.56,,0.35,52.56,,6.07,10.53,,3.27,2.24,0.26,,0.19
IE000BHH6TY7,2.54,7.5,8.15,,3.63,15.85,,10.89,8.72,,37.12,3.0,1.6,,1.01
IE000BI0GCN3,,,,,,,99.9421,,,,,,,0.0579,
IE000BI8OT95,3.3953,8.891,4.9748,,4.0948,16.435,,9.5174,11.353,,29.348,7.8768,,,4.1141
IE000BKMMHF9,9.51,8.46,6.56,,0.35,52.56,,6.07,10.53,,3.27,2.24,0.26,,0.19
IE000BLN64M9,,,,,,,,,,,,,,,
IE000BLXGTG9,2.97,8.07,7.28,,1.35,33.86,,5.23,15.68,,15.65,2.3,7.06,,0.55
IE000BMDG046,2.34,8.67,6.76,,4.98,39.98,,7.99,7.45,,10.88,3.15,4.8,,3.0
IE000BMP9YJ5,,,,,,,,,,,,,,-0.4784,100.4784
IE000BMZP0I6,,,,,14.7504,,,,36.5953,,0.3671,,47.7564,0.5309,
IE000BNLRWE6,,,,,,,,,,,,,,,
IE000BRM9046,,1.32,,,2.25,,,3.27,70.09,,20.07,2.96,,0.03,
IE000BRX9DZ0,3.6848,8.6834,4.5605,,4.0742,16.8798,,8.9236,10.9102,1.4242,30.9089,7.6287,2.3217,,
IE000BS9KP42,,,,,,,,,,,,,,,
IE000BUIVY49,0.79,2.41,1.81,,2.61,26.39,2.57,3.23,1.21,,1.96,0.79,6.22,,50.02
IE000BUSGFL9,11.23,13.67,7.14,,0.98,15.85,1.55,2.51,17.25,,2.94,9.46,6.65,,11.7
IE000BVD0KE7,,,,,,,,,,,,,,,
IE000BW2B3J3,26.33,,0.57,,19.11,,,,41.86,,,,11.69,,0.44
IE000BWITBP9,,,,33.7366,,,47.9073,,,,,,,18.3561,
IE000BWKUES1,5.23,,2.05,,,,,,57.29,,,,30.12,,5.31
IE000BXC49I6,2.15,4.83,6.56,,,24.15,,11.78,7.77,,38.02,1.19,1.73,,1.82
IE000BZ1HVL2,3.3856,8.8945,4.9689,,4.0968,16.4662,,9.5186,11.38,1.6664,29.3063,7.8737,2.441,,
IE000BZFW5H7,2.84,7.71,7.69,,3.25,13.16,,9.02,7.68,,43.49,0.97,3.02,,1.17
IE000BZXJJ24,3.3,6.27,6.48,,6.15,19.9,0.59,10.05,4.09,,9.49,4.0,4.8,,25.18
IE000C17QP01,5.83,14.17,0.94,,,18.79,,8.25,10.28,,6.5,8.94,2.2,,24.1
IE000C5H8FC1,,,,,,,,,,,,,,,
IE000C5Q64P6,2.25,7.82,5.97,,6.04,30.1,0.22,9.74,7.28,,10.3,3.16,4.96,,12.16
IE000C5YJ791,1.893,9.0284,5.5294,,2.6639,12.2463,,10.1303,8.9384,1.6826,36.5029,9.0663,2.0426,0.2759,
IE000C692SN6,10.59,10.4,4.85,,2.74,24.02,,11.2,17.85,,15.8,1.06,1.31,,0.18
IE000C6ITGC8,2.7237,5.9076,,,,,,,3.7359,,66.4482,20.8817,,0.3029,
IE000C75IMX8,,,,,,98.75,,,,,,,,,1.25
IE000C7DDDX4,14.4,3.59,2.61,,13.73,43.82,,3.48,3.19,,1.7,8.62,4.86,,
IE000C7EUDG1,6.76,,,,,,,,91.14,,2.54,,,,
IE000CBYU7J5,5.68,4.74,5.59,,2.3,19.99,,2.57,7.02,,48.6,2.0,1.39,,0.34
IE000CCQKON9,,,,,,,,,,,,,,,
IE000CEUZ052,,,,,,,,,,,,,,,
IE000CFH1JX2,5.8933,0.5793,,,1.9597,,,,43.4786,0.1795,1.283,,46.2062,0.4204,
IE000CH3OQ51,2.0,9.5,4.6,,3.2,12.1,,9.4,9.2,1.8,36.0,10.2,2.2,,
IE000CK5G8J7,,,,,16.428,0.0162,,,22.5069,4.0369,0.3382,2.0946,54.0669,0.5122,
IE000CL68Z69,2.6999,8.1883,,,,17.3227,,10.5057,8.7266,6.6154,34.3021,7.6313,3.3238,,0.6842
IE000CLH1Z98,3.43,6.85,5.12,,3.17,49.01,,4.83,8.12,,2.56,3.35,5.84,,7.74
IE000CM02H85,5.14,0.5,0.76,,0.07,11.51,,0.57,2.62,,77.62,1.2,,,
IE000CN8T855,2.77,5.91,8.63,,2.92,13.89,,8.67,8.36,,45.25,0.77,2.18,,0.65
IE000CNSFAR2,3.3953,8.891,4.9748,,4.0948,16.435,,9.5174,11.353,,29.348,7.8768,,,4.1141
IE000CO3P697,,,,,,,,,,,,,,,
IE000CO65C82,,,,,,,,,,,,,,,
IE000COQKPO9,1.31,11.14,5.27,,,0.22,,3.76,2.49,,64.41,11.11,0.21,0.08,
IE000CPG9HG3,,,,,,,,,,,,,,,
IE000CPT8DH7,1.8444,9.5025,4.5878,,3.4426,12.3034,,9.2337,8.9979,,36.0943,9.941,2.1074,0.1277,1.8173
IE000CQMYME2,7.07,19.69,1.18,,7.92,5.42,,5.33,16.74,,5.13,1.44,1.49,,28.59
IE000CQQ22C8,6.07,7.12,9.94,,3.29,24.68,,13.12,10.34,,19.74,0.32,3.87,,1.51
IE000CR3ZDF9,0.65,0.83,0.74,,0.01,22.38,56.34,1.08,1.89,,0.35,1.03,0.65,,14.34
IE000CR424L6,5.9603,6.2637,8.7222,,,25.7977,,12.9021,20.1808,1.2569,11.3538,2.8041,3.9045,0.8537,
IE000CR7DJI8,2.0979,4.724,5.0385,,2.9332,13.242,,12.0541,9.0115,2.2168,35.9185,11.1693,1.3415,0.2526,
IE000CV0WWL4,,,,,,,,,,,,,,,
IE000CVOSY02,3.96,6.0,8.4,,3.65,17.93,,8.65,10.94,,36.5,1.27,2.51,,0.2
IE000CWS09Q9,2.17,13.84,9.63,,4.48,28.8,,11.06,9.95,,9.87,0.97,2.45,,8.25
IE000CWXN435,,3.33,3.49,,0.72,29.17,4.98,1.33,3.34,,2.19,2.01,3.09,,46.35
IE000CXVOXQ1,4.54,7.93,8.27,,4.57,9.34,,16.66,12.8,,32.98,2.3,0.33,,0.28
IE000CY30YV9,8.58,2.21,2.31,,12.05,17.96,,9.98,12.49,,32.55,0.95,0.53,,0.39
IE000CYC2B65,4.15,5.77,8.08,,3.61,17.81,,8.0,10.59,,37.59,1.36,2.41,,0.63
IE000CYGD0V1,3.93,3.24,5.92,,,24.06,,3.56,5.22,,49.38,2.06,1.95,,0.69
IE000CYTPBT0,,,,,,,,,,,,,,,
IE000CZJPCH1,5.42,5.76,3.57,,0.55,10.71,2.1,3.85,6.59,,1.55,3.14,2.15,,54.9
IE000CZQJXB8,,,,,,,,,,,,,,0.7405,99.2595
IE000CZU3JH0,2.35,4.16,9.75,,3.1,14.0,,8.86,9.22,,43.86,1.5,3.02,,0.18
IE000D0T0BO1,6.73,10.78,8.05,,0.78,19.33,,5.04,19.17,,24.74,4.15,1.25,,
IE000D1017N2,2.66,11.19,4.52,,4.01,25.28,,5.88,9.11,,18.87,2.08,0.44,,15.96
IE000D1DAPO5,,,,,,,,,,,,,,,
IE000D2UDLG6,,,,,,,77.52,,,,,,,,22.48
IE000D352U62,9.66,4.4,2.33,,9.28,25.42,0.08,0.87,3.38,,2.91,5.45,6.18,,30.07
IE000D3BWBR2,2.32,5.74,8.8,,2.94,13.19,,8.69,9.23,,45.89,0.79,2.2,,0.36
IE000D3E0G47,1.52,4.49,0.77,,6.98,21.75,1.23,1.11,6.0,,2.79,0.9,1.68,,50.78
IE000D5R9C23,1.438,7.2558,0.8151,,1.5991,14.3897,,2.4861,5.8407,0.3396,43.3789,6.647,1.8008,14.0092,
IE000D6810F1,0.5833,8.2744,2.3904,,3.3604,8.912,,15.1597,11.6674,2.6362,39.2484,5.9625,1.6426,0.1628,
IE000D8FCSD8,,0.3,,,,97.04,1.21,,,,,,,,1.45
IE000D8XC064,3.0661,8.471,4.4566,,4.4176,15.5977,,9.5846,12.2357,1.6921,29.5799,8.4274,1.9996,0.4718,
IE000D9S4LT3,1.34,,,,,2.33,75.34,,0.65,,,,1.22,,19.13
IE000D9WMGF0,3.76,6.44,4.12,,3.52,26.79,0.06,5.07,8.33,,2.52,5.4,5.24,,28.82
IE000DB78H45,3.9,16.17,7.2,,3.83,28.8,,8.35,18.47,,5.67,1.95,5.67,,
IE000DD75KQ5,4.4001,8.9022,4.656,,4.1659,16.7857,,8.845,11.8011,2.0746,28.864,7.1529,2.3511,,
IE000DHPZ1N9,1.52,4.49,0.77,,6.98,21.75,1.23,1.11,6.0,,2.79,0.9,1.68,,50.78
IE000DHZXD61,,,,,,,,,,,,,,,
IE000DKL1700,,,,,,,83.07,,,,,,,,16.93
IE000DN1DKF8,2.32,5.74,8.8,,2.94,13.19,,8.69,9.23,,45.89,0.79,2.2,,0.36
IE000DOZYQJ7,,,,,,,,,,,,,,,
IE000DPO6LM8,8.34,7.35,7.43,,3.79,21.74,,8.67,19.89,,13.76,1.32,6.7,,1.01
IE000DQAQ6J3,6.8,7.77,7.69,,3.91,25.64,,12.88,18.87,,11.22,1.63,3.35,,0.24
IE000DR59CI3,35.5935,2.4857,,,,,,,35.0072,,26.7524,,,0.1612,
IE000DS9ZCL4,12.18,3.12,6.9,,1.95,16.4,,4.02,16.32,,35.07,0.3,2.61,,1.13
IE000DSDL3Z6,4.12,6.09,7.87,,3.58,18.22,,8.06,10.08,,37.6,1.47,2.51,,0.4
IE000DTA2ZH9,6.07,7.12,9.94,,3.29,24.68,,13.12,10.34,,19.74,0.32,3.87,,1.51
IE000DUDS685,5.48,8.98,2.23,,1.19,8.81,1.31,4.22,9.4,,2.19,8.44,4.55,,43.83
IE000DUSV4J5,,,,,,,,,,,,,,,
IE000DVLBQ03,5.0464,9.2844,6.554,,4.2504,15.6953,,13.1611,16.6061,5.5121,14.0075,3.8719,5.7651,0.2456,
IE000DVPTMD5,9.3158,13.1718,5.1058,,6.7979,27.5838,,8.1993,12.85,,7.2575,4.4485,,,5.2694
IE000DWHL026,,,,,,,,,,,,,,,
IE000DYQE2Q3,,,,96.885,,,0.454,,,,,,,2.6611,
IE000E02WFD5,,,,,,,33.47,,,,,,,,66.53
IE000E0NL9T3,3.26,5.92,7.59,,1.37,23.07,0.09,4.18,7.64,,0.4,5.23,6.78,,34.63
IE000E47O2D3,1.5336,8.9941,5.9976,,3.8156,11.7003,,10.2073,7.062,1.6643,34.7221,9.411,2.717,2.1751,
IE000E6TPCH9,3.14,5.79,7.9,,1.29,17.54,,3.58,19.11,,37.49,4.13,,0.02,
IE000E77RQE2,,,,,,,,,,,,,,,
IE000E7EI9P0,0.21,,,,,0.69,,0.03,2.39,,96.69,,,,
IE000E9W0ID3,,,,,,,,,,,,99.5021,,0.4979,
IE000E9XXE77,3.9309,8.5409,5.2872,,3.2363,25.3843,,5.655,21.0191,0.4444,16.5267,2.5387,6.7607,0.6757,
IE000EA7I2N5,,,,,,,99.4584,,,,,,,0.5416,
IE000EB0LQO5,1.5447,7.3264,6.8459,,5.9226,14.0975,,9.6137,10.483,1.1316,26.5646,9.6639,4.358,2.448,
IE000EBFYWX3,34.95,0.28,23.27,,,,,,40.9,,,,,,0.61
IE000EBPC0Z7,0.8,6.11,13.9,,,15.2,,10.65,9.93,,40.02,,3.4,,
IE000EC86C06,3.59,,0.81,,1.47,24.24,46.06,,2.8,,,,15.36,,5.67
IE000EDRD2Z8,1.7837,12.9191,0.7337,,,65.7829,3.5797,0.8095,6.0121,,,4.2013,4.1781,,
IE000EETFH77,1.7245,8.0672,4.3878,,,13.6073,,9.3672,9.3279,2.4571,38.4182,9.5374,3.0802,0.0249,0.0002
IE000EFHIFG3,,9.9,0.13,,,,,,2.35,,70.66,16.96,,,
IE000EGGFVG6,,,,,,,,,,,,,,,
IE000EHPAS96,3.0599,8.5694,4.765,,3.8779,18.0342,,9.2619,11.0565,,29.104,7.9014,2.4073,0.1822,1.7802
IE000EJ2EHO7,2.38,4.35,12.94,,3.89,16.2,,15.1,8.04,,24.85,5.21,6.68,,0.37
IE000EJFRI08,0.39,7.55,7.82,,0.32,5.87,,7.59,7.72,,62.38,0.05,0.28,,0.04
IE000EKG45L0,,,,,,,99.9092,,,,,,,0.0908,
IE000ELFEBZ3,4.44,5.0,14.31,,5.5,22.25,0.44,12.2,10.52,,19.6,1.46,3.89,,0.62
IE000ELHT1P5,3.28,6.32,6.54,,7.03,23.16,,9.35,5.46,,9.24,4.7,4.9,,20.02
IE000ENYES77,,,,,,100.0,,,,,,,,,
IE000EOFR2K5,,,,,,,,,,,,,,,
IE000EPIJ442,98.93,,,,,,,,,,,,,,1.07
IE000EPX8KB7,,,,,,,,,,,,,,,
IE000EQGURT5,0.88,,,,,,,,1.59,,97.53,,,,
IE000ESLTCW9,,,,,,,69.66,,,,,,,,30.34
IE000EVUY6K9,6.61,13.99,2.19,,6.14,11.37,0.89,3.89,12.48,,4.31,3.24,2.05,,34.1
IE000EXUE0G2,1.04,6.15,11.15,,0.45,0.77,,3.56,3.6,,70.4,1.17,1.14,,0.61
IE000F04HGE5,,1.92,,,,35.68,1.93,0.38,0.77,,,,,,59.32
IE000F0DNOJ1,3.93,7.73,6.63,,2.5,16.81,,9.93,10.86,,37.56,1.65,1.69,,0.71
IE000F16FMX1,,,,,,0.16,71.91,,,,,,,,27.93
IE000F215NJ2,,,,,,,,,,,,,,,
IE000F2IX674,9.8588,9.0452,2.5682,,3.3533,15.7838,,10.7328,21.1982,6.895,15.6937,3.1897,1.6814,,
IE000F37PGZ3,2.72,4.32,3.79,,0.08,40.45,,6.01,6.07,,1.99,4.83,1.55,,28.19
IE000F472DU7,,,,,,41.25,37.56,,,,,,,,21.19
IE000F60HVH9,1.9514,10.1344,2.4101,,1.8991,11.8964,,10.4376,8.2959,,39.7907,10.1874,,,2.997
IE000F6XDNZ5,,,,,,,99.7767,,,,,,,0.2233,
IE000F7TZ3H9,,3.29,4.88,,,22.07,,12.74,4.31,,51.44,0.46,0.57,,0.25
IE000F9AQNW6,3.81,13.61,4.35,,3.12,28.91,,7.68,9.53,,26.98,2.01,,,
IE000F9IDGB5,3.81,5.88,8.4,,3.63,17.29,0.61,8.76,11.12,,35.85,1.27,2.51,,0.88
IE000FASRFS4,,,,,,,,,,,,,,,100.0
IE000FCGBU62,100.0,,,,,,,,,,,,,,
IE000FDU4IY8,,,,,,,,,,,,,,,
IE000FF2EBQ8,2.32,2.26,0.82,,,12.89,,1.64,34.41,,19.53,11.05,13.73,,1.35
IE000FG3UNB8,,,,,,67.88,,,,,,,,,32.12
IE000FGFJT15,,,,,,,,,,,,,,,
IE000FI414K7,,0.5274,,,,,,,,98.4274,,,,1.0452,
IE000FJJZA01,,4.4964,5.1997,,0.3522,17.3286,,17.1127,3.6724,,43.121,8.7169,,,
IE000FK14CA5,5.11,16.53,1.76,,,21.97,,9.45,10.19,,9.26,6.12,0.74,,18.87
IE000FKMC6O9,,3.33,3.49,,0.72,29.17,4.98,1.33,3.34,,2.19,2.01,3.09,,46.35
IE000FL46JJ1,5.95,10.1,7.49,,3.6,20.46,,11.73,16.47,,15.57,1.09,6.25,,1.29
IE000FMF9DG3,,,,,,,,,,,,,,,
IE000FNVOB27,2.75,2.17,5.85,,,21.41,,3.44,9.7,,50.87,1.49,2.32,,
IE000FO05UG4,2.32,5.74,8.8,,2.94,13.19,,8.69,9.23,,45.89,0.79,2.2,,0.36
IE000FO1A5D1,5.95,10.1,7.49,,3.6,20.46,,11.73,16.47,,15.57,1.09,6.25,,1.29
IE000FOSCLU1,2.6916,6.5702,4.9611,,,28.2999,,6.3337,21.8782,2.374,17.313,2.7268,6.4815,0.37,
IE000FP52WM7,92.64,,,,,,,,6.46,,,,,,0.9
IE000FPWSL69,6.46,5.85,6.14,,4.79,21.7,,7.5,11.4,,29.13,3.63,2.77,,0.67
IE000FQ808R5,,,,,,,,,,,,,,,
IE000FQYTH79,,,,,,99.5261,,,,,,,,0.4739,
IE000FRX67F3,,,,,,5.74,65.61,,,,,,,,28.65
IE000FSN19U2,,9.3799,4.5157,,3.563,12.0934,,9.6661,8.8302,,36.7265,9.5362,2.0265,,3.6624
IE000FVQW7E7,1.34,4.86,1.67,,3.37,38.77,,8.21,3.53,,7.71,4.08,7.42,,19.04
IE000FW16TX1,2.46,5.66,9.04,,3.13,13.37,,9.14,9.7,,44.24,0.9,2.25,,0.12
IE000FXHG8D6,,,,,,,84.3,,,,,,,,15.7
IE000FYTRRJ6,2.15,4.83,6.56,,,24.15,,11.78,7.77,,38.02,1.19,1.73,,1.82
IE000FZ1S3M3,2.21,6.53,4.03,,,36.78,0.17,8.4,4.19,,8.43,4.31,1.78,,23.19
IE000G0E83X3,0.7231,3.707,,,,,,,0.9491,,88.1651,5.7288,,0.7269,
IE000G2LIHG9,1.8884,10.0082,2.4141,,1.8697,12.8862,,10.2993,8.1086,1.8839,39.0056,10.0682,1.1231,0.4448,
IE000G4ONBO6,,,,,,,77.15,,,,,,,,22.85
IE000G4PH2B1,1.5749,9.1918,4.4012,,,12.4911,,10.2025,8.2732,1.8162,40.6295,10.2457,0.6251,0.5486,
IE000G5IRVY3,,,,,,,,,,,,,,,
IE000G6CY1T7,,,,,,,60.5048,,,,,,,39.4952,
IE000G6GSP88,,0.02,,,,99.49,,,0.04,,0.43,,,,0.02
IE000G8WOLX8,5.9172,10.1673,3.2676,,4.9994,14.8503,,10.3617,24.451,7.0331,14.3644,1.5721,3.016,,
IE000G9O8QD4,,,,,,,,,,,,,,,
IE000GA3D489,,9.29,2.54,,0.79,21.76,,34.36,5.51,,20.12,,,,5.63
IE000GA7JQV8,,,,,,,,,19.5372,10.2206,60.1866,,10.0555,,
IE000GAKWFA7,,,,,,,,,,,,,,,
IE000GB2EQ90,3.28,6.32,6.54,,7.03,23.16,,9.35,5.46,,9.24,4.7,4.9,,20.02
IE000GBYNAU4,,,,,,,,,,,,,,,
IE000GDU4WA8,,,,,,10.56,63.86,,,,,,,,25.92
IE000GE4QIR1,,,,,,,84.3,,,,,,,,15.7
IE000GEHNQU9,0.21,,,,,0.69,,0.03,2.39,,96.69,,,,
IE000GETKIK8,,,,,,,,,,,,,,,
IE000GFG8GS0,2.25,7.82,5.97,,6.04,30.1,0.22,9.74,7.28,,10.3,3.16,4.96,,12.16
IE000GGQK173,,,,,,,,,,,,,,,
IE000GHXL2Q3,,,,,,,98.7807,,,,,,,1.2193,
IE000GLIXPP3,3.44,2.89,5.89,,,21.5,,3.38,8.4,,50.47,1.51,2.02,,0.5
IE000GML9HQ4,,,,,,,,,,,,,,,
IE000GMRDSZ7,2.51,7.31,6.39,,4.85,33.01,,7.88,6.04,,8.28,2.75,6.47,,14.51
IE000GNI5B71,,,,,,,69.66,,,,,,,,30.34
IE000GNOSM10,2.14,2.9,3.93,,0.79,18.01,,12.02,12.16,,32.23,,,,16.68
IE000GOJO2A3,5.34,8.2,4.12,,,25.72,,4.73,8.1,,36.75,2.82,0.24,,3.99
IE000GSIFIB0,,,,,,,,,,,,,,,100.0
IE000GTBEXG4,5.67,7.85,2.93,,4.97,23.32,,17.85,16.95,,16.6,1.28,2.59,,0.02
IE000GTF7GF4,8.09,5.57,7.23,,4.27,23.76,,3.01,6.5,,36.05,2.7,2.83,,
IE000GTJ2I49,3.0227,15.604,3.3438,,0.5794,18.3596,,5.4258,24.0005,2.4915,18.8073,7.182,0.6358,0.5475,
IE000GU6MFI0,,,,,,,67.26,,,,,,,,32.74
IE000GUIUCJ1,,,,,,,,,,,,,,,
IE000GVBJMO6,,,,,,,,,,,,,,,
IE000GW6RB11,10.305,4.382,13.5619,,13.0972,20.0413,,14.381,16.849,0.1232,1.4401,2.3651,2.7437,0.7106,
IE000GWD7R65,,,,,,,,,,,,,,,
IE000GXS8PV9,,,,,,0.07,76.23,,,,,,,,23.7
IE000GZD8ME7,3.59,,0.81,,1.47,24.24,46.06,,2.8,,,,15.36,,5.67
IE000H0TSO96,3.08,3.79,5.09,,,22.66,,4.09,7.7,,4.1,5.93,5.68,,37.89
IE000H1H16W5,3.0597,5.6226,3.5431,,2.363,21.4986,,14.1335,8.3865,1.5413,29.2555,7.1466,2.9935,0.456,
IE000H3AH951,,0.02,,,,99.22,,,0.09,,0.01,,,,0.66
IE000H3Q3AF6,,,,,,,67.26,,,,,,,,32.74
IE000H444PH5,10.63,10.4,4.92,,4.53,21.93,,8.52,21.12,,15.32,,2.63,,
IE000H5X52W8,4.62,11.06,5.54,,3.73,47.08,0.14,5.74,9.36,,2.68,3.92,6.31,,
IE000H7PE775,3.3953,8.891,4.9748,,4.0948,16.435,,9.5174,11.353,,29.348,7.8768,,,4.1141
IE000H92C4B8,2.76,10.96,1.51,,0.41,11.94,1.06,3.64,13.67,,2.66,13.72,3.25,,35.03
IE000HARFTG3,,,,,,,89.73,,,,,,,,10.27
IE000HARJEE2,8.1811,4.3819,13.2341,,10.9121,28.0368,,11.7085,13.9329,1.1836,1.0012,1.9783,4.3697,1.0799,
IE000HDEYKM3,5.28,6.1,0.51,,,16.55,,11.23,11.13,,0.95,14.75,4.62,,28.88
IE000HDPAH09,,,,,,,,,,,,,,,
IE000HF69TA9,,,,,,,,,,,,,,,
IE000HFBJ0U0,,,,,,,,,,,,,,,
IE000HFXP0D2,3.9,6.18,8.2,,3.58,17.67,,8.84,10.62,,35.87,1.31,2.66,,1.17
IE000HGH8PV2,,,,,,,,,,,,,,,
IE000HGM78N6,3.87,8.99,4.0,,5.34,17.29,,8.49,12.01,0.71,28.94,7.61,2.72,0.04,
IE000HH3SU50,4.8789,5.3352,5.9449,,,27.3375,,14.3933,20.9511,2.6207,10.0219,2.6963,5.058,0.7622,
IE000HIHKYJ1,,11.1695,2.8788,,2.1253,7.7085,,5.1988,,,55.8285,15.0354,,0.0553,
IE000HM5TZ60,1.0531,9.8457,1.0693,,1.9363,69.695,,,4.1024,,2.8819,3.1133,6.303,,
IE000HPBRE54,2.99,7.91,10.93,,,21.65,,12.2,9.56,,32.5,1.48,0.45,,0.33
IE000HQY8R78,0.46,1.06,0.63,,0.01,13.02,51.97,1.1,1.49,,1.03,0.77,1.78,,26.68
IE000HSER094,1.5,4.96,9.62,,3.44,15.44,,7.43,6.46,,46.21,1.99,2.81,,0.14
IE000HT7E0B1,4.5515,8.5235,3.2206,,2.5723,22.8732,,18.4851,19.8353,6.8295,3.498,6.3166,0.5782,,2.7162
IE000HT8JEW8,8.1246,17.2058,4.5722,,3.8817,30.8322,,5.4072,13.6876,2.4712,2.946,8.8669,1.5741,0.4305,
IE000HY30YW6,2.32,5.74,8.8,,2.94,13.19,,8.69,9.23,,45.89,0.79,2.2,,0.36
IE000HYFO765,1.87,6.85,10.22,,2.93,14.52,,9.6,8.89,,43.76,0.69,0.66,,
IE000I0U8OO3,,,,,,,99.4193,,,,,,,0.5807,
IE000I1D7D10,2.08,9.54,7.0,,5.42,38.52,1.03,7.13,7.79,,10.43,2.59,5.1,,4.18
IE000I1Q42S9,2.08,9.54,7.0,,5.42,38.52,1.03,7.13,7.79,,10.43,2.59,5.1,,4.18
IE000I25S1V5,5.26,8.64,6.14,,1.76,33.34,,7.07,10.7,,1.8,4.18,6.03,,15.08
IE000I2WYEU9,3.76,6.44,4.12,,3.52,26.79,0.06,5.07,8.33,,2.52,5.4,5.24,,28.82
IE000I5MBLC4,,3.29,4.88,,,22.07,,12.74,4.31,,51.44,0.46,0.57,,0.25
IE000I660ZF8,4.19,4.85,5.2,,4.96,18.92,0.42,6.14,9.7,,2.3,3.4,5.5,,34.85
IE000I6Q83Z7,5.28,6.1,0.51,,,16.55,,11.23,11.13,,0.95,14.75,4.62,,28.88
IE000I7E6HL0,,,,,,,,,,,,,,,
IE000I8CR2Q4,,,,,,,,,,,,,,,
IE000I8IKC59,,8.65,,,,12.78,,11.72,16.88,8.92,30.31,10.74,,-0.01,
IE000I8KRLL9,0.6,,,,,,0.23,,0.34,,98.88,,,,
IE000IAPH329,,,,,,,,,,,,,,,
IE000IAXNM41,,,,,,,,,98.7601,,0.9577,,,0.2821,
IE000IDJKTB3,,,,,,,,,,,,,,,
IE000IEGVMH6,,9.3799,4.5157,,3.563,12.0934,,9.6661,8.8302,,36.7265,9.5362,2.0265,,3.6624
IE000IEOQSJ3,5.76,7.51,1.35,,0.7,10.71,,4.56,9.69,,1.37,9.73,3.78,,44.85
IE000IF0HTJ9,,,,,,,77.15,,,,,,,,22.85
IE000IF5WTI9,2.03,6.62,8.85,,,16.21,,12.36,6.92,,45.15,1.24,0.65,,0.05
IE000IGMB3E1,4.54,7.93,8.27,,4.57,9.34,,16.66,12.8,,32.98,2.3,0.33,,0.28
IE000IHURBR0,3.0,7.53,8.82,,3.02,33.88,0.11,5.55,8.11,,2.86,3.81,6.88,,16.54
IE000IIED424,2.03,6.62,8.85,,,16.21,,12.36,6.92,,45.15,1.24,0.65,,0.05
IE000IIHLZL0,,,,,,,,,,,,,,,
IE000IISJT64,4.1902,5.5994,2.6435,,,16.1841,,20.2663,4.1297,,42.5638,4.4229,,,
IE000IKCYI88,5.11,16.53,1.76,,,21.97,,9.45,10.19,,9.26,6.12,0.74,,18.87
IE000IKMJDQ6,5.0464,9.2844,6.554,,4.2504,15.6953,,13.1611,16.6061,5.5121,14.0075,3.8719,5.7651,0.2456,
IE000IM4K4K2,0.89,0.52,,,,18.76,,,2.21,,77.63,,,,
IE000IMGE5W5,6.42,,5.01,,5.68,50.96,,9.26,6.2,,0.74,15.04,0.69,,
IE000INTB8Q8,,,,,,,,,,,,,,-13.4471,113.4471
IE000IP0UC52,2.1599,8.6724,5.471,,,11.8422,,9.704,8.7098,2.047,37.7603,13.068,,,0.5653
IE000IQQEL77,93.02,,,,,,,,,,,,,,7.82
IE000IR2DEM6,,0.0873,,,,,,,99.6556,,,,,0.2571,
IE000IR87HP7,1.56,5.44,5.85,,4.37,55.5,,5.53,7.41,,11.42,0.9,1.77,,0.25
IE000IUNJSL2,3.43,6.85,5.12,,3.17,49.01,,4.83,8.12,,2.56,3.35,5.84,,7.74
IE000IVQPCG4,2.83,6.79,8.9,,,19.62,,12.0,8.49,,37.48,2.46,1.15,,0.28
IE000IX54FW5,1.6546,9.6342,4.1023,,3.6397,11.2832,,9.9478,9.2832,1.3305,36.5628,9.8699,1.7531,0.9387,
IE000IY9QFN9,2.31,3.94,10.28,,3.87,13.11,,8.95,12.81,,42.38,0.61,1.45,,0.36
IE000IZO7033,0.15,0.91,,,,35.73,30.26,,5.22,,0.07,,11.24,,16.79
IE000J0JU6M8,1.37,0.75,1.02,,4.3,13.48,0.42,3.29,4.71,,7.51,3.5,5.07,,54.77
IE000J0LN0R5,,,,,100.0,,,,,,,,,,
IE000J3F4J90,3.76,15.38,14.58,,0.09,24.79,,5.37,9.04,,18.86,8.07,0.04,,
IE000J46YVX2,,,,,,,,,,,,,,,
IE000J4FE268,,,,,,,,,,,,,,,
IE000J4HXHK1,,,,,,,,,,,,,,,
IE000J5PESP7,,,,,,,,,,,,,,,
IE000J6CHW80,18.15,34.84,0.45,,6.97,19.66,,2.18,2.63,,2.94,9.02,1.12,,2.04
IE000J7AY5Y3,0.39,7.55,7.82,,0.32,5.87,,7.59,7.72,,62.38,0.05,0.28,,0.04
IE000J7QYHD8,,,,,,,,,,,,,,,
IE000J80JTL1,0.11,3.82,,,,,,,70.18,,12.17,,13.35,,0.37
IE000J8RGOJ4,,,,,,,,,,,,,,,
IE000J8Z5N74,,,,,,,99.4193,,,,,,,0.5807,
IE000JBB8CR7,,,,,,,,,,,,,,,
IE000JBJ1NZ4,,,,,,11.39,,,1.57,,,,,,87.04
IE000JBZXFH0,,,,,,,,,,,,,,,
IE000JCGTOP1,2.03,6.62,8.85,,,16.21,,12.36,6.92,,45.15,1.24,0.65,,0.05
IE000JCW3DZ3,,,,,,,,,96.68,,2.38,,,,0.95
IE000JEU61P1,,99.8426,,,,,,,,,,,,0.1575,
IE000JEXZJT1,1.66,2.19,4.12,,2.05,36.94,,6.81,9.0,,1.81,2.17,2.59,,30.66
IE000JEZ2VB3,6.6922,1.6121,13.5986,,2.4144,29.9089,,8.3292,13.1719,3.8494,7.3978,3.9574,8.696,0.3721,
IE000JHMFVN7,,,,,,,99.6422,,,,,,,0.3578,
IE000JHYO4T6,0.51,8.15,,,,17.85,,12.25,26.0,,29.05,4.97,,,1.22
IE000JIPY1U8,0.91,6.4,11.4,,0.33,1.23,,4.16,2.76,,73.79,1.16,1.09,,1.32
IE000JJLNIG0,,,,,,,,,,,,99.9065,,0.0935,
IE000JJMOWY0,,,,,,,,,,,,,,,
IE000JJPY166,,,,3.6288,,,,,,,,,,96.3712,
IE000JJQ6248,3.63,10.63,3.42,,,30.07,,13.2,2.17,,7.93,4.12,2.74,,22.09
IE000JKS50V3,,0.33,1.41,,,,,98.26,,,,,,,
IE000JL9SV51,,,,,,,,,,,,,,,
IE000JLILKH0,4.12,6.09,7.87,,3.58,18.22,,8.06,10.08,,37.6,1.47,2.51,,0.4
IE000JLXYKJ8,,,,,,,,,,,,,,100.0,
IE000JMMZAP4,,,,,,,,,,,,,,,
IE000JNHCBM6,,,,,,,,,55.14,,,,44.64,,0.22
IE000JNKVS10,8.56,11.58,4.38,,3.8,21.43,,13.98,17.37,,14.5,1.09,2.16,,1.16
IE000JQ1PF28,1.15,5.12,9.69,,2.21,11.27,,9.44,4.19,,55.39,1.14,0.4,,
IE000JQ2IJD3,10.12,8.76,21.29,,,18.8,,6.66,20.93,,9.06,3.51,0.91,,
IE000JQ3ELQ8,,,,,,5.74,65.61,,,,,,,,28.65
IE000JR51TI1,,,,,,,68.9,,,,,,,,31.1
IE000JS0HUM5,,,,,,,,,,,,,,,
IE000JS4ANL9,,,,,,7.11,59.73,,,,,,,,33.16
IE000JSJOR00,1.31,11.14,5.27,,,0.22,,3.76,2.49,,64.41,11.11,0.21,0.08,
IE000JTPK610,3.6815,9.5899,5.4338,,,17.9134,,8.9684,12.0958,1.7963,31.3989,7.183,1.6014,0.3376,
IE000JUB0QM2,2.34,8.67,6.76,,4.98,39.98,,7.99,7.45,,10.88,3.15,4.8,,3.0
IE000JUREXG2,,,,,,6.89,69.31,,,,,,,,23.8
IE000JXFRNI0,,,,,,,99.9099,,,,,,,0.0901,
IE000JZ473P7,2.32,5.76,8.77,,2.93,13.18,,8.68,9.21,,45.84,0.79,2.2,,0.33
IE000K1P4V37,,8.772,2.0137,,,14.6931,,11.5095,12.1595,5.402,35.6024,5.2606,2.6636,,1.9236
IE000K1VI152,,,,,,,98.9139,,,,,,,1.0862,
IE000K22VCJ6,,,,,,,98.8919,,,,,,,1.1081,
IE000K44CW70,3.4,7.36,5.66,,6.58,21.67,0.46,7.48,4.25,,3.47,5.95,7.62,,26.48
IE000K4JG8P9,3.38,6.36,8.78,,3.03,14.24,,9.14,8.15,,46.05,0.74,2.24,,0.46
IE000K54GGV6,2.77,5.91,8.63,,2.92,13.89,,8.67,8.36,,45.25,0.77,2.18,,0.65
IE000K5F6EL4,1.81,7.54,5.91,,2.11,37.94,,3.18,13.53,,27.88,,,,0.1
IE000K7PC2G4,9.05,9.32,5.04,,4.9,24.85,,6.7,24.98,,8.14,1.57,1.92,,3.53
IE000K975W13,,,,,,,,,,,,,,,
IE000K9Z3SF5,10.1,5.5,5.8,,2.6,15.3,,4.6,21.3,0.4,30.6,0.6,3.2,,
IE000KBUL630,4.9017,9.6749,11.4909,,10.9602,12.9064,,27.5769,13.2357,,3.3373,3.7016,2.2145,,
IE000KCKFHE8,5.4742,10.5137,5.0463,,4.8271,23.1313,,6.8818,11.6928,,18.8694,7.7478,,,5.8157
IE000KCS7J59,6.26,4.56,5.19,,3.17,20.34,,2.35,6.0,,48.35,2.04,1.73,,
IE000KD0BZ68,,,,,,,,99.9411,,,,,,,0.0589
IE000KDY10O3,,,,,,24.88,,,4.57,,70.36,,,,0.19
IE000KEFZYE7,7.93,4.33,3.83,,3.91,21.22,,2.04,6.11,,47.4,2.0,1.95,,
IE000KF370H3,,,,,,,,,,,,,,,100.0
IE000KG7KXI7,,,,,,95.76,,,1.97,,2.27,,,,
IE000KHX9DX6,72.89,,0.14,,,,,,3.35,,,,,,23.62
IE000KIQ3DT5,,,,,,,,,,,,,,,
IE000KJPDY61,1.5447,7.3264,6.8459,,5.9226,14.0975,,9.6137,10.483,1.1316,26.5646,9.6639,4.358,2.448,
IE000KL4O2Z8,,,,,,,,,,,,,,,
IE000KLC2EN9,,,,,,,,,77.5,,4.79,0.88,,,16.83
IE000KLSD4Y8,3.83,5.88,8.42,,3.66,17.39,,8.82,11.24,,35.95,1.27,2.5,,1.04
IE000KPJJWM6,7.24,5.71,7.19,,,25.27,0.01,4.18,5.79,,38.05,2.54,0.97,,3.06
IE000KR2IEH1,,,,,,,,,,,,,,,
IE000KTD59H4,3.5794,8.9003,4.7439,,3.9896,16.7551,,8.6261,10.659,,30.8915,7.9446,,,3.9104
IE000KXCEXR3,2.1291,4.7929,5.1217,,,13.4216,,12.2242,8.813,2.235,36.7098,11.3287,,,3.224
IE000KXM3O48,,,,,,,,,,,,,,,
IE000KXMLOD6,0.3565,9.6284,8.7743,,0.3055,49.6459,,0.3409,5.9924,8.1521,0.915,4.6684,10.3977,0.8228,
IE000KXNPEV8,,,,,,,,,,,,,,,
IE000KXTLDE2,0.66,,,,,,,0.77,0.28,,98.17,,,,0.12
IE000KYX7IP4,,,,,,100.0,,,,,,,,,
IE000L00POB4,,,,,,,,,,,,,,,
IE000L0X6L81,1.57,1.06,,,,38.38,36.38,,2.47,,1.31,2.28,8.07,,8.5
IE000L2SA8K5,0.95,11.83,8.17,,2.06,1.37,,9.79,15.02,,38.43,8.51,3.87,,
IE000L2TO2T2,3.13,4.59,4.23,,0.03,39.36,0.21,5.58,7.38,,1.81,4.59,1.69,,27.51
IE000L2ZNB07,3.13,7.03,8.45,,,15.85,,9.59,4.99,,49.19,0.96,0.18,,0.63
IE000L4EH2K5,,0.94,0.26,,,,,98.62,,,,,,,0.18
IE000L5NW549,2.2066,5.664,2.9957,,5.459,18.8243,,10.7199,18.6172,1.4233,24.416,6.6453,2.4199,0.6088,
IE000LAP5Z18,5.3734,9.4647,7.0432,,,18.5383,,16.0917,15.6572,6.7283,14.9715,4.0115,,,2.1202
IE000LCKJ888,,,,,,,,,,,,,,,
IE000LEIJUY9,,2.9093,6.8835,,14.8612,26.4785,,9.3121,17.0691,,7.4807,10.108,4.7677,,0.1299
IE000LETV955,3.4,7.36,5.66,,6.58,21.67,0.46,7.48,4.25,,3.47,5.95,7.62,,26.48
IE000LEVKOK2,,,,,,,,,,,,,,,
IE000LFC57H7,6.15,8.09,4.87,,4.9,0.68,,14.99,12.15,0.93,45.99,0.47,0.45,0.33,
IE000LG8P349,,,,,,,,,,,,,,,
IE000LGHLQ71,4.13,9.09,7.7,,2.91,44.2,,6.61,9.35,,5.18,4.77,6.07,,
IE000LGWDNE5,,2.24,,,,,,,4.43,2.36,86.51,4.43,,0.03,
IE000LH4DDC2,,,,,,,,,,,,,,,
IE000LHP8TA1,0.44,0.51,0.29,,2.24,12.68,13.36,0.89,2.59,,0.42,0.55,2.28,,63.76
IE000LJ2O0V5,,,,,,,,,,,,,,100.0,
IE000LKGEZQ6,6.48,7.05,8.96,,3.52,40.48,,4.69,10.82,,1.9,4.77,5.7,,5.64
IE000LO4MAC0,,,,,,,,,0.1249,,99.508,,,0.3672,
IE000LOAUP03,4.34,9.62,6.62,,4.45,26.69,0.07,4.13,20.81,,16.2,1.87,4.88,,0.32
IE000LRGEN55,5.67,7.85,2.93,,4.97,23.32,,17.85,16.95,,16.6,1.28,2.59,,0.02
IE000LRRPK60,4.23,13.86,7.61,,,6.92,,16.67,16.87,,25.73,2.63,,,5.48
IE000LSFKN16,,,,,,,,,,,,,,,
IE000LSRKCB4,,,,,,,,,,,,,,,
IE000LST78X7,,,,,,,,,,,,,,,
IE000LTA2082,3.35,0.56,0.79,,0.05,1.33,,,89.66,,4.05,,0.19,,
IE000LUZJNI7,6.75,8.7,9.08,,3.29,22.76,,9.64,21.84,2.57,3.97,5.47,5.92,,
IE000LVB7GJ9,,89.07,9.43,,,0.42,,,0.08,,,,,,1.0
IE000LW5CCQ4,,,,,,,,,,,,,,,
IE000LX17BP9,5.41,7.14,5.15,,2.36,31.98,0.04,5.54,7.73,,1.94,3.01,4.93,,24.77
IE000LXEN6X4,3.745,10.0595,4.5847,,0.1859,31.4744,,5.7362,20.0041,,15.8849,2.7528,5.1025,0.4701,
IE000LYBU7X5,5.17,2.62,3.72,,1.76,22.84,,11.76,7.06,,38.4,4.16,2.51,,
IE000LZ7BZW8,,,,,,,60.5048,,,,,,,39.4952,
IE000LZC9NM0,,,,,,,,,,,,,,,
IE000LZI2UH4,7.07,19.69,1.18,,7.92,5.42,,5.33,16.74,,5.13,1.44,1.49,,28.59
IE000M02BVY5,8.47,7.93,1.98,,0.11,6.05,,4.5,10.16,,2.34,6.83,5.08,,46.55
IE000M07S996,,,,,,,,,,,,,,,
IE000M284BG0,,,,,,,,,,,,,,,
IE000M3UHD88,3.93,,1.65,,8.06,3.25,40.34,,2.22,,,1.93,3.64,,34.98
IE000M46QA27,1.8444,9.5025,4.5878,,3.4426,12.3034,,9.2337,8.9979,,36.0943,9.941,2.1074,0.1277,1.8173
IE000M4Z0RA5,,,,,,,,,,,,,,,
IE000M6STPW4,,,,,,,67.26,,,,,,,,32.74
IE000M7V94E1,2.79,,,,37.73,,6.94,,44.33,,,,8.2,,0.01
IE000M86QRT4,5.3734,9.4647,7.0432,,,18.5383,,16.0917,15.6572,6.7283,14.9715,4.0115,,,2.1202
IE000M8NCUC9,,,,,,,,,,,,,,,
IE000MAO75G5,5.3194,6.2083,8.1921,,5.043,25.2645,,12.9264,18.9697,0.6201,9.1056,3.2651,4.6569,0.4288,
IE000MC1J5C5,,9.2788,3.5012,,2.6918,12.2637,,10.1498,8.6381,2.1877,37.3304,9.8193,,,4.1392
IE000MCVFK47,0.28,2.4,,,,42.62,,,11.16,,0.14,,19.31,,24.09
IE000MDKBOB3,,,,,,,,,,,,,,,
IE000ME8PWJ4,,,,,,,,,,,,,99.6392,,0.3608
IE000MELAE65,,,,,99.3683,,,,,,,,,0.6317,
IE000MGAVJV3,1.8386,10.0933,4.4839,,2.513,11.0784,,10.7449,8.4351,1.8513,37.5276,10.0691,1.0847,0.28,
IE000MINO564,2.17,13.84,9.63,,4.48,28.8,,11.06,9.95,,9.87,0.97,2.45,,8.25
IE000MIXAK02,2.25,7.82,5.97,,6.04,30.1,0.22,9.74,7.28,,10.3,3.16,4.96,,12.16
IE000MJ79846,,,,,,,,,,,,,,,
IE000MJIXFE0,2.6213,8.9446,3.5427,,3.6933,13.7062,,9.6721,8.5403,,36.107,9.2453,,,3.9272
IE000MKIH0W7,5.25,5.71,6.35,,5.99,22.18,,12.12,9.63,,27.87,1.14,2.84,,0.92
IE000MLMNYS0,5.0464,9.2844,6.554,,4.2504,15.6953,,13.1611,16.6061,5.5121,14.0075,3.8719,5.7651,0.2456,
IE000MMRLY96,,,,,,,,,,,,,,,
IE000MNNJDT4,,,,,,95.83,,,1.91,,2.26,,,,
IE000MO2MB07,,,,,,68.01,,,,,12.09,17.64,,,2.26
IE000MO5BTJ4,5.72,14.76,0.6,,6.39,8.83,,3.01,8.67,,2.35,3.52,1.57,,44.59
IE000MQ5XEW1,,,,,,,,,,,,,,,
IE000MRIQ479,9.01,6.56,7.14,,6.1,33.17,,3.55,18.04,,5.77,1.95,8.15,,0.56
IE000MS76E73,,,,,,,,,,,,,,,
IE000MS9DTS9,8.52,,2.1,,53.3,,,,27.15,,,,8.43,,0.51
IE000MTYM4K8,2.54,7.5,8.15,,3.63,15.85,,10.89,8.72,,37.12,3.0,1.6,,1.01
IE000MU0FDZ8,0.74,4.98,10.31,,2.27,11.43,,8.63,6.33,,53.29,1.14,0.84,,0.04
IE000MUAJIF4,4.16,4.32,9.5,,1.01,43.02,,3.82,13.15,,1.62,2.32,3.41,,13.67
IE000MVWFDH1,,,,,,,,,,,,,,,100.0
IE000MW6GT38,3.0227,15.604,3.3438,,0.5794,18.3596,,5.4258,24.0005,2.4915,18.8073,7.182,0.6358,0.5475,
IE000MWUQBJ0,4.36,9.66,6.65,,4.47,26.79,,4.15,20.89,,16.26,1.88,4.9,,
IE000MY0C911,2.02,3.62,4.44,,4.14,26.21,0.04,4.77,5.47,,3.58,2.82,6.74,,36.16
IE000MYCJA42,2.6213,8.9446,3.5427,,3.6933,13.7062,,9.6721,8.5403,,36.107,9.2453,,,3.9272
IE000MZFIJ99,6.43,11.92,7.45,,6.02,39.47,,6.1,7.59,,7.95,5.37,1.61,,0.09
IE000N0TTJQ9,,,,,,,,,,,,,,,
IE000N1ZEIG9,2.25,8.64,4.26,,2.28,12.25,,9.73,7.96,1.83,39.56,9.56,1.66,0.03,
IE000N3TZN02,,,,,,,,,,,,,,,
IE000N42HDP2,1.77,6.27,7.4,,,17.69,,16.22,9.33,2.17,26.64,10.93,1.32,0.25,
IE000N4E8XZ6,7.63,23.56,2.86,,8.22,14.91,2.17,5.87,19.72,,4.94,4.4,1.94,,4.69
IE000N5JOGS2,,,,,,22.03,39.54,,,,,,,,38.43
IE000N6I8IU2,0.85,5.98,10.7,,0.3,1.14,,3.89,2.58,,68.99,1.08,1.02,,3.47
IE000N6LBS91,3.83,5.88,8.42,,3.66,17.39,,8.82,11.24,,35.95,1.27,2.5,,1.04
IE000N70F6V6,9.26,10.36,6.09,,8.6,31.9,0.03,6.29,11.69,,6.99,4.76,3.61,,0.43
IE000N7LUK04,,,1.27,,,,,,2.76,,95.7,,,,0.27
IE000N85G7P8,,9.3799,4.5157,,3.563,12.0934,,9.6661,8.8302,,36.7265,9.5362,2.0265,,3.6624
IE000N921WJ6,3.81,5.88,8.4,,3.63,17.29,0.61,8.76,11.12,,35.85,1.27,2.51,,0.88
IE000N990RE2,23.93,4.46,0.58,,,25.02,,25.82,1.02,,13.72,4.76,,,0.69
IE000NA8E2W0,2.09,5.65,4.61,,6.01,37.89,,7.56,5.08,,6.43,3.82,3.69,,17.18
IE000NAFAKL6,,,,,,,,,,,,,,,
IE000NBRE3P7,3.9,6.06,3.74,,,50.32,3.68,5.34,7.5,,3.41,3.17,1.3,,15.53
IE000NDWFGA5,8.52,,2.1,,53.3,,,,27.15,,,,8.43,,0.51
IE000NFR7C63,,24.5719,,,,0.8006,,,7.3805,,42.987,23.9599,,0.3001,
IE000NITTFF2,0.2787,7.9264,1.2888,,0.5237,4.8229,,5.8969,8.1762,0.4162,54.1847,16.0855,0.267,0.1331,
IE000NKC01D0,,,,,,0.07,76.23,,,,,,,,23.7
IE000NL12KM9,1.65,2.81,4.89,,6.71,26.18,1.61,5.07,3.75,,8.72,3.62,8.0,,27.43
IE000NM0ALX6,,100.0,,,,,,,,,,,,,
IE000NRGX9M3,4.66,6.4,8.71,,0.06,32.48,,16.76,11.35,,13.88,2.72,0.6,,2.38
IE000NVDQXE1,,,,,,,,,96.69,,,,,,3.31
IE000NVVIF88,4.87,4.87,2.09,,0.16,24.68,,3.78,1.99,,53.06,4.08,0.41,,
IE000NX8S1Z1,,,5.03,,,6.71,,,36.91,,20.34,,30.42,,0.59
IE000NXF88S1,,,,,100.0,,,,,,,,,,
IE000NYVK0R8,1.76,4.46,8.33,,6.53,13.84,2.76,11.27,11.87,,35.11,,,,5.61
IE000NZURBQ4,,,,,,,,,,,,,,,
IE000O0KDG23,,4.96,1.86,,,23.22,,6.66,2.96,,58.64,,1.69,,
IE000O1FWAW6,2.28,7.05,1.87,,1.19,7.2,0.38,4.27,4.64,,,3.64,4.36,,63.28
IE000O2QIHN4,,,,,,,,,,,,,,,
IE000O36LOH8,1.56,5.44,5.85,,4.37,55.5,,5.53,7.41,,11.42,0.9,1.77,,0.25
IE000O50THD5,1.6664,9.3174,5.2543,,5.4296,16.2991,,7.1337,14.9517,0.4244,31.6728,6.9284,0.6112,0.3109,
IE000O58J820,3.13,7.03,8.45,,,15.85,,9.59,4.99,,49.19,0.96,0.18,,0.63
IE000O5FBC47,1.5088,8.2146,4.1731,,,12.8617,,11.0652,7.5906,1.9047,42.1761,9.9123,,,0.593
IE000O5M6XO1,,,,,,,,100.0,,,,,,,
IE000O6GI299,1.53,3.81,1.57,,3.13,33.45,,2.0,4.53,,0.7,1.76,6.59,,40.93
IE000O6Z73N7,6.59,18.01,,,,,,,38.46,,36.32,,,,0.62
IE000O8KMPM1,6.56,,3.73,,,,,88.34,,,,,,,1.37
IE000O8S1EX4,14.21,2.86,2.08,,,1.58,,,43.7,,18.74,,15.92,,0.91
IE000OAZZ3X6,5.95,10.1,7.49,,3.6,20.46,,11.73,16.47,,15.57,1.09,6.25,,1.29
IE000OBK3UE0,,,,,,,,,,,,,,,
IE000OEF25S1,7.26,9.81,6.7,,4.07,18.69,,9.43,18.88,4.41,10.7,4.62,5.34,0.09,
IE000OHEH5Y9,3.87,8.99,4.0,,5.34,17.29,,8.49,12.01,0.71,28.94,7.61,2.72,0.04,
IE000OHHIBC6,3.3614,8.8887,4.961,,4.0854,16.3625,,9.4485,11.4641,1.637,29.0624,7.8535,2.3989,0.4766,
IE000OHXGWO8,,,,,,,,,,,,,,,
IE000OJ31JQ4,,,,,,,,,,,,,,,
IE000OJ5TQP4,,,,,,,,,66.49,,33.39,,,,0.13
IE000OJF8NN4,,,,,,,,,,,,,,,
IE000OKVTDF7,3.7744,6.7375,3.0796,,2.8511,16.3934,,13.8957,7.6403,1.6444,35.5868,6.2057,1.9706,0.2205,
IE000OL3XN92,3.6997,8.6575,4.6227,,3.8171,17.9067,,8.474,10.8618,1.7419,29.8427,7.4591,2.3685,0.5482,
IE000OLIUP21,4.0033,14.1128,3.0594,,0.8374,18.7524,,5.2971,24.5715,2.1946,19.5076,6.3889,0.4228,0.8522,
IE000ON9GR24,,,,,,,,,,,,,,,
IE000ONYHPZ2,2.51,7.31,6.39,,4.85,33.01,,7.88,6.04,,8.28,2.75,6.47,,14.51
IE000OPODKS3,2.46,5.66,9.04,,3.13,13.37,,9.14,9.7,,44.24,0.9,2.25,,0.12
IE000OQGOX00,,,,,,,,,,,,,,,
IE000OULL4R4,2.39,5.69,8.85,,3.03,13.04,,8.85,9.39,,45.19,0.84,2.15,,0.58
IE000OV4XWA3,,,,,,,,,,,,,,,100.0
IE000OVF8Q66,5.4757,7.0083,1.8505,,3.6825,17.4192,,2.3464,5.1083,0.3157,39.4618,5.4889,0.9383,10.9044,
IE000OW54ZX1,,,,,,,,,,,,,,,
IE000OXJ91D7,2.83,6.79,8.9,,,19.62,,12.0,8.49,,37.48,2.46,1.15,,0.28
IE000OY7BDY9,2.91,5.65,8.61,,3.64,14.51,0.02,8.46,9.44,,43.23,0.83,2.13,,0.57
IE000OYABFQ2,5.67,7.85,2.93,,4.97,23.32,,17.85,16.95,,16.6,1.28,2.59,,0.02
IE000P0AMD16,,,,,,,,,,,,,,,
IE000P0FL8E3,,,,,,,,,,,,,,,
IE000P0R7WK6,,,,,,6.66,61.69,,4.37,,,,5.06,,22.27
IE000P16KP52,,,,,,,,,2.19,,97.45,,,,0.36
IE000P1G9TM6,5.02,,,,34.68,46.01,,2.41,4.42,,,,5.85,,1.65
IE000P1IQS65,3.0661,8.471,4.4566,,4.4176,15.5977,,9.5846,12.2357,1.6921,29.5799,8.4274,1.9996,0.4718,
IE000P1WR081,9.09,4.68,1.78,,1.89,22.34,,2.08,3.83,,53.61,0.24,0.45,,0.01
IE000P2CI9P3,1.8351,4.0108,3.0532,,7.6777,47.8338,,1.6764,13.2567,3.0535,1.0444,4.4971,11.447,0.6144,
IE000P2WSBY0,1.34,4.86,1.67,,3.37,38.77,,8.21,3.53,,7.71,4.08,7.42,,19.04
IE000P334X90,5.55,5.48,4.94,,2.62,22.35,,2.25,7.06,,47.17,1.18,1.15,,0.25
IE000P3D0W60,11.75,2.55,0.56,,,,,,53.59,,1.62,,20.75,,9.18
IE000P4KWPY3,3.43,6.85,5.12,,3.17,49.01,,4.83,8.12,,2.56,3.35,5.84,,7.74
IE000P5IB8I8,3.85,9.71,8.28,,2.18,35.72,,8.36,11.18,,2.22,6.14,7.84,,4.52
IE000P60WPS6,3.3856,8.8945,4.9689,,4.0968,16.4662,,9.5186,11.38,1.6664,29.3063,7.8737,2.441,,
IE000P7C7930,,,,,,,,,,,,,,,
IE000PA766T7,4.16,4.32,9.5,,1.01,43.02,,3.82,13.15,,1.62,2.32,3.41,,13.67
IE000PB4LRO2,3.0627,8.6125,4.2102,,3.7699,17.1799,,9.9879,10.8644,,29.9154,7.8024,,,4.5947
IE000PBKBK34,,,,,,,,,,,,,,100.0,
IE000PCF9772,,,,,,,99.4976,,,,,,,0.5024,
IE000PDUVTF3,2.46,5.66,9.04,,3.13,13.37,,9.14,9.7,,44.24,0.9,2.25,,0.12
IE000PEAJOT0,2.1599,8.6724,5.471,,,11.8422,,9.704,8.7098,2.047,37.7603,13.068,,,0.5653
IE000PEYL7P5,,61.5,36.94,,,,,,,,0.78,,,,0.78
IE000PH09T78,1.87,6.85,10.22,,2.93,14.52,,9.6,8.89,,43.76,0.69,0.66,,
IE000PHR51Q6,5.4757,7.0083,1.8505,,3.6825,17.4192,,2.3464,5.1083,0.3157,39.4618,5.4889,0.9383,10.9044,
IE000PJL7R74,1.72,5.52,3.46,,,19.42,,8.01,8.7,5.95,41.03,4.92,0.99,0.27,
IE000PKN5N58,,,,,,,,,2.51,,,,,,97.49
IE000PL3UFC3,,0.0169,,,,,,0.3764,,98.2804,0.6357,,,0.6906,
IE000PMX0MW6,,,,,,,,,,,,,100.0,,
IE000PN9NSC6,,,,,,,77.15,,,,,,,,22.85
IE000PNL0242,,,,,,,,,,,,,,,
IE000PO34ON2,,,,,,,31.64,,,,,,,,68.36
IE000PPEL1I4,,,,,,,,,,,,,,,100.0
IE000PQQLZM7,0.44,0.51,0.29,,2.24,12.68,13.36,0.89,2.59,,0.42,0.55,2.28,,63.76
IE000PS0J481,11.47,,,,,,,,65.0,,0.15,7.74,12.56,,3.08
IE000PTMIE90,12.8628,0.8214,0.1459,,0.5061,,,,82.9834,,2.359,,0.11,0.2116,
IE000PUAKZP8,,,,,,,,,,,,,,,
IE000PWGE381,2.0,5.73,4.59,,,0.4,,2.71,2.39,,79.85,0.78,0.19,,1.36
IE000PWSK6H1,2.21,4.74,4.02,,,1.41,0.52,4.99,4.67,,,2.39,3.34,,71.82
IE000PXXRS03,6.8,7.77,7.69,,3.91,25.64,,12.88,18.87,,11.22,1.63,3.35,,0.24
IE000PY7F8J9,12.26,6.76,1.05,,,5.96,,,59.37,,7.58,,5.74,,1.29
IE000PYEKKW0,6.6922,1.6121,13.5986,,2.4144,29.9089,,8.3292,13.1719,3.8494,7.3978,3.9574,8.696,0.3721,
IE000PYHMXV4,0.5833,8.2744,2.3904,,3.3604,8.912,,15.1597,11.6674,2.6362,39.2484,5.9625,1.6426,0.1628,
IE000PYIUPH0,,,,,,,99.9421,,,,,,,0.0579,
IE000Q0CAPZ0,,,,,,,,,,,,,,,
IE000Q0IU5T1,0.76,,,,,,,,0.2,,99.02,,,,0.03
IE000Q0UH3Y7,10.2,17.88,5.27,,0.6,16.72,2.49,6.03,17.83,,3.15,10.95,6.21,,4.55
IE000Q1M7HB8,,,,,,,,,,,,,,,
IE000Q2EQ5K8,,,,,,,99.6422,,,,,,,0.3578,
IE000Q2P3ZQ3,,,,,,,,,,,,,,,
IE000Q4EBR54,5.8895,10.8423,3.8133,,4.8674,14.3626,,11.0234,25.0197,7.5834,12.4575,1.4937,2.6472,,
IE000Q4J3CW6,4.94,7.93,5.17,,3.52,26.74,,4.73,19.98,,16.22,2.45,6.57,,1.75
IE000Q5CPXZ1,2.8676,9.3908,2.7813,,2.4651,16.9689,,10.2981,11.1543,,32.0673,8.5085,,,3.4981
IE000Q6C8036,2.0304,4.8776,5.0855,,2.8241,13.5654,,11.5007,8.9425,2.2783,35.3402,11.7929,,0.3668,1.3957
IE000Q8F0M81,,,,,,,,,,,,,,,
IE000Q8N7WY1,,,,,,,,,,,,,,,
IE000Q9W2IR3,,2.7384,,,,11.7762,,31.2608,12.768,,34.2526,6.8526,,0.3514,
IE000QADMYA3,2.72,4.32,3.79,,0.08,40.45,,6.01,6.07,,1.99,4.83,1.55,,28.19
IE000QAO7DD4,2.51,7.31,6.39,,4.85,33.01,,7.88,6.04,,8.28,2.75,6.47,,14.51
IE000QB5HJC8,,,,,,,99.4976,,,,,,,0.5024,
IE000QC2YB58,7.32,7.01,6.88,,4.88,29.01,,8.52,15.15,,13.7,2.63,4.14,,0.76
IE000QDFFK00,1.0125,11.1839,6.6375,,0.537,0.2331,,3.7915,3.7867,,57.3,14.275,1.196,0.0468,
IE000QF66PE6,2.1,4.9,5.1,,2.6,13.4,,11.7,9.2,2.3,35.0,12.2,1.4,,
IE000QGWZZO0,5.29,10.93,6.18,,0.86,19.05,,5.62,17.74,,28.0,4.99,0.92,,0.43
IE000QIF5N15,3.2446,8.9098,5.0117,,4.0684,16.456,,9.428,11.0195,,29.6615,8.2017,,,3.9989
IE000QJMYB29,2.0,7.7,5.39,,6.13,28.4,0.76,8.5,7.82,,11.65,1.42,5.47,,15.18
IE000QL3QEM2,,,,,,0.04,75.85,,,,,,,,24.11
IE000QLV3SY5,3.44,2.84,5.87,,,22.39,,3.25,8.64,,49.85,1.57,2.16,,
IE000QMIHY81,3.89,5.92,8.52,,3.67,17.45,,8.86,11.22,,36.32,1.28,2.51,,0.36
IE000QOLLXO2,6.39,3.99,6.52,,,27.91,,16.82,17.02,,13.44,2.06,5.38,,0.47
IE000QOU09J7,3.6008,26.814,0.7982,,4.785,34.4299,,2.9883,3.2067,1.034,5.6575,15.5659,0.3089,0.8109,
IE000QQ8Z0D8,,9.2788,3.5012,,2.6918,12.2637,,10.1498,8.6381,2.1877,37.3304,9.8193,,,4.1392
IE000QRDCYW2,,,,,,,99.4584,,,,,,,0.5416,
IE000QUCVEN9,,,,,,15.04,,7.17,34.66,,,15.91,27.22,,
IE000QUOSE01,4.66,6.4,8.71,,0.06,32.48,,16.76,11.35,,13.88,2.72,0.6,,2.38
IE000QVCOG22,9.74,8.1,8.75,,7.62,4.41,8.37,12.99,7.87,,31.87,,,,0.29
IE000QVCP9S5,,,,,,,77.15,,,,,,,,22.85
IE000QVOGR82,,,,,,,,,,,,,,,
IE000QVYFUT7,,,,,,,,,,,,,,,100.0
IE000QWCYQT0,2.8676,9.3908,2.7813,,2.4651,16.9689,,10.2981,11.1543,,32.0673,8.5085,,,3.4981
IE000QWO5FT3,5.0857,14.83,4.4016,,,16.9365,,5.9961,25.791,2.6656,16.5136,7.4259,,0.3541,
IE000QYDXKV5,0.67,3.58,10.8,,14.54,41.76,,12.14,4.56,,0.44,1.44,10.06,,
IE000QZ7JON9,2.46,5.66,9.04,,3.13,13.37,,9.14,9.7,,44.24,0.9,2.25,,0.12
IE000QZF7EX2,19.2702,2.2179,10.2895,,8.694,38.9071,,0.4793,8.0577,1.5858,,2.9561,6.5325,1.01,
IE000R3K9FF7,3.3877,8.8598,4.2474,,3.8182,17.4753,,9.8163,10.6692,1.8036,29.2396,7.7669,2.365,0.5508,
IE000R4ZNTN3,7.2676,7.5918,6.151,,5.4753,27.5991,,9.0699,17.8014,1.4201,10.184,3.5621,3.5171,0.3606,
IE000R65LK54,,,,,,,,,,,,,,,
IE000R6TN604,,,,,,,,,,,,,,,
IE000R7DCW45,7.07,19.69,1.18,,7.92,5.42,,5.33,16.74,,5.13,1.44,1.49,,28.59
IE000R7HJVO6,1.6546,9.6342,4.1023,,3.6397,11.2832,,9.9478,9.2832,1.3305,36.5628,9.8699,1.7531,0.9387,
IE000R85HL30,,2.5785,,,,10.1142,,20.9981,9.7987,6.8491,42.6383,4.8644,2.1587,,
IE000R88UVN6,7.07,19.69,1.18,,7.92,5.42,,5.33,16.74,,5.13,1.44,1.49,,28.59
IE000R8PO127,16.17,,,,2.24,,,,75.79,,3.65,1.16,0.4,,0.59
IE000R9FA4A0,2.0979,4.724,5.0385,,2.9332,13.242,,12.0541,9.0115,2.2168,35.9185,11.1693,1.3415,0.2526,
IE000RBFCPY3,,,,,,0.07,76.23,,,,,,,,23.7
IE000RC18FG8,4.25,7.43,7.8,,13.45,25.19,0.52,7.25,8.11,,12.29,2.7,7.06,,4.4
IE000RC2UNU0,2.15,4.83,6.56,,,24.15,,11.78,7.77,,38.02,1.19,1.73,,1.82
IE000RDRMSD1,,,,,,28.9647,,,,,66.4667,4.4224,,0.1462,
IE000RE0SQM6,3.71,8.54,12.17,,2.65,13.66,,13.62,12.15,,24.04,0.94,4.89,,3.63
IE000REC8UF0,1.37,0.75,1.02,,4.3,13.48,0.42,3.29,4.71,,7.51,3.5,5.07,,54.77
IE000REVDBO3,1.57,1.06,,,,38.38,36.38,,2.47,,1.31,2.28,8.07,,8.5
IE000RH1ZG27,,,,,,,,,,,,,,,
IE000RITWOD4,6.8,7.77,7.69,,3.91,25.64,,12.88,18.87,,11.22,1.63,3.35,,0.24
IE000RJECXS5,,,,,,,,,,,,,,,
IE000RJL5A30,1.65,2.81,4.89,,6.71,26.18,1.61,5.07,3.75,,8.72,3.62,8.0,,27.43
IE000RKSAPB9,5.48,8.98,2.23,,1.19,8.81,1.31,4.22,9.4,,2.19,8.44,4.55,,43.83
IE000RLUE8E9,0.25,3.21,,,,19.62,,12.14,6.87,10.22,46.26,0.65,0.79,,
IE000RLUVMR2,,,,,,,98.9609,,,,,,,1.0391,
IE000RMSPY39,21.65,9.69,5.94,,,3.45,,,53.58,,5.68,,,,
IE000RN036E0,,,,,,98.75,,,,,,,,,1.25
IE000RN4ORI2,,,,,,,,,,,,,,,
IE000RN58M26,0.12,9.73,1.0,,,19.0,0.08,2.85,2.88,,62.7,1.29,,,0.35
IE000ROSD5J6,98.9873,0.0437,,,0.0649,,,,0.4274,,0.1207,,0.023,0.3329,
IE000RQJBQI6,3.1,6.34,9.71,,1.18,8.75,0.02,9.61,10.24,,,6.39,5.34,,39.32
IE000RRCJI06,0.2,5.62,6.08,,3.92,32.86,,4.79,4.14,,7.95,4.29,4.81,,25.34
IE000RSCXLM4,2.84,7.71,7.69,,3.25,13.16,,9.02,7.68,,43.49,0.97,3.02,,1.17
IE000RTQ5X23,,4.45,12.0,,2.53,8.56,,6.94,1.42,,64.06,,,,0.05
IE000RUEGGK5,,,,,,,99.892,,,,,,,0.108,
IE000RUF4QN8,1.0,11.0,6.3,,0.5,0.2,,4.0,3.9,,58.4,13.4,1.2,,
IE000RW7V8Q4,,,,,,4.5,7.52,,,,,,,,87.98
IE000RWQ7DN4,,,,96.885,,,0.454,,,,,,,2.6611,
IE000RYWBSX8,,,,,,,,,,,,,,,
IE000S0PSP47,,,,,,,68.9,,,,,,,,31.1
IE000S23Q7H3,,,,,,10.56,63.86,,,,,,,,25.92
IE000S2QZKI8,1.67,0.94,1.6,,3.77,29.12,0.04,2.94,3.09,,1.63,1.44,6.65,,47.11
IE000S3N6R34,6.19,4.57,5.2,,3.14,20.2,,2.35,5.98,,48.03,2.02,1.74,,0.58
IE000S4A5WE2,2.6,5.5,8.43,,2.56,11.51,,8.62,8.69,,48.97,1.12,1.91,,0.09
IE000S6476U8,10.12,8.76,21.29,,,18.8,,6.66,20.93,,9.06,3.51,0.91,,
IE000S67ID55,,,,,,,,,,,,,,,
IE000S9T0WR9,3.09,2.26,3.85,,,8.06,,14.3,15.24,,52.94,,,,0.26
IE000SA19OL0,,,,,,,,,,,,,,,
IE000SAXJ1M1,,,,,,,,,,,,,,,
IE000SB4G4I4,1.04,6.14,11.11,,0.45,0.77,,3.54,3.59,,68.76,1.16,1.13,,2.31
IE000SB9GY21,5.72,14.76,0.6,,6.39,8.83,,3.01,8.67,,2.35,3.52,1.57,,44.59
IE000SBJO6L2,6.21,4.87,4.85,,4.08,30.97,0.3,3.84,8.68,,,4.64,7.96,,23.85
IE000SBU19F7,11.96,9.23,13.31,,1.77,11.35,,22.75,16.16,,10.15,,0.68,,2.64
IE000SC8O430,,,,,,,,,0.3,,99.71,,,,
IE000SCAG5Q1,4.88,5.9,2.99,,8.23,23.36,,9.61,6.3,,8.44,1.36,6.72,,22.21
IE000SDFJUU0,,,,,,,,,,,,,,,
IE000SE6KPV2,2.58,3.24,4.38,,,41.55,,2.92,7.84,,2.87,5.02,5.08,,24.53
IE000SGVQIZ9,15.81,6.13,6.05,,2.88,51.97,,3.75,6.92,,0.87,2.03,3.59,,
IE000SHR0UX9,3.85,8.95,4.77,,4.07,17.11,,8.3,10.5,1.68,30.47,7.54,2.47,0.29,
IE000SI9E3I8,,,,,,,,,,,,,,,
IE000SIZJ2B2,5.49,5.53,2.78,,1.86,28.63,22.76,6.04,5.76,,2.3,3.34,3.82,,11.69
IE000SNCKVM9,3.14,5.79,7.9,,1.29,17.54,,3.58,19.11,,37.49,4.13,,0.02,
IE000SNLFDR7,3.0,7.53,8.82,,3.02,33.88,0.11,5.55,8.11,,2.86,3.81,6.88,,16.54
IE000SNMGYT5,,,,,,,,,,,,,,,
IE000SNWS0L0,3.4922,9.182,2.753,,2.4981,18.0003,,9.2492,10.08,1.7144,32.5869,8.1413,1.655,0.6475,
IE000SOORXS0,,,,,,,,,,,,,,,
IE000SSFEUS3,,,,,,,,,,,,,,100.0,
IE000ST40PX8,,,,,,,,,,,99.75,,,,0.25
IE000ST59DS4,,,,,,,,,,,,,,,
IE000ST7KGV2,,,,,,,,,,,,,,,
IE000STIHQB2,,0.75,0.1,,,12.28,38.16,0.72,0.81,,0.85,0.3,2.46,,43.57
IE000STJ19F2,1.0125,11.1839,6.6375,,0.537,0.2331,,3.7915,3.7867,,57.3,14.275,1.196,0.0468,
IE000SU1VJ03,8.1122,10.1634,3.9843,,4.9541,14.5163,,11.3266,19.5315,7.5926,14.2046,3.0483,2.5597,,0.0063
IE000SU7USQ3,2.48,4.45,4.94,,,23.34,,10.0,9.47,,40.94,0.87,3.51,,
IE000SVXJH05,,15.4406,5.3248,,2.2098,0.9737,,16.8436,15.0839,,35.496,3.7895,4.752,0.0863,
IE000SWSI2U4,2.44,8.58,6.31,,1.92,12.08,,10.3,9.76,,46.18,1.2,0.99,,0.25
IE000SWYZ0D5,,,,,,,,,,,,,,,
IE000SYQFJV2,1.57,1.06,,,,38.38,36.38,,2.47,,1.31,2.28,8.07,,8.5
IE000T369T05,3.6068,17.241,5.668,,,20.7499,,6.7961,18.1968,3.5078,17.4072,6.7117,,0.1194,-0.0046
IE000T4LTZ00,4.12,6.09,7.87,,3.58,18.22,,8.06,10.08,,37.6,1.47,2.51,,0.4
IE000T52YWD9,,,,,,,,,,,,,,,
IE000T5R61X5,2.54,8.74,4.23,,2.38,13.76,,10.45,8.51,2.23,38.71,7.03,1.31,0.12,
IE000T62NEO6,,,,,,,,,,,,,,,
IE000T8E6SX8,,,,,,,98.8991,,,,,,,1.1009,
IE000T8QD852,,,,,,,,,,,,,,,
IE000T9EOCL3,7.7058,10.5887,3.5923,,5.2207,14.2699,,11.5598,18.7415,7.6792,14.68,3.0739,2.1039,0.7841,
IE000T9NSP89,7.43,9.82,2.42,,10.32,11.36,,0.41,7.67,,4.27,3.79,2.48,,40.03
IE000TAA0GK0,,,,,,,,,,,,,,,
IE000TAV7246,,,,,,,67.26,,,,,,,,32.74
IE000TB15RC6,3.83,5.88,8.42,,3.66,17.39,,8.82,11.24,,35.95,1.27,2.5,,1.04
IE000TD32PU3,,,,,,,,,11.53,,,,,,88.47
IE000TD3TI26,6.07,7.12,9.94,,3.29,24.68,,13.12,10.34,,19.74,0.32,3.87,,1.51
IE000TG1LGI4,3.93,7.73,6.63,,2.5,16.81,,9.93,10.86,,37.56,1.65,1.69,,0.71
IE000TGCBXG8,,,,,,,,,,,,,,,
IE000TGSG3Y5,,,,,,,,,,,,,,,
IE000TI21P14,4.51,4.06,5.54,,,27.11,,14.97,18.25,5.69,11.51,3.08,5.29,,
IE000TIZ5AP4,,,,,,,,,,,,,,,
IE000TMJDGV1,,12.68,,,,,,,0.83,,64.92,21.57,,,
IE000TT7HZ88,2.48,4.45,4.94,,,23.34,,10.0,9.47,,40.94,0.87,3.51,,
IE000TVZKNN6,,,,,99.3683,,,,,,,,,0.6317,
IE000TWAN2K7,,,,,,,,,,,,,,,100.0
IE000TY854T9,,,,,,,99.9572,,,,,,,0.0428,
IE000TYGG0N6,3.38,4.49,8.27,,,16.69,,13.07,7.07,,45.31,1.05,0.6,,0.09
IE000TZ4SIN6,3.87,8.99,4.0,,5.34,17.29,,8.49,12.01,0.71,28.94,7.61,2.72,0.04,
IE000TZOB1X7,,3.33,3.49,,0.72,29.17,4.98,1.33,3.34,,2.19,2.01,3.09,,46.35
IE000TZT3JJ0,6.31,5.55,14.1,,11.5,26.11,0.44,11.96,12.95,,4.29,1.46,4.33,,1.0
IE000TZT8TI0,2.8791,6.8935,4.8108,,0.1756,18.3404,,3.696,5.9161,1.7339,39.7323,10.9951,0.8992,,3.9279
IE000U07IGB1,6.68,7.4,1.64,,4.33,22.34,,2.2,7.63,,40.27,5.27,2.04,0.21,
IE000U1MQKJ2,1.2461,6.0453,9.7111,,1.0607,17.2527,,13.6668,11.0107,0.5907,31.1721,7.1025,0.5258,0.6155,
IE000U3XZQN5,4.4604,6.9835,8.5885,,4.0273,24.038,,13.0342,18.6072,0.6314,10.1071,3.4994,5.3857,0.6372,
IE000U58J0M1,0.296,,,,1.7502,,,,32.8379,,24.6064,,39.5367,0.9727,
IE000U5MJOZ6,3.71,8.54,12.17,,2.65,13.66,,13.62,12.15,,24.04,0.94,4.89,,3.63
IE000U6ABUJ7,10.09,,,,,7.65,,,80.8,,1.35,,,,0.11
IE000U6US1Q0,0.46,1.06,0.63,,0.01,13.02,51.97,1.1,1.49,,1.03,0.77,1.78,,26.68
IE000U7L59A3,2.143,9.2979,4.4087,,2.9288,12.3984,,9.4556,8.5461,1.8727,36.7034,9.6761,2.2106,0.3588,
IE000U7LIXH5,,,,,,11.39,,,1.57,,,,,,87.04
IE000U882CN5,,,,,,,59.83,,,,,,,,40.18
IE000U9J8HX9,0.85,5.98,10.7,,0.3,1.14,,3.89,2.58,,68.99,1.08,1.02,,3.47
IE000U9ODG19,2.74,,,,,,,,96.96,,0.14,,,,0.16
IE000UBAW7M3,,9.2684,4.6038,,3.4661,12.2302,,9.5561,8.5538,,37.1674,9.4435,2.067,,3.6437
IE000UBGUJP8,,,,,,,,,,,,,,,
IE000UDFKE13,99.07,,,,,,,,,,,,,,0.93
IE000UDUSCI9,,,,,,,,,,,,,,,
IE000UDV9YG1,,,,,99.2269,,,,,,,,,0.7731,
IE000UERNJ93,,,,,,,,,,,,,,,
IE000UFAX9L6,3.58,7.51,8.72,,3.3,17.21,,9.5,10.93,,36.94,1.29,0.92,,0.11
IE000UIPBPY3,,8.2007,1.1515,,5.5615,51.543,,9.4636,1.7426,,3.4783,9.8192,8.4662,,0.5735
IE000UJC4MR1,3.85,8.95,4.77,,4.07,17.11,,8.3,10.5,1.68,30.47,7.54,2.47,0.29,
IE000UJSC3C9,11.23,13.67,7.14,,0.98,15.85,1.55,2.51,17.25,,2.94,9.46,6.65,,11.7
IE000UKN7GP4,,,,,,,,,,,,,,,
IE000UL6CLP7,98.4,,0.12,,,,,,,,,,,,1.49
IE000UL7AOT5,,,,,,,,,,,,,,,
IE000UM3HMI5,2.97,8.07,7.28,,1.35,33.86,,5.23,15.68,,15.65,2.3,7.06,,0.55
IE000UOXRAM8,4.74,10.3,4.44,,3.3,2.23,,12.01,9.47,0.92,44.35,7.74,0.4,0.09,
IE000UQLOH05,2.72,4.32,3.79,,0.08,40.45,,6.01,6.07,,1.99,4.83,1.55,,28.19
IE000UQND7H4,3.89,5.92,8.52,,3.67,17.45,,8.86,11.22,,36.32,1.28,2.51,,0.36
IE000US24HF4,4.44,5.0,14.31,,5.5,22.25,0.44,12.2,10.52,,19.6,1.46,3.89,,0.62
IE000USQ2N65,1.52,4.49,0.77,,6.98,21.75,1.23,1.11,6.0,,2.79,0.9,1.68,,50.78
IE000UU299V4,,5.72,,,,21.91,,13.3,22.88,,31.33,4.85,,,
IE000UU89RZ0,,,,,,5.74,65.61,,,,,,,,28.65
IE000UWJUW87,,,,,,,,,,,,,,,
IE000UX5WPU4,2.23,4.6,2.42,,2.47,33.66,0.07,1.74,5.6,,0.94,3.44,7.26,,35.57
IE000UXDT343,,,,,,,59.83,,,,,,,,40.18
IE000UXI85C0,,,,,,,,,,,,,,,100.0
IE000UY6XF65,6.21,4.87,4.85,,4.08,30.97,0.3,3.84,8.68,,,4.64,7.96,,23.85
IE000UYVEVN3,5.9172,10.1673,3.2676,,4.9994,14.8503,,10.3617,24.451,7.0331,14.3644,1.5721,3.016,,
IE000UZIKD07,2.15,4.83,6.56,,,24.15,,11.78,7.77,,38.02,1.19,1.73,,1.82
IE000UZO4IC7,3.93,,1.65,,8.06,3.25,40.34,,2.22,,,1.93,3.64,,34.98
IE000UZTA1X0,1.5088,8.2146,4.1731,,,12.8617,,11.0652,7.5906,1.9047,42.1761,9.9123,,,0.593
IE000UZZ5D45,7.2043,10.6376,3.4916,,5.17,14.5925,,11.412,19.5806,7.668,14.9352,,,,5.3082
IE000UZZ5SU2,2.07,5.59,3.22,,1.53,4.61,,8.0,10.78,,60.6,,,,3.62
IE000V0Q8BV4,,,,,,,,,,,,,,,100.0
IE000V3AQGW3,1.0607,11.0269,4.3131,,2.4708,14.8309,,10.9082,8.9683,0.0322,35.9408,9.5051,,0.934,0.0091
IE000V4JSM06,14.21,2.86,2.08,,,1.58,,,43.7,,18.74,,15.92,,0.91
IE000V6KDJC9,3.93,7.73,6.63,,2.5,16.81,,9.93,10.86,,37.56,1.65,1.69,,0.71
IE000V73IL86,,,,,,,,,,,,,,,
IE000V93BNU0,4.33,4.59,0.6,,,20.94,,8.63,12.21,7.15,35.03,2.67,3.85,,
IE000VA628D5,,11.1695,2.8788,,2.1253,7.7085,,5.1988,,,55.8285,15.0354,,0.0553,
IE000VAZZYM3,3.38,6.36,8.78,,3.03,14.24,,9.14,8.15,,46.05,0.74,2.24,,0.46
IE000VCTBRW6,3.15,0.66,1.44,,,1.25,,,90.37,,2.79,,0.16,,0.18
IE000VCYXLY9,,,,,,,,,,,,,,,
IE000VDH1PG3,4.15,,,,,,,,49.57,,9.92,15.92,,,20.44
IE000VDI16Q5,6.75,8.7,9.08,,3.29,22.76,,9.64,21.84,2.57,3.97,5.47,5.92,,
IE000VG2WCW5,,,,,,,,,,,,,,,
IE000VH3JSL8,4.94,7.93,5.17,,3.52,26.74,,4.73,19.98,,16.22,2.45,6.57,,1.75
IE000VJEVNM1,0.05,1.05,0.11,,,15.12,44.3,1.92,0.87,,0.97,1.09,0.91,,33.61
IE000VKU6XC9,,,,,,0.07,76.23,,,,,,,,23.7
IE000VMAR5O6,2.6578,10.4319,3.4226,,5.5615,27.2712,,11.0381,16.2298,2.0278,10.2695,4.4141,2.6075,,4.0683
IE000VML2GZ3,2.0709,8.7903,5.4161,,,12.6247,,9.6094,9.0985,1.7139,38.0872,12.1459,,,0.443
IE000VMQ8IH9,,,,,,,99.5943,,,,,,,0.4057,
IE000VQZQ963,1.78,4.07,4.29,,,33.08,,10.9,11.42,,2.54,7.23,3.79,,20.9
IE000VSFIC94,6.61,13.99,2.19,,6.14,11.37,0.89,3.89,12.48,,4.31,3.24,2.05,,34.1
IE000VU9AUN9,,,,,,,,,,,,,,,
IE000VVBM1F6,4.25,7.43,7.8,,13.45,25.19,0.52,7.25,8.11,,12.29,2.7,7.06,,4.4
IE000VVC8KW9,,,,,,67.88,,,,,,,,,32.12
IE000VZ8BBU9,,,,,,,63.46,,,,,,,,36.54
IE000W080FK3,10.85,7.05,8.61,,1.77,16.61,,9.52,11.09,,31.19,1.84,1.4,,0.08
IE000W1AURU9,8.3964,19.6111,4.6694,,0.6762,7.5561,,10.1376,15.9085,5.1039,5.8049,18.0696,2.0055,1.1672,0.8935
IE000W1S2PT6,,,,,,,,,,,,,,,
IE000W24OG76,4.88,5.9,2.99,,8.23,23.36,,9.61,6.3,,8.44,1.36,6.72,,22.21
IE000W336086,,,,,,,99.892,,,,,,,0.108,
IE000W4A2Q38,,,,,,,,,,,,,,,
IE000W566ZX2,6.6637,9.341,0.5176,,2.4408,5.9409,,4.938,19.8857,2.6715,34.6969,3.9983,6.5701,1.8708,0.4648
IE000W6YTDH7,5.26,8.64,6.14,,1.76,33.34,,7.07,10.7,,1.8,4.18,6.03,,15.08
IE000W85O7M4,2.77,5.91,8.63,,2.92,13.89,,8.67,8.36,,45.25,0.77,2.18,,0.65
IE000W8HP9L8,3.0599,8.5694,4.765,,3.8779,18.0342,,9.2619,11.0565,,29.104,7.9014,2.4073,0.1822,1.7802
IE000W8RYVC0,5.6651,3.9769,2.5096,,2.672,22.6872,,1.9514,6.4537,0.8951,48.3508,3.0441,1.3161,0.4779,
IE000W8WMSL2,1.89,,2.57,,,,,,2.06,,76.27,4.5,,,12.71
IE000W95TAE6,3.12,5.5,8.08,,1.37,15.92,,8.01,8.35,,35.89,0.4,2.22,,11.15
IE000WA6L436,5.49,5.53,2.78,,1.86,28.63,22.76,6.04,5.76,,2.3,3.34,3.82,,11.69
IE000WAKWCV7,1.9,3.38,0.69,,4.72,33.1,0.05,1.46,3.04,,0.01,1.71,8.48,,41.47
IE000WDG5795,39.1801,17.5624,0.7776,,0.5188,,,,26.0542,,15.6554,,,0.2515,
IE000WFBC0W4,3.9573,11.4692,1.658,,6.3958,18.113,,21.0554,15.8396,6.0235,10.7269,1.6788,3.0447,,0.0377
IE000WGK3YY5,5.49,6.16,8.31,,4.41,24.46,,12.56,17.89,,11.98,2.33,5.52,,0.89
IE000WHL2ZK1,1.5336,8.9941,5.9976,,3.8156,11.7003,,10.2073,7.062,1.6643,34.7221,9.411,2.717,2.1751,
IE000WIQIPT2,,,,,,,99.9099,,,,,,,0.0901,
IE000WJ7OF21,,,,,,,,,,,,,,,
IE000WJCYGB4,,,,,,,,,,,,,,,
IE000WJJTA81,2.32,5.74,8.8,,2.94,13.19,,8.69,9.23,,45.89,0.79,2.2,,0.36
IE000WLR06P0,2.28,7.05,1.87,,1.19,7.2,0.38,4.27,4.64,,,3.64,4.36,,63.28
IE000WN3JW15,2.17,10.31,4.2,,4.69,13.5,,8.67,8.12,1.18,37.1,8.45,1.48,0.12,
IE000WNEYKM1,,,,,,,,,,,,,,,
IE000WOBV8X1,,,,,,10.56,63.86,,,,,,,,25.92
IE000WP7CVZ7,100.0,,,,,,,,,,,,,,
IE000WPH0239,,,,,,,,,,,,,,,
IE000WQ5O293,3.3108,8.7762,4.4888,,3.7476,17.9271,,8.3951,10.5579,,30.0335,8.0137,2.2866,0.7276,1.735
IE000WQJ37B1,,,,,,67.88,,,,,,,,,32.12
IE000WRQ9RR1,,,,,,,,,89.77,,6.42,,,,3.81
IE000WUTBLT5,,,,,,,,,,,,,,,
IE000WV38GP5,,,,,,,99.3971,,,,,,,0.6029,
IE000WX2HZQ7,,,,,,,,,,,,,,,
IE000WX7BVB0,4.86,5.19,10.4,,1.32,15.18,,14.28,9.45,,22.55,7.88,7.49,,1.4
IE000WXLHR76,,,,,,,,,,,,,,,
IE000WYNFVU8,,,,,,,,,,,,,,,
IE000WYTQSF9,,35.42,13.16,,,34.2,,,1.68,,15.47,,0.04,,0.05
IE000WZU35H0,2.48,4.45,4.94,,,23.34,,10.0,9.47,,40.94,0.87,3.51,,
IE000X3D1YS5,,,,,,,,,,,,,,,
IE000X3MDCC5,3.63,10.63,3.42,,,30.07,,13.2,2.17,,7.93,4.12,2.74,,22.09
IE000X4K3704,6.72,9.76,5.52,,5.61,21.03,0.05,10.74,16.69,,16.71,0.53,5.94,,0.71
IE000X59ZHE2,,4.6109,,,,,,,2.2517,1.7678,87.424,3.7884,,0.1571,
IE000X5OD4M3,,1.11,,,,7.59,29.53,,8.8,,,,,,52.97
IE000X6E0QC3,,9.3799,4.5157,,3.563,12.0934,,9.6661,8.8302,,36.7265,9.5362,2.0265,,3.6624
IE000X7DRW38,5.39,15.18,1.64,,3.13,8.32,,11.41,17.04,,11.83,3.86,0.15,,22.05
IE000X8M8M80,,,,,,,,,,,,,,,
IE000X9TLGN8,,,,,,68.01,,,,,12.09,17.64,,,2.26
IE000XAGSCY5,,,,,,73.12,,,,,17.87,,,,9.02
IE000XC6EVL9,5.87,8.63,1.47,,0.07,0.21,,0.01,57.78,,21.26,,4.71,,
IE000XD7KCJ7,2.32,,,,,,,,78.53,,5.79,,7.8,,5.56
IE000XE5BZ07,,,,,,,,,,,,,,,
IE000XE6ELZ8,8.93,10.97,5.52,,9.43,32.69,,6.34,10.7,,7.05,4.67,2.67,,1.03
IE000XERHYF0,,,,,,,,,,,,,,,
IE000XF8EOQ6,,,,,,,,,,,,,,,
IE000XFORJ80,1.92,2.98,4.0,,,24.0,,4.41,8.68,,50.62,0.85,2.54,,
IE000XFP47S2,,,,,,,99.4193,,,,,,,0.5807,
IE000XFUFRR4,,,,,,,,,,,,,,,
IE000XFXBGR0,8.33,10.15,4.37,,4.15,22.85,,13.36,16.75,,16.5,0.9,2.06,,0.58
IE000XG0ZRI7,7.34,15.68,3.44,,2.91,14.55,,7.4,12.17,,4.16,6.51,1.91,,23.93
IE000XGNMWE1,,0.13,0.25,,,15.81,50.78,0.65,0.33,,0.18,0.58,0.43,,30.86
IE000XHZP7D3,2.35,,1.65,,,0.41,,,10.86,,76.47,,,,8.27
IE000XIBT2R7,1.77,6.27,7.4,,,17.69,,16.22,9.33,2.17,26.64,10.93,1.32,0.25,
IE000XIITCN5,,,,,,,,,,,,,,,
IE000XJA2OU4,8.01,7.69,6.61,,3.29,9.59,,23.69,20.19,,20.5,,,,0.43
IE000XKK4AV2,,,,,,,,,,,,,,,
IE000XL4IXU1,,8.9552,,,4.9943,14.8977,,13.6143,17.6407,4.5033,18.7131,4.0113,5.1975,,7.4726
IE000XLJ2JQ9,3.952,15.2567,,,3.6252,19.6854,,11.4469,18.3951,6.7459,12.3815,3.5308,,,4.9806
IE000XN05VU8,15.75,10.99,5.44,,1.16,42.79,,7.35,11.88,,2.64,2.17,,,
IE000XNILW20,8.15,7.36,3.07,,,7.97,,17.24,14.97,,37.65,0.52,3.02,,0.05
IE000XOS4OJ6,4.13,9.09,7.7,,2.91,44.2,,6.61,9.35,,5.18,4.77,6.07,,
IE000XPG7Q27,,,,96.885,,,0.454,,,,,,,2.6611,
IE000XRBP9E3,,,,,,,99.5827,,,,,,,0.4173,
IE000XSFZL82,5.4631,6.675,7.6876,,5.4623,25.7996,,12.3534,19.1483,1.0598,8.582,2.8169,4.5587,0.3933,
IE000XYBMEH0,7.66,5.42,4.7,,3.53,21.53,,3.63,5.04,,45.18,2.4,0.93,,
IE000XZSV718,1.8067,9.2551,4.591,,3.456,12.2217,,9.5419,8.6259,1.8278,37.1451,9.463,2.0658,,
IE000Y0DQX41,3.28,6.32,6.54,,7.03,23.16,,9.35,5.46,,9.24,4.7,4.9,,20.02
IE000Y1595P8,,,,,,,,,,,,,,,
IE000Y247W99,2.0,7.7,5.39,,6.13,28.4,0.76,8.5,7.82,,11.65,1.42,5.47,,15.18
IE000Y2B34V0,,,,,,,,,,,,,,,
IE000Y2BJVK9,5.41,7.14,5.15,,2.36,31.98,0.04,5.54,7.73,,1.94,3.01,4.93,,24.77
IE000Y2JPPS4,,,,,,11.39,,,1.57,,,,,,87.04
IE000Y2ZYZ66,3.2424,9.0061,5.0788,,4.0107,16.7892,,9.1596,11.4749,,28.7336,8.1377,2.5365,0.1197,1.7108
IE000Y3FZEN4,,,,,,,,,,,,,,,
IE000Y4K4833,5.49,5.28,4.96,,3.27,20.88,,1.98,6.17,,47.36,2.63,1.3,,0.68
IE000Y65F5C2,,,,,,,,,,,,,,,
IE000Y6L6LE6,2.877,10.8283,8.3139,,,24.872,,9.1993,14.2998,1.8883,20.8816,4.5223,1.8772,,0.4405
IE000Y77LGG9,,8.772,2.0137,,,14.6931,,11.5095,12.1595,5.402,35.6024,5.2606,2.6636,,1.9236
IE000Y7V5EW2,1.8043,9.2434,4.5824,,3.4557,12.194,,9.5265,8.7912,1.829,36.8906,9.4505,2.0613,0.1711,
IE000Y83YZ44,1.81,6.35,8.12,,0.82,4.54,,6.85,12.36,,53.98,0.3,0.2,,4.67
IE000Y9MG996,,12.8718,9.1684,,2.2479,1.3819,,9.4246,11.3568,,39.9181,8.69,4.0245,,0.9159
IE000Y9XFN19,1.87,1.59,2.13,,4.79,7.52,0.18,2.49,2.47,,4.56,1.71,1.48,,69.31
IE000YARBD10,3.6068,17.241,5.668,,,20.7499,,6.7961,18.1968,3.5078,17.4072,6.7117,,0.1194,-0.0046
IE000YASIPS3,6.18,4.56,5.6,,,28.08,,14.55,19.37,,12.95,1.36,6.18,,1.18
IE000YBGJ9I4,0.5522,9.6706,5.2076,,2.6365,10.3172,,7.1466,3.2502,,48.3059,12.9132,,,
IE000YCD1TY0,,4.41,8.58,,2.11,5.86,,3.6,,,75.42,,,,0.02
IE000YD0IAD2,2.46,5.66,9.04,,3.13,13.37,,9.14,9.7,,44.24,0.9,2.25,,0.12
IE000YDDOAC3,,9.2788,3.5012,,2.6918,12.2637,,10.1498,8.6381,2.1877,37.3304,9.8193,,,4.1392
IE000YDZG487,0.16,,,,,,,,0.05,,99.78,,,,
IE000YELA4E3,2.06,8.91,10.68,,2.68,17.42,,14.01,15.74,,21.63,3.81,3.01,,0.05
IE000YFGN231,4.17,3.9,5.78,,2.0,15.68,,14.87,3.09,,48.49,1.79,0.21,,0.02
IE000YG82CF0,1.8386,10.0933,4.4839,,2.513,11.0784,,10.7449,8.4351,1.8513,37.5276,10.0691,1.0847,0.28,
IE000YGEAK03,0.15,2.36,9.11,,0.16,3.58,,4.78,7.21,,71.75,,0.29,,0.61
IE000YICM5P9,3.62,5.87,4.37,,13.48,53.63,,0.93,8.56,,3.84,1.16,0.98,,3.56
IE000YIQZ0H6,,,,,,,,,,,,,,,
IE000YIXESS9,2.1706,9.6074,5.5243,,4.1776,14.7478,,11.5085,10.6348,2.2092,29.2108,7.5434,2.4808,0.1849,
IE000YJBT6I5,,,,,,,,,,,,,,,
IE000YK1TO74,5.72,14.76,0.6,,6.39,8.83,,3.01,8.67,,2.35,3.52,1.57,,44.59
IE000YKHGYN2,6.1018,7.6694,5.0917,,4.7553,22.682,,5.6069,13.6484,1.7203,16.3472,5.0349,3.0144,,8.3276
IE000YMBL844,,,,,,,,,,,,,,,
IE000YMQ2SC9,2.17,13.84,9.63,,4.48,28.8,,11.06,9.95,,9.87,0.97,2.45,,8.25
IE000YNE6S57,2.7333,9.6286,5.0776,,3.0701,15.3663,,10.5865,10.9374,1.8396,30.2561,8.4855,1.6272,0.3917,
IE000YNVI4W4,5.52,5.89,7.6,,5.67,26.42,,11.87,19.38,0.17,8.07,4.27,5.06,0.09,
IE000YPOHA39,,,,,,,,,,,,,,,
IE000YR7N5U8,3.24,5.49,7.2,,3.6,14.6,,7.79,11.99,,44.17,0.73,1.13,,0.07
IE000YRDFNY8,2.23,4.34,4.85,,,23.44,,8.9,10.08,,41.4,0.94,3.43,,0.39
IE000YS5XL05,,,,,,93.84,,,,,,,,,6.16
IE000YSJPNV8,5.76,7.51,1.35,,0.7,10.71,,4.56,9.69,,1.37,9.73,3.78,,44.85
IE000YSUEJ32,,,,,,9.8,75.05,,,,,,,,15.15
IE000YU9K6K2,,,,,,,,,37.98,,18.33,43.69,,,
IE000YUTMIU2,3.11,7.07,6.51,,3.91,19.17,,9.21,12.12,,35.48,0.82,2.21,,0.46
IE000YUU9UG5,,,,,,22.03,39.54,,,,,,,,38.43
IE000YVOQ2A3,8.46,8.33,6.68,,2.18,35.39,,3.24,27.27,,8.3,,,,0.15
IE000YYE6WK5,,,,,,,,,93.39,,6.61,,,,
IE000YYVSM16,,,,,,,,,70.49,,10.45,,19.06,,
IE000YZIVX22,,,,,,,99.69,,,,,,,,0.31
IE000YZLMXT9,1.58,11.23,6.19,,,12.13,,18.31,18.08,,32.42,,,,0.06
IE000Z0FC0G5,7.2815,7.566,6.1026,,5.4589,27.5966,,9.0966,17.7596,1.3767,10.1731,3.5459,3.548,,0.4944
IE000Z1PCR88,3.2897,9.3565,5.1502,,3.9822,15.9586,,9.3264,11.6229,1.5632,28.7546,8.2092,2.3837,0.4024,
IE000Z3S26J2,2.32,5.74,8.8,,2.94,13.19,,8.69,9.23,,45.89,0.79,2.2,,0.36
IE000Z4OBQK4,1.5,4.96,9.62,,3.44,15.44,,7.43,6.46,,46.21,1.99,2.81,,0.14
IE000Z5YU8X3,,,,,,,,,,,,,,,
IE000Z6C4D62,,,,,,,,,,,,,,,
IE000Z7ELYY2,,,,,,,,,,,,,,,
IE000Z7P04F4,1.3213,9.8996,6.979,,,,,,,,66.2525,15.5242,,0.0234,
IE000Z87ZVJ8,3.2,3.95,5.74,,6.24,35.08,,4.35,6.39,,6.42,5.19,7.75,,15.69
IE000Z8F16G5,0.46,1.06,0.63,,0.01,13.02,51.97,1.1,1.49,,1.03,0.77,1.78,,26.68
IE000Z8J5HD7,,9.678,4.4875,,3.1293,11.9907,,9.0193,8.3033,,37.6624,10.1744,1.9458,,3.6094
IE000Z9UVQ99,2.19,5.96,6.41,,,63.36,,6.74,10.4,,0.21,3.01,1.68,,0.05
IE000ZAJ6XQ2,8.93,10.97,5.52,,9.43,32.69,,6.34,10.7,,7.05,4.67,2.67,,1.03
IE000ZBGZQM8,3.26,5.92,7.59,,1.37,23.07,0.09,4.18,7.64,,0.4,5.23,6.78,,34.63
IE000ZC4C5Q1,3.85,9.71,8.28,,2.18,35.72,,8.36,11.18,,2.22,6.14,7.84,,4.52
IE000ZDDJWZ5,7.2676,7.5918,6.151,,5.4753,27.5991,,9.0699,17.8014,1.4201,10.184,3.5621,3.5171,0.3606,
IE000ZDPZL69,,,,,,,,,,,,,,,
IE000ZEOCR03,4.1036,14.6912,10.6272,,,6.4181,,27.8761,16.4318,,13.5781,6.2738,,,
IE000ZGT8JM8,4.04,4.03,8.09,,0.82,26.73,,11.41,4.23,,35.94,2.52,2.18,,0.02
IE000ZH72RF4,6.61,13.99,2.19,,6.14,11.37,0.89,3.89,12.48,,4.31,3.24,2.05,,34.1
IE000ZI3FFP9,,,,,,,,,,,,,,,
IE000ZIJ5B20,0.78,0.05,99.17,,,,,,,,,,,,
IE000ZME9TM4,4.3782,10.1953,3.5269,,4.2514,16.0729,,14.0074,18.677,6.6769,16.7294,2.7681,,0.0221,2.6943
IE000ZMFFPP4,,,,,,,99.7918,,,,,,,0.2082,
IE000ZO4CUT7,10.5,5.0,2.56,,8.64,31.79,,0.86,5.27,,2.94,3.4,5.99,,24.24
IE000ZOI8OK5,4.62,11.06,5.54,,3.73,47.08,0.14,5.74,9.36,,2.68,3.92,6.31,,
IE000ZOKLHY7,23.39,3.71,23.53,,,,,5.86,28.24,,,,15.27,,
IE000ZPUEP93,,,,,,99.7296,,,,,,,,0.2704,
IE000ZQF1PE1,4.4604,6.9835,8.5885,,4.0273,24.038,,13.0342,18.6072,0.6314,10.1071,3.4994,5.3857,0.6372,
IE000ZQOIPB1,5.95,6.01,8.97,,4.95,25.1,,12.71,17.99,,11.47,2.01,4.64,,0.2
IE000ZUAJ6B7,1.56,5.44,5.85,,4.37,55.5,,5.53,7.41,,11.42,0.9,1.77,,0.25
IE000ZURGSV2,,,,,,,,,,,,,,,
IE000ZUTO1I5,8.03,12.06,7.15,,1.08,19.31,,5.18,17.28,,25.0,4.39,0.42,,0.11
IE000ZWSN3F7,7.34,15.68,3.44,,2.91,14.55,,7.4,12.17,,4.16,6.51,1.91,,23.93
IE000ZX8CQG2,2.58,3.24,4.38,,,41.55,,2.92,7.84,,2.87,5.02,5.08,,24.53
IE000ZYE17Z0,3.0661,8.471,4.4566,,4.4176,15.5977,,9.5846,12.2357,1.6921,29.5799,8.4274,1.9996,0.4718,
IE000ZZJ48Q0,4.86,7.25,11.41,,11.4,23.72,,11.57,13.12,,12.64,3.67,0.35,,
IE0031442068,1.805,9.2454,4.5851,,3.4577,12.1958,,9.5287,8.7922,1.8284,36.8964,9.4527,2.06,0.1525,
IE0032077012,0.99,11.02,6.25,,0.54,0.24,,4.02,3.86,,58.3,13.4,1.16,0.22,
IE00B00FV128,5.4759,10.4742,3.4086,,1.2421,40.7518,,2.0156,16.5442,7.2109,2.812,5.5738,2.9199,1.5707,
IE00B02KXH56,3.9277,15.0332,3.773,,0.9459,18.7574,,5.5852,24.3589,1.77,17.9519,6.6972,0.939,0.2605,
IE00B02KXK85,3.6008,26.814,0.7982,,4.785,34.4299,,2.9883,3.2067,1.034,5.6575,15.5659,0.3089,0.8109,
IE00B02KXL92,7.445,6.2481,6.8966,,7.1388,24.0291,,7.8125,18.0417,4.9054,1.8082,3.0439,11.7914,0.8392,
IE00B02KXM00,12.6208,11.3725,5.9452,,4.4169,16.9642,,3.5603,24.8394,2.9376,6.8163,2.749,7.1767,0.6011,
IE00B0M62Q58,3.3868,8.8833,4.9537,,4.0871,16.3772,,9.4803,11.497,1.6545,29.0847,7.8545,2.4333,0.3077,
IE00B0M62S72,,7.5545,3.833,,5.2876,53.1803,,2.9639,12.5385,,,5.9604,7.743,0.9388,
IE00B0M62V02,4.2643,11.8511,2.9369,,,6.0215,,4.2478,34.078,,31.2831,0.5245,4.4458,0.3471,
IE00B0M62X26,,,,,,,99.9183,,,,,,,0.0817,
IE00B0M62Y33,5.512,4.6443,18.0534,,17.0795,20.2273,,1.8724,8.7382,0.4019,19.0384,3.2913,,1.1414,
IE00B0M63060,4.6307,5.6297,13.0653,,8.863,43.4238,,2.2704,,9.1118,,5.4903,6.6684,0.8465,
IE00B0M63177,5.8642,8.4756,2.7107,,3.1631,20.6984,,2.7444,6.4784,1.0386,40.3321,6.1611,1.6834,0.6501,
IE00B0M63284,,,,,,,,,,99.1527,,,,0.8473,
IE00B0M63391,1.6392,7.1563,1.6368,,1.1194,11.235,,3.48,20.3037,,49.367,2.9519,0.2676,0.843,
IE00B0M63516,13.9085,2.5728,4.9223,,17.1048,38.2663,,0.9471,8.0413,,,1.4977,11.2073,1.5318,
IE00B0M63730,1.9555,8.4361,1.2457,,1.1721,19.6538,,2.1906,6.4551,1.498,49.405,6.3142,1.1498,0.5242,
IE00B14X4M10,2.5123,9.0813,4.4779,,4.1731,13.3263,,9.2081,9.0551,1.6738,35.0884,9.108,2.0174,0.2783,
IE00B14X4N27,4.3928,6.9779,6.5982,,3.1703,24.7637,,13.0072,20.3738,0.5773,11.4321,3.6285,4.638,0.4403,
IE00B14X4Q57,,,,,,,99.9521,,,,,,,0.0479,
IE00B14X4S71,,,,,,,99.775,,,,,,,0.225,
IE00B14X4T88,15.7993,10.3656,4.6252,,5.2426,33.1867,,4.0176,7.24,9.2366,1.6154,4.0754,4.2175,0.3781,
IE00B1FZS244,,,,,,,,,,98.8753,0.1197,,,1.005,
IE00B1FZS350,,0.0266,,,,,,0.2862,,99.3033,0.0208,,,0.3631,
IE00B1FZS467,,,,,16.428,0.0162,,,22.5069,4.0369,0.3382,2.0946,54.0669,0.5122,
IE00B1FZS574,5.3918,,16.0975,,16.3627,23.7816,,,33.2973,,,4.9126,,0.1564,
IE00B1FZS681,,,,,,,99.9385,,,,,,,0.0615,
IE00B1FZS798,,,,,,,98.9139,,,,,,,1.0862,
IE00B1FZS806,,,,,,,99.6227,,,,,,,0.3773,
IE00B1FZS913,,,,,,,99.5827,,,,,,,0.4173,
IE00B1FZSB30,,,,,,,99.9421,,,,,,,0.0579,
IE00B1FZSC47,,,,,,,99.7767,,,,,,,0.2233,
IE00B1FZSD53,,,,,,,99.9412,,,,,,,0.0588,
IE00B1TXHL60,,0.3,,,,97.04,1.21,,,,,,,,1.45
IE00B1TXK627,5.8933,0.5793,,,1.9597,,,,43.4786,0.1795,1.283,,46.2062,0.4204,
IE00B1TXLS18,,0.5274,,,,,,,,98.4274,,,,1.0452,
IE00B1W57M07,4.4999,31.5795,1.4194,,6.2505,26.5046,,2.5884,0.4131,1.6349,5.4036,18.993,,0.7131,
IE00B1XNH568,0.4157,9.5385,0.4576,,7.6098,51.5585,,1.1716,8.5337,,3.7358,1.9866,14.4226,0.5697,
IE00B1XNHC34,0.296,,,,1.7502,,,,32.8379,,24.6064,,39.5367,0.9727,
IE00B1YZSC51,5.3194,6.2083,8.1921,,5.043,25.2645,,12.9264,18.9697,0.6201,9.1056,3.2651,4.6569,0.4288,
IE00B23D8S39,3.41,8.1,6.39,,8.96,16.82,,13.76,8.26,1.79,20.49,9.07,2.96,-0.01,
IE00B23D8X81,9.25,8.23,9.6,,13.38,23.76,,10.85,11.63,0.34,3.82,4.72,4.42,,
IE00B23D9570,9.82,10.71,3.29,,8.8,21.94,,1.21,6.93,1.75,28.37,4.95,2.31,-0.08,
IE00B23LNQ02,6.73,9.11,6.48,,9.87,19.83,,10.03,9.57,1.71,16.9,6.62,3.11,0.05,
IE00B27YCF74,84.1325,3.7094,,,,,,,,11.4111,,,,0.7471,
IE00B27YCK28,19.2702,2.2179,10.2895,,8.694,38.9071,,0.4793,8.0577,1.5858,,2.9561,6.5325,1.01,
IE00B27YCN58,9.3764,6.2963,3.263,,11.5663,,,12.5319,13.5887,0.2458,41.8301,0.1864,0.8128,0.3025,
IE00B27YCP72,12.1711,5.8446,2.8747,,8.7227,3.439,,4.4597,7.5308,0.8526,50.7241,0.6948,2.1892,0.4968,
IE00B296QM64,4.882,7.6849,3.5208,,11.3885,,,11.4954,9.1739,0.1932,50.9791,,0.5057,0.1766,
IE00B2NPKV68,1.69,,,,4.29,2.82,73.06,,0.46,,,,0.53,,17.37
IE00B2QWCY14,4.2432,14.1251,3.5932,,6.0667,18.8306,,11.0148,17.6938,6.4918,12.1877,3.4784,2.0202,0.2547,
IE00B2QWDR12,6.6524,8.0544,4.9997,,1.8198,5.4009,,7.3032,16.9628,7.5732,35.94,3.0179,1.4016,0.874,
IE00B2QWDY88,9.8691,14.3439,7.9505,,0.8619,11.9164,,4.199,24.4978,7.3211,13.9819,2.6392,1.9708,0.4484,
IE00B3B8PX14,,,,,,,99.6415,,,,,,,0.3585,
IE00B3BPCH51,,,,,,,,,,,,,,,100.0
IE00B3CNHG25,99.77,,,,,,,,,,,,,,0.23
IE00B3CNHJ55,5.5,8.08,3.43,,4.9,23.11,,15.57,18.49,,16.74,1.32,2.76,,0.1
IE00B3DKXQ41,0.65,0.83,0.74,,0.01,22.38,56.34,1.08,1.89,,0.35,1.03,0.65,,14.34
IE00B3DWVS88,5.7,7.7,2.7,,3.2,19.8,,2.5,6.0,1.0,43.0,6.4,1.9,0.02,
IE00B3F81G20,9.6787,10.1128,5.3109,,2.2257,10.2861,,8.8476,16.771,5.5771,24.7033,2.9935,2.7307,0.7626,
IE00B3F81K65,,,,,,,99.5943,,,,,,,0.4057,
IE00B3FH7618,,,,,,,99.3971,,,,,,,0.6029,
IE00B3Q19T94,,,,,,100,,,,,,,,,
IE00B3RBWM25,4.31,5.89,8.04,,3.56,17.75,,7.87,10.62,,37.32,1.31,2.47,,0.86
IE00B3S1J086,5.05,0.19,0.68,,,11.68,,0.68,1.68,,78.7,1.33,,,
IE00B3S5XW04,,,,,,,99.8514,,,,,,,0.1486,
IE00B3SC9K16,2.46,5.66,9.04,,3.13,13.37,,9.14,9.7,,44.24,0.9,2.25,,0.12
IE00B3T9LM79,2.85,5.43,5.5,,2.68,32.45,0.04,4.78,7.54,,1.43,3.73,6.09,,27.49
IE00B3VPKB53,,,,,,,,,,,,,100,,
IE00B3VSSL01,0.1,,,,,,,,0.3,,99.6,,,,
IE00B3VTMJ91,,,,,,,99.9346,,,,,,,0.0654,
IE00B3VTML14,,,,,,,99.8745,,,,,,,0.1255,
IE00B3VTN290,,,,,,,99.5948,,,,,,,0.4052,
IE00B3VVMM84,8.11,5.37,6.92,,4.04,22.37,,3.08,6.5,,37.14,2.51,2.69,,1.28
IE00B3VWLG82,6.4649,16.5385,3.375,,3.1663,21.3867,,3.1355,23.8862,9.5464,3.2483,7.1864,1.4249,0.6409,
IE00B3VWM098,4.1527,10.0303,3.601,,4.7061,15.1963,,15.1825,18.353,6.3322,16.8453,2.8917,2.4983,0.2107,
IE00B3VWMM18,12.1245,11.3985,2.9992,,6.1657,10.7292,,4.7082,27.727,7.32,7.9859,3.9558,4.0209,0.8652,
IE00B3VWN179,,,,,,,99.7881,,,,,,,0.2119,
IE00B3VWN393,,,,,,,99.8083,,,,,,,0.1917,
IE00B3VWN518,,,,,,,98.8873,,,,,,,1.1127,
IE00B3W74078,,,,,,,99.9468,,,,,,,0.0532,
IE00B3WJKG14,0.96,,,,,,0.03,,1.54,,97.36,,,,0.11
IE00B3WMTH43,,,,,,,,100,,,,,,,
IE00B3XM3R14,100,,,,,,,,,,,,,,
IE00B3XXRP09,2.31,5.72,8.76,,2.93,12.96,,8.65,9.18,,45.69,0.79,2.19,,0.84
IE00B3Y8D011,,,,,,,,,,,,,,,100.0
IE00B3YC1100,,,,,,,,,99.8,,0.2,,,,
IE00B3YCGJ38,1.9,9.4,4.7,,3.1,12.3,,9.2,8.9,1.9,36.6,10.0,2.2,,
IE00B3YLTY66,4.4001,8.9022,4.656,,4.1659,16.7857,,8.845,11.8011,2.0746,28.864,7.1529,2.3511,,
IE00B3Z0X395,1.7,5.37,1.19,,0.39,15.35,,2.3,13.7,,59.39,0.25,0.35,,
IE00B3Z3FS74,6.19,4.57,5.2,,3.14,20.2,,2.35,5.98,,48.03,2.02,1.74,,0.58
IE00B3ZW0K18,1.7567,8.992,4.4737,,3.3713,11.8759,,9.272,8.5638,1.7725,35.9113,9.1865,2.0064,2.8178,
IE00B40B8R38,,2.34,97.11,,,,0.05,,,,,,,,0.5
IE00B40QP990,,,,,,,,,,,,,,,
IE00B41RYL63,0.49,1.18,1.1,,0.65,19.97,55.01,1.0,2.17,,0.31,0.91,2.07,,15.15
IE00B428Z604,,,,,,,99.9155,,,,,,,0.0845,
IE00B42NKQ00,,,,,99.3469,,,,,,,,,0.6532,
IE00B42Q4896,,,,,,100,,,,,,,,,
IE00B42TW061,5.78,3.66,14.94,,11.83,26.11,1.34,13.42,12.77,,3.79,1.23,4.85,,0.28
IE00B42WWV65,,,,,,,85.24,,,,,,,,14.76
IE00B42YS929,3.3358,8.7302,4.8893,,4.021,16.1478,,9.3507,11.3127,1.6408,28.7099,7.7533,2.4116,1.697,
IE00B42Z5J44,3.8679,14.7851,3.7164,,0.9262,18.4466,,5.4931,23.981,1.7397,17.6935,6.5833,0.9275,1.8397,
IE00B435BG20,,,100,,,,,,,,,,,,
IE00B435CG94,,,,,100,,,,,,,,,,
IE00B43HR379,,,2.3,,,,0.03,97.54,,,,,,,0.13
IE00B43QJJ40,0.5,0.97,0.96,,1.27,14.58,46.52,1.08,4.43,,1.01,0.73,2.09,,25.87
IE00B43VDT70,,,,,,,,,,,,,,,
IE00B441G979,3.3367,8.7265,4.8909,,4.0137,16.1339,,9.3519,11.2924,1.6355,28.657,7.7283,2.4073,1.826,
IE00B449XP68,,100,,,,,,,,,,,,,
IE00B44CGS96,0.56,1.26,1.39,,1.41,8.06,39.2,1.71,1.57,,1.58,0.92,2.07,,40.27
IE00B44CND37,,,,,,,99.4976,,,,,,,0.5024,
IE00B44T3H88,5.9,11.2,14.05,,3.43,20.85,,4.98,6.98,,30.75,0.26,1.6,,
IE00B44Z5B48,3.7271,8.8705,4.7034,,4.0286,16.8287,,8.7232,10.82,1.5941,30.6101,7.7291,2.3646,,
IE00B4556L06,,,,,,,,,,,,,,,
IE00B459R192,0.7,1.33,1.35,,1.63,9.18,39.21,1.97,8.17,,1.85,0.95,2.52,,31.16
IE00B4613386,,,,,,,98.9941,,,,,,,1.0059,
IE00B466KX20,3.6009,9.3777,2.1573,,2.3793,14.8119,,3.1438,6.9739,0.6823,49.205,6.3835,1.2843,,
IE00B4694Z11,0.92,3.78,3.93,,0.79,41.9,0.09,1.75,10.96,,0.87,4.51,14.54,,15.96
IE00B469F816,6.2713,8.579,2.807,,3.481,19.7539,,2.76,6.5887,0.9435,40.6677,6.2752,1.8726,,
IE00B46G8275,8.39,4.72,2.21,,,65.9,,,7.73,,,11.06,,,
IE00B48X4842,9.7217,10.1553,5.3236,,2.3158,10.3231,,8.8655,16.9259,5.6989,24.9534,2.9856,2.6529,,0.0783
IE00B4JNQZ49,,,,,,95.59,,,1.95,,2.27,,,,0.19
IE00B4JY5R22,2.32,5.74,8.8,,2.94,13.19,,8.69,9.23,,45.89,0.79,2.2,,0.36
IE00B4K48X80,5.3211,6.2115,8.1827,,5.0679,25.2507,,12.9299,18.9744,0.6183,9.1058,3.2515,4.6419,0.4444,
IE00B4K6B022,4.36,9.66,6.65,,4.47,26.79,,4.15,20.89,,16.26,1.88,4.9,,
IE00B4KBBD01,,,,,,,,,,,,,99.4624,0.5377,
IE00B4L5Y983,3.3614,8.8887,4.961,,4.0854,16.3625,,9.4485,11.4641,1.637,29.0624,7.8535,2.3989,0.4766,
IE00B4L5YC18,5.4754,8.3079,2.4613,,3.0297,23.5672,,2.5899,5.9674,1.0302,39.2745,6.1842,1.5294,0.583,
IE00B4L5YX21,5.1492,14.8652,4.6309,,0.9263,17.3717,,5.2963,24.3691,2.875,17.137,5.8383,1.1525,0.3883,
IE00B4L5ZG21,5.33,9.32,10.08,,4.7,4.98,0.27,8.65,12.44,,2.65,6.93,10.61,,24.29
IE00B4L5ZY03,7.55,11.71,9.82,,0.04,7.16,0.41,12.08,16.43,,5.15,8.94,3.58,,17.38
IE00B4LHWP62,,,,,,,,,,,,,,,
IE00B4LJS984,,,,,,,,,,,,,,,
IE00B4LN9N13,1.67,0.43,0.29,,,0.68,,,93.53,,0.55,,,,2.85
IE00B4M7GH52,9.1822,12.5694,5.3759,,17.003,46.6398,,,1.7163,,2.2827,3.1394,1.7676,0.3237,
IE00B4MCHD36,,61.62,36.6,,,,0.01,,,,0.79,,,,0.98
IE00B4MKCJ84,99.6428,,,,,,,,,,,,,0.3572,
IE00B4NCWG09,,,,,,,,,,,,,,,
IE00B4ND3602,,,,,,,,,,,,,,,
IE00B4P11460,,,,,,,72.69,,,,,,,,28.0
IE00B4QNHH68,,,,,,,,,,,,,,,
IE00B4QNHZ41,,,,,,,,,,,,,,,
IE00B4QNJJ23,,,,,,,,,,,,,,,
IE00B4QNK008,,,,,,,,,,,,,,,
IE00B4WPHX27,,,,,,,,,,,,,,,
IE00B4WXJD03,15.8892,6.7497,2.9525,,2.7471,43.982,,4.4672,9.0625,6.8479,0.6424,2.4959,3.4237,0.7399,
IE00B4WXJG34,,,,,,,99.892,,,,,,,0.108,
IE00B4WXJH41,,,,,,,99.7983,,,,,,,0.2017,
IE00B4WXJJ64,,,,,,,99.7226,,,,,,,0.2773,
IE00B4X9L533,3.89,5.92,8.52,,3.67,17.45,,8.86,11.22,,36.32,1.28,2.51,,0.36
IE00B4YBJ215,5.9172,10.1673,3.2676,,4.9994,14.8503,,10.3617,24.451,7.0331,14.3644,1.5721,3.016,,
IE00B50XJX92,,,,,,,,,,,,,,,
IE00B51B7Z02,13.56,3.86,3.42,,17.35,46.86,,,8.18,,3.65,0.81,2.31,,
IE00B52MJD48,4.1075,17.1975,3.4342,,0.28,3.1726,,6.1726,17.3902,1.1153,35.9387,10.5213,0.1479,0.5225,
IE00B52SF786,15.9318,3.067,3.2109,,17.1802,39.1111,,,8.983,0.1868,8.8308,0.7973,2.4554,0.2458,
IE00B52SFT06,1.8757,9.4022,4.518,,3.5518,12.1031,,9.6421,9.0363,1.7524,36.4123,9.4998,2.0047,0.2017,
IE00B52VJ196,5.9603,6.2637,8.7222,,,25.7977,,12.9021,20.1808,1.2569,11.3538,2.8041,3.9045,0.8537,
IE00B52XQP83,40.7388,10.5624,5.2448,,,33.669,,,1.22,1.4011,,6.6629,,0.5009,
IE00B5377D42,25.0724,6.7562,3.8049,,4.3327,39.2998,,6.061,5.0446,4.682,1.0051,1.8329,1.6267,0.4818,
IE00B539F030,8.4533,3.5176,13.6561,,11.4858,26.8424,,12.4502,13.8155,0.6957,0.9524,1.9772,4.7113,1.4425,
IE00B53H0131,,,,,,,,,,,,,,,
IE00B53HP851,8.1804,4.3953,13.2315,,10.9101,28.0006,,11.7135,13.9317,1.1845,1.0081,1.9799,4.3737,1.0906,
IE00B53L3W79,3.3847,9.324,5.115,,5.0034,28.0105,,5.3794,21.8515,,14.7119,2.2447,4.4348,0.5402,
IE00B53L4350,3.9218,10.1944,3.8793,,2.2867,27.1408,,13.9489,15.9871,,17.4577,5.0118,,0.1715,
IE00B53L4X51,0.4164,9.5487,0.4578,,7.616,51.5884,,1.1736,8.5382,,3.7374,1.9865,14.4306,0.5064,
IE00B53QDK08,3.9188,15.0076,3.7643,,0.9321,18.7312,,5.5777,24.3736,1.7664,17.9574,6.6863,0.9405,0.3439,
IE00B53QG562,3.9073,7.9014,5.2343,,3.9523,26.5949,,5.8618,20.0703,0.5758,15.5052,3.4951,6.4436,0.4582,
IE00B53SZB19,0.9769,11.1019,6.4615,,0.5404,0.2347,,4.1055,3.6837,,57.7267,13.5972,1.1572,0.4142,
IE00B579F325,,,,,,,,,,,,,,,
IE00B57X3V84,5.1282,3.2189,1.9636,,3.4044,19.9711,,9.5696,12.2154,1.9411,36.7258,2.6849,2.9145,0.2624,
IE00B58FQX63,,,,,,,,,,,,,,,
IE00B58HMN42,,,,,,,,,,,,,,,
IE00B58ZM503,,,,,,,,,,,,,,,
IE00B598DX38,,,,,,,,,,,,,,,
IE00B5993T22,,,,,,,,,,,,,,,
IE00B5B3W843,,,,,,,,,,,,,,,
IE00B5B5TG76,4.34,9.62,6.62,,4.45,26.69,0.07,4.13,20.81,,16.2,1.87,4.88,,0.32
IE00B5BD5K76,5.95,6.01,8.97,,4.95,25.1,,12.71,17.99,,11.47,2.01,4.64,,0.2
IE00B5BMR087,1.8043,9.2434,4.5824,,3.4557,12.194,,9.5265,8.7912,1.829,36.8906,9.4505,2.0613,0.1711,
IE00B5KQNG97,2.32,5.76,8.77,,2.93,13.18,,8.68,9.21,,45.84,0.79,2.2,,0.33
IE00B5L01S80,,0.02,,,,99.49,,,0.04,,0.43,,,,0.02
IE00B5L8K969,3.0736,9.1665,1.7766,,2.2464,18.2073,,2.9463,6.2895,0.6681,47.5115,6.341,1.1402,0.633,
IE00B5M1WJ87,10.5055,,3.816,,5.4642,28.4017,,6.5323,21.0601,2.2788,1.3762,5.1731,15.3921,,
IE00B5M4WH52,,,,,,,96.2727,,,,,,,0.3753,3.352
IE00B5MJYB88,,,,,,,,,0.9,,22.0,77.1,,,
IE00B5MJYC95,,61.9,,,,,,,38.1,,,,,,
IE00B5MJYX09,1.3,,,,0.3,2.4,,,94.9,,1.1,,,,
IE00B5MJYY16,1.5,,3.0,,,,,95.5,,,,,,,
IE00B5MTWD60,,,,,,100,,,,,,,,,
IE00B5MTWH09,,,,,78.1,,,,4.0,,,,18.0,,
IE00B5MTWY73,97.2,,,,,,,,2.8,,,,,,
IE00B5MTWZ80,,11.4,,,,,,,8.3,,78.1,2.2,,,
IE00B5MTXJ97,,,,,,100,,,,,,,,,
IE00B5MTXK03,,,,,,,,,,,,,100,,
IE00B5MTY077,85.5,,7.0,,,,,,7.5,,,,,,
IE00B5MTY309,24.2,,,,,1.1,,,73.4,,,,1.3,,
IE00B5MTYK77,,,,,,100,,,,,,,,,
IE00B5MTYL84,,,100,,,,,,,,,,,,
IE00B5MTZ488,,,,,,,,,5.2,,,94.8,,,
IE00B5MTZ595,,48.2,50.7,,,,,,0.5,,,0.6,,,
IE00B5MTZM66,,86.7,,,,,,,8.7,,,,4.6,,
IE00B5NLX835,,100,,,,,,,,,,,,,
IE00B5SG8Z57,15.81,6.13,6.05,,2.88,51.97,,3.75,6.92,,0.87,2.03,3.59,,
IE00B5SSQT16,6.26,4.56,5.19,,3.17,20.34,,2.35,6.0,,48.35,2.04,1.73,,
IE00B5V94313,,,,,,,99.4085,,,,,,,0.5915,
IE00B5VX7566,5.54,9.87,7.09,,0.84,19.57,,5.26,18.93,,26.97,4.92,1.03,,
IE00B5W4TY14,1.6366,7.13,1.6165,,1.1232,11.2099,,3.4687,20.2367,,49.228,2.9505,0.28,1.1201,
IE00B5WFQ436,2.83,3.32,9.88,,2.79,11.85,,9.14,8.2,,49.91,,2.08,,
IE00B5WHFQ43,31.1508,,29.3514,,,14.6791,,,11.1967,4.623,,8.6712,,0.3277,
IE00B5ZR2157,,,,,,,,,,,,,,,
IE00B60SWT88,8.3,4.4,14.4,,11.1,28.2,,10.6,14.1,1.2,1.0,2.2,4.4,,
IE00B60SWW18,5.4,6.8,8.1,,5.4,26.0,,11.9,18.4,1.1,8.7,2.8,5.4,,
IE00B60SWX25,4.34,9.62,6.62,,4.45,26.69,0.07,4.13,20.81,,16.2,1.87,4.88,,0.32
IE00B60SWY32,5.1,6.5,9.1,,4.5,25.0,,13.1,17.9,0.6,8.8,3.5,5.8,,
IE00B60SX170,2.0,9.5,4.6,,3.2,12.1,,9.4,9.2,1.8,36.0,10.2,2.2,,
IE00B60SX287,4.0,14.8,3.6,,0.8,18.7,,5.4,21.0,1.9,22.4,6.4,1.0,,
IE00B60SX394,3.3,9.0,5.2,,3.7,16.4,,9.3,11.2,1.7,29.1,8.4,2.7,,
IE00B60SX402,4.5,9.6,2.0,,6.7,18.6,,20.9,13.8,6.2,13.0,1.9,2.7,0.01,
IE00B622SG73,,,,,,,,,,,,,,,
IE00B652H904,7.9694,5.5593,2.2517,,18.5595,30.6704,,,14.7355,2.4021,8.7456,1.7476,6.4219,0.9369,
IE00B67B7N93,,,,,,,,,,,,,,,
IE00B6QGFW01,,,,,,,99.6287,,,,,,,0.3713,
IE00B6R51Z18,,,,,99.5504,,,,,,,,,0.4496,
IE00B6R52036,99.8315,,,,,,,,,,,,,0.1684,
IE00B6R52143,36.1816,,47.6842,,,,,0.4597,15.2353,,,,,0.4393,
IE00B6R52259,3.459,8.6147,4.581,,3.7679,18.428,,8.5434,10.6935,1.5535,30.1445,7.5409,2.2272,0.4462,
IE00B6S2Z822,2.6756,1.5984,11.4055,,,28.2193,,9.1126,22.625,16.5428,2.5573,,5.2636,,
IE00B6SPMN59,2.149,6.4643,8.998,,8.6222,14.5319,,14.3164,6.3043,0.1268,31.9201,5.5199,0.9185,0.1287,
IE00B6TLBW47,9.66,4.4,2.33,,9.28,25.42,0.08,0.87,3.38,,2.91,5.45,6.18,,30.07
IE00B6X2VY59,2.87,4.58,4.34,,0.05,40.88,0.29,5.72,7.18,,1.9,4.27,1.75,,26.17
IE00B6X4BP29,,,,,,,,,,,,,,,
IE00B6YX5B26,2.9389,11.4656,1.4762,,1.3872,28.2385,,3.0306,18.2272,5.0115,12.1608,12.5285,3.5349,,
IE00B6YX5C33,1.8067,9.2551,4.591,,3.456,12.2217,,9.5419,8.6259,1.8278,37.1451,9.463,2.0658,,
IE00B6YX5D40,7.5673,5.3778,15.8447,,3.4976,12.1283,,8.2636,18.7044,4.1552,8.0462,3.1517,13.2631,,
IE00B6YX5F63,,,,,,,99.9407,,,,,,,0.0593,
IE00B6YX5H87,4.77,6.94,6.02,,2.35,48.18,,7.45,6.79,,2.5,2.63,6.6,,5.78
IE00B6YX5K17,,,,,,,99.9463,,,,,,,0.0537,
IE00B6YX5L24,,,,,,,99.9503,,,,,,,0.0497,
IE00B6YX5M31,6.94,12.06,3.02,,0.41,6.88,,3.17,10.71,,3.52,8.12,1.81,,43.37
IE00B77D4428,2.37,5.68,8.82,,3.02,13.02,,8.84,9.5,,45.08,0.83,2.15,,0.69
IE00B78JSG98,3.71,5.27,7.53,,5.76,21.82,,12.54,9.84,,26.96,1.64,3.99,,0.95
IE00B7K93397,2.32,5.71,8.76,,2.93,13.13,,8.67,9.2,,45.21,0.79,2.17,,1.11
IE00B7KMNP07,100.0,,,,,,,,,,,,,,
IE00B7KQ7B66,3.83,5.88,8.42,,3.66,17.39,,8.82,11.24,,35.95,1.27,2.5,,1.04
IE00B7LGZ558,,,,,,,99.9292,,,,,,,0.0708,
IE00B7LW6Y90,,,,,,,99.8776,,,,,,,0.1224,
IE00B7N3YW49,4.82,14.66,1.94,,6.46,12.54,,3.87,10.72,,5.5,2.71,2.4,,34.38
IE00B7WK2W23,3.88,4.87,4.89,,2.03,18.59,0.44,2.47,6.44,,53.66,1.49,1.47,,
IE00B7Y34M31,,,,,,,,,,,,,,,
IE00B802KR88,2.112,3.7408,9.3839,,2.7303,22.3464,,4.5369,12.7094,16.6581,0.9707,0.8357,23.9758,,
IE00B810Q511,5.75,3.65,14.86,,11.77,25.97,1.33,13.35,12.7,,3.76,1.23,4.82,,0.81
IE00B86MWN23,5.0461,3.8253,13.4232,,8.2195,19.4337,,12.9196,14.2521,1.3255,4.0125,7.398,9.5817,0.5628,
IE00B87G8S03,,,,,,,99.4862,,,,,,,0.5138,
IE00B87RLX93,,0.06,,,,70.66,0.04,,1.02,,0.04,,,,28.18
IE00B88DZ566,19.2702,2.2179,10.2895,,8.694,38.9071,,0.4793,8.0577,1.5858,,2.9561,6.5325,1.01,
IE00B8CJW150,,,,,95.8,,,,4.2,,,,,,
IE00B8FHGS14,0.8856,5.2984,9.5476,,4.1522,13.625,,15.0788,7.2604,1.1268,25.1411,10.359,7.0902,0.4349,
IE00B8GF1M35,,,,,,99.8,,,0.18,,,,0.01,,
IE00B8GKDB10,5.73,6.29,9.22,,8.16,29.29,,10.86,10.6,,9.12,2.51,5.38,,2.84
IE00B8HGT870,,,,,,,,,,,,,,,
IE00B8J37J31,3.8851,14.8879,3.7366,,0.9313,18.5742,,5.5221,24.123,1.7523,17.7906,6.622,0.9334,1.2415,
IE00B8K7KM88,,,,,,,,,,,,,,,
IE00B8KGV557,2.83,4.9001,5.8517,,3.7615,19.1894,,5.6455,4.6469,0.6865,36.3696,10.9941,4.3251,0.7996,
IE00B8NB3063,,,,,,,,,,,,,,,
IE00B8X9NW27,6.48,6.53,5.97,,4.98,19.84,,8.92,18.32,,19.6,2.03,7.01,,0.32
IE00B8X9NX34,12.21,4.0,3.89,,13.43,10.96,,2.67,16.56,,25.94,4.19,4.93,,1.22
IE00B8X9NY41,10.66,7.46,6.13,,9.85,16.84,,5.93,26.19,,5.93,2.92,7.54,,0.55
IE00B8X9NZ57,13.23,8.09,8.87,,5.31,38.69,,5.14,13.99,,,3.44,2.31,,0.93
IE00B910VR50,3.9445,7.9695,5.2831,,3.9847,26.8449,,5.9568,20.2687,0.5887,15.0858,3.5462,6.527,,
IE00B945VV12,6.2,6.23,8.68,,4.96,25.57,,12.34,18.02,,10.36,1.96,4.7,,0.98
IE00B94ZB998,,,,,95.8,,,,4.2,,,,,,
IE00B95PGT31,6.66,10.51,7.97,,0.76,19.06,,5.04,19.04,,24.88,4.02,1.22,,0.85
IE00B979GK47,7.5673,5.3778,15.8447,,3.4976,12.1283,,8.2636,18.7044,4.1552,8.0462,3.1517,13.2631,,
IE00B99FL386,12.41,15.55,1.12,,5.43,12.19,,3.58,7.46,,6.27,3.85,2.4,,29.74
IE00B9CQXS71,3.7302,1.2272,8.3568,,7.5689,25.0831,,3.8201,10.5045,12.2076,2.0976,9.6424,15.7616,,
IE00B9F5YL18,8.32,4.67,2.75,,1.53,26.46,,2.58,8.23,,40.45,0.91,1.58,,2.54
IE00B9KNR336,4.1712,7.0599,9.6955,,,29.7173,,7.7782,12.9213,3.9343,7.9495,4.0031,12.7697,,
IE00B9M04V95,1.71,,,,4.31,2.79,72.8,,0.45,,,,0.49,,17.46
IE00B9M6RS56,1.67,,,,4.31,2.83,72.9,,0.46,,,,0.55,,17.29
IE00B9MRJJ36,14.0584,21.7747,8.0857,,3.7461,9.4878,,4.5131,16.4429,5.9298,13.5726,2.2017,,,0.1872
IE00BBQ2W338,3.1,4.11,4.75,,1.12,16.77,,1.91,5.68,,60.36,1.03,1.17,,
IE00BC7GZJ81,,,,,,,99.7918,,,,,,,0.2082,
IE00BC7GZW19,3.43,6.85,5.12,,3.17,49.01,,4.83,8.12,,2.56,3.35,5.84,,7.74
IE00BC7GZX26,1.29,4.49,4.53,,3.29,44.56,,5.41,5.89,,6.58,2.13,5.84,,15.99
IE00BCBJF711,1.05,4.83,4.0,,1.28,61.22,,1.38,5.38,,0.51,3.99,8.23,,8.14
IE00BCBJG560,8.1122,10.1634,3.9843,,4.9541,14.5163,,11.3266,19.5315,7.5926,14.2046,3.0483,2.5597,,0.0063
IE00BCHWNS19,,,,,98.9855,,,,,,,,,,1.0145
IE00BCHWNV48,1.95,0.46,0.28,,,0.91,,,95.56,,0.55,,,,0.29
IE00BCHWNW54,,,,,,,,99.2959,,,,,,,0.7041
IE00BCLWRD08,5.8047,4.8257,6.2349,,6.3293,26.6028,,7.1459,24.8379,2.2011,2.0456,6.8421,6.4677,0.6621,
IE00BCLWRF22,3.5275,8.5181,5.0294,,3.4663,26.5662,,5.625,19.1043,0.2543,18.2227,2.8042,6.4661,0.4156,
IE00BCLWRG39,3.9159,14.9761,3.7594,,0.9409,18.6862,,5.5581,24.2932,1.7578,17.9139,6.6673,0.9372,0.594,
IE00BD0B9B76,3.6452,7.9502,8.9376,,1.0735,30.8445,,11.4499,5.5423,1.4406,19.1664,3.6972,5.3292,0.9235,
IE00BD0Q9673,25.92,32.64,5.03,,,23.35,,3.17,9.44,,,,,,0.45
IE00BD1F4K20,6.6133,9.708,6.1435,,2.0897,15.2397,,11.4674,17.8999,5.8852,15.324,3.4829,5.8959,0.2505,
IE00BD1F4L37,1.8365,9.7061,4.3537,,3.3608,11.6345,,9.8396,9.0905,1.7672,36.6493,9.5606,2.0311,0.1702,
IE00BD1F4M44,1.8362,9.7843,4.4694,,3.3071,11.4094,,8.1395,9.9591,1.6397,37.2828,9.8793,1.9524,0.3409,
IE00BD1F4N50,2.2142,2.4483,3.5635,,8.2435,6.7597,,6.0461,16.3214,1.1194,46.8882,4.9911,1.1229,0.2817,
IE00BD26N851,4.82,14.66,1.94,,6.46,12.54,,3.87,10.72,,5.5,2.71,2.4,,34.38
IE00BD34DB16,2.32,5.71,8.76,,2.93,13.13,,8.67,9.2,,45.21,0.79,2.17,,1.11
IE00BD34DK07,2.32,5.71,8.76,,2.93,13.13,,8.67,9.2,,45.21,0.79,2.17,,1.11
IE00BD34DL14,2.32,5.71,8.76,,2.93,13.13,,8.67,9.2,,45.21,0.79,2.17,,1.11
IE00BD3RYZ16,4.5062,4.4648,2.6613,,0.1228,25.1007,,6.2625,42.4122,3.4494,7.5363,2.715,0.0124,0.7563,
IE00BD3V0B10,,,,,,99.7296,,,,,,,,0.2704,
IE00BD45KH83,6.4998,8.6898,3.0473,,3.2175,18.8212,,3.5124,7.8518,1.5754,38.3852,5.8206,1.9127,0.6666,
IE00BD4DX952,,,,,,,,,,,,,,,100.0
IE00BD4DXB77,,,,,,,,,,,,,,,100.0
IE00BD4TXS21,2.37,5.68,8.82,,3.02,13.02,,8.84,9.5,,45.08,0.83,2.15,,0.69
IE00BD4TXV59,3.83,5.88,8.42,,3.66,17.39,,8.82,11.24,,35.95,1.27,2.5,,1.04
IE00BD4TXW66,2.32,5.71,8.76,,2.93,13.13,,8.67,9.2,,45.21,0.79,2.17,,1.11
IE00BD4TY345,24.35,7.29,4.01,,4.44,45.55,,4.86,5.7,,1.34,0.99,0.93,,0.54
IE00BD4TY451,24.35,7.29,4.01,,4.44,45.55,,4.86,5.7,,1.34,0.99,0.93,,0.54
IE00BD4TYF66,2.37,5.68,8.82,,3.02,13.02,,8.84,9.5,,45.08,0.83,2.15,,0.69
IE00BD4TYG73,2.37,5.68,8.82,,3.02,13.02,,8.84,9.5,,45.08,0.83,2.15,,0.69
IE00BD4TYL27,2.37,5.68,8.82,,3.02,13.02,,8.84,9.5,,45.08,0.83,2.15,,0.69
IE00BD5HBQ97,,,,,,,,,,,,,,,
IE00BD5HBR05,,,,,,,,,,,,,,,
IE00BD5HBS12,,,,,,,,,,,,,,,
IE00BD6FTQ80,,,,,,,,,,,,,,,
IE00BD6GCF16,3.09,7.36,19.57,,8.73,42.9,,2.09,4.73,,4.71,5.13,1.41,,0.28
IE00BD6RZT93,1.58,8.15,13.56,,7.61,29.19,,15.05,7.36,,5.82,6.98,4.72,,
IE00BD6RZW23,1.58,8.15,13.56,,7.61,29.19,,15.05,7.36,,5.82,6.98,4.72,,
IE00BD6RZZ53,1.58,8.15,13.56,,7.61,29.19,,15.05,7.36,,5.82,6.98,4.72,,
IE00BD842Y21,1.62,5.15,6.46,,10.91,50.44,,4.19,7.01,,3.45,7.13,3.63,,
IE00BD8D5G25,,,,,,,,,,,,,,,
IE00BD8D5H32,,,,,,,,,,,,,,,
IE00BD8PGZ49,,,,,,,98.8991,,,,,,,1.1009,
IE00BD8PH067,,,,98.8991,,,,,,,,,,1.1009,
IE00BD8PH174,,,,,,,99.6415,,,,,,,0.3585,
IE00BD93YH54,2.149,6.4643,8.998,,8.6222,14.5319,,14.3164,6.3043,0.1268,31.9201,5.5199,0.9185,0.1287,
IE00BD9MMC32,,,,,,,87.9,,,,,,,,12.1
IE00BD9MMD49,,,,,,,81.95,,,,,,,,18.05
IE00BD9MMF62,0.35,1.25,0.75,,,31.31,5.58,0.49,1.14,,,0.07,,,59.06
IE00BD9MMG79,,4.88,3.78,,,60.16,1.26,,2.2,,,0.36,0.64,,26.73
IE00BD9N0445,13.23,8.09,8.87,,5.31,38.69,,5.14,13.99,,,3.44,2.31,,0.93
IE00BDBRT036,6.82,14.29,0.45,,0.15,1.71,,,35.15,,35.64,,5.68,,0.11
IE00BDD48R20,1.69,4.82,4.74,,3.15,38.94,0.02,4.13,5.7,,4.44,2.05,5.87,,24.45
IE00BDD48S37,2.44,6.02,5.11,,2.81,47.04,0.02,4.29,8.4,,1.71,3.14,6.76,,12.27
IE00BDDRDW15,1.73,0.09,,,2.39,2.96,74.32,,0.59,,,,1.0,,16.99
IE00BDDRDY39,0.85,,,,3.95,2.2,82.2,,0.74,,,,0.27,,9.79
IE00BDDRF700,0.65,6.34,2.07,,,10.61,,9.06,15.79,,55.31,,,,0.2
IE00BDF12W49,4.91,5.18,6.84,,2.34,28.94,,0.95,7.22,,23.06,3.27,2.35,,14.94
IE00BDF16007,6.29,3.77,1.58,,10.37,27.78,,2.39,14.14,,1.08,6.11,15.67,,10.82
IE00BDF16114,8.34,12.64,5.2,,3.64,11.49,,3.67,20.7,,5.73,2.06,2.38,,24.15
IE00BDFBTQ78,91.57,,,,7.72,,,,0.44,,,,,,0.27
IE00BDFC6G93,0.85,,,,3.95,2.2,82.2,,0.74,,,,0.27,,9.79
IE00BDFC6Q91,0.89,3.04,2.26,,0.56,28.77,0.03,1.98,1.84,,2.44,0.67,0.9,,56.62
IE00BDFJYM28,0.56,1.26,1.39,,1.41,8.06,39.2,1.71,1.57,,1.58,0.92,2.07,,40.27
IE00BDFK1573,,,,,,,99.775,,,,,,,0.225,
IE00BDFL4P12,,,,,,,,,,,,,,,
IE00BDGV0308,4.36,5.71,8.32,,4.93,19.52,,12.96,13.73,,23.62,1.67,3.78,,1.4
IE00BDGV0415,4.36,5.71,8.32,,4.93,19.52,,12.96,13.73,,23.62,1.67,3.78,,1.4
IE00BDGV0746,4.36,5.71,8.32,,4.93,19.52,,12.96,13.73,,23.62,1.67,3.78,,1.4
IE00BDGV0C91,4.36,5.71,8.32,,4.93,19.52,,12.96,13.73,,23.62,1.67,3.78,,1.4
IE00BDQYWQ65,,,,,,,99.9099,,,,,,,0.0901,
IE00BDQZMX67,3.66,5.5,7.17,,2.36,20.04,,8.4,9.36,,39.99,1.47,1.47,,0.58
IE00BDQZN113,3.66,5.5,7.17,,2.36,20.04,,8.4,9.36,,39.99,1.47,1.47,,0.58
IE00BDQZN337,3.66,5.5,7.17,,2.36,20.04,,8.4,9.36,,39.99,1.47,1.47,,0.58
IE00BDQZN550,3.66,5.5,7.17,,2.36,20.04,,8.4,9.36,,39.99,1.47,1.47,,0.58
IE00BDQZN667,3.66,5.5,7.17,,2.36,20.04,,8.4,9.36,,39.99,1.47,1.47,,0.58
IE00BDQZN774,3.66,5.5,7.17,,2.36,20.04,,8.4,9.36,,39.99,1.47,1.47,,0.58
IE00BDR55364,3.22,11.57,6.08,,,18.65,,8.08,11.31,,37.82,1.92,0.88,,0.48
IE00BDR55471,3.22,11.57,6.08,,,18.65,,8.08,11.31,,37.82,1.92,0.88,,0.48
IE00BDR55703,3.22,11.57,6.08,,,18.65,,8.08,11.31,,37.82,1.92,0.88,,0.48
IE00BDR55927,3.22,11.57,6.08,,,18.65,,8.08,11.31,,37.82,1.92,0.88,,0.48
IE00BDR55B48,3.22,11.57,6.08,,,18.65,,8.08,11.31,,37.82,1.92,0.88,,0.48
IE00BDR55D61,3.22,11.57,6.08,,,18.65,,8.08,11.31,,37.82,1.92,0.88,,0.48
IE00BDR55F85,3.22,11.57,6.08,,,18.65,,8.08,11.31,,37.82,1.92,0.88,,0.48
IE00BDR5GT91,4.79,11.23,12.32,,1.17,33.57,,13.71,7.02,,5.32,3.07,7.0,,0.8
IE00BDR5GV14,4.79,11.23,12.32,,1.17,33.57,,13.71,7.02,,5.32,3.07,7.0,,0.8
IE00BDR5GY45,4.79,11.23,12.32,,1.17,33.57,,13.71,7.02,,5.32,3.07,7.0,,0.8
IE00BDR5H073,4.79,11.23,12.32,,1.17,33.57,,13.71,7.02,,5.32,3.07,7.0,,0.8
IE00BDR5H297,4.79,11.23,12.32,,1.17,33.57,,13.71,7.02,,5.32,3.07,7.0,,0.8
IE00BDR5H305,4.79,11.23,12.32,,1.17,33.57,,13.71,7.02,,5.32,3.07,7.0,,0.8
IE00BDR5H412,4.79,11.23,12.32,,1.17,33.57,,13.71,7.02,,5.32,3.07,7.0,,0.8
IE00BDR5HM97,5.22,7.93,1.43,,6.33,10.35,,2.45,9.11,,2.94,2.95,1.34,,49.95
IE00BDR5HN05,5.22,7.93,1.43,,6.33,10.35,,2.45,9.11,,2.94,2.95,1.34,,49.95
IE00BDS67326,,,,,,,85.58,,,,,,,,14.42
IE00BDT6FP91,6.6637,9.341,0.5176,,2.4408,5.9409,,4.938,19.8857,2.6715,34.6969,3.9983,6.5701,1.8708,0.4648
IE00BDT6FR16,6.6637,9.341,0.5176,,2.4408,5.9409,,4.938,19.8857,2.6715,34.6969,3.9983,6.5701,1.8708,0.4648
IE00BDT6FS23,6.6637,9.341,0.5176,,2.4408,5.9409,,4.938,19.8857,2.6715,34.6969,3.9983,6.5701,1.8708,0.4648
IE00BDT6FT30,6.6637,9.341,0.5176,,2.4408,5.9409,,4.938,19.8857,2.6715,34.6969,3.9983,6.5701,1.8708,0.4648
IE00BDT8TZ34,0.11,1.72,,,0.34,78.15,2.4,,0.71,,0.27,5.18,9.86,,1.27
IE00BDT8V027,0.11,1.72,,,0.34,78.15,2.4,,0.71,,0.27,5.18,9.86,,1.27
IE00BDVJF675,0.11,1.72,,,0.34,78.15,2.4,,0.71,,0.27,5.18,9.86,,1.27
IE00BDVPNG13,,1.06,2.61,,,1.78,,2.88,4.89,,86.02,0.77,,,
IE00BDVPNS35,,,,,,,,,,,,,,,
IE00BDVPNV63,,,,,,,,,,,,,,,
IE00BDVPTJ63,,,,,,99.1323,,,,,,,,,0.8677
IE00BDZCKK11,5.28,5.44,2.53,,15.71,13.58,,5.1,19.86,0.19,28.3,3.68,0.35,-0.01,
IE00BDZVH859,,,,99.7767,,,,,,,,,,0.2233,
IE00BDZVH966,,,,,,,99.7767,,,,,,,0.2233,
IE00BDZVHD04,,0.0266,,,,,,0.2862,,99.3033,0.0208,,,0.3631,
IE00BDZVHG35,,,,,,,,99.8302,,,,,,0.1698,
IE00BDZZTM54,3.669,9.8595,5.597,,,16.7512,,9.5362,12.4816,1.8145,30.3247,8.0659,1.5758,0.3246,
IE00BF0BCP69,,,,,,,,,,,,,,,
IE00BF0H7608,,,,,,,,97.82,2.07,,,,,,0.11
IE00BF0M2Z96,20.4,17.22,3.48,,,,,,49.89,,8.83,,,,0.19
IE00BF0M6N54,,8.9,24.53,,,12.79,,,39.46,,13.71,,,,0.61
IE00BF0V4615,,,,,,,,,,,,,,,
IE00BF16M727,,,,,,,,,2.19,,97.45,,,,0.36
IE00BF1B7272,3.7271,8.8705,4.7034,,4.0286,16.8287,,8.7232,10.82,1.5941,30.6101,7.7291,2.3646,,
IE00BF1B7389,3.7271,8.8705,4.7034,,4.0286,16.8287,,8.7232,10.82,1.5941,30.6101,7.7291,2.3646,,
IE00BF1QPH33,0.5,0.97,0.96,,1.27,14.58,46.52,1.08,4.43,,1.01,0.73,2.09,,25.87
IE00BF1QPJ56,0.5,0.97,0.96,,1.27,14.58,46.52,1.08,4.43,,1.01,0.73,2.09,,25.87
IE00BF1QPK61,0.5,0.97,0.96,,1.27,14.58,46.52,1.08,4.43,,1.01,0.73,2.09,,25.87
IE00BF1QPL78,0.5,0.97,0.96,,1.27,14.58,46.52,1.08,4.43,,1.01,0.73,2.09,,25.87
IE00BF20LF40,6.0317,6.4398,7.2407,,4.1611,22.9639,,8.8088,25.7143,2.9687,3.1278,6.7076,5.4333,0.4021,
IE00BF2B0K52,8.33,6.76,12.79,,12.21,23.57,,2.5,8.93,,14.76,7.85,2.3,,
IE00BF2B0L69,6.42,,5.01,,5.68,50.96,,9.26,6.2,,0.74,15.04,0.69,,
IE00BF2B0M76,4.86,7.25,11.41,,11.4,23.72,,11.57,13.12,,12.64,3.67,0.35,,
IE00BF2B0P08,3.46,4.84,7.98,,2.63,12.25,,10.55,8.95,,45.98,1.28,2.08,,
IE00BF2FL590,10.66,7.46,6.13,,9.85,16.84,,5.93,26.19,,5.93,2.92,7.54,,0.55
IE00BF2FN646,,,,,,,61.62,,,,,,,,38.38
IE00BF2FN752,,,,,,,61.62,,,,,,,,38.38
IE00BF2FN869,,,,,,,61.62,,,,,,,,38.38
IE00BF2FNB90,,,,,,,61.62,,,,,,,,38.38
IE00BF2FNF39,,,,,,,61.62,,,,,,,,38.38
IE00BF2FNG46,,,,,,,69.57,,,,,,,,30.43
IE00BF2FNH52,,,,,,,69.57,,,,,,,,30.43
IE00BF2FNJ76,,,,,,,69.57,,,,,,,,30.43
IE00BF2FNL98,,,,,,,69.57,,,,,,,,30.43
IE00BF2FNQ44,,,,,,,65.79,,,,,,,,34.21
IE00BF2FNR50,,,,,,,65.79,,,,,,,,34.21
IE00BF2FPB31,,,,,,,65.79,,,,,,,,34.21
IE00BF2GC043,,,,,,,65.79,,,,,,,,34.21
IE00BF2GFH28,,,,,,,70.36,,,,,,,,29.64
IE00BF2GFJ42,,,,,,,70.36,,,,,,,,29.64
IE00BF2GFK56,,,,,,,70.36,,,,,,,,29.64
IE00BF2GFM70,,,,,,,70.36,,,,,,,,29.64
IE00BF2GFQ19,,,,,,,70.36,,,,,,,,29.64
IE00BF2QSQ20,1.8365,9.7061,4.3537,,3.3608,11.6345,,9.8396,9.0905,1.7672,36.6493,9.5606,2.0311,0.1702,
IE00BF4G6Y48,3.9,6.18,8.2,,3.58,17.67,,8.84,10.62,,35.87,1.31,2.66,,1.17
IE00BF4G6Z54,5.49,5.28,4.96,,3.27,20.88,,1.98,6.17,,47.36,2.63,1.3,,0.68
IE00BF4G7076,2.77,5.91,8.63,,2.92,13.89,,8.67,8.36,,45.25,0.77,2.18,,0.65
IE00BF4G7183,5.49,6.16,8.31,,4.41,24.46,,12.56,17.89,,11.98,2.33,5.52,,0.89
IE00BF4J0300,,,,,,,,,,,,,,,
IE00BF4NQ904,12.67,2.74,6.8,,2.4,16.75,,3.59,16.18,,35.62,0.24,3.01,,
IE00BF4RFH31,8.0269,10.1521,3.953,,4.935,14.3635,,11.3176,19.443,7.5181,14.1533,3.0344,2.5116,0.5916,
IE00BF4TW453,,,,,,,,,,,,,,,
IE00BF4TWC33,,,,,,,,,,,,,,,
IE00BF4TWF63,,,,,,,,,,,,,,,
IE00BF51K025,0.8,6.35,2.33,,4.01,35.54,,10.26,1.99,,10.99,5.18,5.37,,17.2
IE00BF51K132,,,,,,,84.5,,,,,,,,15.5
IE00BF51K249,3.18,3.78,1.74,,0.26,43.56,,4.9,7.1,,2.28,3.97,5.0,,24.25
IE00BF540Z61,13.93,20.68,1.93,,19.86,15.11,0.7,3.46,5.28,,1.13,7.01,6.41,,4.5
IE00BF541080,9.03,5.33,1.73,,14.7,12.1,2.12,1.93,6.85,,,3.32,6.97,,35.92
IE00BF553838,1.73,0.09,,,2.39,2.96,74.32,,0.59,,,,1.0,,16.99
IE00BF59RV63,2.43,1.27,2.11,,4.57,18.93,0.24,4.21,3.58,,2.77,3.12,7.62,,49.16
IE00BF59RW70,,2.58,1.28,,3.73,37.49,,1.62,4.38,,0.25,2.47,8.27,,37.93
IE00BF59RX87,1.9,3.38,0.69,,4.72,33.1,0.05,1.46,3.04,,0.01,1.71,8.48,,41.47
IE00BF5DXP42,1.53,5.11,3.46,,0.62,39.63,,0.78,4.42,,34.64,5.96,2.03,,1.82
IE00BF8HV600,4.82,14.66,1.94,,6.46,12.54,,3.87,10.72,,5.5,2.71,2.4,,34.38
IE00BF8HV717,,,,,,,,,,,,,,,
IE00BF8J5974,1.2,7.15,2.09,,,39.44,,11.23,3.49,,11.87,4.66,0.63,,18.26
IE00BF92J153,,7.99,,,,74.42,,,4.92,,8.25,,,,4.42
IE00BF92LR56,23.81,10.64,0.7,,,23.91,,25.49,2.65,,5.02,6.67,,,1.11
IE00BF92LV92,23.81,10.64,0.7,,,23.91,,25.49,2.65,,5.02,6.67,,,1.11
IE00BFD26097,7.48,11.63,2.8,,4.22,14.79,,17.24,16.06,,21.84,1.2,1.46,,1.28
IE00BFD2H405,,0.55,3.45,,,3.9,,0.67,0.6,,88.48,2.28,,,0.07
IE00BFF5RX68,1.8362,9.7843,4.4694,,3.3071,11.4094,,8.1395,9.9591,1.6397,37.2828,9.8793,1.9524,0.3409,
IE00BFF5RZ82,2.2142,2.4483,3.5635,,8.2435,6.7597,,6.0461,16.3214,1.1194,46.8882,4.9911,1.1229,0.2817,
IE00BFM15T99,5.1492,14.8652,4.6309,,0.9263,17.3717,,5.2963,24.3691,2.875,17.137,5.8383,1.1525,0.3883,
IE00BFM6T814,,,,,,,99.6287,,,,,,,0.3713,
IE00BFM6T921,,0.0266,,,,,,0.2862,,99.3033,0.0208,,,0.3631,
IE00BFM6TC58,,,,,,,98.8991,,,,,,,1.1009,
IE00BFM6TD65,9.66,4.4,2.33,,9.28,25.42,0.08,0.87,3.38,,2.91,5.45,6.18,,30.07
IE00BFMKQC67,1.89,5.3,5.61,,6.22,27.36,,7.89,4.47,,7.97,4.88,3.88,,24.54
IE00BFMM8Y81,,,,,,,99.9155,,,,,,,0.0845,
IE00BFMM9235,,,,,,,99.8776,,,,,,,0.1224,
IE00BFMXVQ44,7.9,9.33,3.3,,1.16,29.59,22.95,2.08,16.42,,4.11,0.83,1.77,,0.57
IE00BFMXXD54,2.31,5.72,8.76,,2.93,12.96,,8.65,9.18,,45.69,0.79,2.19,,0.84
IE00BFMXYP42,5.75,3.65,14.86,,11.77,25.97,1.33,13.35,12.7,,3.76,1.23,4.82,,0.81
IE00BFMXYX26,6.66,10.51,7.97,,0.76,19.06,,5.04,19.04,,24.88,4.02,1.22,,0.85
IE00BFMXYY33,6.66,10.51,7.97,,0.76,19.06,,5.04,19.04,,24.88,4.02,1.22,,0.85
IE00BFMXZJ56,6.66,10.51,7.97,,0.76,19.06,,5.04,19.04,,24.88,4.02,1.22,,0.85
IE00BFNM3B99,3.5668,7.6398,5.1032,,3.877,29.3874,,5.6206,15.9013,0.6466,17.1336,3.85,6.5468,0.727,
IE00BFNM3C07,3.5668,7.6398,5.1032,,3.877,29.3874,,5.6206,15.9013,0.6466,17.1336,3.85,6.5468,0.727,
IE00BFNM3D14,4.8117,5.5128,4.8822,,2.518,29.1086,,14.3833,18.2643,0.7072,10.4581,3.7681,5.0229,0.563,
IE00BFNM3F38,4.8117,5.5128,4.8822,,2.518,29.1086,,14.3833,18.2643,0.7072,10.4581,3.7681,5.0229,0.563,
IE00BFNM3G45,1.8884,10.0082,2.4141,,1.8697,12.8862,,10.2993,8.1086,1.8839,39.0056,10.0682,1.1231,0.4448,
IE00BFNM3H51,1.8884,10.0082,2.4141,,1.8697,12.8862,,10.2993,8.1086,1.8839,39.0056,10.0682,1.1231,0.4448,
IE00BFNM3J75,3.1946,9.3341,2.792,,2.1294,17.7319,,10.2006,10.6995,1.7977,31.5897,8.4352,1.7462,0.3491,
IE00BFNM3K80,3.1946,9.3341,2.792,,2.1294,17.7319,,10.2006,10.6995,1.7977,31.5897,8.4352,1.7462,0.3491,
IE00BFNM3L97,4.0884,14.2093,2.5432,,,20.1139,,5.984,23.9262,1.8957,19.288,7.1796,0.4709,0.3008,
IE00BFNM3M05,4.0884,14.2093,2.5432,,,20.1139,,5.984,23.9262,1.8957,19.288,7.1796,0.4709,0.3008,
IE00BFNM3N12,5.9465,8.9171,2.8437,,2.8904,19.0647,,3.6219,7.2846,1.5974,39.9696,6.1065,1.2147,0.543,
IE00BFNM3P36,5.9465,8.9171,2.8437,,2.8904,19.0647,,3.6219,7.2846,1.5974,39.9696,6.1065,1.2147,0.543,
IE00BFNNN012,,,,,,,,,,,,,,,
IE00BFNNN236,,,,,,,,,,,,,,,
IE00BFNNN343,,,,,,,,,,,,,,,
IE00BFNNN459,,,,,,,,,,,,,,,
IE00BFTWP510,4.0865,5.8534,8.3848,,7.5525,29.9912,,3.988,13.7502,7.4008,,3.753,15.2397,,
IE00BFWFPX50,,11.8,,,,,,,0.78,,68.26,19.16,,,
IE00BFWFPY67,,,,,,,98.9941,,,,,,,1.0059,
IE00BFWMQ331,13.6,0.9,1.9,,14.7,46.7,,2.1,0.6,2.4,1.9,9.9,5.4,,
IE00BFWXDV39,4.01,3.76,2.54,,2.04,18.6,,2.08,6.76,,56.66,1.82,1.74,,
IE00BFWXDX52,3.39,4.69,4.71,,3.74,37.34,,7.14,8.37,,7.23,6.69,5.81,,10.9
IE00BFWXDY69,,0.75,0.1,,,12.28,38.16,0.72,0.81,,0.85,0.3,2.46,,43.57
IE00BFXR5Q31,2.17,5.7,8.98,,3.09,13.06,,8.81,9.15,,46.06,0.85,2.01,,0.13
IE00BFXR5R48,5.84,2.84,16.18,,10.3,26.74,,14.65,12.84,,3.74,1.42,5.1,,0.35
IE00BFXR5S54,3.8,6.04,8.63,,3.49,17.77,,8.83,11.01,,36.41,1.44,2.36,,0.23
IE00BFXR5T61,6.18,10.71,8.04,,0.64,20.02,,5.17,17.81,,25.06,5.11,1.04,,0.22
IE00BFXR5V83,6.16,7.01,7.02,,3.31,25.06,,12.59,19.48,,12.22,2.42,4.47,,0.26
IE00BFXR5W90,15.92,6.82,5.93,,3.01,49.19,,4.12,7.7,,1.52,3.01,2.75,,0.03
IE00BFXR6159,,,,,,,,,,,,,,,
IE00BFXR7892,,16.99,27.23,,,5.75,,,8.17,,41.63,,,,0.23
IE00BFXR7900,,16.99,27.23,,,5.75,,,8.17,,41.63,,,,0.23
IE00BFXX9Y76,,,,,,,,,,,,,,,
IE00BFXYHY63,,,,,,,99.8083,,,,,,,0.1917,
IE00BFY0GT14,3.3856,8.8945,4.9689,,4.0968,16.4662,,9.5186,11.38,1.6664,29.3063,7.8737,2.441,,
IE00BFY0GV36,2.62,2.51,5.68,,2.91,27.48,,10.79,2.1,,13.57,6.06,7.06,,19.23
IE00BFYN8Y92,,17.99,37.54,,,21.11,,,2.0,,21.1,,,,0.31
IE00BFYTYS33,3.3243,8.6283,4.7271,,3.9234,16.3032,,8.7964,11.0313,1.5385,30.338,8.3698,2.3506,0.669,
IE00BFZPF322,,,,,,79.44,,,,,,,,,20.56
IE00BFZPF439,,,,,,79.44,,,,,,,,,20.56
IE00BFZPF546,,,,,,,96.2727,,,,,,,0.3753,3.352
IE00BFZXGZ54,0.99,11.02,6.25,,0.54,0.24,,4.02,3.86,,58.3,13.4,1.16,0.22,
IE00BG04LT92,5.22,7.93,1.43,,6.33,10.35,,2.45,9.11,,2.94,2.95,1.34,,49.95
IE00BG0J4957,6.61,13.99,2.19,,6.14,11.37,0.89,3.89,12.48,,4.31,3.24,2.05,,34.1
IE00BG0J4B71,5.48,8.98,2.23,,1.19,8.81,1.31,4.22,9.4,,2.19,8.44,4.55,,43.83
IE00BG0NY640,5.92,7.68,8.6,,0.5,30.12,,5.11,22.55,0.76,9.48,4.36,4.91,0.01,
IE00BG0SKF03,8.756,5.9686,1.6219,,7.4173,18.1946,,1.8697,3.549,1.793,46.77,1.5857,1.602,0.872,
IE00BG0SSC32,,14.49,12.01,,,1.93,,1.09,,,70.32,,,,0.16
IE00BG0TQ445,,,,,,,88.24,,,,,,,,11.76
IE00BG0TQB18,,,,,,79.44,,,,,,,,,20.56
IE00BG0TQC25,,,,,,,89.71,,,,,,,,10.29
IE00BG0TQD32,,,,,,,89.71,,,,,,,,10.29
IE00BG11HV38,3.3877,8.8598,4.2474,,3.8182,17.4753,,9.8163,10.6692,1.8036,29.2396,7.7669,2.365,0.5508,
IE00BG13YG34,5.3795,6.5089,8.5007,,5.1114,23.8478,,12.6216,19.1362,0.7034,9.913,3.0538,4.7964,0.4273,
IE00BG13YH41,5.3453,5.361,7.6994,,5.2622,26.8392,,13.8103,19.3179,0.6375,7.2281,3.3949,4.5793,0.525,
IE00BG13YJ64,7.6608,,2.3618,,13.0676,23.5818,,16.0863,12.4207,0.2785,10.3927,2.7568,10.637,0.756,
IE00BG13YK79,5.0461,3.8253,13.4232,,8.2195,19.4337,,12.9196,14.2521,1.3255,4.0125,7.398,9.5817,0.5628,
IE00BG13YL86,3.0251,4.9678,8.1406,,5.4814,31.5384,,11.3826,15.6569,1.2756,8.6184,4.4681,4.7698,0.6753,
IE00BG13YZ23,1.491,10.9827,4.1088,,3.9725,12.2955,,10.5944,6.7343,1.3859,35.8414,10.2496,2.0113,0.3326,
IE00BG143G97,6.35,7.51,0.61,,,21.94,,6.42,31.0,,14.92,4.83,4.46,,1.96
IE00BG21M733,,0.71,1.52,,9.07,46.73,,,0.28,,,3.1,13.44,,25.15
IE00BG47J908,,4.88,3.78,,,60.16,1.26,,2.2,,,0.36,0.64,,26.73
IE00BG47K971,0.51,0.87,1.11,,1.0,10.39,42.05,1.0,3.33,,0.73,0.78,1.92,,36.31
IE00BG47KB92,0.51,0.87,1.11,,1.0,10.39,42.05,1.0,3.33,,0.73,0.78,1.92,,36.31
IE00BG47KF31,0.51,0.87,1.11,,1.0,10.39,42.05,1.0,3.33,,0.73,0.78,1.92,,36.31
IE00BG47KG48,0.51,0.87,1.11,,1.0,10.39,42.05,1.0,3.33,,0.73,0.78,1.92,,36.31
IE00BG47KH54,0.51,0.87,1.11,,1.0,10.39,42.05,1.0,3.33,,0.73,0.78,1.92,,36.31
IE00BG47KJ78,0.51,0.87,1.11,,1.0,10.39,42.05,1.0,3.33,,0.73,0.78,1.92,,36.31
IE00BG482169,0.11,1.72,,,0.34,78.15,2.4,,0.71,,0.27,5.18,9.86,,1.27
IE00BG5QQ390,1.49,5.28,3.76,,,51.89,1.24,6.14,4.04,,8.1,1.9,1.09,,16.08
IE00BG7PP820,,,,,,,,,,,1,99,,,
IE00BG88WG77,,,,,,,,,,,,,,,
IE00BG88WH84,,,,,,,,,,,,,,,
IE00BG88WL21,,,,,,,,,,,,,,,
IE00BG8BCY43,0.89,3.04,2.26,,0.56,28.77,0.03,1.98,1.84,,2.44,0.67,0.9,,56.62
IE00BGBN6P67,,12.82,,,,38.83,,7.58,,,36.98,2.31,1.4,0.08,
IE00BGDPWV87,,,,,,,,,,98.8753,0.1197,,,1.005,
IE00BGDPWW94,5.9603,6.2637,8.7222,,,25.7977,,12.9021,20.1808,1.2569,11.3538,2.8041,3.9045,0.8537,
IE00BGDQ0L74,,,,,,,,,,99.1527,,,,0.8473,
IE00BGDQ0T50,5.1949,9.3479,3.0264,,,20.0189,,2.9936,7.0971,1.4869,41.5713,7.0994,1.4233,0.7403,
IE00BGDQ0V72,5.0857,14.83,4.4016,,,16.9365,,5.9961,25.791,2.6656,16.5136,7.4259,,0.3541,
IE00BGJWWT11,,,,,,,85.16,,,,,,,,14.84
IE00BGJWWV33,,,,,,,81.07,,,,,,,,18.93
IE00BGJWWW40,,,,,,,69.66,,,,,,,,30.34
IE00BGJWWX56,,,,,,0.18,87.96,,,,,,,,11.86
IE00BGJWWY63,,,,,,,87.72,,,,,,,,12.28
IE00BGL86Z12,0.1285,35.5728,,,,,,,10.7202,,53.2772,,,0.3013,
IE00BGPP6473,,,,,,,99.8083,,,,,,,0.1917,
IE00BGPP6697,,,,,,,98.9139,,,,,,,1.0862,
IE00BGQ0J979,1.69,,,,4.29,2.82,73.06,,0.46,,,,0.53,,17.37
IE00BGQYRQ28,,,98.82,,,,,,,,,,,,1.18
IE00BGR7L912,,,,,,,28.0406,,,,,,,71.9594,
IE00BGSF1X88,,,,,,,28.0406,,,,,,,71.9594,
IE00BGYWCB81,2.02,0.03,,,9.4,8.12,54.0,,1.52,,,0.39,3.19,,21.33
IE00BGYWFK87,2.17,4.57,5.27,,5.12,29.15,0.03,5.89,5.71,,5.27,3.25,7.32,,26.27
IE00BGYWFL94,2.17,4.57,5.27,,5.12,29.15,0.03,5.89,5.71,,5.27,3.25,7.32,,26.27
IE00BGYWFN19,2.17,4.57,5.27,,5.12,29.15,0.03,5.89,5.71,,5.27,3.25,7.32,,26.27
IE00BGYWFS63,,,,,,,68.9,,,,,,,,31.1
IE00BGYWSV06,1.69,4.82,4.74,,3.15,38.94,0.02,4.13,5.7,,4.44,2.05,5.87,,24.45
IE00BGYWSW13,1.69,4.82,4.74,,3.15,38.94,0.02,4.13,5.7,,4.44,2.05,5.87,,24.45
IE00BGYWSZ44,1.69,4.82,4.74,,3.15,38.94,0.02,4.13,5.7,,4.44,2.05,5.87,,24.45
IE00BGYWT403,3.1,5.18,5.53,,2.54,32.39,0.07,4.85,7.45,,1.48,3.64,5.62,,28.16
IE00BGYWT510,3.1,5.18,5.53,,2.54,32.39,0.07,4.85,7.45,,1.48,3.64,5.62,,28.16
IE00BH04FZ00,2.44,6.02,5.11,,2.81,47.04,0.02,4.29,8.4,,1.71,3.14,6.76,,12.27
IE00BH04GL39,,,,,,0.2,85.01,,,,,,,,14.79
IE00BH04GM46,,,,,,0.2,85.01,,,,,,,,14.79
IE00BH04GW44,,,,,,,85.24,,,,,,,,14.76
IE00BH3X8336,,,,,,,72.69,,,,,,,,28.0
IE00BH3YZ803,4.5,14.0,3.5,,5.0,18.2,,12.7,16.5,6.9,13.5,3.2,2.0,,
IE00BH4G7D40,2.21,6.53,4.03,,,36.78,0.17,8.4,4.19,,8.43,4.31,1.78,,23.19
IE00BH4GPZ28,2.1571,5.6133,5.5382,,2.9312,13.8978,,11.6495,10.6563,2.2186,33.733,10.6197,0.9853,,
IE00BH4GR342,,,,,,99.8,,,0.18,,,,0.01,,
IE00BHJYDT11,,0.71,1.52,,9.07,46.73,,,0.28,,,3.1,13.44,,25.15
IE00BHJYDV33,15.62,19.4,,,,8.0,,3.99,29.79,4.95,12.15,5.98,,0.11,
IE00BHXMHK04,2.61,4.93,5.77,,2.55,14.14,,10.88,9.88,,47.01,0.56,1.39,,0.28
IE00BHXMHL11,2.61,4.93,5.77,,2.55,14.14,,10.88,9.88,,47.01,0.56,1.39,,0.28
IE00BHXMHN35,2.61,4.93,5.77,,2.55,14.14,,10.88,9.88,,47.01,0.56,1.39,,0.28
IE00BHXMHQ65,2.61,4.93,5.77,,2.55,14.14,,10.88,9.88,,47.01,0.56,1.39,,0.28
IE00BHXMHR72,2.61,4.93,5.77,,2.55,14.14,,10.88,9.88,,47.01,0.56,1.39,,0.28
IE00BHZPHZ28,3.3317,7.4569,4.7557,,3.4513,27.2038,,5.6257,19.6909,1.1099,16.1273,3.5616,6.8133,0.872,
IE00BHZPJ015,3.3317,7.4569,4.7557,,3.4513,27.2038,,5.6257,19.6909,1.1099,16.1273,3.5616,6.8133,0.872,
IE00BHZPJ122,5.849,7.9026,2.716,,3.1795,19.9041,,2.6383,6.8754,1.5527,40.5053,6.4046,1.9512,0.521,
IE00BHZPJ239,5.849,7.9026,2.716,,3.1795,19.9041,,2.6383,6.8754,1.5527,40.5053,6.4046,1.9512,0.521,
IE00BHZPJ346,1.3615,10.5253,1.0392,,0.1631,22.8834,,9.5611,22.7823,4.964,20.2761,6.0143,0.1018,0.328,
IE00BHZPJ452,1.3615,10.5253,1.0392,,0.1631,22.8834,,9.5611,22.7823,4.964,20.2761,6.0143,0.1018,0.328,
IE00BHZPJ569,3.3877,8.8598,4.2474,,3.8182,17.4753,,9.8163,10.6692,1.8036,29.2396,7.7669,2.365,0.5508,
IE00BHZPJ676,4.8263,6.0119,7.6453,,3.8751,26.2197,,12.804,18.6028,1.1508,9.441,3.43,5.0763,0.9168,
IE00BHZPJ783,4.8263,6.0119,7.6453,,3.8751,26.2197,,12.804,18.6028,1.1508,9.441,3.43,5.0763,0.9168,
IE00BHZPJ890,2.143,9.2979,4.4087,,2.9288,12.3984,,9.4556,8.5461,1.8727,36.7034,9.6761,2.2106,0.3588,
IE00BHZPJ908,2.143,9.2979,4.4087,,2.9288,12.3984,,9.4556,8.5461,1.8727,36.7034,9.6761,2.2106,0.3588,
IE00BHZRQY00,15.38,4.24,6.25,,16.47,30.27,,1.49,7.61,,0.66,1.82,15.83,,
IE00BHZRQZ17,9.98,10.65,6.03,,8.55,29.83,,6.86,12.04,,7.31,4.32,4.43,,
IE00BHZRR030,2.25,5.05,1.89,,0.34,14.23,,2.33,13.13,,60.28,0.19,0.31,,
IE00BHZRR147,5.91,10.8,14.81,,3.4,22.02,,5.24,8.98,,26.59,0.26,1.97,,0.02
IE00BHZRR253,0.01,1.71,0.35,,,16.75,37.02,,7.32,,,1.54,16.45,,18.93
IE00BJ06C044,2.77,5.91,8.63,,2.92,13.89,,8.67,8.36,,45.25,0.77,2.18,,0.65
IE00BJ06C481,0.8,6.35,2.33,,4.01,35.54,,10.26,1.99,,10.99,5.18,5.37,,17.2
IE00BJ06C937,0.85,,,,3.95,2.2,82.2,,0.74,,,,0.27,,9.79
IE00BJ0KDQ92,3.4432,8.804,4.9232,,4.1311,16.3618,,9.4254,11.3067,1.6736,29.3088,7.845,2.4545,,0.3226
IE00BJ0KDR00,1.8932,9.2642,4.4618,,3.5872,12.0313,,9.5526,8.8068,1.7805,36.7161,9.5116,2.0276,,0.3671
IE00BJ38QD84,3.9573,11.4692,1.658,,6.3958,18.113,,21.0554,15.8396,6.0235,10.7269,1.6788,3.0447,,0.0377
IE00BJ5CNR11,1.95,9.47,9.5,,,16.75,,13.74,9.47,,37.2,1.1,0.38,,0.44
IE00BJ5JNY98,0.22,,0.04,,,0.14,,,0.73,,98.63,,,,0.24
IE00BJ5JNZ06,,0.27,0.58,,,0.04,,98.78,0.04,,,,,,0.3
IE00BJ5JP097,,,,,,96.93,0.04,,0.81,,1.65,,,,0.57
IE00BJ5JP105,,,,,99.1372,,,,,,,,,0.8628,
IE00BJ5JP212,,60.21,33.93,,,,,,2.26,,3.21,,,,0.39
IE00BJ5JP329,2.69,3.28,93.67,,,,,,,,,,,,0.37
IE00BJ5JP436,,10.08,0.48,,,,,,3.04,,65.37,20.8,,,0.23
IE00BJ5JP659,2.94,0.68,1.87,,,2.2,,,87.44,,3.81,,0.49,,0.58
IE00BJ5JP766,97.59,,,,1.53,,,,0.13,,,,,,0.75
IE00BJ5JPH63,1.69,,,,4.29,2.82,73.06,,0.46,,,,0.53,,17.37
IE00BJ5JPJ87,13.8795,1.7933,1.9055,,14.6319,46.4879,,2.2529,0.5293,1.621,1.669,9.7164,4.89,0.6232,
IE00BJFN5P63,,,,,,,38.75,,,,,,,,61.25
IE00BJGWQN72,,1.77,,,,10.39,,1.32,2.61,,83.92,,,,
IE00BJJYYX67,,,,,,,38.75,,,,,,,,61.25
IE00BJK3WF00,,,,,,,35.17,,,,,,,,64.84
IE00BJK55B31,6.96,16.84,3.08,,0.07,13.64,1.54,6.42,12.81,,4.6,3.49,1.6,,30.85
IE00BJK55C48,5.23,10.55,1.9,,,11.69,0.73,2.71,11.38,,1.7,12.74,2.62,,38.75
IE00BJK9H753,2.17,5.41,8.86,,2.98,13.15,,8.61,9.31,,45.9,0.79,2.16,,0.66
IE00BJK9H860,2.17,5.41,8.86,,2.98,13.15,,8.61,9.31,,45.9,0.79,2.16,,0.66
IE00BJK9HD13,,,,,,0.48,89.7,,,,,,,,9.82
IE00BJK9HH50,,,,,,,91.19,,,,,,,,8.81
IE00BJL36X53,0.39,,,,,15.4,61.52,,1.38,,,,0.59,,20.72
IE00BJLKK341,5.1766,8.0103,5.9914,,,26.3645,,5.3646,19.5058,1.3582,17.7495,2.5617,7.1566,0.7609,
IE00BJP26C72,0.28,6.06,4.3,,,55.81,2.34,6.44,4.42,,9.05,1.33,0.18,,12.3
IE00BJP26D89,3.9,6.06,3.74,,,50.32,3.68,5.34,7.5,,3.41,3.17,1.3,,15.53
IE00BJP26F04,,1.52,1.45,,,73.14,5.14,0.57,2.49,,,2.13,2.69,,12.5
IE00BJQRDK83,3.66,7.82,4.64,,2.73,19.24,,9.63,9.96,1.88,32.46,5.86,2.12,0.02,
IE00BJQRDL90,4.63,5.25,9.24,,3.63,30.05,,13.16,13.98,0.77,10.48,2.96,5.87,-0.01,
IE00BJQRDM08,2.54,8.74,4.23,,2.38,13.76,,10.45,8.51,2.23,38.71,7.03,1.31,0.12,
IE00BJQRDN15,5.8,8.18,1.75,,,21.52,,7.7,14.66,0.58,29.44,9.58,0.5,0.29,
IE00BJQRDP39,5.8,8.18,1.75,,,21.52,,7.7,14.66,0.58,29.44,9.58,0.5,0.29,
IE00BJQTJ848,,,,,,,,99.0,,,,,,,1.0
IE00BJRCLL96,8.34,6.49,10.61,,7.38,19.77,,12.83,9.82,,10.83,3.57,9.52,,0.84
IE00BJSBC011,,,,,,,62.72,,,,,,,,37.28
IE00BJSBCS90,,,,,,,62.72,,,,,,,,37.28
IE00BJXFZ989,4.15,5.77,8.08,,3.61,17.81,,8.0,10.59,,37.59,1.36,2.41,,0.63
IE00BJXRT698,,,,,,,99.9492,,,,,,,0.0508,
IE00BJXRT813,3.3676,8.7271,4.7362,,4.0205,16.7404,,9.044,10.8028,1.6014,29.912,8.6356,2.4123,,
IE00BJXRZJ40,,,,,,,,,1.37,,98.63,,,,
IE00BJXT3B87,2.27,12.33,5.45,,,14.03,,9.36,11.26,,43.34,1.14,0.65,,0.17
IE00BJXT3C94,2.27,12.33,5.45,,,14.03,,9.36,11.26,,43.34,1.14,0.65,,0.17
IE00BJXT3G33,2.27,12.33,5.45,,,14.03,,9.36,11.26,,43.34,1.14,0.65,,0.17
IE00BJXT3H40,2.27,12.33,5.45,,,14.03,,9.36,11.26,,43.34,1.14,0.65,,0.17
IE00BJXT3L85,2.27,12.33,5.45,,,14.03,,9.36,11.26,,43.34,1.14,0.65,,0.17
IE00BK0TB144,2.5278,8.1494,12.9895,,7.1688,35.3135,0.4612,,15.6891,2.558,7.2711,6.9987,0.5907,0.2815,
IE00BK4W7N32,2.21,6.53,4.03,,,36.78,0.17,8.4,4.19,,8.43,4.31,1.78,,23.19
IE00BK5BC677,,,2.26,,,,,94.53,3.19,,,,,,0.02
IE00BK5BC891,19.69,,2.05,,,,,1.86,58.58,,2.6,,14.89,,0.33
IE00BK5BCD43,,3.28,5.43,,,6.59,,6.9,1.92,,72.66,1.47,,,1.77
IE00BK5BCH80,,3.0,,,,,,,62.29,,11.62,,21.67,,1.42
IE00BK5BQT80,4.31,5.89,8.04,,3.56,17.75,,7.87,10.62,,37.32,1.31,2.47,,0.86
IE00BK5BQV03,3.86,5.88,8.06,,3.45,16.93,,8.3,10.92,,36.82,1.16,2.44,,2.19
IE00BK5BQW10,2.77,5.55,8.48,,3.58,14.46,,8.26,8.99,,43.68,0.75,2.13,,1.35
IE00BK5BQX27,6.2,6.23,8.68,,4.96,25.57,,12.34,18.02,,10.36,1.96,4.7,,0.98
IE00BK5BQY34,6.31,7.05,6.87,,2.96,25.5,,12.07,19.75,,12.32,2.14,4.68,,0.36
IE00BK5BQZ41,8.32,4.67,2.75,,1.53,26.46,,2.58,8.23,,40.45,0.91,1.58,,2.54
IE00BK5BR626,5.73,6.29,9.22,,8.16,29.29,,10.86,10.6,,9.12,2.51,5.38,,2.84
IE00BK5BR733,8.11,5.37,6.92,,4.04,22.37,,3.08,6.5,,37.14,2.51,2.69,,1.28
IE00BK5BZQ82,,,,,,,,,,,,,,,
IE00BK5BZS07,,,,,,,,,,,,,,,
IE00BK5BZT14,,,,,,,,,,,,,,,
IE00BK5BZV36,,,,,,,,,,,,,,,
IE00BK5BZX59,,,,,,,,,,,,,,,
IE00BK5C1B80,,,,,,,,,,,,,,,
IE00BK5H8015,1.7826,5.9133,8.0608,,0.5137,28.5728,,19.7782,14.6858,0.8661,14.8668,4.4211,0.5388,,
IE00BK5LYT47,2.0,9.5,4.6,,3.2,12.1,,9.4,9.2,1.8,36.0,10.2,2.2,,
IE00BK63RN45,,,,,,71.5,,,,10.6,,17.9,,,
IE00BK6NC407,2.8592,9.7357,13.4415,,5.2552,39.9621,,,14.7935,2.7523,3.6855,6.7467,0.8671,-0.0989,
IE00BK6Q9938,,,,,,,91.19,,,,,,,,8.81
IE00BK72HH44,3.5,11.55,5.58,,,18.24,,8.8,12.38,,36.75,1.51,0.82,,0.87
IE00BK72HJ67,3.5,11.55,5.58,,,18.24,,8.8,12.38,,36.75,1.51,0.82,,0.87
IE00BK72HM96,3.5,11.55,5.58,,,18.24,,8.8,12.38,,36.75,1.51,0.82,,0.87
IE00BK72HN04,3.5,11.55,5.58,,,18.24,,8.8,12.38,,36.75,1.51,0.82,,0.87
IE00BK72HT65,3.5,11.55,5.58,,,18.24,,8.8,12.38,,36.75,1.51,0.82,,0.87
IE00BK7Y2P34,,,,,,,99.5943,,,,,,,0.4057,
IE00BK80XL30,8.08,17.06,4.53,,3.42,19.26,,5.32,10.59,1.21,17.09,11.12,2.29,0.02,
IE00BK8JH525,,,,,,,98.9941,,,,,,,1.0059,
IE00BK95B138,,,,,,,99.5046,,,,,,,0.4954,
IE00BK9YKZ79,,,,,,,,,,,,,,,
IE00BKBF6616,3.9073,7.9014,5.2343,,3.9523,26.5949,,5.8618,20.0703,0.5758,15.5052,3.4951,6.4436,0.4582,
IE00BKBF6H24,3.3614,8.8887,4.961,,4.0854,16.3625,,9.4485,11.4641,1.637,29.0624,7.8535,2.3989,0.4766,
IE00BKC94M46,0.5,0.97,0.96,,1.27,14.58,46.52,1.08,4.43,,1.01,0.73,2.09,,25.87
IE00BKF09C98,6.96,16.84,3.08,,0.07,13.64,1.54,6.42,12.81,,4.6,3.49,1.6,,30.85
IE00BKFB6K94,13.37,2.79,6.86,,2.6,17.12,,3.5,16.55,,33.91,0.25,3.06,,
IE00BKFB6L02,,,,,,,,,,,,,,,
IE00BKKCKJ46,5.72,14.76,0.6,,6.39,8.83,,3.01,8.67,,2.35,3.52,1.57,,44.59
IE00BKKKWJ26,2.21,6.53,4.03,,,36.78,0.17,8.4,4.19,,8.43,4.31,1.78,,23.19
IE00BKLC5874,5.23,10.55,1.9,,,11.69,0.73,2.71,11.38,,1.7,12.74,2.62,,38.75
IE00BKLF1R75,30.39,4.65,3.75,,6.25,,,,44.94,,5.22,,1.04,,3.78
IE00BKLTRN76,4.51,6.48,9.36,,4.87,21.12,,12.2,20.61,,10.75,3.3,6.69,,0.11
IE00BKLWY790,1.74,6.56,6.38,,,13.1,,9.93,8.86,,51.81,0.71,0.05,,0.86
IE00BKM4GZ66,6.4998,8.6898,3.0473,,3.2175,18.8212,,3.5124,7.8518,1.5754,38.3852,5.8206,1.9127,0.6666,
IE00BKM4H197,0.23,32.41,37.41,,0.11,0.01,,6.46,2.51,,11.96,8.27,,,0.64
IE00BKM4H312,0.5833,8.2744,2.3904,,3.3604,8.912,,15.1597,11.6674,2.6362,39.2484,5.9625,1.6426,0.1628,
IE00BKP5L623,1.73,0.09,,,2.39,2.96,74.32,,0.59,,,,1.0,,16.99
IE00BKP5L730,1.73,0.09,,,2.39,2.96,74.32,,0.59,,,,1.0,,16.99
IE00BKPJY434,1.63,0.64,0.56,,,,,3.4,5.09,,87.27,,,,1.41
IE00BKPJY541,1.63,0.64,0.56,,,,,3.4,5.09,,87.27,,,,1.41
IE00BKPSFC54,0.874,5.8843,4.73,,3.2786,17.0128,,14.1647,12.3325,1.0315,32.2938,5.3237,2.7277,0.3465,
IE00BKPSFD61,,,,,,,99.892,,,,,,,0.108,
IE00BKPSPT20,1.96,7.6,21.76,,,32.38,,11.99,11.97,,3.76,7.85,,,0.73
IE00BKPT2S34,,,,,,,99.6415,,,,,,,0.3585,
IE00BKPT2T41,2.94,0.18,,,3.79,5.22,70.27,,0.89,,,,0.85,,15.93
IE00BKPTXQ89,,,,,92.1,,,,,,,,,,7.96
IE00BKPX3K41,1.9555,8.4361,1.2457,,1.1721,19.6538,,2.1906,6.4551,1.498,49.405,6.3142,1.1498,0.5242,
IE00BKRWN659,,,,,,,99.8573,,,,,,,0.1427,
IE00BKS2X200,,,,,,,86.91,,,,,,,,13.09
IE00BKS2X317,,,,,,,86.91,,,,,,,,13.09
IE00BKS7L097,2.1,4.9,5.1,,2.6,13.4,,11.7,9.2,2.3,35.0,12.2,1.4,,
IE00BKS8QN04,,,,,,,,,,,,,,,
IE00BKS8QT65,,,,,,,,,,,,,,,
IE00BKSBGS44,2.26,4.61,8.52,,2.69,13.52,,9.42,7.92,,49.14,0.28,1.42,,0.34
IE00BKSBGT50,5.32,5.46,8.54,,5.34,26.01,,13.32,19.18,,11.16,2.52,3.04,,0.15
IE00BKSBGV72,3.59,4.81,8.37,,3.1,18.2,,9.58,10.14,,39.42,0.82,1.71,,0.31
IE00BKSCBW67,9.24,10.12,6.15,,0.79,23.81,,10.92,20.59,,15.04,1.05,1.82,,0.47
IE00BKSCBX74,9.24,10.12,6.15,,0.79,23.81,,10.92,20.59,,15.04,1.05,1.82,,0.47
IE00BKT09032,,,,,,,,,,,,,,,
IE00BKT1CS59,9.66,4.4,2.33,,9.28,25.42,0.08,0.87,3.38,,2.91,5.45,6.18,,30.07
IE00BKT6BH25,7.55,11.71,9.82,,0.04,7.16,0.41,12.08,16.43,,5.15,8.94,3.58,,17.38
IE00BKT6FT27,,,,,,,99.5943,,,,,,,0.4057,
IE00BKT6FV49,5.1492,14.8652,4.6309,,0.9263,17.3717,,5.2963,24.3691,2.875,17.137,5.8383,1.1525,0.3883,
IE00BKT6RT64,,,,,,,99.892,,,,,,,0.108,
IE00BKT6VQ12,,,,,,,99.892,,,,,,,0.108,
IE00BKTLJB70,3.1709,0.8287,,,,,,0.0922,55.1631,3.5586,33.0719,3.4481,0.1785,0.4878,
IE00BKTLJC87,3.1709,0.8287,,,,,,0.0922,55.1631,3.5586,33.0719,3.4481,0.1785,0.4878,
IE00BKVKW020,5.21,3.25,10.86,,3.46,29.0,,7.77,13.91,,5.91,2.62,17.23,,0.78
IE00BKVL7331,3.095,4.5385,9.2064,,4.2285,13.3066,,15.0569,6.3678,3.0559,32.2353,4.4085,4.239,0.2617,
IE00BKVL7778,1.22,4.7089,9.625,,5.3225,13.0515,,15.2024,8.9416,1.5467,25.1076,8.4501,6.4461,0.3774,
IE00BKVL7D31,2.5533,4.062,13.5691,,7.0444,22.0451,,12.347,14.0541,1.4434,5.2631,7.0119,9.4355,1.1711,
IE00BKW9SV11,0.54,2.33,2.58,,0.16,52.87,,2.34,6.82,,1.08,3.84,11.89,,15.55
IE00BKW9SW28,0.83,3.31,3.91,,1.48,46.0,,2.1,8.53,,1.01,5.31,13.16,,14.37
IE00BKW9SX35,2.11,3.75,9.29,,2.7,22.32,,4.44,12.8,16.73,0.96,0.83,24.02,0.05,
IE00BKWD3743,,,,,,,84.3,,,,,,,,15.7
IE00BKWD3859,,,,,,,84.3,,,,,,,,15.7
IE00BKWD3966,,6.32,1.44,,11.73,2.15,,4.62,3.65,,0.4,9.28,19.56,,40.86
IE00BKWD3B81,,6.32,1.44,,11.73,2.15,,4.62,3.65,,0.4,9.28,19.56,,40.86
IE00BKWD3C98,,,,,,,91.05,,,,,,,,8.95
IE00BKWD3D06,,,,,,,91.05,,,,,,,,8.95
IE00BKWD3F20,,,,,,,91.05,,,,,,,,8.95
IE00BKWQ0C77,,85.71,10.39,,,,,,3.9,,,,,,
IE00BKWQ0D84,2.87,,97.13,,,,,,,,,,,,
IE00BKWQ0F09,,,,,100.0,,,,,,,,,,
IE00BKWQ0G16,,,,,,98.34,,,,,1.41,,,,0.25
IE00BKWQ0H23,,3.04,,,,0.29,,96.19,0.48,,,,,,
IE00BKWQ0J47,4.84,,,,,2.26,,,89.36,,3.52,,,,0.02
IE00BKWQ0K51,,,,,,,,,2.0,,97.65,,,,0.35
IE00BKWQ0L68,91.29,,,,8.71,,,,,,,,,,
IE00BKWQ0M75,8.5116,11.1654,3.5471,,5.2281,15.8715,,7.1517,26.4417,8.2941,7.0882,4.5967,2.1039,,
IE00BKWQ0N82,,5.68,,,,,,,8.71,,16.83,65.19,,,3.59
IE00BKWQ0P07,,,,,2.08,,,,4.65,,,,93.27,,
IE00BKWQ0Q14,5.3596,6.2577,8.2637,,5.0801,25.4599,,13.0291,19.0932,0.6151,8.8568,3.2954,4.6892,,
IE00BKX55Q28,7.9,9.33,3.3,,1.16,29.59,22.95,2.08,16.42,,4.11,0.83,1.77,,0.57
IE00BKX55R35,2.77,5.55,8.48,,3.58,14.46,,8.26,8.99,,43.68,0.75,2.13,,1.35
IE00BKX55S42,6.31,7.05,6.87,,2.96,25.5,,12.07,19.75,,12.32,2.14,4.68,,0.36
IE00BKX55T58,3.86,5.88,8.06,,3.45,16.93,,8.3,10.92,,36.82,1.16,2.44,,2.19
IE00BKX8G916,1.9,9.4,4.7,,3.1,12.3,,9.2,8.9,1.9,36.6,10.0,2.2,,
IE00BKY40J65,4.17,3.9,5.78,,2.0,15.68,,14.87,3.09,,48.49,1.79,0.21,,0.02
IE00BKY4W127,,,,,,,,,,,,,,,
IE00BKY53D40,2.87,4.33,25.08,,2.48,34.52,,10.21,6.16,,4.67,6.52,3.15,,0.01
IE00BKY55S33,3.76,15.38,14.58,,0.09,24.79,,5.37,9.04,,18.86,8.07,0.04,,
IE00BKY55W78,2.84,4.38,16.43,,1.44,28.67,,8.98,14.45,,13.76,2.91,6.08,,0.06
IE00BKY58625,2.68,3.85,13.71,,1.09,27.98,,9.38,15.87,,14.77,3.0,7.64,,0.04
IE00BKY58G26,9.09,4.68,1.78,,1.89,22.34,,2.08,3.83,,53.61,0.24,0.45,,0.01
IE00BKY59G90,7.66,5.42,4.7,,3.53,21.53,,3.63,5.04,,45.18,2.4,0.93,,
IE00BKY59K37,4.04,4.03,8.09,,0.82,26.73,,11.41,4.23,,35.94,2.52,2.18,,0.02
IE00BKZGB098,,,,,,,,,,,,,,,
IE00BL0BLZ15,5.72,14.76,0.6,,6.39,8.83,,3.01,8.67,,2.35,3.52,1.57,,44.59
IE00BL0BMX65,0.35,1.25,0.75,,,31.31,5.58,0.49,1.14,,,0.07,,,59.06
IE00BL0BMZ89,2.31,4.62,23.12,,,5.89,,16.62,23.84,,23.61,,,,
IE00BL0L0D23,4.23,5.6,18.0,,2.03,18.53,,18.62,17.87,,12.81,,,,2.31
IE00BL0L0H60,,,,,,,,99.93,,,,,,,0.07
IE00BL2F2474,0.85,,,,3.95,2.2,82.2,,0.74,,,,0.27,,9.79
IE00BL58LJ19,1.33,7.76,1.5,,0.04,31.09,,14.09,2.49,,10.96,6.22,0.5,,24.02
IE00BL58LL31,1.33,7.76,1.5,,0.04,31.09,,14.09,2.49,,10.96,6.22,0.5,,24.02
IE00BL643144,,,,,,,,,,,,,,,100.0
IE00BL6K6H97,,,,,,9.8,75.05,,,,,,,,15.15
IE00BL6K8C82,4.8789,5.3352,5.9449,,,27.3375,,14.3933,20.9511,2.6207,10.0219,2.6963,5.058,0.7622,
IE00BL6K8D99,2.6916,6.5702,4.9611,,,28.2999,,6.3337,21.8782,2.374,17.313,2.7268,6.4815,0.37,
IE00BLB2GQ94,0.3736,1.9836,1.395,51.1018,0.1116,5.5795,1.0011,1.0664,2.1538,0.6115,3.9989,1.5819,0.2497,14.2312,14.5604
IE00BLB2GS19,1.6803,10.1881,5.0274,6.7449,0.7949,15.7639,2.496,6.4897,9.4666,2.1073,23.7792,7.8757,1.2797,1.5886,4.7178
IE00BLB2GT26,0.9715,5.8068,3.0102,29.4543,0.4896,10.5963,4.0945,3.5316,5.5857,1.2946,13.4327,4.7102,0.7316,5.1312,11.1594
IE00BLCGR455,10.5,5.0,2.56,,8.64,31.79,,0.86,5.27,,2.94,3.4,5.99,,24.24
IE00BLCH1X54,,,,,,,91.05,,,,,,,,8.95
IE00BLCHJ534,26.98,0.48,,,,,,,68.42,,0.79,,3.16,,0.17
IE00BLCHJ641,26.98,0.48,,,,,,,68.42,,0.79,,3.16,,0.17
IE00BLCHJB90,,1.22,0.48,,,1.06,,9.29,67.36,,17.38,,,,3.21
IE00BLCHJC08,,1.22,0.48,,,1.06,,9.29,67.36,,17.38,,,,3.21
IE00BLCHJH52,3.4,,,,,,,,6.36,,,,83.4,,6.85
IE00BLCHJN13,48.66,7.28,5.95,,,,,,21.64,,15.16,,,,1.31
IE00BLCHJT74,,2.23,0.11,,,0.17,,5.09,15.24,,72.58,0.87,,,3.71
IE00BLCHJZ35,,1.13,,,,80.44,,,1.39,,12.6,,,,4.44
IE00BLCHK052,,1.13,,,,80.44,,,1.39,,12.6,,,,4.44
IE00BLDGH447,,,,,,,99.8164,,,,,,,0.1836,
IE00BLDGH553,,,,,,,99.8164,,,,,,,0.1836,
IE00BLDGHF56,,,,,,,,,,,,,,,
IE00BLDGHQ61,,,,,,,,,,,,,,,
IE00BLDGHT92,,,,,,,,,,,,,,,
IE00BLDGHX39,,,,,,,,,,,,,,,
IE00BLF7VX27,2.62,2.51,5.68,,2.91,27.48,,10.79,2.1,,13.57,6.06,7.06,,19.23
IE00BLNMYC90,5.0887,9.2334,6.555,,4.2922,15.7232,,12.9654,16.3296,5.5704,14.3099,3.8863,5.7757,,0.2702
IE00BLPK3577,,,,,,,,,,,100.0,,,,
IE00BLR6Q544,,0.39,,,,,,,,,99.47,,,,0.14
IE00BLR6Q650,,0.39,,,,,,,,,99.47,,,,0.14
IE00BLR6QB00,,,7.21,,,,,88.77,,,0.33,,,,3.69
IE00BLR6QC17,,,7.21,,,,,88.77,,,0.33,,,,3.69
IE00BLRB0028,3.37,9.76,1.18,,1.91,1.07,,,45.67,,17.66,,19.26,0.11,
IE00BLRB0242,3.37,9.76,1.18,,1.91,1.07,,,45.67,,17.66,,19.26,0.11,
IE00BLRPN388,5.86,5.35,7.37,,2.67,21.85,,2.9,4.92,,46.82,1.5,0.73,,0.03
IE00BLRPPV00,,,,,,,31.64,,,,,,,,68.36
IE00BLRPQH31,47.74,4.99,14.78,,,7.13,,2.61,22.75,,,,,,
IE00BLRPQK69,,,,,,,89.86,,,,,,,,10.14
IE00BLRPQL76,,,,,,41.25,37.56,,,,,,,,21.19
IE00BLRPQM83,0.16,2.78,3.3,,0.53,50.06,,1.97,8.42,,1.01,4.66,13.69,,13.43
IE00BLRPQN90,2.17,13.84,9.63,,4.48,28.8,,11.06,9.95,,9.87,0.97,2.45,,8.25
IE00BLRPQP15,2.17,13.84,9.63,,4.48,28.8,,11.06,9.95,,9.87,0.97,2.45,,8.25
IE00BLRPRD67,2.09,5.65,4.61,,6.01,37.89,,7.56,5.08,,6.43,3.82,3.69,,17.18
IE00BLRPRF81,10.5,5.0,2.56,,8.64,31.79,,0.86,5.27,,2.94,3.4,5.99,,24.24
IE00BLRPRJ20,,,,,,,,,,,,,,,
IE00BLRPRL42,,,,,,,,,,,,,,,
IE00BLRPRR04,15.97,1.75,0.93,,,5.27,,,54.55,,5.85,,15.69,,
IE00BLS09N40,,,,,,,,,,,,,,,
IE00BLSN7N96,2.21,4.95,3.3,,,16.16,,11.26,9.6,,52.07,,,,0.45
IE00BLSN7P11,2.21,4.95,3.3,,,16.16,,11.26,9.6,,52.07,,,,0.45
IE00BLSN7W87,2.21,4.95,3.3,,,16.16,,11.26,9.6,,52.07,,,,0.45
IE00BLSN7X94,2.21,4.95,3.3,,,16.16,,11.26,9.6,,52.07,,,,0.45
IE00BLSNMW37,3.85,11.21,3.12,,11.62,36.95,,8.87,11.18,0.28,9.95,2.26,0.7,,
IE00BM67HK77,,0.71,1.63,,,0.06,,97.49,0.11,,,,,,
IE00BM67HM91,,,,,99.7507,,,,,,,,,,0.2493
IE00BM67HQ30,,,,,,,,,,,,,99.6392,,0.3608
IE00BM67HR47,,7.99,0.15,,,,,,1.49,,62.02,27.98,,,0.37
IE00BM67HS53,53.1227,,,,,,,,46.3394,,,,,,0.5378
IE00BM67HV82,3.15,0.66,1.44,,,1.25,,,90.37,,2.79,,0.16,,0.18
IE00BM8QRY62,5.47,9.43,6.57,,4.3,15.73,,12.97,16.36,5.4,14.31,3.49,5.79,0.17,
IE00BM8QRZ79,,,,,,4.53,,,27.35,,35.54,,32.6,-0.02,
IE00BM8QS095,5.79,23.47,0.73,,0.26,1.39,,1.17,16.11,0.82,29.33,16.69,4.18,0.05,
IE00BM8R0H36,1.08,6.1,11.83,,0.48,0.81,,3.67,4.27,,70.34,1.27,1.21,,
IE00BM8R0J59,1.08,6.1,11.83,,0.48,0.81,,3.67,4.27,,70.34,1.27,1.21,,
IE00BM8R0N95,,,,,,,,99.61,0.27,,,,,,0.13
IE00BM97MR69,,,,,,,,,,,,,,,100.0
IE00BM9GRM34,3.89,6.8,4.07,,,29.64,,11.97,5.25,,5.69,4.32,3.67,,24.7
IE00BM9GRN41,3.89,6.8,4.07,,,29.64,,11.97,5.25,,5.69,4.32,3.67,,24.7
IE00BM9GRP64,2.67,,,,0.52,2.17,76.38,,1.97,,,,2.07,,14.22
IE00BM9GRQ71,2.67,,,,0.52,2.17,76.38,,1.97,,,,2.07,,14.22
IE00BM9TSP27,4.95,6.83,7.68,,1.43,13.65,,3.62,6.87,,41.31,3.31,0.55,,9.8
IE00BM9TV208,8.25,6.24,10.62,,1.4,35.95,,11.4,13.51,,0.98,7.78,3.22,,0.65
IE00BMBKBZ46,,,2.3,,,,0.03,97.54,,,,,,,0.13
IE00BMC38736,,,,,,,,,,,100.0,,,,
IE00BMC5DV85,,,,,,,,,,,,,,,
IE00BMC5DW92,,,,,,,,,,,,,,,
IE00BMC7BF44,,,,,,,99.9062,,,,,,,0.0938,
IE00BMCZLH06,,,,,,,99.8573,,,,,,,0.1427,
IE00BMCZLJ20,0.8856,5.2984,9.5476,,4.1522,13.625,,15.0788,7.2604,1.1268,25.1411,10.359,7.0902,0.4349,
IE00BMD8KM66,,,,,,,12.91,,,,,,,,87.09
IE00BMD8KP97,2.6,10.97,4.47,,1.13,2.42,,24.47,14.03,,31.2,6.2,2.53,-0.01,
IE00BMDBMG37,5.9603,6.2637,8.7222,,,25.7977,,12.9021,20.1808,1.2569,11.3538,2.8041,3.9045,0.8537,
IE00BMDBMK72,8.8542,5.1204,0.7216,,0.1827,47.5349,,3.3717,13.4809,14.6908,0.3684,2.9293,1.8562,0.8889,
IE00BMDBMN04,0.15,0.91,,,,35.73,30.26,,5.22,,0.07,,11.24,,16.79
IE00BMDBMT65,12.29,7.21,2.05,,3.19,50.16,,3.44,7.45,7.07,0.73,4.04,2.29,0.09,
IE00BMDBMV87,3.6,15.43,2.18,,0.84,19.5,,6.54,21.79,1.85,20.76,7.15,0.38,-0.02,
IE00BMDBMW94,4.13,5.31,7.74,,3.76,28.18,,13.88,15.65,0.72,11.52,3.23,5.8,0.08,
IE00BMDBMY19,5.93,9.5,3.02,,2.71,31.88,,3.35,4.82,1.03,28.75,7.69,1.1,0.23,
IE00BMDFDY08,6.96,16.84,3.08,,0.07,13.64,1.54,6.42,12.81,,4.6,3.49,1.6,,30.85
IE00BMDH1538,42.49,0.76,,,,,,7.54,49.22,,,,,,
IE00BMDKNW35,,,,,,80.84,,,,,19.16,,,,
IE00BMDPBY65,8.26,5.5,7.63,,,30.17,,13.77,13.37,,12.52,1.89,6.85,,0.04
IE00BMDPBZ72,1.58,5.94,7.45,,,11.64,,10.09,7.72,,51.98,2.91,0.63,,0.06
IE00BMDV7354,5.55,5.48,4.94,,2.62,22.35,,2.25,7.06,,47.17,1.18,1.15,,0.25
IE00BMDV7578,12.18,3.12,6.9,,1.95,16.4,,4.02,16.32,,35.07,0.3,2.61,,1.13
IE00BMDWYZ92,3.12,5.5,8.08,,1.37,15.92,,8.01,8.35,,35.89,0.4,2.22,,11.15
IE00BMFJGP26,,,,99.7226,,,,,,,,,,0.2773,
IE00BMFNW783,,44.84,,,,2.0,,,49.38,,,,,,3.79
IE00BMG6Z448,5.6651,3.9769,2.5096,,2.672,22.6872,,1.9514,6.4537,0.8951,48.3508,3.0441,1.3161,0.4779,
IE00BMG8GR03,3.11,7.07,6.51,,3.91,19.17,,9.21,12.12,,35.48,0.82,2.21,,0.46
IE00BMH5VP31,1.22,4.7089,9.625,,5.3225,13.0515,,15.2024,8.9416,1.5467,25.1076,8.4501,6.4461,0.3774,
IE00BMH5XY61,,38.83,43.8,,,3.49,,,,,13.49,,,,0.39
IE00BMH5Y327,,,,,,46.33,,,,,47.81,5.27,,,0.59
IE00BMH5Y871,,,,,,,,,,,99.01,,,,0.99
IE00BMH5YF48,,0.37,1.9,,,9.6,,,,,88.06,,,,0.07
IE00BMH5YL08,3.76,,4.98,,,,,,83.5,,7.61,,,,0.15
IE00BMH5YR69,14.3,21.1,,,,,,,14.75,,47.18,,,,2.67
IE00BMH5YS76,14.3,21.1,,,,,,,14.75,,47.18,,,,2.67
IE00BMP3HG27,8.25,6.24,10.62,,1.4,35.95,,11.4,13.51,,0.98,7.78,3.22,,0.65
IE00BMP3HN93,3.47,7.38,12.06,,0.5,34.35,,9.81,13.77,,9.18,2.05,1.99,,5.44
IE00BMQ5Y557,,,,,,,,,,,,,,,
IE00BMTX1Y45,2.32,5.74,8.8,,2.94,13.19,,8.69,9.23,,45.89,0.79,2.2,,0.36
IE00BMTX2B82,5.512,4.6443,18.0534,,17.0795,20.2273,,1.8724,8.7382,0.4019,19.0384,3.2913,,1.1414,
IE00BMVB5K07,,,,,,,,,,,,,,,
IE00BMVB5L14,,,,,,,,,,,,,,,
IE00BMVB5M21,,,,,,,,,,,,,,,
IE00BMVB5N38,,,,,,,,,,,,,,,
IE00BMVB5P51,,,,,,,,,,,,,,,
IE00BMVB5Q68,,,,,,,,,,,,,,,
IE00BMVB5R75,,,,,,,,,,,,,,,
IE00BMVB5S82,,,,,,,,,,,,,,,
IE00BMW13836,,16.99,27.23,,,5.75,,,8.17,,41.63,,,,0.23
IE00BMW3QX54,,4.46,,,,,,5.52,60.98,,27.0,0.86,,,1.18
IE00BMW42074,,,99.589,,,,,,,,,,,0.411,
IE00BMW42181,,3.03,,,,0.28,,95.89,0.48,,,,,,0.32
IE00BMW42298,,84.78,10.31,,,,,,3.86,,,,,,1.06
IE00BMW42306,,,,,,99.1117,,,,,,,,0.8883,
IE00BMW42413,,,,,,,0.35,,1.99,,97.34,,,,0.34
IE00BMW42520,4.84,,,,,2.25,0.09,,88.97,,3.5,,,,0.36
IE00BMW42637,,,,,99.2269,,,,,,,,,0.7731,
IE00BMWXKN31,,30.96,9.81,,,,,,3.79,,55.44,,,,
IE00BMX0B524,,,,,,,85.24,,,,,,,,14.76
IE00BMX0B631,,,,,,,68.9,,,,,,,,31.1
IE00BMX0DF60,,,,,,,,100.0429,,,,,,-0.0429,
IE00BMXC7V63,1.5749,9.1918,4.4012,,,12.4911,,10.2025,8.2732,1.8162,40.6295,10.2457,0.6251,0.5486,
IE00BMXC7W70,4.0468,8.1546,2.792,,0.259,18.3926,,10.1311,10.9148,3.4998,30.6517,8.2446,2.5274,0.3855,
IE00BMYDM794,28.64,7.47,,,,,,,47.31,,4.96,,11.39,,0.23
IE00BMYDM802,9.47,6.49,11.78,,,61.33,,,9.17,,1.06,,0.6,,0.11
IE00BMYDM919,9.16,4.43,2.94,,7.33,44.33,,3.38,14.54,,1.94,3.39,7.32,,1.24
IE00BMYDMB35,5.62,11.54,8.25,,5.29,34.86,,2.93,12.33,,6.0,3.69,9.46,,0.04
IE00BMYDMC42,11.46,6.07,8.7,,5.14,26.57,,2.97,11.55,,18.64,3.11,5.73,,0.14
IE00BMYHQM42,,,,,,,99.8514,,,,,,,0.1486,
IE00BMYMHS24,8.03,3.36,6.57,,,,,15.45,19.42,,46.06,,,,1.12
IE00BMZ17T93,3.669,9.8595,5.597,,,16.7512,,9.5362,12.4816,1.8145,30.3247,8.0659,1.5758,0.3246,
IE00BMZ17W23,3.669,9.8595,5.597,,,16.7512,,9.5362,12.4816,1.8145,30.3247,8.0659,1.5758,0.3246,
IE00BMZ17X30,3.669,9.8595,5.597,,,16.7512,,9.5362,12.4816,1.8145,30.3247,8.0659,1.5758,0.3246,
IE00BN2BCY94,,,,,,,,,,99.9429,,,,,0.0571
IE00BN4GXL63,,,,,,,,,,,,,,,
IE00BN4PXC48,4.3,6.51,4.78,,1.75,14.32,,12.92,7.09,,39.53,3.64,4.02,,1.14
IE00BN4Q0370,7.08,5.14,4.49,,0.39,32.82,,10.2,17.89,,14.72,1.74,3.42,,2.11
IE00BN4Q0602,,4.94,1.86,,,23.16,,6.65,2.95,,58.5,,1.69,,0.26
IE00BN4Q0933,6.18,4.56,5.6,,,28.08,,14.55,19.37,,12.95,1.36,6.18,,1.18
IE00BN4Q0L55,1.91,6.87,5.59,,,29.79,,5.66,19.83,,20.89,1.24,7.63,,0.59
IE00BN4Q0P93,2.23,4.34,4.85,,,23.44,,8.9,10.08,,41.4,0.94,3.43,,0.39
IE00BN4Q0X77,0.51,8.15,,,,17.85,,12.25,26.0,,29.05,4.97,,,1.22
IE00BN4Q1675,3.44,2.89,5.89,,,21.5,,3.38,8.4,,50.47,1.51,2.02,,0.5
IE00BN4RDY28,2.43,1.27,2.11,,4.57,18.93,0.24,4.21,3.58,,2.77,3.12,7.62,,49.16
IE00BN7J5Z03,6.43,6.13,14.68,,8.3,28.13,,10.9,8.89,2.3,4.79,6.44,2.53,0.49,
IE00BN92ZL31,4.0468,8.1546,2.792,,0.259,18.3926,,10.1311,10.9148,3.4998,30.6517,8.2446,2.5274,0.3855,
IE00BN940Z87,,,,,,,,,,,,,,,
IE00BN941009,,,,,,,,,,,,,,,
IE00BNC0M350,2.3,5.95,8.63,,0.86,15.1,,10.14,9.38,,45.66,1.0,0.85,,0.13
IE00BNC0M913,2.97,8.07,7.28,,1.35,33.86,,5.23,15.68,,15.65,2.3,7.06,,0.55
IE00BNC0MD55,5.01,9.56,5.75,,0.51,20.24,,5.81,18.11,,25.01,5.55,0.46,,3.99
IE00BNC0MH93,3.41,3.78,5.86,,,27.44,,2.66,5.4,,46.06,3.5,1.08,,0.81
IE00BNC1F287,7.89,6.31,,,,,,,51.5,,13.72,,17.36,,3.22
IE00BNC1G707,,11.92,,,,,,,0.8,,65.55,21.73,,,
IE00BNDS1P30,1.5,5.48,3.49,,0.01,39.83,,7.25,3.42,,6.16,5.64,1.18,,26.05
IE00BNDS1Q47,1.5,5.48,3.49,,0.01,39.83,,7.25,3.42,,6.16,5.64,1.18,,26.05
IE00BNDS1R53,1.5,5.48,3.49,,0.01,39.83,,7.25,3.42,,6.16,5.64,1.18,,26.05
IE00BNDS1S60,1.5,5.48,3.49,,0.01,39.83,,7.25,3.42,,6.16,5.64,1.18,,26.05
IE00BNDS1T77,1.5,5.48,3.49,,0.01,39.83,,7.25,3.42,,6.16,5.64,1.18,,26.05
IE00BNDS1V99,1.5,5.48,3.49,,0.01,39.83,,7.25,3.42,,6.16,5.64,1.18,,26.05
IE00BNDS1W07,1.5,5.48,3.49,,0.01,39.83,,7.25,3.42,,6.16,5.64,1.18,,26.05
IE00BNDS1X14,1.5,5.48,3.49,,0.01,39.83,,7.25,3.42,,6.16,5.64,1.18,,26.05
IE00BNG70R26,,,,,,,79.63,,,,,,,,20.38
IE00BNG8L278,3.98,6.96,7.85,,0.01,20.1,,9.38,6.26,,42.49,1.57,0.36,,1.04
IE00BNG8L385,3.98,6.96,7.85,,0.01,20.1,,9.38,6.26,,42.49,1.57,0.36,,1.04
IE00BNGFMX61,6.43,9.44,5.6,,1.57,20.7,,5.03,18.03,,28.04,4.73,0.45,,
IE00BNGFMY78,15.49,3.82,6.4,,3.61,54.43,,3.11,7.2,,1.38,2.11,2.44,,
IE00BNGJJT35,5.47,9.43,6.57,,4.3,15.73,,12.97,16.36,5.4,14.31,3.49,5.79,0.17,
IE00BNH72088,6.6637,9.341,0.5176,,2.4408,5.9409,,4.938,19.8857,2.6715,34.6969,3.9983,6.5701,1.8708,0.4648
IE00BNKF6C99,,17.4916,6.1427,,0.4583,,,25.2303,25.0938,,9.937,4.5755,5.8373,,5.2334
IE00BNRQM384,1.0,11.0,6.3,,0.5,0.2,,4.0,3.9,,58.4,13.4,1.2,,
IE00BNTVVR89,94.8,,,,,,,,,,,,,,5.23
IE00BP2C0316,5.24,4.33,6.12,,,30.61,,14.83,17.81,,12.97,1.19,6.87,,0.03
IE00BP2C1S34,,4.96,1.86,,,23.22,,6.66,2.96,,58.64,,1.69,,
IE00BP2C1V62,2.48,4.45,4.94,,,23.34,,10.0,9.47,,40.94,0.87,3.51,,
IE00BP2NF958,5.29,10.93,6.18,,0.86,19.05,,5.62,17.74,,28.0,4.99,0.92,,0.43
IE00BP3QZ825,5.814,1.8036,2.2133,,11.2951,13.5281,,8.6001,14.5419,1.2561,32.5496,5.2721,2.8179,0.3081,
IE00BP3QZB59,3.3243,8.6283,4.7271,,3.9234,16.3032,,8.7964,11.0313,1.5385,30.338,8.3698,2.3506,0.669,
IE00BP3QZD73,8.2062,9.3722,6.8623,,2.9865,15.8326,,8.9017,21.139,6.1058,9.206,4.6593,6.2223,0.5062,
IE00BP3QZJ36,6.9844,11.1733,8.1975,,8.1675,13.6535,,8.5661,32.2704,1.3293,3.1317,2.8059,3.439,0.2815,
IE00BP46NG52,0.39,,,,,15.4,61.52,,1.38,,,,0.59,,20.72
IE00BP8FKB21,,,0.5244,,,,,,,97.7121,,,,,1.7634
IE00BP9F2H18,,,,,,,,,,,,,,,
IE00BP9F2J32,,,,,,,,,,,,,,,
IE00BPRCH686,5.2,14.0,5.1,,1.2,14.9,,5.8,24.6,2.3,18.5,7.0,1.5,,
IE00BPVLQF37,4.1425,14.2775,2.7524,,,19.7512,,6.0782,24.2926,1.9243,19.0212,7.2817,0.4849,,-0.0065
IE00BQ70R696,,,0.01,,,,,99.9,,,,,,0.1,
IE00BQN1K562,5.3795,6.5089,8.5007,,5.1114,23.8478,,12.6216,19.1362,0.7034,9.913,3.0538,4.7964,0.4273,
IE00BQN1K786,7.6608,,2.3618,,13.0676,23.5818,,16.0863,12.4207,0.2785,10.3927,2.7568,10.637,0.756,
IE00BQN1K901,5.3453,5.361,7.6994,,5.2622,26.8392,,13.8103,19.3179,0.6375,7.2281,3.3949,4.5793,0.525,
IE00BQN1KC32,6.9515,8.1231,8.675,,3.5186,20.1158,,9.2083,24.2344,4.2001,2.8531,5.967,5.6514,0.5017,
IE00BQQ3Q067,4.91,5.18,6.84,,2.34,28.94,,0.95,7.22,,23.06,3.27,2.35,,14.94
IE00BQQP9F84,99.6,,,,,,,,,,,,,,0.4
IE00BQQP9G91,99.18,,,,,,,,,,,,,,0.82
IE00BQQP9H09,,,,,,,,,,,,,,,
IE00BQT3WG13,11.8963,4.3384,6.7836,,3.29,19.1107,,4.5481,14.3038,0.4929,30.2235,1.2893,3.3508,0.3725,
IE00BQWJFQ70,,,,,2.6029,,,0.1365,38.1466,6.5804,,7.1967,45.3369,,
IE00BQXKVQ19,,,,,,,,,,,,,,,
IE00BQZJBM26,8.0,5.83,7.86,,0.53,18.72,,3.21,10.68,,19.1,1.79,3.94,,20.34
IE00BQZJBQ63,1.58,8.15,13.56,,7.61,29.19,,15.05,7.36,,5.82,6.98,4.72,,
IE00BQZJBX31,6.29,3.77,1.58,,10.38,27.78,,2.39,14.14,,1.08,6.11,15.67,,10.81
IE00BQZJC527,8.34,12.64,5.2,,3.64,11.49,,3.67,20.7,,5.73,2.06,2.38,,24.15
IE00BRHZ0398,,,,,,,,,,60.1408,,,,0.6576,39.2016
IE00BRKWGL70,1.9,9.4,4.7,,3.1,12.3,,9.2,8.9,1.9,36.6,10.0,2.2,,
IE00BS7K8821,,,,,,,99.8653,,,,,,,0.1347,
IE00BSJCQV56,,,,,,99.76,,,,,,,,,0.24
IE00BSKRJX20,,,,,,,98.7807,,,,,,,1.2193,
IE00BSKRJZ44,,,,,,,98.8991,,,,,,,1.1009,
IE00BSPLC298,11.2261,15.3145,3.4669,,4.722,14.9613,,4.536,26.2297,7.4491,4.0088,5.6351,2.4505,,
IE00BSPLC306,5.2454,5.3551,7.5126,,5.3172,26.8342,,13.4348,19.3887,0.6538,8.2538,3.4343,4.57,,
IE00BSPLC413,4.8894,15.2879,6.0852,,7.4196,23.2637,,9.0467,15.6375,5.7044,7.3908,2.6202,2.6164,,0.0382
IE00BSPLC520,1.8315,10.0687,4.722,,3.2884,11.5645,,8.792,9.1418,1.6506,36.7619,10.1782,2.0005,,
IE00BT9PVG14,,10.83,30.81,,,18.36,,,2.54,,35.13,0.91,,,1.42
IE00BTJRMP35,6.0074,8.3587,2.6836,,3.376,18.8313,,2.7173,6.303,0.9477,40.5241,6.0889,1.7364,,2.4257
IE00BVFZGC04,,,,,,,,,,,,,,,
IE00BVFZGD11,,,,,,,,,,,,,,,
IE00BVGC6645,5.2,14.0,5.1,,1.2,14.9,,5.8,24.6,2.3,18.5,7.0,1.5,,
IE00BVGC6751,5.2,14.0,5.1,,1.2,14.9,,5.8,24.6,2.3,18.5,7.0,1.5,,
IE00BVXBH163,7.21,13.29,11.41,,2.54,16.1,,6.09,21.85,,4.9,3.56,,,13.05
IE00BVXC4854,11.1,15.36,6.15,,1.54,19.43,,6.33,17.33,,15.72,,,,7.06
IE00BVZ6SP04,,,,,,,,,,,,,,,
IE00BVZ6SQ11,4.82,14.66,1.94,,6.46,12.54,,3.87,10.72,,5.5,2.71,2.4,,34.38
IE00BWBXM278,,60.72,37.83,,,,,,,,0.75,,,,0.71
IE00BWBXM385,,2.36,97.65,,,,,,,,,,,,
IE00BWBXM492,,,,,98.68,1.32,,,,,,,,,
IE00BWBXM500,,,,,,95.77,,,1.96,,2.28,,,,
IE00BWBXM617,,,2.3,,,,,97.7,,,,,,,
IE00BWBXM724,1.68,0.43,0.29,,,0.68,,,93.64,,0.55,,,,2.73
IE00BWBXM831,98.43,,,,,,,,,,,,,,1.57
IE00BWBXM948,0.96,,,,,,,,1.54,,97.5,,,,
IE00BWBXMB69,,,,,,,,,,,,,100.0,,
IE00BWC52F58,,,,,,,,,,,,,,,
IE00BWC52G65,4.82,14.66,1.94,,6.46,12.54,,3.87,10.72,,5.5,2.71,2.4,,34.38
IE00BWK1SP74,3.9086,7.92,5.2528,,3.9599,26.5896,,5.9027,20.1255,0.5875,15.5318,3.4894,6.4603,0.2719,
IE00BWT3KJ20,3.64,5.91,13.45,,1.48,26.42,,8.49,15.15,,2.88,1.87,19.84,,0.87
IE00BWT3KL42,5.95,4.81,3.76,,1.04,16.34,,20.57,16.6,,29.15,1.31,0.42,,0.05
IE00BWT3KN65,3.09,2.26,3.85,,,8.06,,14.3,15.24,,52.94,,,,0.26
IE00BWT3KS11,24.35,7.29,4.01,,4.44,45.55,,4.86,5.7,,1.34,0.99,0.93,,0.54
IE00BWTN6Y99,,3.3,21.03,,10.23,12.24,,7.21,3.96,19.51,,8.47,13.94,0.12,
IE00BWTNM743,,,,,,5.81,,,2.7,,66.87,22.3,,,2.32
IE00BWTNM966,15.04,13.77,,,,18.97,,7.74,38.23,,,2.76,2.92,,0.57
IE00BWTNMB87,6.48,6.53,5.97,,4.98,19.84,,8.92,18.32,,19.6,2.03,7.01,,0.32
IE00BWZN1T31,3.9408,7.9764,5.3027,,3.9966,26.8678,,5.9463,20.2968,0.5973,15.6669,3.5283,6.5441,-0.664,
IE00BX7RQY03,3.64,5.91,13.45,,1.48,26.42,,8.49,15.15,,2.88,1.87,19.84,,0.87
IE00BX7RR706,5.95,4.81,3.76,,1.04,16.34,,20.57,16.6,,29.15,1.31,0.42,,0.05
IE00BX7RRJ27,3.09,2.26,3.85,,,8.06,,14.3,15.24,,52.94,,,,0.26
IE00BX7RS555,24.35,7.29,4.01,,4.44,45.55,,4.86,5.7,,1.34,0.99,0.93,,0.54
IE00BX7RS779,24.35,7.29,4.01,,4.44,45.55,,4.86,5.7,,1.34,0.99,0.93,,0.54
IE00BXDZNH00,5.95,4.81,3.76,,1.04,16.34,,20.57,16.6,,29.15,1.31,0.42,,0.05
IE00BXDZNK39,3.09,2.26,3.85,,,8.06,,14.3,15.24,,52.94,,,,0.26
IE00BXDZNQ90,24.35,7.29,4.01,,4.44,45.55,,4.86,5.7,,1.34,0.99,0.93,,0.54
IE00BYM11H29,4.15,5.77,8.08,,3.61,17.81,,8.0,10.59,,37.59,1.36,2.41,,0.63
IE00BYM11J43,4.15,5.77,8.08,,3.61,17.81,,8.0,10.59,,37.59,1.36,2.41,,0.63
IE00BYM11K57,4.15,5.77,8.08,,3.61,17.81,,8.0,10.59,,37.59,1.36,2.41,,0.63
IE00BYM11L64,4.15,5.77,8.08,,3.61,17.81,,8.0,10.59,,37.59,1.36,2.41,,0.63
IE00BYM8JD58,,,,,,,,,1,99,,,,,
IE00BYML9W36,1.9,9.4,4.7,,3.1,12.3,,9.2,8.9,1.9,36.6,10.0,2.2,,
IE00BYMLZY74,,,,,,,,,,,,,,,
IE00BYMS5W68,,,,,,75.9,,,1.8,,20.4,1.9,,,
IE00BYNQMK61,3.47,7.38,12.06,,0.5,34.35,,9.81,13.77,,9.18,2.05,1.99,,5.44
IE00BYPC1H27,,,,,,,99.892,,,,,,,0.108,
IE00BYPHT736,2.23,4.6,2.42,,2.47,33.66,0.07,1.74,5.6,,0.94,3.44,7.26,,35.57
IE00BYPLS672,,,,,,,,,0.3,,99.71,,,,
IE00BYQ00Y50,2.37,5.68,8.82,,3.02,13.02,,8.84,9.5,,45.08,0.83,2.15,,0.69
IE00BYQCZD50,11.1,15.36,6.15,,1.54,19.43,,6.33,17.33,,15.72,,,,7.06
IE00BYQCZF74,11.1,15.36,6.15,,1.54,19.43,,6.33,17.33,,15.72,,,,7.06
IE00BYQCZJ13,11.1,15.36,6.15,,1.54,19.43,,6.33,17.33,,15.72,,,,7.06
IE00BYQCZL35,11.1,15.36,6.15,,1.54,19.43,,6.33,17.33,,15.72,,,,7.06
IE00BYQCZN58,11.1,15.36,6.15,,1.54,19.43,,6.33,17.33,,15.72,,,,7.06
IE00BYQCZP72,7.21,13.29,11.41,,2.54,16.1,,6.09,21.85,,4.9,3.56,,,13.05
IE00BYQCZQ89,7.21,13.29,11.41,,2.54,16.1,,6.09,21.85,,4.9,3.56,,,13.05
IE00BYQCZT11,7.21,13.29,11.41,,2.54,16.1,,6.09,21.85,,4.9,3.56,,,13.05
IE00BYQCZX56,7.21,13.29,11.41,,2.54,16.1,,6.09,21.85,,4.9,3.56,,,13.05
IE00BYSX4176,6.13,5.77,8.11,,4.63,26.64,,12.8,19.83,,8.32,2.98,4.82,,
IE00BYSX4283,6.13,5.77,8.11,,4.63,26.64,,12.8,19.83,,8.32,2.98,4.82,,
IE00BYSX4408,6.13,5.77,8.11,,4.63,26.64,,12.8,19.83,,8.32,2.98,4.82,,
IE00BYSX4739,9.0,7.25,4.42,,3.56,18.75,,1.82,7.83,,43.69,2.41,1.28,,
IE00BYSX4846,9.0,7.25,4.42,,3.56,18.75,,1.82,7.83,,43.69,2.41,1.28,,
IE00BYSZ5R67,,,,,,,99.7301,,,,,,,0.2699,
IE00BYSZ5T81,,,,,,,98.8919,,,,,,,1.1081,
IE00BYSZ5V04,,,,,,,98.9607,,,,,,,1.0393,
IE00BYSZ6062,,,,,,,99.7714,,,,,,,0.2286,
IE00BYT5CV85,,,,,,,,,,,,,,,
IE00BYT5CW92,,,,,,,,,,,,,,,
IE00BYT5CX00,,,,,,,,,,,,,,,
IE00BYTH5602,12.41,15.55,1.12,,5.43,12.19,,3.58,7.46,,6.27,3.85,2.4,,29.74
IE00BYTH5R14,11.7077,4.9436,19.11,,2.0551,8.68,,4.9896,18.8424,6.4962,4.8477,3.3059,15.0218,,
IE00BYTH5S21,4.6148,3.4388,7.5835,,7.5431,24.5005,,5.9124,7.4619,9.9616,4.1429,10.7245,14.1161,,
IE00BYTH5T38,9.6616,,7.7325,,5.6798,28.5372,,5.2353,18.4516,1.5304,3.108,4.918,15.1456,,
IE00BYTH6121,1.62,5.15,6.46,,10.91,50.44,,4.19,7.01,,3.45,7.13,3.63,,
IE00BYTH6238,2.71,9.46,2.51,,3.48,8.75,,15.42,19.84,,30.13,3.29,1.41,,3.0
IE00BYTRR640,,59.37,36.71,,,,,,0.7,,2.78,,,,0.45
IE00BYTRR756,0.76,2.55,96.68,,,,,,,,,,,,
IE00BYTRR863,,,,,99.19,0.81,,,,,,,,,
IE00BYTRR970,,,,,,97.35,,,1.07,,1.51,,,,0.07
IE00BYTRRB94,,0.7,1.63,,,0.06,,97.51,0.11,,,,,,
IE00BYTRRC02,3.05,0.64,1.42,,,1.21,,,89.24,,2.76,,0.15,,1.53
IE00BYTRRD19,0.88,,0.16,,,0.6,,,1.81,,96.52,,,,0.03
IE00BYTRRF33,96.9,,,,2.18,,,,0.31,,,,,,0.61
IE00BYTRRG40,,7.27,0.16,,,,,,1.37,,64.44,24.56,,,2.21
IE00BYTRRH56,,,,,1.53,,,,1.4,,,,97.07,,
IE00BYTYHM11,,,,,,,,,,,,,,,
IE00BYTYHN28,,,,,,,,,,,,,,,
IE00BYV03C98,2.12,7.11,7.0,,3.59,14.63,,9.65,9.72,,43.81,,1.55,,0.83
IE00BYV12Y75,2.01,3.95,4.1,,4.48,29.88,0.05,4.72,5.43,,5.76,2.34,6.34,,30.96
IE00BYV1Y969,2.12,7.11,7.0,,3.59,14.63,,9.65,9.72,,43.81,,1.55,,0.83
IE00BYV1YF22,3.11,7.07,6.51,,3.91,19.17,,9.21,12.12,,35.48,0.82,2.21,,0.46
IE00BYV1YH46,3.11,7.07,6.51,,3.91,19.17,,9.21,12.12,,35.48,0.82,2.21,,0.46
IE00BYVDRC61,4.15,5.77,8.08,,3.61,17.81,,8.0,10.59,,37.59,1.36,2.41,,0.63
IE00BYVDRD78,4.15,5.77,8.08,,3.61,17.81,,8.0,10.59,,37.59,1.36,2.41,,0.63
IE00BYVDRF92,4.15,5.77,8.08,,3.61,17.81,,8.0,10.59,,37.59,1.36,2.41,,0.63
IE00BYVHJM24,3.66,5.5,7.17,,2.36,20.04,,8.4,9.36,,39.99,1.47,1.47,,0.58
IE00BYVJRP78,5.1949,9.3479,3.0264,,,20.0189,,2.9936,7.0971,1.4869,41.5713,7.0994,1.4233,0.7403,
IE00BYVJRR92,1.9817,10.1573,5.5641,,,13.0788,,10.3688,9.4205,1.8968,38.3001,7.5987,1.4915,0.1417,
IE00BYVQ9F29,0.9769,11.1019,6.4615,,0.5404,0.2347,,4.1055,3.6837,,57.7267,13.5972,1.1572,0.4142,
IE00BYVQ9G36,,,,,,,98.9139,,,,,,,1.0862,
IE00BYVTMS52,0.99,11.02,6.25,,0.54,0.24,,4.02,3.86,,58.3,13.4,1.16,0.22,
IE00BYVTMT69,1.07,5.94,11.38,,0.48,0.77,,3.62,4.16,,70.11,1.24,1.21,,0.04
IE00BYVTMZ20,25.92,32.64,5.03,,,23.35,,3.17,9.44,,,,,,0.45
IE00BYVZV757,,,,,,,95.07,,,,,,,,4.93
IE00BYWQWR46,,14.41,,,,,,,,,85.58,,,,
IE00BYWZ0333,0.0927,2.915,,,,,,2.604,22.471,,71.6146,,,0.3028,
IE00BYX2JD69,3.669,9.8595,5.597,,,16.7512,,9.5362,12.4816,1.8145,30.3247,8.0659,1.5758,0.3246,
IE00BYX5K108,4.4,7.2,7.2,,2.9,24.4,,13.1,19.2,0.6,11.1,3.9,6.1,,
IE00BYX8XC17,5.0857,14.83,4.4016,,,16.9365,,5.9961,25.791,2.6656,16.5136,7.4259,,0.3541,
IE00BYX8XD24,2.149,6.4643,8.998,,8.6222,14.5319,,14.3164,6.3043,0.1268,31.9201,5.5199,0.9185,0.1287,
IE00BYXG2H39,,,,,,,,99.8302,,,,,,0.1698,
IE00BYXPSP02,,,,,,,99.775,,,,,,,0.225,
IE00BYXPXK00,1.9052,10.263,5.7146,,4.5613,19.9461,,8.8789,8.3336,0.9189,28.9587,8.2125,2.0183,0.2888,
IE00BYXPXL17,0.8856,5.2984,9.5476,,4.1522,13.625,,15.0788,7.2604,1.1268,25.1411,10.359,7.0902,0.4349,
IE00BYXVGX24,2.12,7.11,7.0,,3.59,14.63,,9.65,9.72,,43.81,,1.55,,0.83
IE00BYXVGY31,2.12,7.11,7.0,,3.59,14.63,,9.65,9.72,,43.81,,1.55,,0.83
IE00BYXVGZ48,3.11,7.07,6.51,,3.91,19.17,,9.21,12.12,,35.48,0.82,2.21,,0.46
IE00BYXVWC37,4.82,14.66,1.94,,6.46,12.54,,3.87,10.72,,5.5,2.71,2.4,,34.38
IE00BYXYX521,,,,,,,,,,,,,,,
IE00BYXYX745,6.0317,6.4398,7.2407,,4.1611,22.9639,,8.8088,25.7143,2.9687,3.1278,6.7076,5.4333,0.4021,
IE00BYXYYK40,1.69,,,,4.29,2.82,73.06,,0.46,,,,0.53,,17.37
IE00BYXYYM63,0.56,1.26,1.39,,1.41,8.06,39.2,1.71,1.57,,1.58,0.92,2.07,,40.27
IE00BYXZ2585,3.9073,7.9014,5.2343,,3.9523,26.5949,,5.8618,20.0703,0.5758,15.5052,3.4951,6.4436,0.4582,
IE00BYYHSM20,6.6922,1.6121,13.5986,,2.4144,29.9089,,8.3292,13.1719,3.8494,7.3978,3.9574,8.696,0.3721,
IE00BYYHSQ67,0.874,5.8843,4.73,,3.2786,17.0128,,14.1647,12.3325,1.0315,32.2938,5.3237,2.7277,0.3465,
IE00BYYLVH00,,,,,,,,,,,,,,,
IE00BYYLVJ24,,,,,,,,,,,,,,,
IE00BYYLVK39,,,,,,,,,,,,,,,
IE00BYYR0489,13.8795,1.7933,1.9055,,14.6319,46.4879,,2.2529,0.5293,1.621,1.669,9.7164,4.89,0.6232,
IE00BYYW2S15,1.8067,9.2551,4.591,,3.456,12.2217,,9.5419,8.6259,1.8278,37.1451,9.463,2.0658,,
IE00BYYW2V44,1.8067,9.2551,4.591,,3.456,12.2217,,9.5419,8.6259,1.8278,37.1451,9.463,2.0658,,
IE00BYYXBF44,5.43,8.87,6.97,,18.91,25.32,,1.49,7.88,4.56,5.22,5.43,9.51,0.4,
IE00BYZ28V50,,,,,,,99.5943,,,,,,,0.4057,
IE00BYZ28W67,8.1811,4.3819,13.2341,,10.9121,28.0368,,11.7085,13.9329,1.1836,1.0012,1.9783,4.3697,1.0799,
IE00BYZK4552,0.0927,2.915,,,,,,2.604,22.471,,71.6146,,,0.3028,
IE00BYZK4669,0.1833,5.892,0.7226,,,43.5055,,48.304,0.0516,0.801,0.0669,0.1015,,0.3715,
IE00BYZK4776,,,,,,,,98.0927,0.4782,0.1715,1.0428,,,0.2149,
IE00BYZK4883,,15.3118,0.0888,,,18.5891,,,14.3102,6.0488,29.529,15.7839,,0.3385,
IE00BYZLWM19,,,,,,79.44,,,,,,,,,20.56
IE00BYZNF849,,,,,2.0639,,,,12.4696,11.9605,,2.8328,70.6533,,0.0198
IE00BYZTVT56,3.13,4.59,4.23,,0.03,39.36,0.21,5.58,7.38,,1.81,4.59,1.69,,27.51
IE00BYZTVV78,3.61,5.88,3.97,,0.03,57.12,1.26,5.48,7.75,,2.75,3.8,1.55,,7.18
IE00BZ036H21,1.89,5.3,5.61,,6.22,27.36,,7.89,4.47,,7.97,4.88,3.88,,24.54
IE00BZ036J45,1.89,5.3,5.61,,6.22,27.36,,7.89,4.47,,7.97,4.88,3.88,,24.54
IE00BZ048579,1.49,5.28,3.76,,,51.89,1.24,6.14,4.04,,8.1,1.9,1.09,,16.08
IE00BZ0G8860,3.43,6.71,6.88,,8.14,16.56,0.02,11.12,8.09,,8.56,5.64,12.01,,12.84
IE00BZ0G8977,,,,,,,99.9092,,,,,,,0.0908,
IE00BZ0G8B96,3.9504,15.0606,3.786,,0.9402,18.7961,,5.5932,24.4309,1.7797,18.019,6.7047,0.9392,,
IE00BZ0G8C04,3.9708,15.2659,3.777,,0.939,18.5072,,5.6558,24.3989,1.7978,17.9709,6.7571,0.9596,,
IE00BZ0PKS76,1.491,10.9827,4.1088,,3.9725,12.2955,,10.5944,6.7343,1.3859,35.8414,10.2496,2.0113,0.3326,
IE00BZ0PKT83,1.9052,10.263,5.7146,,4.5613,19.9461,,8.8789,8.3336,0.9189,28.9587,8.2125,2.0183,0.2888,
IE00BZ0PKV06,3.0251,4.9678,8.1406,,5.4814,31.5384,,11.3826,15.6569,1.2756,8.6184,4.4681,4.7698,0.6753,
IE00BZ0RTB90,3.47,7.38,12.06,,0.5,34.35,,9.81,13.77,,9.18,2.05,1.99,,5.44
IE00BZ0XVF52,,,,,,,,,,,,,,,
IE00BZ0XVG69,,,,,,,,,,,,,,,
IE00BZ163G84,3.1,5.18,5.53,,2.54,32.39,0.07,4.85,7.45,,1.48,3.64,5.62,,28.16
IE00BZ163H91,,,,,,0.2,85.01,,,,,,,,14.79
IE00BZ163K21,2.17,4.57,5.27,,5.12,29.15,0.03,5.89,5.71,,5.27,3.25,7.32,,26.27
IE00BZ163L38,2.02,0.03,,,9.4,8.12,54.0,,1.52,,,0.39,3.19,,21.33
IE00BZ163M45,,,,,,,68.9,,,,,,,,31.1
IE00BZ171348,,,,,,,99.4862,,,,,,,0.5138,
IE00BZ173T46,1.9817,10.1573,5.5641,,,13.0788,,10.3688,9.4205,1.8968,38.3001,7.5987,1.4915,0.1417,
IE00BZ173V67,1.9817,10.1573,5.5641,,,13.0788,,10.3688,9.4205,1.8968,38.3001,7.5987,1.4915,0.1417,
IE00BZ1GHD37,,,,,,,,,,,,,,,
IE00BZ1NCS44,,,,,,,,,,,,,,,
IE00BZ2GTT26,4.15,5.77,8.08,,3.61,17.81,,8.0,10.59,,37.59,1.36,2.41,,0.63
IE00BZ2GV965,,,,,,,,,,,,,,,
IE00BZ4BMM98,7.66,6.42,4.74,,6.54,48.32,,,1.62,8.16,,7.56,8.72,0.25,
IE00BZ56RD98,4.54,7.93,8.27,,4.57,9.34,,16.66,12.8,,32.98,2.3,0.33,,0.28
IE00BZ56RG20,4.54,7.93,8.27,,4.57,9.34,,16.66,12.8,,32.98,2.3,0.33,,0.28
IE00BZ56RN96,4.23,13.86,7.61,,,6.92,,16.67,16.87,,25.73,2.63,,,5.48
IE00BZ56SW52,4.23,13.86,7.61,,,6.92,,16.67,16.87,,25.73,2.63,,,5.48
IE00BZ56SY76,0.94,21.75,1.7,,0.2,18.17,,2.69,25.53,,8.74,5.35,0.17,,14.76
IE00BZ56TQ67,0.94,21.75,1.7,,0.2,18.17,,2.69,25.53,,8.74,5.35,0.17,,14.76
IE00BZBW4Z27,3.09,7.36,19.57,,8.73,42.9,,2.09,4.73,,4.71,5.13,1.41,,0.28
IE00BZCQB185,8.6793,12.7037,5.3189,,8.1897,30.1917,,6.3489,10.9725,1.4201,7.0694,5.1061,3.669,0.3308,
JE00B1VS2W53,,,,,,,,,,,,,,,
JE00B1VS3002,,,,,,,,,,,,,,,
JE00B1VS3333,,,,,,,,,,,,,,,
JE00B1VS3770,,,,,,,,,,,,,,,
JE00B1VS3W29,,,,,,,,,,,,,,,
JE00B24DK975,,,,,,,,,,,,,,,
JE00B24DKC09,,,,,,,,,,,,,,,
JE00B24DKH53,,,,,,,,,,,,,,,
JE00B24DKJ77,,,,,,,,,,,,,,,
JE00B24DKK82,,,,,,,,,,,,,,,
JE00B24DMC49,,,,,,,,,,,,,,,
JE00B24DMD55,,,,,,,,,,,,,,,
JE00B24DMJ18,,,,,,,,,,,,,,,
JE00B24DMK23,,,,,,,,,,,,,,,
JE00B2NFT427,,,,,,,,,,,,,,,
JE00B2NFTD12,,,,,,,,,,,,,,,
JE00B2NFTF36,,,,,,,,,,,,,,,
JE00B2NFTG43,,,,,,,,,,,,,,,
JE00B2NFTL95,,,,,,,,,,,,,,,
JE00B2NFTS64,,,,,,,,,,,,,,,
JE00B2NFTW01,,,,,,,,,,,,,,,
JE00B2NFV134,,,,,,,,,,,,,,,
JE00B2NFV803,,,,,,,,,,,,,,,
JE00B2QXZK10,,,,,,,,,,,,,,,
JE00B44F1611,,,,,,,,,,,,,,,
JE00B4PDKD43,,,,,,,,,,,,,,,
JE00B4RKQV36,,,,,,,,,,,,,,,
JE00B588CD74,,,,,,,,,,,,,,,
JE00B5SV2703,,,,,,,,,,,,,,,
JE00B6SV8B36,,,,,,,,,,,,,,,
JE00B6XF0923,,,,,,,,,,,,,,,
JE00B7305Z55,,,,,,,,,,,,,,,
JE00B78CGV99,,,,,,,,,,,,,,,
JE00B78CP782,,,,,,,,,,,,,,,
JE00B78NNK09,,,,,,,,,,,,,,,
JE00B78NNS84,,,,,,,,,,,,,,,
JE00B78NNV14,,,,,,,,,,,,,,,
JE00B78NPQ01,,,,,,,,,,,,,,,
JE00B78NPW60,,,,,,,,,,,,,,,
JE00B78NPY84,,,,,,,,,,,,,,,
JE00B7VG2M16,,,,,,,,,,,,,,,
JE00B8DFY052,,,,,,,,,,,,,,,
JE00BDD9Q840,,,,,,,,,,,,,,,
JE00BDD9Q956,,,,,,,,,,,,,,,
JE00BDD9QB77,,,,,,,,,,,,,,,
JE00BDD9QC84,,,,,,,,,,,,,,,
JE00BN2CJ301,,,,,,,,,,,,,,,
JE00BN7KB334,,,,,,,,,,,,,,,
JE00BN7KB441,,,,,,,,,,,,,,,
JE00BN7KB557,,,,,,,,,,,,,,,
JE00BN7KB664,,,,,,,,,,,,,,,
JE00BN7KB771,,,,,,,,,,,,,,,
JE00BNG8LN89,,,,,,,,,,,,,,,
JE00BP2PWW32,,,,,,,,,,,,,,,
JE00BPRDNL86,,,,,,,,,,,,,,,
JE00BPRDNM93,,,,,,,,,,,,,,,
JE00BQRFDY49,,,,,,,,,,,,,,,
LU0136234068,,,,,,,,,,,,,,,
LU0136234654,,,,,,,,,,,,,,,
LU0136240974,5.48,9.79,7.02,,0.83,19.39,,5.2,18.77,,23.33,4.87,1.03,,4.31
LU0136242590,,,,,,,,,,,,,,,
LU0147308422,,,,,,,,,,,,,,,
LU0192223062,,,,,,,,,,99.7887,,,,0.2096,0.0017
LU0249326488,,,,,,,,,,,,,,,
LU0252633754,4.3638,6.0678,1.0326,,,21.2516,,6.4996,35.1355,,14.5954,5.9944,4.2367,,0.8226
LU0252634307,4.3632,6.0676,1.0327,,,21.2516,,6.4996,35.1352,,14.5954,5.9954,4.2367,,0.8226
LU0259322260,,,,,,,,,,,,,,,
LU0274208692,3.81,5.88,8.4,,3.63,17.29,0.61,8.76,11.12,,35.85,1.27,2.51,,0.88
LU0274210672,2.46,5.66,9.04,,3.13,13.37,,9.14,9.7,,44.24,0.9,2.25,,0.12
LU0274211217,1.6205,7.3062,4.9145,,7.799,27.2977,,5.3842,19.4547,,15.7941,2.2467,4.4371,,3.7452
LU0274212538,,2.5505,7.4712,,9.2021,51.4306,,1.1768,8.9981,,3.7433,0.249,12.8729,,2.3056
LU0290355717,,,,,,,3.2826,,,,,,,,96.7174
LU0290356871,,,,,,,,,,,,,,,100.0
LU0290356954,,,,,,,,,,,,,,,100.0
LU0290357176,,,,,,,,,,,,,,,100.0
LU0290357259,,,,,,,,,,,,,,,100.0
LU0290357507,,,,,,1.53,90.64,,,,,,,,7.83
LU0290357846,,,,,,,,,,,,,,,100.0
LU0290357929,,,,,,,,,,,,,,,100.0
LU0290358224,,,,,,,1.94,,,,,,,,98.06
LU0290358497,,,,,,,,,,,,,,,
LU0292095535,0.3641,11.1735,9.2247,,7.4095,35.6783,,2.6995,5.5134,5.181,,2.8268,16.2171,,3.7121
LU0292096186,5.42,6.36,9.13,,7.27,52.24,,1.82,5.94,,1.89,2.83,6.61,,0.5
LU0292097234,6.5141,8.9671,6.6079,,10.7623,27.5946,,11.7703,12.056,1.1449,0.6718,1.3621,4.4063,,8.1427
LU0292097317,3.1359,13.1732,2.8114,,1.4751,39.7146,,1.765,17.9301,7.5975,2.7498,1.0306,1.4526,,7.1644
LU0292100806,99.952,,,,,,,,,,,,,,0.048
LU0292103222,,3.02,,,,0.28,0.09,96.09,0.48,,,,,,0.04
LU0292103651,,,,,,98.17,0.08,,,,1.4,,,,0.35
LU0292104030,,5.56,,,,,,,8.64,,16.6,65.6,,,3.61
LU0292104469,,,,,,,0.06,,2.02,,97.48,,,,0.45
LU0292104899,,,,,,,,,,,,,99.7975,,0.2025
LU0292105359,2.85,,96.75,,,,0.34,,,,,,,,0.06
LU0292106084,5.01,,,,,2.34,,,89.09,,3.55,,,,0.01
LU0292106167,,,,,,,,,,,,,,,
LU0292106241,,,,,,,,,,,,,,,
LU0292106753,,,,,,,,,,,,,,,
LU0292107645,6.19,4.57,5.2,,3.14,20.2,,2.35,5.98,,48.03,2.02,1.74,,0.58
LU0292107991,,,,,,,,,,,,,,,
LU0292108619,19.9,2.07,11.63,,9.09,36.02,,0.57,8.22,,,3.46,8.14,,0.9
LU0292109005,,,,,,,,,,,,,,,
LU0292109690,,,,,,,,,,,,,,,
LU0321462870,,,,,,,,,,,,,,,
LU0321462953,1.86,0.09,,,5.59,4.02,69.15,,1.02,,,,2.05,,16.22
LU0321464652,,,,,,,,,,,,,,,
LU0321465469,,,,,,,,,,,,,,,
LU0322248146,2.4908,4.4972,9.3344,,,25.8311,,21.6715,18.4516,,1.1824,1.6428,,,14.8982
LU0322250712,,,,,,,,,,,,,,,
LU0322250985,6.9726,16.7726,5.0141,,8.3799,14.7077,,8.0395,31.0157,0.6569,3.1018,1.4667,3.498,,0.3745
LU0322251520,,,,,,,,,,,,,,,
LU0322252171,,,,,,,,,,,,,,,
LU0322252924,,,,,,,,,,,,,,,
LU0322253229,,,,,19.45,0.09,0.17,,39.85,,,,39.9,,0.54
LU0328473581,,,,,,,,,,,,,,,
LU0328475792,3.629,7.3811,6.1608,,6.617,25.4017,,9.9575,17.9352,1.0913,8.5112,2.5832,4.182,,6.5501
LU0328476410,,,,,,,,,,,,,,,
LU0335044896,,,,,,,,,,,,,,,
LU0340285161,,,,,,,,,,,,,,,
LU0378818131,,,,,,0.06,78.66,,,,,,,,21.28
LU0378818560,,,,,,,,,,,,,,,100.0
LU0380865021,1.6205,7.3062,4.9145,,7.799,27.2977,,5.3842,19.4547,,15.7941,2.2467,4.4371,,3.7452
LU0397221945,,,,,,,,,,,,,,,100.0
LU0411075020,,,,,,,,,,,,,,,
LU0411075376,,,,,,,,,,,,,,,
LU0411078552,,,,,,,,,,,,,,,
LU0411078636,,,,,,,,,,,,,,,
LU0429458895,,,,,,,,,,,,,,,100.0
LU0429459356,,,,,,,,,,,,,,,100.0
LU0429790743,,,,,,,,,,,,,,,
LU0446734104,,,,,,,,,,,,,,,
LU0446734369,6.61,5.98,4.99,,5.95,46.11,,5.98,8.27,,2.6,1.75,11.11,,0.65
LU0446734526,,,,,,,,,,,,,,,
LU0446734872,13.5,3.84,3.4,,17.27,46.63,,,8.14,,3.63,0.8,2.12,,0.67
LU0460391732,,,,,,,,,,,,,,,
LU0460391906,,,,,,,,,,,,,,,
LU0468896575,,,,,,,,,,,,,,,100.0
LU0468897110,,,,,,,,,,,,,,,100.0
LU0476289466,31.2165,,29.4174,,,14.7101,,,11.2203,4.6327,,8.6895,,,0.1135
LU0476289623,8.39,4.72,2.21,,,65.9,,,7.73,,,11.06,,,
LU0480132876,6.16,4.5,5.24,,3.14,20.22,,2.31,5.75,,48.32,2.03,1.73,,0.6
LU0484968812,3.31,4.25,2.07,,0.04,38.83,,6.41,7.5,,2.09,5.25,1.92,,28.33
LU0484968903,3.31,4.25,2.07,,0.04,38.83,,6.41,7.5,,2.09,5.25,1.92,,28.33
LU0484969463,,,,,,,,,,,,,,,100.0
LU0490618542,2.32,5.74,8.8,,2.94,13.19,,8.69,9.23,,45.89,0.79,2.2,,0.36
LU0494592974,,,,,,,98.6637,,,,,,,,1.3363
LU0496786574,,9.2625,4.5929,,3.463,12.22,,9.5462,8.6175,,37.158,9.4332,2.0659,,3.6408
LU0496786657,,9.2625,4.5929,,3.463,12.22,,9.5462,8.6175,,37.158,9.4332,2.0659,,3.6408
LU0496786905,26.621,6.8314,3.7212,,4.5274,32.5487,,6.5588,6.601,5.6307,,3.3474,,,3.6125
LU0514694370,8.5336,,7.2462,,,51.854,,3.0098,9.7594,,,5.4376,14.006,,0.1534
LU0514695187,9.26,10.36,6.09,,8.6,31.9,0.03,6.29,11.69,,6.99,4.76,3.61,,0.43
LU0524480265,,,,,,0.37,87.79,,,,,,,,11.84
LU0533032859,,,,,,97.38,,,1.06,,1.5,,,,0.06
LU0533033071,,,,,,97.38,,,1.06,,1.5,,,,0.06
LU0533033238,,0.71,1.63,,,0.06,,97.49,0.11,,,,,,
LU0533033311,,0.71,1.63,,,0.06,,97.49,0.11,,,,,,
LU0533033667,,,,,,,,,,,100.0,,,,
LU0533033741,,,,,,,,,,,100.0,,,,
LU0592215403,0.7472,2.7784,5.1988,,0.5182,20.3591,,,43.9209,13.3575,,3.7343,9.3063,,0.0794
LU0592216393,3.427,9.2786,0.444,,4.1388,46.0107,,0.6595,6.7743,0.8155,3.4381,3.2959,18.9919,,2.7257
LU0592217524,,,,,,,,,,,,,,,
LU0599612842,0.39,1.73,1.13,,3.71,24.02,,10.41,16.12,,11.7,13.35,16.66,,0.79
LU0599613147,10.39,8.94,7.73,,1.3,27.18,,7.63,22.18,,6.67,2.7,4.51,,0.77
LU0613540268,,,,,,,,,,,,,,,
LU0614173549,,,,,,,,,,,,,,,100.0
LU0614173895,,,,,,,,,,,,,,,100.0
LU0629459743,3.5,11.58,5.6,,,18.26,,8.81,12.43,,36.82,1.51,0.83,,0.66
LU0629460089,2.27,12.41,5.48,,,14.1,,9.4,11.32,,43.58,1.15,0.65,,
LU0629460675,4.8,9.64,8.91,,,29.48,,4.1,21.18,,18.91,2.2,0.69,,0.09
LU0629460832,7.6,4.05,4.55,,,28.42,,5.57,16.84,,27.47,4.96,,,0.54
LU0641006290,,,,,,0.06,78.66,,,,,,,,21.28
LU0641006456,,,,,,0.06,78.66,,,,,,,,21.28
LU0641006613,,,,,,0.06,78.66,,,,,,,,21.28
LU0641007009,,,,,,,,,,,,,,,100.0
LU0641007264,,,,,,,,,,,,,,,100.0
LU0641007421,,,,,,,,,,,,,,,100.0
LU0643975161,,,,,,,,,,,,,,,100.0
LU0643975591,,,,,,,3.2826,,,,,,,,96.7174
LU0659579063,6.9211,,1.8202,,13.2538,50.4364,,,15.3848,1.0121,4.6543,,6.2385,,0.2786
LU0659579147,,,,,,,,,,,,,,,
LU0659579733,3.81,5.88,8.4,,3.63,17.29,0.61,8.76,11.12,,35.85,1.27,2.51,,0.88
LU0671493277,10.67,12.02,3.99,,4.69,17.21,,4.95,33.14,,8.25,1.78,2.71,,0.6
LU0677077884,1.86,0.09,,,5.59,4.02,69.15,,1.02,,,,2.05,,16.22
LU0690964092,,,,,,0.06,78.66,,,,,,,,21.28
LU0721552544,,,,,,,68.43,,,,,,,,31.57
LU0721552973,,,,,,,65.61,,,,,,,,34.39
LU0779800910,9.77,3.19,7.62,,2.25,17.82,,3.78,17.54,,34.78,0.26,2.66,,0.34
LU0832435464,,,,,,,,,,,,,,,
LU0832436512,2.7597,9.6545,18.7014,,10.3831,,,7.2516,7.9477,,,16.3795,26.9224,,
LU0838780707,6.5131,8.9655,6.6137,,10.7619,27.5954,,11.7734,12.0575,1.1446,0.6721,1.3651,4.4062,,8.1317
LU0875160326,13.8779,6.163,4.7341,,2.7556,20.0832,,2.5821,21.6096,0.411,17.526,5.4428,3.9365,,0.8783
LU0879397742,,,,,,74.82,4.98,1.04,2.93,,,1.56,1.83,,12.84
LU0879399441,,,,,,36.62,12.4,,8.58,,,1.56,0.72,,40.12
LU0908500753,5.5007,6.6614,7.7074,,5.4902,25.8937,,12.4214,19.2432,,8.6208,,4.5743,,3.8868
LU0908501058,3.0784,7.2459,5.1289,,,27.8618,,6.0727,19.3897,,16.4097,3.2401,6.8446,,4.7283
LU0908501132,3.0784,7.2459,5.1289,,,27.8618,,6.0727,19.3897,,16.4097,3.2401,6.8446,,4.7283
LU0908508731,,,,,,0.06,78.66,,,,,,,,21.28
LU0908508814,,,,,,,,,,,,,,,100.0
LU0925589839,,,,,,,,,,,,,,,100.0
LU0937836467,6.05,2.76,14.02,,12.25,25.54,,14.25,11.6,,3.69,1.36,5.01,,3.47
LU0940748279,15.69,6.08,6.01,,2.86,51.58,,3.73,6.88,,0.87,2.02,3.55,,0.73
LU0942970103,0.45,1.16,0.57,,0.02,14.26,49.42,1.62,5.96,,1.53,1.06,0.46,,23.51
LU0942970442,0.45,1.16,0.57,,0.02,14.26,49.42,1.62,5.96,,1.53,1.06,0.46,,23.51
LU0942970798,0.45,1.16,0.57,,0.02,14.26,49.42,1.62,5.96,,1.53,1.06,0.46,,23.51
LU0950381748,,,,,,,,,,99.7887,,,,0.2096,0.0017
LU0950668367,4.34,9.62,6.62,,4.45,26.69,0.07,4.13,20.81,,16.2,1.87,4.88,,0.32
LU0950668524,5.92,5.99,8.61,,4.94,24.86,,12.7,17.92,,11.44,2.01,4.61,,1.0
LU0950668870,4.97,7.81,5.56,,3.63,26.14,,4.87,20.03,,17.39,2.34,6.21,,1.05
LU0950669845,6.61,5.98,4.99,,5.95,46.11,,5.98,8.27,,2.6,1.75,11.11,,0.65
LU0950670009,10.67,12.02,3.99,,4.69,17.21,,4.95,33.14,,8.25,1.78,2.71,,0.6
LU0950670777,,,,,,74.82,4.98,1.04,2.93,,,1.56,1.83,,12.84
LU0950670850,6.05,2.76,14.02,,12.25,25.54,,14.25,11.6,,3.69,1.36,5.01,,3.47
LU0950671825,5.48,9.79,7.02,,0.83,19.39,,5.2,18.77,,23.33,4.87,1.03,,4.31
LU0950672807,13.5,3.84,3.4,,17.27,46.63,,,8.14,,3.63,0.8,2.12,,0.67
LU0950674175,6.16,4.5,5.24,,3.14,20.22,,2.31,5.75,,48.32,2.03,1.73,,0.6
LU0950674332,3.5,11.58,5.6,,,18.26,,8.81,12.43,,36.82,1.51,0.83,,0.66
LU0950674761,4.8,9.64,8.91,,,29.48,,4.1,21.18,,18.91,2.2,0.69,,0.09
LU0950674928,7.6,4.05,4.55,,,28.42,,5.57,16.84,,27.47,4.96,,,0.54
LU0950676113,,,,,,,68.43,,,,,,,,31.57
LU0950676469,,,,,,,65.61,,,,,,,,34.39
LU0950677863,,,,,,36.62,12.4,,8.58,,,1.56,0.72,,40.12
LU0952581584,,,,,,,,,,,,,,,100.0
LU0959210278,9.5437,,7.7334,,5.6505,28.7469,,5.2777,18.4799,,3.122,4.9229,14.9948,,1.528
LU0959211243,,9.2625,4.5929,,3.463,12.22,,9.5462,8.6175,,37.158,9.4332,2.0659,,3.6408
LU0959211326,,9.2625,4.5929,,3.463,12.22,,9.5462,8.6175,,37.158,9.4332,2.0659,,3.6408
LU0962071741,,,,,,0.37,87.79,,,,,,,,11.84
LU0962078753,,,,,,,,,,,,,,,100.0
LU0969639128,,,,,,,89.11,,,,,,,,10.89
LU0969639474,,,,,,,89.11,,,,,,,,10.89
LU0977261329,6.96,6.33,14.44,,,20.23,,37.47,11.19,,1.8,0.97,0.17,,0.45
LU0979892907,,,,,,,,,,,,,,,
LU0994505336,3.427,9.2786,0.444,,4.1388,46.0107,,0.6595,6.7743,0.8155,3.4381,3.2959,18.9919,,2.7257
LU1048313891,2.7,7.41,5.26,,,23.87,,2.49,5.38,,45.97,5.04,1.03,,0.85
LU1048313974,2.7,7.41,5.26,,,23.87,,2.49,5.38,,45.97,5.04,1.03,,0.85
LU1048314196,1.99,6.14,3.25,,0.73,43.42,,2.02,4.51,,0.87,1.06,8.43,,27.58
LU1048314949,,0.55,0.27,,1.98,18.61,,2.18,0.58,,5.89,,1.59,,68.36
LU1048315086,,0.55,0.27,,1.98,18.61,,2.18,0.58,,5.89,,1.59,,68.36
LU1048315243,,0.55,0.27,,1.98,18.61,,2.18,0.58,,5.89,,1.59,,68.36
LU1048315326,,0.55,0.27,,1.98,18.61,,2.18,0.58,,5.89,,1.59,,68.36
LU1048315755,,0.55,0.27,,1.98,18.61,,2.18,0.58,,5.89,,1.59,,68.36
LU1048316647,,1.18,0.81,,3.66,14.67,,2.77,1.46,,5.27,,1.66,,68.53
LU1048316720,,1.18,0.81,,3.66,14.67,,2.77,1.46,,5.27,,1.66,,68.53
LU1048317025,,1.18,0.81,,3.66,14.67,,2.77,1.46,,5.27,,1.66,,68.53
LU1048317298,,1.18,0.81,,3.66,14.67,,2.77,1.46,,5.27,,1.66,,68.53
LU1048317538,,1.18,0.81,,3.66,14.67,,2.77,1.46,,5.27,,1.66,,68.53
LU1079841273,,,,,,,,,,,,,,,
LU1079841513,,,,,,,,,,,,,,,
LU1079842321,,,,,,,,,,,,,,,
LU1094612022,,,,,,15.0459,,,,,,,,,84.9541
LU1109939865,10.61,32.36,7.03,,,14.11,,3.55,6.99,,,3.35,,,22.0
LU1109941689,10.61,32.36,7.03,,,14.11,,3.55,6.99,,,3.35,,,22.0
LU1109942653,5.05,12.17,2.9,,0.32,8.11,,3.28,10.98,,2.44,5.47,1.7,,47.58
LU1109943388,5.05,12.17,2.9,,0.32,8.11,,3.28,10.98,,2.44,5.47,1.7,,47.58
LU1130155432,13.5,3.84,3.4,,17.27,46.63,,,8.14,,3.63,0.8,2.12,,0.67
LU1130155606,13.5,3.84,3.4,,17.27,46.63,,,8.14,,3.63,0.8,2.12,,0.67
LU1130155861,13.5,3.84,3.4,,17.27,46.63,,,8.14,,3.63,0.8,2.12,,0.67
LU1130156323,13.5,3.84,3.4,,17.27,46.63,,,8.14,,3.63,0.8,2.12,,0.67
LU1130156596,13.5,3.84,3.4,,17.27,46.63,,,8.14,,3.63,0.8,2.12,,0.67
LU1135865084,,9.2625,4.5929,,3.463,12.22,,9.5462,8.6175,,37.158,9.4332,2.0659,,3.6408
LU1169819635,4.97,7.81,5.56,,3.63,26.14,,4.87,20.03,,17.39,2.34,6.21,,1.05
LU1169819718,4.97,7.81,5.56,,3.63,26.14,,4.87,20.03,,17.39,2.34,6.21,,1.05
LU1169819809,4.97,7.81,5.56,,3.63,26.14,,4.87,20.03,,17.39,2.34,6.21,,1.05
LU1169819981,4.97,7.81,5.56,,3.63,26.14,,4.87,20.03,,17.39,2.34,6.21,,1.05
LU1169820138,4.97,7.81,5.56,,3.63,26.14,,4.87,20.03,,17.39,2.34,6.21,,1.05
LU1169820997,6.05,2.76,14.02,,12.25,25.54,,14.25,11.6,,3.69,1.36,5.01,,3.47
LU1169821029,6.05,2.76,14.02,,12.25,25.54,,14.25,11.6,,3.69,1.36,5.01,,3.47
LU1169821292,6.05,2.76,14.02,,12.25,25.54,,14.25,11.6,,3.69,1.36,5.01,,3.47
LU1169821375,6.05,2.76,14.02,,12.25,25.54,,14.25,11.6,,3.69,1.36,5.01,,3.47
LU1169821458,6.05,2.76,14.02,,12.25,25.54,,14.25,11.6,,3.69,1.36,5.01,,3.47
LU1169821888,5.48,9.79,7.02,,0.83,19.39,,5.2,18.77,,23.33,4.87,1.03,,4.31
LU1169822001,5.48,9.79,7.02,,0.83,19.39,,5.2,18.77,,23.33,4.87,1.03,,4.31
LU1169822266,5.48,9.79,7.02,,0.83,19.39,,5.2,18.77,,23.33,4.87,1.03,,4.31
LU1169822340,5.48,9.79,7.02,,0.83,19.39,,5.2,18.77,,23.33,4.87,1.03,,4.31
LU1169822779,5.48,9.79,7.02,,0.83,19.39,,5.2,18.77,,23.33,4.87,1.03,,4.31
LU1169825954,,2.48,11.17,,,66.91,,,7.8,,,6.97,4.5,,0.17
LU1169827224,,5.7,9.19,,,63.29,,,9.1,,,1.35,10.48,,0.89
LU1169830012,6.96,6.33,14.44,,,20.23,,37.47,11.19,,1.8,0.97,0.17,,0.45
LU1169830103,6.96,6.33,14.44,,,20.23,,37.47,11.19,,1.8,0.97,0.17,,0.45
LU1169830285,6.96,6.33,14.44,,,20.23,,37.47,11.19,,1.8,0.97,0.17,,0.45
LU1169830368,6.96,6.33,14.44,,,20.23,,37.47,11.19,,1.8,0.97,0.17,,0.45
LU1169830442,6.96,6.33,14.44,,,20.23,,37.47,11.19,,1.8,0.97,0.17,,0.45
LU1169830525,6.96,6.33,14.44,,,20.23,,37.47,11.19,,1.8,0.97,0.17,,0.45
LU1190417599,,,,,,,,,,,,,,,
LU1215415214,8.0178,25.5799,3.1689,,,18.894,,6.825,10.2955,,2.3104,17.9262,6.037,,0.9452
LU1215451524,4.61,11.7,10.33,,,22.99,,5.71,13.89,,24.57,2.74,3.52,,
LU1215452092,4.61,11.7,10.33,,,22.99,,5.71,13.89,,24.57,2.74,3.52,,
LU1215452928,9.2,6.5,10.88,,2.16,32.5,,6.85,14.13,,7.13,2.79,7.31,,0.55
LU1215454460,7.55,1.37,12.52,,5.15,30.13,,3.27,14.62,,,6.68,16.55,,2.16
LU1215461085,,1.2,0.67,,,18.7,,3.6,0.2,,6.32,,0.25,,69.06
LU1215461168,,1.2,0.67,,,18.7,,3.6,0.2,,6.32,,0.25,,69.06
LU1215461325,,1.2,0.67,,,18.7,,3.6,0.2,,6.32,,0.25,,69.06
LU1215461598,,1.2,0.67,,,18.7,,3.6,0.2,,6.32,,0.25,,69.06
LU1215461754,,1.2,0.67,,,18.7,,3.6,0.2,,6.32,,0.25,,69.06
LU1215827756,3.9324,15.0436,3.779,,0.9443,18.7757,,5.5874,24.4073,1.7687,18.0067,6.6961,0.9428,,0.116
LU1220245556,15.9729,6.7766,2.9562,,2.7595,44.495,,4.4833,9.0998,6.8799,,,3.4392,,3.1376
LU1230136894,,,,,,,,,,,,,,,
LU1230561679,3.51,5.28,5.16,,,18.26,,6.1,19.96,,34.8,6.48,,,0.45
LU1230563022,3.51,5.28,5.16,,,18.26,,6.1,19.96,,34.8,6.48,,,0.45
LU1233598447,,,,,,,,,,,,,,,
LU1248511575,,,,,,,,,,,,,,,
LU1273488475,3.51,5.28,5.16,,,18.26,,6.1,19.96,,34.8,6.48,,,0.45
LU1273488715,3.51,5.28,5.16,,,18.26,,6.1,19.96,,34.8,6.48,,,0.45
LU1273489440,3.51,5.28,5.16,,,18.26,,6.1,19.96,,34.8,6.48,,,0.45
LU1273641503,2.27,12.41,5.48,,,14.1,,9.4,11.32,,43.58,1.15,0.65,,
LU1273642816,4.8,9.64,8.91,,,29.48,,4.1,21.18,,18.91,2.2,0.69,,0.09
LU1273642907,4.8,9.64,8.91,,,29.48,,4.1,21.18,,18.91,2.2,0.69,,0.09
LU1280300770,4.8,9.64,8.91,,,29.48,,4.1,21.18,,18.91,2.2,0.69,,0.09
LU1280300853,4.8,9.64,8.91,,,29.48,,4.1,21.18,,18.91,2.2,0.69,,0.09
LU1280303014,2.27,12.41,5.48,,,14.1,,9.4,11.32,,43.58,1.15,0.65,,
LU1285959703,2.0119,9.5701,2.8952,,,41.6485,,14.1992,3.4991,,10.1569,9.7206,6.2985,,
LU1285959885,2.0119,9.5701,2.8952,,,41.6485,,14.1992,3.4991,,10.1569,9.7206,6.2985,,
LU1285960032,2.0119,9.5701,2.8952,,,41.6485,,14.1992,3.4991,,10.1569,9.7206,6.2985,,
LU1287022708,48.9745,5.0677,,,1.5609,31.4554,,,3.9526,1.9753,,7.0136,,,
LU1287023003,,,,,,,100.0,,,,,,,,
LU1287023185,,,,,,,100.0,,,,,,,,
LU1287023268,,,,,,1.13,90.97,,,,,,,,7.9
LU1287023342,,,,,,0.21,87.46,,,,,,,,12.33
LU1291097779,5.2294,8.5495,2.806,,3.2008,20.8782,,2.7157,5.8287,,40.5364,6.8235,1.6096,0.7495,1.0726
LU1291098314,3.7796,9.1825,6.5181,,,18.4545,,4.5143,8.9899,3.5975,36.274,7.2079,1.3978,0.0872,-0.0033
LU1291098827,3.7076,7.3807,5.9597,,3.42,28.9517,,5.1584,19.1787,,15.1989,3.1015,6.7803,0.1772,0.9853
LU1291099718,4.7992,5.8539,8.1503,,4.3022,27.661,,12.7149,18.1246,,8.8847,3.3084,5.0252,0.0742,1.1013
LU1291101555,6.9211,12.2449,1.7746,,,16.4273,,8.9397,27.3731,10.5774,7.786,4.1717,2.719,0.1732,0.8919
LU1291102447,3.2628,14.6321,2.8062,,0.4993,21.0623,,5.9059,23.8957,2.2992,18.2755,6.9795,,-0.0755,0.4571
LU1291103338,,6.7324,1.424,,,17.2274,,16.0063,9.4113,7.2,36.9509,4.0944,0.8007,0.1527,
LU1291104575,2.025,9.0685,4.3877,,3.043,12.8329,,9.6091,8.6736,1.9299,36.6113,9.5324,,0.3876,1.899
LU1291106356,13.2741,7.0717,2.0162,,1.8916,49.3829,,3.6586,9.0165,6.7007,,2.8009,3.0028,0.6133,0.5707
LU1291108642,2.3418,7.9198,3.3492,,,18.042,,13.9598,12.3676,5.3972,29.0068,4.6087,2.5423,0.4657,-0.0009
LU1291109533,,,,,,,,,,,,,,,
LU1291109616,,,,,,,,,,,,,,,
LU1302703878,,9.2625,4.5929,,3.463,12.22,,9.5462,8.6175,,37.158,9.4332,2.0659,,3.6408
LU1324510525,,,,,,,68.43,,,,,,,,31.57
LU1324516050,2.66,0.1,,,6.72,4.74,68.77,,1.24,,,0.27,1.84,,13.68
LU1324516308,2.66,0.1,,,6.72,4.74,68.77,,1.24,,,0.27,1.84,,13.68
LU1324516480,2.66,0.1,,,6.72,4.74,68.77,,1.24,,,0.27,1.84,,13.68
LU1324516720,2.66,0.1,,,6.72,4.74,68.77,,1.24,,,0.27,1.84,,13.68
LU1324517454,2.66,0.1,,,6.72,4.74,68.77,,1.24,,,0.27,1.84,,13.68
LU1327051279,0.981,11.146,6.4933,,0.5408,,,4.1231,3.6907,,57.9695,13.6546,1.1627,,0.2383
LU1377381717,1.9283,4.477,10.7708,,,27.7976,,5.0127,26.578,6.3125,2.7778,3.985,9.7743,,0.5857
LU1377382103,0.5174,18.2917,2.0686,,4.874,18.2516,,11.3245,24.3146,,12.2622,7.6406,0.4547,,
LU1377382285,2.0157,12.8875,10.2547,,4.9652,28.2014,,7.9626,17.8612,,5.1986,4.6511,3.9932,,2.0089
LU1377382368,1.469,5.8015,14.169,,,26.0219,,16.1491,15.5166,2.5718,11.0431,2.487,4.2859,0.4846,0.0005
LU1377382442,1.469,5.8015,14.169,,,26.0219,,16.1491,15.5166,2.5718,11.0431,2.487,4.2859,0.4846,0.0005
LU1390062245,,,,,,,5.3968,,,,,,,,94.6032
LU1390062831,,,,,,,100.0,,,,,,,,
LU1399300455,,,,,,,,,,,,,,,100.0
LU1407887089,,,,,,,100.0,,,,,,,,
LU1407887162,,,,,,,100.0,,,,,,,,
LU1407887329,,,,,,,100.0,,,,,,,,
LU1407887675,,,,,,,100.0,,,,,,,,
LU1407887915,,,,,,,100.0,,,,,,,,
LU1407888053,,,,,,,100.0,,,,,,,,
LU1407888137,,,,,,,100.0,,,,,,,,
LU1407888483,,,,,,,100.0,,,,,,,,
LU1407888723,,,,,,,100.0,,,,,,,,
LU1407888996,,,,,,,100.0,,,,,,,,
LU1407889457,,,,,,,100.0,,,,,,,,
LU1407890547,,,,,,,100.0,,,,,,,,
LU1407890620,,,,,,,100.0,,,,,,,,
LU1407890976,,,,,,,100.0,,,,,,,,
LU1407891271,,,,,,,100.0,,,,,,,,
LU1407892592,,,,,,,100.0,,,,,,,,
LU1407893301,,,,,,,100.0,,,,,,,,
LU1435356065,10.0615,28.7337,4.6824,,,11.8543,,12.5048,6.8455,,4.9008,18.8906,1.2253,,0.301
LU1435356149,10.0615,28.7337,4.6824,,,11.8543,,12.5048,6.8455,,4.9008,18.8906,1.2253,,0.301
LU1435356495,10.0615,28.7337,4.6824,,,11.8543,,12.5048,6.8455,,4.9008,18.8906,1.2253,,0.301
LU1437015735,5.3393,6.239,8.2289,,5.0726,25.3969,,12.9899,19.0512,,9.1552,,4.6915,,3.8355
LU1437016204,,,,,,0.04,79.62,,,,,,,,20.34
LU1437017350,6.1568,8.572,2.7826,,3.4919,19.6152,,2.7438,6.601,,40.5598,6.3174,,,3.1596
LU1437018168,3.8328,8.0627,4.8842,,,55.2927,,7.2306,7.7741,,2.3116,7.303,3.1385,,0.1698
LU1437018598,,,,,,0.18,87.93,,,,,,,,11.89
LU1437018838,,0.0198,,,,,,0.2405,,99.2954,0.4233,,,,0.021
LU1437024729,0.47,0.69,0.84,,0.85,11.19,42.15,0.84,1.2,,0.7,0.54,1.42,,39.12
LU1437025023,4.9654,6.5892,6.4186,,,24.9521,,16.1743,17.3837,10.9208,,5.1534,3.745,,3.6974
LU1437025296,4.9654,6.5892,6.4186,,,24.9521,,16.1743,17.3837,10.9208,,5.1534,3.745,,3.6974
LU1446552652,,,,,,,,,,,,,,,
LU1452600197,,,,,,,100.0,,,,,,,,
LU1452600270,,,,,,,100.0,,,,,,,,
LU1452600437,,,,,,,100.0,,,,,,,,
LU1459799943,,,,,,,85.08,,,,,,,,15.83
LU1459800030,,,,,,,85.08,,,,,,,,15.83
LU1459800113,,,,,,,85.08,,,,,,,,15.83
LU1459801434,,,,,,,81.07,,,,,,,,19.6
LU1459801517,,,,,,,81.07,,,,,,,,19.6
LU1459801780,,,,,,,81.07,,,,,,,,19.6
LU1459801947,,,,,,,81.07,,,,,,,,19.6
LU1459802168,,,,,,,81.07,,,,,,,,19.6
LU1459802754,,,,,,,96.15,,,,,,,,4.08
LU1459802838,,,,,,,96.15,,,,,,,,4.08
LU1459803059,,,,,,,96.15,,,,,,,,4.08
LU1459803133,,,,,,,96.15,,,,,,,,4.08
LU1481201025,1.9283,4.477,10.7708,,,27.7976,,5.0127,26.578,6.3125,2.7778,3.985,9.7743,,0.5857
LU1481201611,0.5174,18.2917,2.0686,,4.874,18.2516,,11.3245,24.3146,,12.2622,7.6406,0.4547,,
LU1481201702,2.0157,12.8875,10.2547,,4.9652,28.2014,,7.9626,17.8612,,5.1986,4.6511,3.9932,,2.0089
LU1481202692,0.0257,0.0513,,,,3.1666,,,,,,,,0.2766,96.4798
LU1481203070,3.2628,14.6321,2.8062,,0.4993,21.0623,,5.9059,23.8957,2.2992,18.2755,6.9795,,-0.0755,0.4571
LU1484799769,2.52,4.36,1.97,,,35.19,,1.34,3.29,,0.61,2.47,4.37,,43.88
LU1484799843,2.52,4.36,1.97,,,35.19,,1.34,3.29,,0.61,2.47,4.37,,43.88
LU1484799926,2.52,4.36,1.97,,,35.19,,1.34,3.29,,0.61,2.47,4.37,,43.88
LU1484800955,2.52,4.36,1.97,,,35.19,,1.34,3.29,,0.61,2.47,4.37,,43.88
LU1525418643,3.9851,9.1568,5.1491,,,58.4338,,5.6887,7.2655,,2.4672,5.4965,2.1781,,0.1792
LU1525418726,2.6241,9.0521,4.2331,,,57.7659,,7.3583,5.5051,,5.8387,5.7392,1.828,,0.0555
LU1547515053,1.6476,,,,2.4914,1.3875,,,0.459,,,,0.6203,2.0781,91.3162
LU1547515137,1.6476,,,,2.4914,1.3875,,,0.459,,,,0.6203,2.0781,91.3162
LU1547516291,,,,,,,,,,,,,,,
LU1563454310,1.27,1.61,0.41,,0.08,33.34,29.17,0.1,4.22,,0.56,0.69,11.84,,16.72
LU1563454401,1.27,1.61,0.41,,0.08,33.34,29.17,0.1,4.22,,0.56,0.69,11.84,,16.72
LU1563454823,1.27,1.61,0.41,,0.08,33.34,29.17,0.1,4.22,,0.56,0.69,11.84,,16.72
LU1574142243,5.5007,6.6614,7.7074,,5.4902,25.8937,,12.4214,19.2432,,8.6208,,4.5743,,3.8868
LU1589327680,5.92,5.99,8.61,,4.94,24.86,,12.7,17.92,,11.44,2.01,4.61,,1.0
LU1589349734,,5.1801,9.238,,2.9152,12.2333,,14.1055,6.9358,,32.6728,4.9636,6.7055,,5.0502
LU1598688189,5.8228,8.7983,4.0349,,,9.6172,,16.0738,31.8759,,16.7099,4.0533,2.1688,,0.845
LU1598689153,7.0387,10.7499,,,7.1258,13.9121,,5.8173,27.0482,10.782,9.333,3.7776,,,4.4153
LU1598690169,4.857,5.7608,5.7702,,6.3158,45.4457,,6.2271,9.1136,,,2.5214,10.6057,,3.3826
LU1598691050,,,,,,,100.0,,,,,,,,
LU1598691217,,,,,,,100.0,,,,,,,,
LU1600334798,5.92,5.99,8.61,,4.94,24.86,,12.7,17.92,,11.44,2.01,4.61,,1.0
LU1602144575,6.2466,10.0961,8.0966,,,28.8352,,4.1807,16.0999,,17.5188,2.4851,5.9731,,0.4679
LU1602144732,2.1952,13.7814,2.3667,,,22.305,,9.4161,19.8756,4.7534,20.4335,4.8732,,,
LU1602144906,10.9104,4.3584,3.1017,,,44.5297,,7.0508,10.1296,14.9612,0.9317,3.3332,,,0.6932
LU1602145036,10.9104,4.3584,3.1017,,,44.5297,,7.0508,10.1296,14.9612,0.9317,3.3332,,,0.6932
LU1603790731,,,,,,,,,,,,,,,
LU1603795458,,,,,,,,,,,,,,,
LU1603797587,,,,,,,,,,,,,,,
LU1615090864,,9.4531,5.3553,,7.1563,33.7949,,7.9505,12.066,2.532,3.681,10.3495,6.0034,,1.6581
LU1615092217,2.3418,7.9198,3.3492,,,18.042,,13.9598,12.3676,5.3972,29.0068,4.6087,2.5423,0.4657,-0.0009
LU1617164998,9.4174,32.4405,2.2976,,,16.5226,,5.3978,13.0296,,1.574,13.9742,4.2127,,1.1336
LU1645380368,,,,,,,93.9,,,,,,,,6.1
LU1645380442,,,,,,,93.9,,,,,,,,6.1
LU1645381689,,,,,,,96.67,,,,,,,,3.33
LU1645385839,5.14,3.6,1.0,,6.09,15.61,38.24,0.61,2.54,,1.73,3.0,4.44,,18.02
LU1645385912,5.14,3.6,1.0,,6.09,15.61,38.24,0.61,2.54,,1.73,3.0,4.44,,18.02
LU1645386217,5.14,3.6,1.0,,6.09,15.61,38.24,0.61,2.54,,1.73,3.0,4.44,,18.02
LU1645386308,5.14,3.6,1.0,,6.09,15.61,38.24,0.61,2.54,,1.73,3.0,4.44,,18.02
LU1645386480,5.14,3.6,1.0,,6.09,15.61,38.24,0.61,2.54,,1.73,3.0,4.44,,18.02
LU1645386647,5.14,3.6,1.0,,6.09,15.61,38.24,0.61,2.54,,1.73,3.0,4.44,,18.02
LU1646359619,0.7321,17.7253,7.1944,,,17.5773,,9.0528,24.5189,3.4664,13.8426,5.8903,,,
LU1646359882,0.7321,17.7253,7.1944,,,17.5773,,9.0528,24.5189,3.4664,13.8426,5.8903,,,
LU1646360542,0.7321,17.7253,7.1944,,,17.5773,,9.0528,24.5189,3.4664,13.8426,5.8903,,,
LU1646360971,3.9241,7.9285,5.2548,,3.9669,26.6944,,5.9135,20.1556,,15.5744,,6.5007,,4.0873
LU1646361276,3.9241,7.9285,5.2548,,3.9669,26.6944,,5.9135,20.1556,,15.5744,,6.5007,,4.0873
LU1650487413,,,,,,,100.0,,,,,,,,
LU1650487926,,,,,,,100.0,,,,,,,,
LU1650488494,,,,,,,100.0,,,,,,,,
LU1650488817,,,,,,,100.0,,,,,,,,
LU1650489385,,,,,,,100.0,,,,,,,,
LU1650489898,,,,,,,100.0,,,,,,,,
LU1650491282,,,,,,,100.0,,,,,,,,
LU1650491795,,,,,,,100.0,,,,,,,,
LU1650492173,5.83,3.74,15.11,,11.76,25.98,1.3,13.55,12.58,,3.76,1.28,4.84,,0.27
LU1650492256,5.83,3.74,15.11,,11.76,25.98,1.3,13.55,12.58,,3.76,1.28,4.84,,0.27
LU1650492330,5.83,3.74,15.11,,11.76,25.98,1.3,13.55,12.58,,3.76,1.28,4.84,,0.27
LU1650492504,5.83,3.74,15.11,,11.76,25.98,1.3,13.55,12.58,,3.76,1.28,4.84,,0.27
LU1655103486,5.07,3.84,12.55,,,20.81,,30.51,14.56,,5.45,2.85,4.0,,0.36
LU1655103643,1.13,9.07,2.73,,,22.45,,17.73,7.35,,35.56,4.02,,,
LU1655103726,1.13,9.07,2.73,,,22.45,,17.73,7.35,,35.56,4.02,,,
LU1659681230,3.7829,9.1898,6.5247,,,18.4598,,4.5221,8.9934,3.5955,36.2799,7.2159,1.3992,0.0369,
LU1659681313,3.7829,9.1898,6.5247,,,18.4598,,4.5221,8.9934,3.5955,36.2799,7.2159,1.3992,0.0369,
LU1659681586,,6.7324,1.424,,,17.2274,,16.0063,9.4113,7.2,36.9509,4.0944,0.8007,0.1527,
LU1659681669,,6.7324,1.424,,,17.2274,,16.0063,9.4113,7.2,36.9509,4.0944,0.8007,0.1527,
LU1681037518,,12.1399,0.6193,,2.2584,49.5123,,1.0493,11.4717,,5.7512,2.5443,14.2097,,0.444
LU1681037609,5.4094,14.5854,4.9411,,,18.359,,5.2716,25.8549,1.6347,15.5239,6.2688,,,2.1512
LU1681037781,5.4094,14.5854,4.9411,,,18.359,,5.2716,25.8549,1.6347,15.5239,6.2688,,,2.1512
LU1681037864,5.4094,14.5854,4.9411,,,18.359,,5.2716,25.8549,1.6347,15.5239,6.2688,,,2.1512
LU1681037948,5.4094,14.5854,4.9411,,,18.359,,5.2716,25.8549,1.6347,15.5239,6.2688,,,2.1512
LU1681038086,5.4094,14.5854,4.9411,,,18.359,,5.2716,25.8549,1.6347,15.5239,6.2688,,,2.1512
LU1681038169,5.4094,14.5854,4.9411,,,18.359,,5.2716,25.8549,1.6347,15.5239,6.2688,,,2.1512
LU1681038243,0.981,11.146,6.4933,,0.5408,,,4.1231,3.6907,,57.9695,13.6546,1.1627,,0.2383
LU1681038326,0.981,11.146,6.4933,,0.5408,,,4.1231,3.6907,,57.9695,13.6546,1.1627,,0.2383
LU1681038599,0.981,11.146,6.4933,,0.5408,,,4.1231,3.6907,,57.9695,13.6546,1.1627,,0.2383
LU1681038672,4.2624,9.2457,,,6.5978,18.975,,20.9822,14.0887,5.7801,12.8542,,2.734,,4.48
LU1681038839,4.2624,9.2457,,,6.5978,18.975,,20.9822,14.0887,5.7801,12.8542,,2.734,,4.48
LU1681038912,5.2055,13.5956,5.1439,,,15.1668,,5.5757,26.2241,2.2075,17.1868,6.9375,,,2.7565
LU1681039050,5.2055,13.5956,5.1439,,,15.1668,,5.5757,26.2241,2.2075,17.1868,6.9375,,,2.7565
LU1681039134,5.2055,13.5956,5.1439,,,15.1668,,5.5757,26.2241,2.2075,17.1868,6.9375,,,2.7565
LU1681039217,5.2055,13.5956,5.1439,,,15.1668,,5.5757,26.2241,2.2075,17.1868,6.9375,,,2.7565
LU1681039308,5.2055,13.5956,5.1439,,,15.1668,,5.5757,26.2241,2.2075,17.1868,6.9375,,,2.7565
LU1681039480,,0.1641,,,,,,,,99.8355,,,,,
LU1681039647,3.8328,8.0627,4.8842,,,55.2927,,7.2306,7.7741,,2.3116,7.303,3.1385,,0.1698
LU1681040223,5.217,7.6574,7.3268,,,29.8207,,13.4761,16.7073,,10.142,3.3017,4.8109,,1.5401
LU1681040496,8.0178,25.5799,3.1689,,,18.894,,6.825,10.2955,,2.3104,17.9262,6.037,,0.9452
LU1681040900,,10.5647,0.8645,,,74.601,,4.6679,4.4772,,0.8374,1.9172,1.2587,,0.8114
LU1681041031,,10.5647,0.8645,,,74.601,,4.6679,4.4772,,0.8374,1.9172,1.2587,,0.8114
LU1681041114,1.8259,1.2068,4.3512,,,81.6745,,3.5063,4.3924,,2.633,0.4098,,,
LU1681041205,1.7799,0.089,,,5.4003,2.3194,89.2412,,0.3357,,,,0.8343,,
LU1681041460,7.7253,,2.3788,,13.1668,23.7476,,16.212,12.5192,,10.4783,2.776,10.7134,,0.2826
LU1681041544,5.442,11.2801,,,5.3291,18.6278,,7.5972,25.238,10.9404,7.8346,4.1021,,,3.6088
LU1681041627,5.0759,,13.4829,,8.2675,19.5664,,12.9843,14.3365,,4.0359,7.4437,9.6381,,5.1688
LU1681041890,5.1319,9.5282,14.1367,,,11.2213,,21.6207,24.6973,,12.2573,1.0343,0.3722,,
LU1681041973,0.5281,2.8431,22.207,,13.1405,26.3235,,19.171,8.3681,,,2.6624,4.7563,,
LU1681042435,5.8228,8.7983,4.0349,,,9.6172,,16.0738,31.8759,,16.7099,4.0533,2.1688,,0.845
LU1681042518,4.8684,3.7203,12.3367,,9.2342,40.8311,,9.9576,6.444,,,2.5389,7.1445,,2.9244
LU1681042609,4.7937,5.9691,7.5912,,3.4914,26.4836,,13.2922,18.7011,,9.5124,,5.322,,4.8433
LU1681042864,2.1642,8.6803,5.4797,,,11.8138,,9.7159,8.7215,2.0532,37.7569,13.0473,,,0.5672
LU1681042948,2.56,10.06,6.72,,0.08,12.6,,8.79,9.38,,44.24,4.97,0.49,,0.11
LU1681043086,9.26,10.36,6.09,,8.6,31.9,0.03,6.29,11.69,,6.99,4.76,3.61,,0.43
LU1681043169,9.26,10.36,6.09,,8.6,31.9,0.03,6.29,11.69,,6.99,4.76,3.61,,0.43
LU1681043599,3.81,5.88,8.4,,3.63,17.29,0.61,8.76,11.12,,35.85,1.27,2.51,,0.88
LU1681043672,3.81,5.88,8.4,,3.63,17.29,0.61,8.76,11.12,,35.85,1.27,2.51,,0.88
LU1681043912,10.1884,15.8502,2.6452,,,,,4.1707,15.4976,1.3806,36.3098,9.8725,2.7422,,1.3428
LU1681044050,10.1884,15.8502,2.6452,,,,,4.1707,15.4976,1.3806,36.3098,9.8725,2.7422,,1.3428
LU1681044308,4.3557,5.7493,7.1257,,4.0415,27.584,,8.7028,19.528,,11.3119,,6.2858,,5.3153
LU1681044480,4.12,4.9,4.5,,2.19,15.25,0.04,2.61,6.26,,57.25,1.3,1.04,,0.54
LU1681044563,4.12,4.9,4.5,,2.19,15.25,0.04,2.61,6.26,,57.25,1.3,1.04,,0.54
LU1681044647,5.5016,1.7688,3.6779,,4.0178,23.1277,,13.0121,32.5515,,6.7248,7.8372,,,1.7806
LU1681044720,5.8541,6.491,13.4461,,,20.3063,,39.0414,12.4484,0.5951,0.69,0.9767,,,0.1509
LU1681044993,5.8541,6.491,13.4461,,,20.3063,,39.0414,12.4484,0.5951,0.69,0.9767,,,0.1509
LU1681045024,20.5609,2.4495,10.7827,,10.1406,34.5867,,,8.7609,1.604,,3.1103,7.4438,,0.5607
LU1681045297,20.5609,2.4495,10.7827,,10.1406,34.5867,,,8.7609,1.604,,3.1103,7.4438,,0.5607
LU1681045370,6.2062,8.5724,2.798,,3.5034,19.6662,,2.7683,6.6441,,40.6238,6.3049,,,2.9126
LU1681045453,6.2062,8.5724,2.798,,3.5034,19.6662,,2.7683,6.6441,,40.6238,6.3049,,,2.9126
LU1681045537,3.0312,9.3881,4.362,,3.9083,14.7534,,8.8644,9.9201,,33.1428,8.7359,,,3.8937
LU1681046006,16.7989,,13.3711,,47.8133,,,,8.3611,,,,13.6557,,
LU1681046188,16.7989,,13.3711,,47.8133,,,,8.3611,,,,13.6557,,
LU1681046261,,,,,,1.58,88.05,,,,,,,,10.37
LU1681046345,,,,,,,100.0,,,,,,,,
LU1681046691,,,,,,0.35,88.08,,,,,,,,11.57
LU1681046774,,,,,,,100.0,,,,,,,,
LU1681046857,,,,,,,100.0,,,,,,,,
LU1681046931,6.8236,13.3838,9.1843,,,15.0989,,8.9761,33.3136,,4.3364,3.6423,4.1122,,1.1287
LU1681047079,6.8236,13.3838,9.1843,,,15.0989,,8.9761,33.3136,,4.3364,3.6423,4.1122,,1.1287
LU1681047236,3.4031,9.375,5.1427,,5.0305,28.1642,,5.4085,21.9701,,14.7918,,4.4572,,2.2569
LU1681047319,3.4031,9.375,5.1427,,5.0305,28.1642,,5.4085,21.9701,,14.7918,,4.4572,,2.2569
LU1681047400,3.4031,9.375,5.1427,,5.0305,28.1642,,5.4085,21.9701,,14.7918,,4.4572,,2.2569
LU1681047665,5.2055,13.5956,5.1439,,,15.1668,,5.5757,26.2241,2.2075,17.1868,6.9375,,,2.7565
LU1681048127,3.2217,17.9414,3.8874,,2.3793,29.9434,,7.9256,11.4668,,16.307,6.0959,,,0.8316
LU1681048556,3.2217,17.9414,3.8874,,2.3793,29.9434,,7.9256,11.4668,,16.307,6.0959,,,0.8316
LU1681048630,,86.1265,13.8735,,,,,,,,,,,,
LU1681048713,,86.1265,13.8735,,,,,,,,,,,,
LU1681048804,,9.2625,4.5929,,3.463,12.22,,9.5462,8.6175,,37.158,9.4332,2.0659,,3.6408
LU1681049018,,9.2625,4.5929,,3.463,12.22,,9.5462,8.6175,,37.158,9.4332,2.0659,,3.6408
LU1681049109,,9.2625,4.5929,,3.463,12.22,,9.5462,8.6175,,37.158,9.4332,2.0659,,3.6408
LU1686830065,6.9031,10.133,4.769,,,46.4028,,8.2625,8.6094,,3.4704,6.1925,4.4554,,0.8018
LU1686830909,1.7799,0.089,,,5.4003,2.3194,89.2412,,0.3357,,,,0.8343,,
LU1686831030,1.7799,0.089,,,5.4003,2.3194,89.2412,,0.3357,,,,0.8343,,
LU1686832194,,,,,,,100.0,,,,,,,,
LU1686832277,,,,,,,100.0,,,,,,,,
LU1691909508,,12.1254,10.9177,,,23.7068,,16.611,7.0356,5.3771,5.2611,8.7421,7.1954,,3.0278
LU1708330235,,,,,,0.04,79.62,,,,,,,,20.34
LU1708330318,0.47,0.69,0.84,,0.85,11.19,42.15,0.84,1.2,,0.7,0.54,1.42,,39.12
LU1720938841,0.25,,,,1.07,0.74,85.54,,0.73,,,,0.22,,11.45
LU1720938924,0.25,,,,1.07,0.74,85.54,,0.73,,,,0.22,,11.45
LU1737652310,5.3393,6.239,8.2289,,5.0726,25.3969,,12.9899,19.0512,,9.1552,,4.6915,,3.8355
LU1737652583,6.1568,8.572,2.7826,,3.4919,19.6152,,2.7438,6.601,,40.5598,6.3174,,,3.1596
LU1737652823,,0.0198,,,,,,0.2405,,99.2954,0.4233,,,,0.021
LU1737653631,,,,,,0.04,79.62,,,,,,,,20.34
LU1737653714,,,,,,0.18,87.93,,,,,,,,11.89
LU1737653987,3.8328,8.0627,4.8842,,,55.2927,,7.2306,7.7741,,2.3116,7.303,3.1385,,0.1698
LU1737654019,0.47,0.69,0.84,,0.85,11.19,42.15,0.84,1.2,,0.7,0.54,1.42,,39.12
LU1750178011,,,,,,,,,,,,,,,
LU1753045332,7.9504,5.2765,10.6801,,,25.7083,,10.4583,18.8169,2.8493,6.1874,3.8879,6.7154,1.442,0.0274
LU1753045415,7.9504,5.2765,10.6801,,,25.7083,,10.4583,18.8169,2.8493,6.1874,3.8879,6.7154,1.442,0.0274
LU1753045845,2.5719,24.2044,5.4172,,,21.9586,,9.9594,17.8202,2.5341,10.1375,5.2538,,0.1429,
LU1753045928,2.5719,24.2044,5.4172,,,21.9586,,9.9594,17.8202,2.5341,10.1375,5.2538,,0.1429,
LU1772333404,3.629,7.3811,6.1608,,6.617,25.4017,,9.9575,17.9352,1.0913,8.5112,2.5832,4.182,,6.5501
LU1778293313,0.47,0.69,0.84,,0.85,11.19,42.15,0.84,1.2,,0.7,0.54,1.42,,39.12
LU1781541096,8.2447,5.1686,13.35,,10.4997,26.3026,,11.6219,14.7539,,,2.594,4.3205,,3.144
LU1781541252,3.9368,15.0622,3.7845,,,18.8004,,5.5926,24.4325,1.7715,18.0253,6.7045,,,1.8897
LU1781541849,2.659,8.8973,2.497,,1.5545,16.1707,,3.5163,7.0351,,49.1562,6.1624,,,2.3516
LU1804202403,6.64,7.41,6.28,,5.48,30.9,,4.77,19.75,,7.22,2.02,8.14,,1.39
LU1805389258,1.56,4.6,2.88,,1.88,31.23,,1.34,4.02,,0.77,1.76,7.64,,42.34
LU1805389506,1.56,4.6,2.88,,1.88,31.23,,1.34,4.02,,0.77,1.76,7.64,,42.34
LU1806495575,2.9975,6.1656,3.9838,,,48.4102,,14.4056,4.3792,,9.4486,7.9376,2.2719,,
LU1812090543,7.8745,23.1882,3.2473,,,18.5668,,3.8325,11.5727,,2.4514,22.6686,6.5979,,
LU1812091194,,0.1641,,,,,,,,99.8355,,,,,
LU1812092168,2.6796,13.7515,,,7.4145,60.016,,,8.8987,2.8739,,1.7572,2.6087,,
LU1829218749,,,,,,,,,,,,,,,
LU1829218822,7.6616,16.6711,10.778,,,4.0501,,16.0165,16.8752,,5.3025,15.3151,6.7926,,0.5374
LU1829219127,,10.3864,1.8313,,0.7012,52.0875,,7.3105,6.4945,,4.0192,11.0833,5.5281,,0.5581
LU1829219390,,,,,,100.0,,,,,,,,,
LU1829219556,,,,,,,100.0,,,,,,,,
LU1829219713,,,,,,,100.0,,,,,,,,
LU1829220133,3.7205,8.8522,4.723,,4.0242,16.808,,8.7386,10.8188,,30.6447,7.6926,,,3.9776
LU1829220216,3.7205,8.8522,4.723,,4.0242,16.808,,8.7386,10.8188,,30.6447,7.6926,,,3.9776
LU1829221024,0.981,11.146,6.4933,,0.5408,,,4.1231,3.6907,,57.9695,13.6546,1.1627,,0.2383
LU1832418773,,0.0188,,,,,,0.2401,,99.3178,0.4233,,,,
LU1834983477,,,,,,100.0,,,,,,,,,
LU1834983550,97.6774,,,,,,,,2.3226,,,,,,
LU1834983634,94.826,,1.8591,,,,,,3.3149,,,,,,
LU1834985845,1.5872,,97.9593,,,,,0.4534,,,,,,,
LU1834986900,1.13,3.02,,,,0.29,,94.48,0.45,,,,,,0.63
LU1834987890,4.7695,,,,0.4754,2.0585,,,91.7592,,0.7353,,0.2021,,
LU1834987973,,,,,,100.0,,,,,,,,,
LU1834988278,,,,,71.7266,,,,23.9385,,,,4.335,,
LU1834988518,,8.3601,,,,,,,6.3362,,83.5915,1.7121,,,
LU1834988609,,,,,,,,,0.8285,,19.1261,80.0455,,,
LU1834988781,,79.2093,9.0408,,0.2437,,,,4.5524,,,6.6861,0.2677,,
LU1834988864,,,,,,,,,3.87,,,,95.32,,0.81
LU1841731745,5.4948,25.1805,2.8857,,3.4424,19.3312,,5.6622,5.657,,10.8731,18.1043,,,3.3688
LU1847674733,2.27,13.63,8.33,,,21.55,,5.33,15.83,,22.35,5.14,5.53,,0.05
LU1852211215,,,,,,78.61,,,,,,,,,21.39
LU1852211561,,,,,,78.61,,,,,,,,,21.39
LU1852211645,,,,,,78.61,,,,,,,,,21.39
LU1852211991,,,,,,78.61,,,,,,,,,21.39
LU1852212023,,,,,,78.61,,,,,,,,,21.39
LU1852212965,,,,,,78.61,,,,,,,,,21.39
LU1859444769,4.6902,9.4929,4.1031,,,41.4005,,10.1129,7.1989,4.8497,2.1687,11.333,4.4878,0.1085,0.0538
LU1861132840,0.75,0.26,0.17,,,0.15,,3.68,9.56,,85.4,,,,0.05
LU1861137484,6.0304,6.3352,8.6952,,,25.9123,,14.0599,22.6172,,9.5079,2.8302,3.0138,,0.9979
LU1861138961,,9.1644,3.8505,,,19.5172,,5.5124,9.3488,4.3903,36.9544,3.8516,4.3919,,3.0186
LU1900065811,6.7489,4.2402,1.7278,,2.713,66.2971,,,7.2709,,,11.0022,,,
LU1900066033,0.21,,,,,,,,0.18,,99.61,,,,
LU1900066207,14.35,3.52,5.03,,14.86,39.51,0.02,0.98,6.32,,,1.74,12.47,,1.22
LU1900066462,6.5747,9.0001,3.8493,,15.1372,52.243,,2.7882,,,1.6345,2.2479,5.2963,,1.2289
LU1900066975,1.6451,7.2071,1.631,,1.1285,11.3226,,3.5156,20.4499,,49.7582,2.9701,,,0.3721
LU1900067601,5.4003,,16.1233,,16.3889,23.8162,,,33.3506,,,4.9207,,,
LU1900067940,2.9407,31.2102,2.8121,,,18.5779,,5.7038,5.0893,1.5649,11.049,20.474,,,0.5782
LU1900068161,3.329,9.2527,2.04,,2.2148,17.8492,,2.9407,7.6295,,45.3956,6.2402,,,3.1084
LU1900068328,5.9752,8.9215,2.25,,2.4668,20.4852,,3.4344,7.3666,,39.8464,5.6847,,,3.5691
LU1900068914,2.9407,31.2102,2.8121,,,18.5779,,5.7038,5.0893,1.5649,11.049,20.474,,,0.5782
LU1900069219,,,,,,,,,,,,,,,
LU1910939849,,,,,,,100.0,,,,,,,,
LU1910940268,,,,,,,100.0,,,,,,,,
LU1910940425,,,,,,,100.0,,,,,,,,
LU1920015440,1.86,0.09,,,5.59,4.02,69.15,,1.02,,,,2.05,,16.22
LU1920015523,,,,,,,,,,,,,,,100.0
LU1920015796,,,,,,,,,,,,,,,100.0
LU1923163676,1.8259,1.2068,4.3512,,,81.6745,,3.5063,4.3924,,2.633,0.4098,,,
LU1923163759,1.8259,1.2068,4.3512,,,81.6745,,3.5063,4.3924,,2.633,0.4098,,,
LU1931974262,5.2637,6.2059,8.2111,,5.353,25.9406,,13.2043,18.5519,,9.0405,,4.4657,,3.7634
LU1931974429,3.7575,8.0877,5.0395,,4.283,26.9503,,6.0934,19.5878,,15.9719,,6.2504,,3.9785
LU1931974775,4.2223,14.5248,4.4179,,,18.2112,,5.3749,24.4487,2.4376,17.7785,6.6274,,,1.9569
LU1931975079,3.9252,10.0022,7.1266,,3.1863,43.8852,,6.0522,7.7111,,,7.4903,8.7318,,1.8891
LU1931975152,,,,,,0.19,88.38,,,,,,,,11.43
LU1931975236,,,,,,0.07,79.07,,,,,,,,20.87
LU1931975319,,,,,,,100.0,,,,,,,,
LU1940199711,5.6263,6.8036,8.1294,,,26.8922,,14.5907,19.0568,,9.3786,3.9513,4.84,,0.7311
LU1940199984,5.6263,6.8036,8.1294,,,26.8922,,14.5907,19.0568,,9.3786,3.9513,4.84,,0.7311
LU1953136287,4.6902,9.4929,4.1031,,,41.4005,,10.1129,7.1989,4.8497,2.1687,11.333,4.4878,0.1085,0.0538
LU1953136527,13.4439,18.8468,18.2079,,,,,4.0935,24.4833,,16.7955,,3.8903,0.2387,
LU1953137681,6.0977,9.1003,11.8826,,,29.7446,,8.7804,13.6074,,9.9807,3.4637,6.6242,0.7102,0.0082
LU1953188833,2.07,16.81,8.52,,2.53,31.14,,6.91,6.91,,23.13,,1.11,,0.87
LU1954152853,0.981,11.146,6.4933,,0.5408,,,4.1231,3.6907,,57.9695,13.6546,1.1627,,0.2383
LU1971906802,4.75,10.29,6.04,,,29.82,,4.46,19.46,,17.13,2.27,5.55,,0.23
LU1971906984,4.75,10.29,6.04,,,29.82,,4.46,19.46,,17.13,2.27,5.55,,0.23
LU1974693662,,,,,,0.06,81.48,,,,,,,,18.46
LU1974694041,,,,,,0.06,81.48,,,,,,,,18.46
LU1974694397,,,,,,0.06,81.48,,,,,,,,18.46
LU1974694470,,,,,,0.06,81.48,,,,,,,,18.46
LU1974694553,,,,,,0.06,81.48,,,,,,,,18.46
LU1974694637,,,,,,0.06,81.48,,,,,,,,18.46
LU1974695790,6.51,2.63,1.08,,4.37,19.99,40.48,,2.87,,2.79,1.04,2.11,,16.15
LU1974696095,6.51,2.63,1.08,,4.37,19.99,40.48,,2.87,,2.79,1.04,2.11,,16.15
LU1974696418,6.51,2.63,1.08,,4.37,19.99,40.48,,2.87,,2.79,1.04,2.11,,16.15
LU1981859819,,3.5887,,,,32.1592,46.6774,,2.121,,,0.2685,15.1852,,
LU1981860072,,3.5887,,,,32.1592,46.6774,,2.121,,,0.2685,15.1852,,
LU1981860239,,3.5887,,,,32.1592,46.6774,,2.121,,,0.2685,15.1852,,
LU1981860585,,3.5887,,,,32.1592,46.6774,,2.121,,,0.2685,15.1852,,
LU1981860668,,3.5887,,,,32.1592,46.6774,,2.121,,,0.2685,15.1852,,
LU1981860742,,3.5887,,,,32.1592,46.6774,,2.121,,,0.2685,15.1852,,
LU2008760592,3.1507,7.7325,6.4567,,,51.1749,,8.6745,8.5776,1.6598,2.8883,6.2604,3.2078,0.2168,
LU2008761053,3.8553,9.7714,3.8772,,,46.5762,,9.259,7.6177,5.8956,2.0586,8.2561,2.7101,0.1228,
LU2008763935,,0.177,,,,,,,,99.3778,,,,0.4361,0.0091
LU2009147591,,,,,,,3.2826,,,,,,,,96.7174
LU2009147757,2.32,5.74,8.8,,2.94,13.19,,8.69,9.23,,45.89,0.79,2.2,,0.36
LU2009202107,6.3968,4.1224,2.7746,,3.5198,19.756,,1.9929,6.9085,,48.5953,3.1434,,,2.7904
LU2018762653,,,,,,,,,,,,,,,
LU2018762901,,,,,,,,,,,,,,,
LU2023678282,,0.15,2.98,,,9.5,,12.23,7.46,,65.6,1.62,0.44,,0.02
LU2023678449,2.0961,29.3659,20.1167,,,11.6662,,2.5692,0.8031,0.0418,15.4392,17.9019,,,
LU2023678878,,8.7157,2.1315,,,10.4982,,0.017,4.5542,,63.8333,10.2501,,,
LU2023679090,6.1723,32.3464,0.1117,,0.2457,0.5687,,,32.9776,,27.5776,,,,
LU2037748345,0.81,0.63,2.02,,,0.2,,,42.52,,49.21,2.7,1.81,,0.1
LU2037748774,3.3593,9.2488,3.8207,,,60.9123,,6.5283,7.1432,,2.0795,4.5704,2.245,,0.0925
LU2037749152,,6.6578,5.4211,,8.133,32.6365,,13.3253,4.8305,,9.587,11.9873,5.3296,,2.0919
LU2048727247,10.67,12.02,3.99,,4.69,17.21,,4.95,33.14,,8.25,1.78,2.71,,0.6
LU2050966394,6.32,2.94,3.13,,3.08,20.18,,1.7,5.38,,52.54,2.46,1.78,,0.49
LU2059756325,6.2466,10.0961,8.0966,,,28.8352,,4.1807,16.0999,,17.5188,2.4851,5.9731,,0.4679
LU2059756598,6.0304,6.3352,8.6952,,,25.9123,,14.0599,22.6172,,9.5079,2.8302,3.0138,,0.9979
LU2059756754,,9.1644,3.8505,,,19.5172,,5.5124,9.3488,4.3903,36.9544,3.8516,4.3919,,3.0186
LU2069380306,,,,,,,86.29,,,,,,,,13.71
LU2082996112,,,,,,100.0,,,,,,,,,
LU2082996385,97.6774,,,,,,,,2.3226,,,,,,
LU2082996542,94.826,,1.8591,,,,,,3.3149,,,,,,
LU2082997359,1.5872,,97.9593,,,,,0.4534,,,,,,,
LU2082997516,1.13,3.02,,,,0.29,,94.48,0.45,,,,,,0.63
LU2082997789,4.7695,,,,0.4754,2.0585,,,91.7592,,0.7353,,0.2021,,
LU2082997946,,,,,,100.0,,,,,,,,,
LU2082998167,,,,,71.7266,,,,23.9385,,,,4.335,,
LU2082998837,,8.3601,,,,,,,6.3362,,83.5915,1.7121,,,
LU2082999058,,,,,,,,,0.8285,,19.1261,80.0455,,,
LU2082999132,,79.2093,9.0408,,0.2437,,,,4.5524,,,6.6861,0.2677,,
LU2082999215,,,,,,,,,3.87,,,,95.32,,0.81
LU2082999306,,,,,,,,,,,,,,,
LU2089238039,5.2637,6.2059,8.2111,,5.353,25.9406,,13.2043,18.5519,,9.0405,,4.4657,,3.7634
LU2089238112,3.7575,8.0877,5.0395,,4.283,26.9503,,6.0934,19.5878,,15.9719,,6.2504,,3.9785
LU2089238385,4.2223,14.5248,4.4179,,,18.2112,,5.3749,24.4487,2.4376,17.7785,6.6274,,,1.9569
LU2089238625,3.9252,10.0022,7.1266,,3.1863,43.8852,,6.0522,7.7111,,,7.4903,8.7318,,1.8891
LU2089238898,,,,,,0.19,88.38,,,,,,,,11.43
LU2089238971,,,,,,0.07,79.07,,,,,,,,20.87
LU2089239193,,,,,,,100.0,,,,,,,,
LU2089239276,,6.6578,5.4211,,8.133,32.6365,,13.3253,4.8305,,9.587,11.9873,5.3296,,2.0919
LU2090062352,,,,,,,,,,,,,,,
LU2090062436,4.3638,6.0678,1.0326,,,21.2516,,6.4996,35.1355,,14.5954,5.9944,4.2367,,0.8226
LU2090062600,4.3632,6.0676,1.0327,,,21.2516,,6.4996,35.1352,,14.5954,5.9954,4.2367,,0.8226
LU2090062782,,,,,,1.13,90.97,,,,,,,,7.9
LU2090062865,,,,,,,100.0,,,,,,,,
LU2090062949,,,,,,,100.0,,,,,,,,
LU2090063160,6.5747,9.0001,3.8493,,15.1372,52.243,,2.7882,,,1.6345,2.2479,5.2963,,1.2289
LU2090063327,0.21,,,,,,,,0.18,,99.61,,,,
LU2090063673,3.9368,15.0622,3.7845,,,18.8004,,5.5926,24.4325,1.7715,18.0253,6.7045,,,1.8897
LU2095995895,,,,,,33.08,49.5,,,,,,,,17.42
LU2098179695,,,,,,,81.74,,,,,,,,18.27
LU2098180271,,,,,,,81.74,,,,,,,,18.27
LU2099288503,,,,,,0.05,78.28,,,,,,,,21.67
LU2099289147,,,,,,0.05,78.28,,,,,,,,21.67
LU2099295466,8.8352,26.5177,3.8455,,,12.9892,,9.8192,7.917,,4.3095,22.7474,2.9684,,0.0509
LU2099296274,8.8352,26.5177,3.8455,,,12.9892,,9.8192,7.917,,4.3095,22.7474,2.9684,,0.0509
LU2099991536,0.57,2.14,1.02,,,31.41,,4.32,1.73,,4.51,1.38,2.44,,50.5
LU2099991882,0.57,2.14,1.02,,,31.41,,4.32,1.73,,4.51,1.38,2.44,,50.5
LU2099992005,0.57,2.14,1.02,,,31.41,,4.32,1.73,,4.51,1.38,2.44,,50.5
LU2099992187,0.57,2.14,1.02,,,31.41,,4.32,1.73,,4.51,1.38,2.44,,50.5
LU2099992260,0.57,2.14,1.02,,,31.41,,4.32,1.73,,4.51,1.38,2.44,,50.5
LU2109787049,5.4154,8.3173,3.0876,,2.8386,20.8583,,2.9365,6.4773,,40.6645,6.1126,,,3.2919
LU2109787551,4.3904,10.4916,2.5345,,1.2755,18.3467,,2.7635,5.9005,,43.4329,8.8234,,,2.0409
LU2109787635,4.7579,10.6659,5.5876,,,25.2059,,7.821,21.1972,,16.9176,3.4796,3.4705,,0.8968
LU2130768844,4.1327,5.4174,5.7881,,,26.8766,,15.1011,18.1837,4.5507,10.8857,,6.535,,2.529
LU2133056387,3.9368,15.0622,3.7845,,,18.8004,,5.5926,24.4325,1.7715,18.0253,6.7045,,,1.8897
LU2158769930,,,,,,,,,,,,,,,100.0
LU2178481649,4.26,5.19,2.73,,0.03,45.2,,6.87,9.16,,3.38,5.23,2.12,,15.83
LU2182388152,7.1501,14.3681,5.1063,,,17.5259,,,26.4495,10.7467,4.2384,7.1075,2.614,,4.6933
LU2182388236,0.7692,1.5819,0.9754,,,17.4531,73.1722,1.3927,1.7564,,,1.4419,0.9542,,0.5029
LU2182388582,,6.9895,5.0728,,,27.1951,,6.597,18.2583,5.3775,18.1243,2.6465,8.4019,,1.3372
LU2182388665,,,,,,,100.0,,,,,,,,
LU2182388749,,,,,,,100.0,,,,,,,,
LU2194286006,,,,,,0.49,95.26,,,,,,,,4.25
LU2194447293,9.6191,10.2209,10.2196,,,,,2.0271,44.3338,1.98,5.6426,,15.5946,0.3623,
LU2194449075,3.1222,7.9416,4.0021,,,16.9557,,12.2217,11.8599,2.6336,36.0294,2.2565,2.8899,0.0875,
LU2195226068,0.6219,10.2653,5.8124,,,34.1837,,7.6802,15.3939,,17.2419,4.3026,3.8193,,0.6788
LU2196472984,2.32,5.74,8.8,,2.94,13.19,,8.69,9.23,,45.89,0.79,2.2,,0.36
LU2197908721,0.981,11.146,6.4933,,0.5408,,,4.1231,3.6907,,57.9695,13.6546,1.1627,,0.2383
LU2206597804,6.51,6.06,6.17,,,25.79,,12.85,20.87,,15.08,2.54,1.12,,3.01
LU2206598109,6.51,6.06,6.17,,,25.79,,12.85,20.87,,15.08,2.54,1.12,,3.01
LU2233156582,,,,,,,100.0,,,,,,,,
LU2233156749,0.7321,17.7253,7.1944,,,17.5773,,9.0528,24.5189,3.4664,13.8426,5.8903,,,
LU2240851688,3.1155,7.5598,5.0632,,,28.0457,,5.5723,19.6876,,16.9959,3.82,6.5009,,3.6391
LU2244386053,6.3595,18.579,5.3085,,,15.2765,,6.0355,12.587,3.8281,2.948,25.4253,1.8378,1.8133,0.0015
LU2244386137,6.3595,18.579,5.3085,,,15.2765,,6.0355,12.587,3.8281,2.948,25.4253,1.8378,1.8133,0.0015
LU2244387457,0.5022,,,,,2.7632,,,,,,,,0.157,96.5776
LU2244387887,2.0747,12.2466,,,6.3605,15.1099,,8.8751,28.5969,1.0624,10.1603,6.5358,8.978,,
LU2250132763,11.15,0.89,8.45,,,27.21,,29.99,14.37,,4.59,2.73,,,0.64
LU2263803533,3.81,5.88,8.4,,3.63,17.29,0.61,8.76,11.12,,35.85,1.27,2.51,,0.88
LU2265794276,,16.58,8.21,,,0.22,,11.66,5.54,,56.03,0.88,,,0.88
LU2265794789,,16.58,8.21,,,0.22,,11.66,5.54,,56.03,0.88,,,0.88
LU2265794946,,16.58,8.21,,,0.22,,11.66,5.54,,56.03,0.88,,,0.88
LU2269164310,0.7321,17.7253,7.1944,,,17.5773,,9.0528,24.5189,3.4664,13.8426,5.8903,,,
LU2277591868,6.1568,8.572,2.7826,,3.4919,19.6152,,2.7438,6.601,,40.5598,6.3174,,,3.1596
LU2278080713,,,,,,,,,,,,,,,
LU2296661775,,,,,,,,,,,,,,,
LU2297533809,2.9975,6.1656,3.9838,,,48.4102,,14.4056,4.3792,,9.4486,7.9376,2.2719,,
LU2300294316,6.9031,10.133,4.769,,,46.4028,,8.2625,8.6094,,3.4704,6.1925,4.4554,,0.8018
LU2300294589,3.2854,7.1163,3.0409,,,13.8154,,10.6099,9.8153,,41.8641,5.1938,4.3687,,0.8902
LU2300294746,2.1952,13.7814,2.3667,,,22.305,,9.4161,19.8756,4.7534,20.4335,4.8732,,,
LU2300295123,5.9534,8.8121,2.8383,,3.4295,18.937,,2.9271,8.0968,,39.6151,6.0888,,,3.302
LU2314312849,4.2918,25.2658,2.9202,,2.0644,21.519,,5.8014,5.2557,,10.2662,19.1304,1.5994,0.3064,1.5793
LU2314312922,4.2918,25.2658,2.9202,,2.0644,21.519,,5.8014,5.2557,,10.2662,19.1304,1.5994,0.3064,1.5793
LU2343997487,2.3948,32.9992,2.2774,,,16.6033,,4.8748,4.3105,1.5628,9.0892,25.3396,,,0.5484
LU2345046655,5.8319,4.9026,2.85,,1.8162,21.4489,,2.2389,6.9567,,47.8105,3.6934,,,2.4509
LU2346257210,7.8745,23.1882,3.2473,,,18.5668,,3.8325,11.5727,,2.4514,22.6686,6.5979,,
LU2355200523,0.47,0.69,0.84,,0.85,11.19,42.15,0.84,1.2,,0.7,0.54,1.42,,39.12
LU2355200796,,,,,,0.04,79.62,,,,,,,,20.34
LU2356220926,,,,,,4.97,87.4,,,,,,,,7.64
LU2365458145,20.5389,13.5715,,,,2.4987,,,32.9419,,,,30.3435,0.1055,
LU2365458731,0.5756,9.1844,0.38,,,25.5004,,0.0339,1.4999,4.1636,0.3553,1.045,6.8239,1.3674,49.0707
LU2365458814,0.5756,9.1844,0.38,,,25.5004,,0.0339,1.4999,4.1636,0.3553,1.045,6.8239,1.3674,49.0707
LU2368674045,0.7692,1.5819,0.9754,,,17.4531,73.1722,1.3927,1.7564,,,1.4419,0.9542,,0.5029
LU2368674631,4.9654,6.5892,6.4186,,,24.9521,,16.1743,17.3837,10.9208,,5.1534,3.745,,3.6974
LU2370241684,1.8085,6.2554,2.7479,,,46.2081,,0.3991,2.8753,,2.2422,3.82,33.6435,,
LU2382233182,2.6241,9.0521,4.2331,,,57.7659,,7.3583,5.5051,,5.8387,5.7392,1.828,,0.0555
LU2385068163,,,,,,0.51,81.07,,,,,,,,18.42
LU2385068593,,,,,,0.51,81.07,,,,,,,,18.42
LU2391437253,,9.2625,4.5929,,3.463,12.22,,9.5462,8.6175,,37.158,9.4332,2.0659,,3.6408
LU2402389261,10.9104,4.3584,3.1017,,,44.5297,,7.0508,10.1296,14.9612,0.9317,3.3332,,,0.6932
LU2408467723,,0.83,,,,18.36,,2.8,,,7.25,,,,70.76
LU2408468291,,0.83,,,,18.36,,2.8,,,7.25,,,,70.76
LU2408468887,,0.83,,,,18.36,,2.8,,,7.25,,,,70.76
LU2439113387,0.7692,1.5819,0.9754,,,17.4531,73.1722,1.3927,1.7564,,,1.4419,0.9542,,0.5029
LU2439119236,2.1093,11.5648,1.4047,,,18.3187,,2.7086,6.956,1.3273,44.6508,10.701,,,0.2588
LU2439733507,0.6407,1.619,0.9686,,,9.7618,80.1386,1.9645,1.012,,1.5175,1.8125,,,0.5647
LU2439734141,0.6407,1.619,0.9686,,,9.7618,80.1386,1.9645,1.012,,1.5175,1.8125,,,0.5647
LU2439735890,,,,,,,99.2435,,,,,,,,0.7565
LU2439874319,,,,,,,,,,,,,,,
LU2446383254,3.1507,7.7325,6.4567,,,51.1749,,8.6745,8.5776,1.6598,2.8883,6.2604,3.2078,0.2168,
LU2446383338,3.8553,9.7714,3.8772,,,46.5762,,9.259,7.6177,5.8956,2.0586,8.2561,2.7101,0.1228,
LU2462217071,,,,,,0.51,81.07,,,,,,,,18.42
LU2468423459,,,,,,1.96,88.06,,,,,,,,9.99
LU2469335298,10.9104,4.3584,3.1017,,,44.5297,,7.0508,10.1296,14.9612,0.9317,3.3332,,,0.6932
LU2469335371,,9.1644,3.8505,,,19.5172,,5.5124,9.3488,4.3903,36.9544,3.8516,4.3919,,3.0186
LU2469335538,,,,,,0.04,79.62,,,,,,,,20.34
LU2469335611,0.6415,1.6199,0.9681,,,9.7786,80.1194,1.9614,1.012,,1.5172,1.8176,,,0.5643
LU2469335884,3.8328,8.0627,4.8842,,,55.2927,,7.2306,7.7741,,2.3116,7.303,3.1385,,0.1698
LU2469465822,,,,,,,,,,,,,,,
LU2470620761,0.5277,1.7915,0.7768,,,11.4786,80.0246,1.4575,1.2062,,1.1275,1.1722,,,0.4374
LU2470620845,0.5277,1.7915,0.7768,,,11.4786,80.0246,1.4575,1.2062,,1.1275,1.1722,,,0.4374
LU2484583138,,1.04,,,,40.95,23.02,,7.62,,,0.5,14.97,,11.9
LU2484583302,,1.04,,,,40.95,23.02,,7.62,,,0.5,14.97,,11.9
LU2490201840,2.1952,13.7814,2.3667,,,22.305,,9.4161,19.8756,4.7534,20.4335,4.8732,,,
LU2491210618,3.14,6.61,8.49,,,61.86,,4.93,9.67,,0.51,2.53,2.09,,0.17
LU2491211004,,,,,,,,,,,,,,,
LU2504532131,,,,,,,,,,,,,,,100.0
LU2504532487,,,,,,,2.5949,,,,,,,,97.4051
LU2504537445,,,,,,,,,7.3994,,,,,,92.6006
LU2523865991,,,,,,,,,,,,,,,100.0
LU2523866379,,,,,,,,,,,,,,,100.0
LU2533810276,13.4439,18.8468,18.2079,,,,,4.0935,24.4833,,16.7955,,3.8903,0.2387,
LU2533810789,,,,,,2.2315,,,,,,,,0.1449,97.6236
LU2533810862,,,,,,2.2315,,,,,,,,0.1449,97.6236
LU2533811910,3.8,3.48,1.19,,,54.07,,7.79,4.9,,2.69,3.9,1.27,,16.91
LU2533812058,3.8,3.48,1.19,,,54.07,,7.79,4.9,,2.69,3.9,1.27,,16.91
LU2533812728,1.1005,2.0353,0.6686,,,24.7742,,2.3861,1.5072,0.8984,0.4903,2.5253,1.1207,0.461,62.0324
LU2533812991,1.1005,2.0353,0.6686,,,24.7742,,2.3861,1.5072,0.8984,0.4903,2.5253,1.1207,0.461,62.0324
LU2533813023,20.5389,13.5715,,,,2.4987,,,32.9419,,,,30.3435,0.1055,
LU2533813296,9.6191,10.2209,10.2196,,,,,2.0271,44.3338,1.98,5.6426,,15.5946,0.3623,
LU2552296563,,,,,,,,,,,,,,,100.0
LU2555926372,,,,,,,,,,,,,,,
LU2555926455,,,,,,,,,,,,,,,
LU2564007743,,,,,,,,,,,,,,,
LU2572256662,3.9309,10.2127,3.8802,,2.2875,27.199,,13.9697,16.017,,17.4818,5.0211,,,
LU2572256746,11.9424,4.3755,6.8055,,3.3009,19.168,,4.5699,14.3508,,30.3283,,3.3616,,1.7972
LU2572257124,3.81,5.88,8.4,,3.63,17.29,0.61,8.76,11.12,,35.85,1.27,2.51,,0.88
LU2572257397,4.3265,10.9484,3.0126,,,29.8267,,6.7489,17.2781,7.4376,14.1271,4.5428,,,1.7512
LU2572257470,5.442,11.2801,,,5.3291,18.6278,,7.5972,25.238,10.9404,7.8346,4.1021,,,3.6088
LU2573966905,6.2062,8.5724,2.798,,3.5034,19.6662,,2.7683,6.6441,,40.6238,6.3049,,,2.9126
LU2573967036,6.2062,8.5724,2.798,,3.5034,19.6662,,2.7683,6.6441,,40.6238,6.3049,,,2.9126
LU2581375073,2.46,5.66,9.04,,3.13,13.37,,9.14,9.7,,44.24,0.9,2.25,,0.12
LU2581375156,3.629,7.3811,6.1608,,6.617,25.4017,,9.9575,17.9352,1.0913,8.5112,2.5832,4.182,,6.5501
LU2606055775,0.5277,1.7915,0.7768,,,11.4786,80.0246,1.4575,1.2062,,1.1275,1.1722,,,0.4374
LU2606231335,,,,,,,,,,,,,,,100.0
LU2608817958,4.0829,7.2439,9.2504,,,20.8571,,15.3818,20.7338,,11.1649,3.2909,5.507,,2.4874
LU2611731667,14.7711,19.4677,,,,9.9711,,4.7413,26.148,6.2307,13.859,4.8111,,,
LU2611731741,10.2353,22.5231,3.2891,,,21.808,,,19.2173,4.2115,,,18.7156,,
LU2611731824,100.0,,,,,,,,,,,,,,
LU2611732046,4.3632,6.0672,1.0327,,,21.2517,,6.4996,35.1353,,14.5955,5.9955,4.2367,,0.8226
LU2611732129,5.31,9.2704,1.556,,,20.0728,,8.5083,29.7784,,13.4583,7.1175,3.8102,,1.1181
LU2611732475,3.5714,10.3417,6.9404,,2.9711,6.3669,,13.0315,31.5188,,16.6966,5.8366,,,2.7252
LU2611732558,,7.6256,3.8686,,5.3382,53.6855,,2.9919,12.658,,,6.0166,7.8157,,
LU2611732632,6.797,8.0195,10.7701,,,24.9663,,32.4074,14.9805,,0.8509,1.2084,,,
LU2611732806,,,,,,1.41,82.59,,,,,,,,16.0
LU2616774076,1.85,7.33,2.59,,,36.94,,14.93,3.45,,13.74,6.34,1.18,,11.67
LU2616776444,1.85,7.33,2.59,,,36.94,,14.93,3.45,,13.74,6.34,1.18,,11.67
LU2621112452,,6.6578,5.4211,,8.133,32.6365,,13.3253,4.8305,,9.587,11.9873,5.3296,,2.0919
LU2641054122,,,,,,,,,3.1374,,,,,,96.8626
LU2641054551,,,,,,,,,7.1969,,,,,,92.8031
LU2641925016,2.3418,7.9198,3.3492,,,18.042,,13.9598,12.3676,5.3972,29.0068,4.6087,2.5423,0.4657,-0.0009
LU2655993207,3.81,5.88,8.4,,3.63,17.29,0.61,8.76,11.12,,35.85,1.27,2.51,,0.88
LU2662649412,,,,,,,,,,,,,,,100.0
LU2662649503,,,,,,,,,,,,,,,100.0
LU2662649685,,,,,,,,,,,,,,,100.0
LU2668197069,2.1952,13.7814,2.3667,,,22.305,,9.4161,19.8756,4.7534,20.4335,4.8732,,,
LU2673523135,4.11,7.86,5.61,,0.27,30.44,,6.43,7.84,,3.13,4.72,2.49,,27.1
LU2673523218,4.9,10.2,4.15,,,51.72,,6.28,10.31,,4.5,5.08,2.86,,
LU2673523309,3.15,7.69,6.91,,0.12,36.85,,6.88,10.17,,3.83,5.06,4.27,,15.07
LU2673523481,4.11,7.86,5.61,,0.27,30.44,,6.43,7.84,,3.13,4.72,2.49,,27.1
LU2675291913,6.19,4.57,5.2,,3.14,20.2,,2.35,5.98,,48.03,2.02,1.74,,0.58
LU2678230652,4.7937,5.9691,7.5912,,3.4914,26.4836,,13.2922,18.7011,,9.5124,,5.322,,4.8433
LU2679277744,,,,,,,,,,,,,,,
LU2697596745,,,,,,,,,,,,,,,
LU2697596828,,,,,,,,,,,,,,,
LU2697597552,,,,,,,,,,,,,,,
LU2697597719,,,,,,,,,,,,,,,
LU2742532745,4.2637,9.1501,3.6244,,,36.428,,9.0157,5.5157,4.5157,1.8502,17.3019,6.3936,1.941,
LU2742532828,4.2637,9.1501,3.6244,,,36.428,,9.0157,5.5157,4.5157,1.8502,17.3019,6.3936,1.941,
LU2742533552,,,,,,0.76,90.71,,,,,,,,8.53
LU2742533636,,,,,,0.76,90.71,,,,,,,,8.53
LU2777377875,1.469,5.8015,14.169,,,26.0219,,16.1491,15.5166,2.5718,11.0431,2.487,4.2859,0.4846,0.0005
LU2780870932,1.1419,9.5133,5.2352,,,58.7203,,9.2932,5.789,,6.2512,2.9722,1.0838,,
LU2780871237,1.1419,9.5133,5.2352,,,58.7203,,9.2932,5.789,,6.2512,2.9722,1.0838,,
LU2780871310,,,,,,,100.0,,,,,,,,
LU2780871401,,,,,,,100.0,,,,,,,,
LU2780871666,,,,,,,100.0,,,,,,,,
LU2780871823,,,,,,,100.0,,,,,,,,
LU2780872128,,,,,,,100.0,,,,,,,,
LU2785470191,,,,,,,,,,,,,,,
LU2788421340,22.79,4.16,2.46,,1.77,6.64,,6.32,17.13,,35.36,,2.51,,0.86
LU2798197641,3.9252,10.0022,7.1266,,3.1863,43.8852,,6.0522,7.7111,,,7.4903,8.7318,,1.8891
LU2800573128,3.2628,14.6321,2.8062,,0.4993,21.0623,,5.9059,23.8957,2.2992,18.2755,6.9795,,-0.0755,0.4571
LU2807512947,7.57,6.43,7.33,,5.34,28.93,,8.82,15.79,,12.11,2.43,3.49,,1.76
LU2823895250,0.13,0.81,0.37,,,14.56,56.95,1.87,0.34,,0.82,1.53,0.21,,22.41
LU2823895763,5.37,8.92,6.78,,,27.33,,8.42,14.87,,3.64,4.75,6.2,,13.72
LU2823895847,5.37,8.92,6.78,,,27.33,,8.42,14.87,,3.64,4.75,6.2,,13.72
LU2823896738,2.63,8.52,9.91,,0.33,36.81,,7.92,9.17,,3.12,5.8,7.12,,8.68
LU2823896811,2.63,8.52,9.91,,0.33,36.81,,7.92,9.17,,3.12,5.8,7.12,,8.68
LU2825556892,,,,,,,,,,,,,,,
LU2868143954,1.6476,,,,2.4914,1.3875,,,0.459,,,,0.6203,2.0781,91.3162
LU2868144093,1.6476,,,,2.4914,1.3875,,,0.459,,,,0.6203,2.0781,91.3162
LU2872291278,,,,,,,100.0,,,,,,,,
LU2872291435,,,,,,,100.0,,,,,,,,
LU2872291781,,,,,,,100.0,,,,,,,,
LU2872291948,,,,,,,,,,,,,,,
LU2872292086,,,,,,,,,,,,,,,
LU2872292169,,,,,,,,,,,,,,,
LU2872292243,,,,,,,,,,,,,,,
LU2873560481,4.7937,5.9691,7.5912,,3.4914,26.4836,,13.2922,18.7011,,9.5124,,5.322,,4.8433
LU2873560564,5.5007,6.6614,7.7074,,5.4902,25.8937,,12.4214,19.2432,,8.6208,,4.5743,,3.8868
LU2880762781,,,,,,54.45,,,,,,,,,45.55
LU2880762948,,,,,,54.45,,,,,,,,,45.55
LU2881684745,3.2471,6.5866,8.134,,,27.9303,,14.9333,17.6382,1.4023,10.2311,3.6092,6.2218,0.0652,0.0009
LU2891727930,,,,,,,100.0,,,,,,,,
LU2891728078,,,,,,,100.0,,,,,,,,
LU2895488661,,,,,,,,,,,,,,,
LU2898088419,,,,,,,,,,,,,,,
LU2903252349,4.15,5.77,8.08,,3.61,17.81,,8.0,10.59,,37.59,1.36,2.41,,0.63
LU2914157412,3.9368,15.0622,3.7845,,,18.8004,,5.5926,24.4325,1.7715,18.0253,6.7045,,,1.8897
LU2914558916,,0.177,,,,,,,,99.3778,,,,0.4361,0.0091
LU2924149862,,,,,,,99.7503,,,,,,,,0.2497
LU2924150019,2.47,4.89,4.88,,4.5,31.56,0.02,5.65,6.57,,4.31,3.58,7.62,,23.96
LU2924150282,,,,,,,100.0,,,,,,,,
LU2928641757,2.5305,0.2115,0.7365,,,12.4407,,0.8164,1.8843,,79.5682,1.5998,,,0.212
LU2932780914,0.6219,10.2653,5.8124,,,34.1837,,7.6802,15.3939,,17.2419,4.3026,3.8193,,0.6788
LU2941599081,,,,,,,,,,,,,,,
LU2941599164,,,,,,,,,,,,,,,
LU2941599248,,,,,,,,,,,,,,,
LU2941599594,,,,,,,,,,,,,,,
LU2941599834,,,,,,,,,,,,,,,
LU2951555403,,,,,,,,,,,,,,,
LU2951555585,,,,,,,,,,,,,,,
LU2970735911,11.7914,27.9686,5.1756,,,9.3439,,9.0979,11.3748,,5.6427,14.8159,3.6942,,1.0951
LU2976311444,,,,,,,,,,,,,,,
LU2976312335,,,,,,,,,,,,,,,
LU2976313655,,,,,,,,,,,,,,,
LU2976313812,,,,,,,,,,,,,,,
LU2976314208,,,,,,,,,,,,,,,
LU2976314463,,,,,,,,,,,,,,,
LU2976314620,,,,,,,,,,,,,,,
LU2976315601,,,,,,,,,,,,,,,
LU2976315866,,,,,,,,,,,,,,,
LU2976318613,,,,,,,,,,,,,,,
LU2976318886,,,,,,,,,,,,,,,
LU2976319009,,,,,,,,,,,,,,,
LU2976320437,,,,,,,,,,,,,,,
LU2976320601,,,,,,,,,,,,,,,
LU2976320866,,,,,,,,,,,,,,,
LU2976321328,,,,,,,,,,,,,,,
LU2977964027,,,,,,,99.7503,,,,,,,,0.2497
LU2977996904,,,,,,0.07,79.07,,,,,,,,20.87
LU2977997118,3.9252,10.0022,7.1266,,3.1863,43.8852,,6.0522,7.7111,,,7.4903,8.7318,,1.8891
LU2977997209,3.9252,10.0022,7.1266,,3.1863,43.8852,,6.0522,7.7111,,,7.4903,8.7318,,1.8891
LU2977997381,,6.6578,5.4211,,8.133,32.6365,,13.3253,4.8305,,9.587,11.9873,5.3296,,2.0919
LU2991918421,5.0644,9.3315,6.5801,,,15.7532,,13.2073,16.4449,5.5439,14.2822,,5.7857,,8.0068
LU2993390504,,9.3978,4.6631,,3.3549,12.4713,,9.0981,8.6989,1.8845,36.5964,9.9065,2.1484,0.006,1.7739
LU2993390686,,9.3978,4.6631,,3.3549,12.4713,,9.0981,8.6989,1.8845,36.5964,9.9065,2.1484,0.006,1.7739
LU2993390769,,9.3978,4.6631,,3.3549,12.4713,,9.0981,8.6989,1.8845,36.5964,9.9065,2.1484,0.006,1.7739
LU2993390843,,9.3978,4.6631,,3.3549,12.4713,,9.0981,8.6989,1.8845,36.5964,9.9065,2.1484,0.006,1.7739
LU2993392898,,,,,,,88.83,,,,,,,,11.17
LU2993394241,,,,,,,,,,,,,,,
LU2993397939,,,,,,,,,,,,,,,
LU2993401392,,,,,,,,,,,,,,,
LU2993402101,2.9329,7.1232,9.2084,,7.7179,26.2968,,11.8663,17.4712,,7.7468,3.7298,4.036,1.4425,0.4282
LU2994520851,,,,,,,,,,,,,,,
LU2994520935,,,,,,,,,,,,,,,
LU2994521073,,,,,,,,,,,,,,,
LU2994521669,,,,,,,,,,,,,,,
LU2996613266,2.47,4.89,4.88,,4.5,31.56,0.02,5.65,6.57,,4.31,3.58,7.62,,23.96
LU2997383372,2.32,5.74,8.8,,2.94,13.19,,8.69,9.23,,45.89,0.79,2.2,,0.36
LU3003218016,,,,,,,98.6579,,,,,,,,1.3421
LU3003218446,,,,,,,,,,,,,,,100.0
LU3019781460,,,,,,,100.0,,,,,,,,
LU3025345516,,,,,,,,,,,,,,,
LU3025345789,,,,,,,,,,,,,,,
LU3025346910,,,,,,,,,,,,,,,
LU3028243122,,,,,,,,,,,,,,,
LU3028243478,,,,,,,,,,,,,,,
LU3028243981,,,,,,,,,,,,,,,
LU3035799587,,,,,,,,,,,,,,,
LU3038520774,,,,,,,,,99.4793,,0.5207,,,,
LU3046359165,3.9851,9.1568,5.1491,,,58.4338,,5.6887,7.2655,,2.4672,5.4965,2.1781,,0.1792
LU3046617984,5.91,6.01,8.91,,4.93,24.96,0.15,12.61,17.87,,11.41,2.0,4.6,,0.65
LU3046618362,,,,,,,,,,,,,,,
LU3046618446,,,,,,,,,,,,,,,
LU3047998896,,,,,,,,,97.1325,,2.8756,,,-0.0081,
LU3047998979,,,,,,,,,97.1325,,2.8756,,,-0.0081,
LU3053349364,,,,,,,,,,,,,,,
LU3053349448,,,,,,,,,,,,,,,
LU3053350610,2.44,8.58,6.31,,1.92,12.08,,10.3,9.76,,46.18,1.2,0.99,,0.25
LU3053351261,,,,,,,,,,,,,,,
LU3053352152,,,,,,,,,,,,,,,
LU3065084744,,,,,,80.53,,,,,,,,,19.47
LU3065087333,,,,,,80.53,,,,,,,,,19.47
LU3065094974,,,,,,80.53,,,,,,,,,19.47
LU3075459852,,,,,,,,,,,,,,,
LU3078637314,5.16,8.09,5.86,,3.69,26.46,,4.9,19.99,,16.73,2.58,6.33,,0.21
LU3078637405,3.81,5.88,8.4,,3.63,17.29,0.61,8.76,11.12,,35.85,1.27,2.51,,0.88
LU3078637660,3.81,5.88,8.4,,3.63,17.29,0.61,8.76,11.12,,35.85,1.27,2.51,,0.88
LU3079566835,,,,,0.95,11.3,73.8,,0.92,,,,1.9,,11.15
LU3079566918,,,,,0.95,11.3,73.8,,0.92,,,,1.9,,11.15
LU3079567056,,,,,,1.86,69.94,,,,,,0.15,,28.05
LU3079567130,,,,,,1.86,69.94,,,,,,0.15,,28.05
LU3086262709,,,,,,,,,,,,,,,
LU3086264317,5.8839,4.0555,2.8188,,3.4831,20.0094,,1.9224,6.6509,0.8965,49.0878,3.1728,,0.018,2.0009
LU3086265710,3.5399,8.9654,4.8326,,3.9535,17.1744,,8.391,10.8784,,30.1885,7.9622,2.4728,0.0071,1.6342
LU3086267096,,,,,,,69.57,,,,,,,,30.43
LU3086268227,2.2802,6.8265,5.0536,,,28.834,,7.7819,18.2943,1.4498,16.2622,4.4572,8.665,0.0951,0.0003
LU3086268573,5.2737,6.3336,8.6244,,5.0379,25.6015,,12.8794,18.883,,8.6429,3.1811,4.8174,0.0886,0.6365
LU3086269894,3.8103,15.3043,3.7398,,,19.3739,,5.3629,24.152,1.8734,17.8466,6.5216,0.9518,0.1306,0.9329
LU3086271106,3.2458,9.0217,5.0974,,4.0204,16.8013,,9.1657,11.4701,,28.7733,8.1438,2.5402,0.0057,1.7147
LU3086271288,3.2458,9.0217,5.0974,,4.0204,16.8013,,9.1657,11.4701,,28.7733,8.1438,2.5402,0.0057,1.7147
LU3086272419,,,,,,,70.36,,,,,,,,29.64
LU3086273813,5.7431,8.5432,2.8499,,3.4536,19.9687,,2.5878,6.4463,1.0316,40.7896,6.6017,,0.0172,1.9673
LU3086388124,,5.3716,4.8187,,3.967,28.1593,,14.2294,20.2665,,10.3394,3.7297,4.9706,,4.1478
LU3093383670,,,,,,,,,,,,,,,
LU3098954871,,,,,,,,,,,,,,,
LU3104524593,5.9134,10.16,3.268,,5.0078,15.2105,,10.3732,24.4648,6.6487,14.3673,,,,4.5864
LU3116008346,,,,,,,,,,,,,,,100.0
LU3116008429,,,,,,,,,,,,,,,100.0
LU3116008692,,,,,,,,,,,,,,,100.0
LU3116008775,,,,,,,,,,,,,,,100.0
LU3119430067,,,,,,,,,3.8284,,,,,,96.1716
LU3119430141,,,,,,,,,,,,,,,100.0
LU3119430224,,,,,,,,,5.9949,,,,,,94.0051
LU3119430497,,,,,,,,,5.4843,,,,,,94.5157
LU3119430570,,,,,,,,,18.2949,,,,,,81.7051
LU3120976132,,,,,,,100.0,,,,,,,,
LU3121015138,3.35,6.05,4.99,,5.26,30.59,,6.48,16.69,,15.9,4.33,6.36,,0.02
LU3121015211,5.3,4.38,5.17,,2.95,20.49,,2.64,6.61,,48.19,2.42,1.85,,
LU3121015302,5.34,3.85,5.52,,2.06,21.63,,2.64,6.95,,46.16,3.56,2.22,,0.07
LU3121015484,7.52,11.12,3.85,,6.7,26.3,0.51,6.65,28.4,,4.75,1.19,2.92,,0.09
LU3121015567,6.34,5.42,9.11,,4.57,25.92,,12.83,17.86,,11.22,2.18,4.53,,0.02
LU3121015641,6.34,5.42,9.11,,4.57,25.92,,12.83,17.86,,11.22,2.18,4.53,,0.02
LU3138596492,,,,,,,79.97,,,,,,,,20.03
LU3142893745,,,,,,,,,,,,,,,
LU3146950038,,,,,,,,,,,,,3.5561,,96.4439
LU3152892629,2.9,7.36,4.45,,,5.56,,4.59,11.31,,,9.19,2.96,,51.69
LU3168133059,,,,,,,,,,,,,,,
LU3173209654,3.2458,9.0217,5.0974,,4.0204,16.8013,,9.1657,11.4701,,28.7733,8.1438,2.5402,0.0057,1.7147
LU3178805456,,,,,,,,,,,,,,,
LU3180074463,3.8458,,7.5853,,4.2232,11.135,,8.0812,32.904,,23.4794,2.8029,5.9432,,
LU3206575048,11.3862,28.5772,5.2492,,,9.0136,,9.1669,11.3153,,4.9323,15.6083,3.6064,,1.1447
LU3206582846,3.81,5.88,8.4,,3.63,17.29,0.61,8.76,11.12,,35.85,1.27,2.51,,0.88
LU3206582929,3.81,5.88,8.4,,3.63,17.29,0.61,8.76,11.12,,35.85,1.27,2.51,,0.88
LU3206583067,4.3632,6.0672,1.0327,,,21.2517,,6.4996,35.1353,,14.5955,5.9955,4.2367,,0.8226
LU3206583901,11.9424,4.3755,6.8055,,3.3009,19.168,,4.5699,14.3508,,30.3283,,3.3616,,1.7972
LU3215527659,6.805,7.7719,6.3649,,5.4954,28.3328,,8.964,17.7239,,9.7899,3.4838,3.661,0.1297,1.4776
LU3215529275,,,,,,,65.37,,,,,,,,34.63
LU3215530521,,,,,,,59.66,,,,,,,,40.34
LU3215536486,4.0044,8.1175,5.5432,,3.9378,26.7851,,5.7456,20.2094,,14.8033,3.3773,6.7821,0.0798,0.6145
LU3215538003,,,,,,0.06,79.42,,,,,,,,20.52
LU3215539589,,,,,,,,,,,,,,,
LU3231307524,-66.0537,-177.888,-126.7001,,-56.8554,,92.935,-102.286,-142.4674,,-32.3142,-133.0729,,,844.7028
LU3238224508,0.47,0.69,0.84,,0.85,11.19,42.15,0.84,1.2,,0.7,0.54,1.42,,39.12
LU3243907741,3.5399,8.9654,4.8326,,3.9535,17.1744,,8.391,10.8784,,30.1885,7.9622,2.4728,0.0071,1.6342
LU3243965608,,,,,,,,,,,,,,,
LU3243965780,,,,,,,,,,,,,,,
LU3250315499,0.13,0.81,0.37,,,14.56,56.95,1.87,0.34,,0.82,1.53,0.21,,22.41
LU3254330437,,,,,,0.14,86.69,,,,,,,,13.17
LU3254330601,,,,,,0.14,86.69,,,,,,,,13.17
LU3254343414,,,,,,,,,,,,,,,100.0
LU3254394912,5.48,9.79,7.02,,0.83,19.39,,5.2,18.77,,23.33,4.87,1.03,,4.31
LU3254395307,5.92,5.99,8.61,,4.94,24.86,,12.7,17.92,,11.44,2.01,4.61,,1.0
LU3256186639,6.805,7.7719,6.3649,,5.4954,28.3328,,8.964,17.7239,,9.7899,3.4838,3.661,0.1297,1.4776
LU3257630437,5.7431,8.5432,2.8499,,3.4536,19.9687,,2.5878,6.4463,1.0316,40.7896,6.6017,,0.0172,1.9673
LU3257630510,5.8839,4.0555,2.8188,,3.4831,20.0094,,1.9224,6.6509,0.8965,49.0878,3.1728,,0.018,2.0009
LU3277835305,9.4174,32.4405,2.2976,,,16.5226,,5.3978,13.0296,,1.574,13.9742,4.2127,,1.1336
LU3281687312,,,,,,,,,,,,,,,
LU3281687668,,,,,,,,,,,,,,,
LU3281687825,,,,,,,,,,,,,,,
LU3281688120,,,,,,,,,,,,,,,
LU3281688476,,,,,,,,,,,,,,,
LU3281688633,,,,,,,,,,,,,,,
LU3281688807,,,,,,,,,,,,,,,
LU3284391318,,,,,,0.06,78.66,,,,,,,,21.28
LU3299677271,,,,,,,,,,,,,,,
LU3299677438,,,,,,,,,,,,,,,
LU3299677511,,,,,,,99.6638,,,,,,,,0.3362
LU3307214216,6.2874,7.2565,5.7641,,5.0018,30.2153,,8.8602,17.495,,10.0603,3.6073,3.5865,0.1325,1.7332
LU3307215619,,26.4388,12.6421,,,4.4375,,11.3772,,,32.5129,5.7022,,6.8893,
LU3307215700,,26.4388,12.6421,,,4.4375,,11.3772,,,32.5129,5.7022,,6.8893,
LU3307218399,,,,,,,,,,,,,,,
LU3307219520,3.0552,11.8134,12.6736,,,6.4323,,27.5316,,,25.2162,7.2066,,6.071,
LU3307219793,3.0552,11.8134,12.6736,,,6.4323,,27.5316,,,25.2162,7.2066,,6.071,
LU3307220965,,,,,,,,,,,,,,,
LU3307281595,1.7799,0.089,,,5.4003,2.3194,89.2412,,0.3357,,,,0.8343,,
LU3322521785,,,,,,,,,,,,,,,
LU3322522080,,,,,,,,,,,,,,,
LU3322522163,6.84,2.68,1.86,,1.24,1.67,,6.07,18.44,,58.37,,,,2.84
LU3322522247,,,,,,,,,,,,,,,
LU3322522593,1.0,3.98,4.31,,8.95,28.62,,6.71,7.03,,8.52,2.44,5.65,,22.79
LU3332965949,,9.3795,4.5279,,3.5546,12.0916,,9.6682,8.8708,,36.6915,9.5293,2.0292,,3.6574
LU3332966160,,9.3795,4.5279,,3.5546,12.0916,,9.6682,8.8708,,36.6915,9.5293,2.0292,,3.6574
LU3334220699,,,,,,,,,,,,,,,
LU3351069201,6.2874,7.2565,5.7641,,5.0018,30.2153,,8.8602,17.495,,10.0603,3.6073,3.5865,0.1325,1.7332
LU3359622902,,,,,,,,,,,,,,,
LU3401048387,,,,,,,,,,,,,,,
LU3401048460,,,,,,,,,,,,,,,
LU3401048544,,,,,,,,,,,,,,,
LU3402750635,0.5281,2.8431,22.207,,13.1405,26.3235,,19.171,8.3681,,,2.6624,4.7563,,
NL0009272749,5.12,2.15,23.43,,15.04,19.42,,1.95,1.27,,29.87,1.76,,,
NL0009272764,,,,,,,,,,,,,,,
NL0009272772,,,,,,,,,,,,,,,100.0
NL0009272780,,,,,,,,,,,,,,,100.0
NL0009690239,,0.07,,,,99.93,,,,,,,,,
NL0009690247,,2.6,5.67,,,35.86,,7.24,5.14,,,1.97,4.92,,36.6
NL0009690254,,,,,,,95.37,,,,,,,,4.63
NL0010273801,,,,,,,100.0,,,,,,,,
NL0010408704,2.74,7.76,2.24,,0.69,32.58,,11.8,11.91,,25.61,3.65,1.01,,0.01
NL0010731816,4.78,8.94,0.86,,1.17,38.61,,9.65,21.46,,11.14,1.58,1.79,,0.02
NL0011683594,0.56,3.02,11.64,,11.35,42.25,,12.01,3.64,,0.34,7.72,7.46,,
SE0020541639,,,,,,,,,,,,,,,
SE0020845709,,,,,,,,,,,,,,,
SE0021149259,,,,,,,,,,,,,,,
SE0021309754,,,,,,,,,,,,,,,
SE0021486156,,,,,,,,,,,,,,,
SE0023260716,,,,,,,,,,,,,,,
SE0024417356,,,,,,,,,,,,,,,
SE0024738389,,,,,,,,,,,,,,,
SE0025159833,,,,,,,,,,,,,,,
SE0026821282,,,,,,,,,,,,,,,
SE0027598038,,,,,,,,,,,,,,,
SE0027598202,,,,,,,,,,,,,,,
SE0028425314,,,,,,,,,,,,,,,
XS2115336336,,,,,,,,,,,,,,,
XS2183935274,,,,,,,,,,,,,,,
XS2183935605,,,,,,,,,,,,,,,
XS2284324667,,,,,,,,,,,,,,,
XS2335553801,,,,,,,,,,,,,,,
XS2337090422,,,,,,,,,,,,,,,
XS2337090851,,,,,,,,,,,,,,,
XS2337092550,,,,,,,,,,,,,,,
XS2353177293,,,,,,,,,,,,,,,
XS2376095068,,,,,,,,,,,,,,,
XS2399364152,,,,,,,,,,,,,,,
XS2399364319,,,,,,,,,,,,,,,
XS2399365043,,,,,,,,,,,,,,,
XS2399367254,,,,,,,,,,,,,,,
XS2399369110,,,,,,,,,,,,,,,
XS2425842106,,,,,,,,,,,,,,,
XS2425848053,,,,,,,,,,,,,,,
XS2427354985,0.48,9.32,0.44,,8.75,49.11,0.08,1.1,8.91,,5.6,0.26,13.91,,2.06
XS2427355958,2.32,5.74,8.8,,2.94,13.19,,8.69,9.23,,45.89,0.79,2.2,,0.36
XS2427362145,4.34,9.62,6.62,,4.45,26.69,0.07,4.13,20.81,,16.2,1.87,4.88,,0.32
XS2427363036,,,,,,,,,,,,,,,
XS2427363895,,,,,,,,,,,,,,,
XS2427474023,,,,,,,,,,,,,,,
XS2434891219,,,,,,,,,,,,,,,
XS2435550947,,,,,,,,,,,,,,,
XS2437455608,,,,,,,,,,,,,,,
XS2472333348,,,,,,,,,,,,,,,
XS2531767502,,,,,,,,,,,,,,,
XS2531767767,,,,,,,,,,,,,,,
XS2575914176,,,,,,,,,,,,,,,
XS2595672036,,,,,,,,,,,,,,,
XS2595672549,,,,,,,,,,,,,,,
XS2595673190,,,,,,,,,,,,,,,
XS2617255760,,,,,,,,,,,,,,,
XS2651539681,,,,,,,,,,,,,,,
XS2656469561,,,,,,,,,,,,,,,
XS2656472193,,,,,,,,,,,,,,,
XS2663694680,,,,,,,,,,,,,,,
XS2671672819,,,,,,,,,,,,,,,
XS2734938835,,,,,,,,,,,,,,,
XS2757381400,,,,,,,,,,,,,,,
XS2779861082,,,,,,,,,,,,,,,
XS2779861249,,,,,,,,,,,,,,,
XS2792094604,,,,,,,,,,,,,,,
XS2819843223,,,,,,,,,,,,,,,
XS2819843736,,,,,,,,,,,,,,,
XS2819843900,,,,,,,,,,,,,,,
XS2819844387,,,,,,,,,,,,,,,
XS2820604770,,,,,,,,,,,,,,,
XS2842095320,,,,,,,,,,,,,,,
XS2842095676,,,,,,,,,,,,,,,
XS2842095759,,,,,,,,,,,,,,,
XS2846982663,,,,,,,,,,,,,,,
XS2852999429,,,,,,,,,,,,,,,
XS2852999692,,,,,,,,,,,,,,,
XS2852999775,,,,,,,,,,,,,,,
XS2872232850,,,,,,,,,,,,,,,
XS2872233403,,,,,,,,,,,,,,,
XS2875105608,,,,,,,,,,,,,,,
XS2875106242,,,,,,,,,,,,,,,
XS2879867773,,,,,,,,,,,,,,,
XS2892961827,,,,,,,,,,,,,,,
XS2892962718,,,,,,,,,,,,,,,
XS2892963286,,,,,,,,,,,,,,,
XS2901884408,,,,,,,,,,,,,,,
XS2901884663,,,,,,,,,,,,,,,
XS2901885041,,,,,,,,,,,,,,,
XS2901885553,,,,,,,,,,,,,,,
XS2901886288,,,,,,,,,,,,,,,
XS2901886445,,,,,,,,,,,,,,,
XS2937253818,,,,,,,,,,,,,,,
XS2940466316,,,,,,,,,,,,,,,
XS2944874416,,,,,,,,,,,,,,,
XS2944889109,,,,,,,,,,,,,,,
XS2970736307,,,,,,,,,,,,,,,
XS3003323741,,,,,,,,,,,,,,,
XS3003324129,5.67,7.85,2.93,,4.97,23.32,,17.85,16.95,,16.6,1.28,2.59,,0.02
XS3003325795,1.04,6.15,11.15,,0.45,0.77,,3.56,3.6,,70.4,1.17,1.14,,0.61
XS3005160091,,,,,,,,,,,,,,,
XS3022291473,,,,,,,,,,,,,,,
XS3037640110,,,,,,,,,,,,,,,
XS3068761710,,,,,,,,,,,,,,,
XS3068771271,,,,,,,,,,,,,,,
XS3068774614,,,,,,,,,,,,,,,
XS3068774887,,,,,,,,,,,,,,,
XS3068775009,,,,,,,,,,,,,,,
XS3068775264,,,,,,,,,,,,,,,
XS3068775694,,,,,,,,,,,,,,,
XS3068776312,,,,,,,,,,,,,,,
XS3068789307,,,,,,,,,,,,,,,
XS3069873134,,,,,,,,,,,,,,,
XS3075487556,,,,,,,,,,,,,,,
XS3087774306,,,,,,,,,,,,,,,
XS3135031279,,,,,,,,,,,,,,,
XS3151431957,2.32,5.74,8.8,,2.94,13.19,,8.69,9.23,,45.89,0.79,2.2,,0.36
XS3151433813,,,,,,,,,,,,,,,
XS3218061631,,,,,,,,,,,,,,,
XS3246964079,,,,,,,,,,,,,,,
XS3246967098,,,,,,,,,,,,,,,
XS3299465172,,,,,,,,,,,,,,,
XS3299465412,,,,,,,,,,,,,,,
XS3299465503,,,,,,,,,,,,,,,
XS3299465768,,,,,,,,,,,,,,,
XS3299466063,,,,,,,,,,,,,,,
XS3299466147,,,,,,,,,,,,,,,
XS3299466220,,,,,,,,,,,,,,,
XS3299466493,,,,,,,,,,,,,,,
XS3299466816,,,,,,,,,,,,,,,
XS3299467897,,,,,,,,,,,,,,,
XS3299468515,,,,,,,,,,,,,,,
XS3299468788,,,,,,,,,,,,,,,
XS3299468861,,,,,,,,,,,,,,,
XS3299468945,,,,,,,,,,,,,,,
XS3299469083,,,,,,,,,,,,,,,
XS3299469166,,,,,,,,,,,,,,,
XS3299469323,,,,,,,,,,,,,,,
XS3299469679,,,,,,,,,,,,,,,
XS3299469752,,,,,,,,,,,,,,,
XS3299469919,,,,,,,,,,,,,,,
XS3304269429,,,,,,,,,,,,,,,
XS3306516876,,,,,,,,,,,,,,,
XS3306517098,,,,,,,,,,,,,,,
XS3306517338,,,,,,,,,,,,,,,
XS3306517502,,,,,,,,,,,,,,,
XS3306517924,,,,,,,,,,,,,,,
XS3306518492,,,,,,,,,,,,,,,
XS3306518658,,,,,,,,,,,,,,,
XS3306519201,,,,,,,,,,,,,,,
XS3332092090,,,,,,,,,,,,,,,
XS3337099884,,,,,,,,,,,,,,,
XS3337164027,,,,,,,,,,,,,,,
XS3337171154,,,,,,,,,,,,,,,
XS3337173440,,,,,,,,,,,,,,,
XS3337192234,,,,,,,,,,,,,,,
XS3337192408,,,,,,,,,,,,,,,
XS3337205077,,,,,,,,,,,,,,,
XS3337307741,,,,,,,,,,,,,,,
XS3337373370,,,,,,,,,,,,,,,
XS3337373701,,,,,,,,,,,,,,,
XS3337373966,,,,,,,,,,,,,,,
XS3337374261,,,,,,,,,,,,,,,
XS3337374691,,,,,,,,,,,,,,,
XS3337374774,,,,,,,,,,,,,,,
XS3343238971,,,,,,,,,,,,,,,
XS3384723154,,,,,,,,,,,,,,,
XS3408767419,,,,,,,,,,,,,,,
XS3430764525,,,,,,,,,,,,,,,
XS3430765092,,,,,,,,,,,,,,,
